user_id,item_id,score
474,311,0
443,284,0
487,546,0
318,656,1
11,530,1
223,494,1
8,921,0
346,479,1
522,718,1
426,453,0
414,49,0
26,660,1
16,615,0
155,572,1
283,229,1
489,719,0
526,501,1
36,475,0
313,780,0
412,547,0
177,791,0
1,360,0
511,294,0
539,214,0
212,547,1
276,481,0
362,262,0
563,536,0
60,527,0
343,279,0
194,755,0
313,934,1
448,392,0
330,250,0
309,732,0
249,575,1
452,202,0
241,671,0
526,444,1
50,751,0
247,821,1
7,658,0
1,353,0
389,951,0
32,383,0
395,569,1
509,568,1
432,323,0
186,822,1
398,709,0
443,558,0
159,749,0
329,238,0
236,500,1
535,559,0
198,911,0
409,259,0
166,159,0
154,564,0
460,482,1
533,654,1
214,51,0
7,267,0
260,852,0
468,505,1
267,15,0
384,709,0
230,1010,0
96,225,0
412,117,0
124,523,1
230,934,0
30,237,0
101,283,0
236,523,1
149,276,0
466,874,0
513,656,0
510,789,0
306,779,1
332,328,0
388,650,0
154,264,0
157,515,1
19,46,0
347,480,1
212,895,0
36,667,0
81,60,0
341,1098,0
49,868,1
113,36,0
363,773,0
510,104,0
289,637,0
251,262,0
214,639,1
310,770,0
224,549,1
108,227,0
380,281,0
313,1130,0
515,224,0
309,168,0
491,639,0
335,770,1
443,53,1
214,255,0
436,916,0
468,234,0
554,573,0
537,1170,1
19,645,0
251,859,1
176,293,0
363,281,0
517,672,0
276,646,0
137,547,0
467,107,0
223,711,1
266,697,0
13,1017,1
412,240,0
18,843,0
378,294,0
378,289,0
9,74,1
541,533,1
50,652,1
412,255,0
249,649,0
329,639,0
470,668,0
559,785,0
379,568,0
564,838,1
503,533,0
36,295,0
101,253,0
526,229,0
92,267,0
323,260,0
554,505,1
82,27,0
427,657,0
141,479,1
486,640,0
64,280,0
436,638,0
391,880,0
84,675,0
154,333,0
467,82,0
392,611,1
556,332,0
419,476,1
81,235,0
158,985,0
209,551,0
331,256,0
201,482,1
425,512,1
300,310,0
273,515,1
511,270,0
101,245,0
273,223,0
147,18,0
526,720,1
8,327,0
8,283,0
507,713,0
515,916,1
413,636,0
398,658,1
270,292,1
32,787,1
147,549,0
119,1034,0
120,851,0
162,979,1
249,779,1
66,641,1
71,841,0
341,1040,1
262,522,1
526,313,1
243,937,0
503,608,0
59,580,1
180,758,0
262,262,0
32,103,0
113,677,1
343,298,0
562,298,0
486,233,0
300,575,1
163,907,1
373,566,0
346,481,1
104,434,0
51,293,0
313,1089,1
92,643,1
276,319,0
138,914,1
555,522,0
555,921,0
387,610,1
36,135,0
36,830,0
328,293,0
273,768,0
183,243,0
59,182,0
397,335,0
379,537,0
4,699,0
361,636,1
509,562,1
114,562,1
247,475,1
444,639,1
222,771,1
222,769,0
291,312,0
223,771,1
478,728,1
314,135,0
572,632,0
294,9,0
473,650,0
205,93,1
17,707,0
92,249,0
556,846,0
397,636,1
164,780,0
137,750,0
328,251,0
392,935,0
357,535,1
292,715,1
436,232,0
126,712,0
261,663,1
106,897,0
398,609,1
242,530,1
526,860,0
227,530,1
439,820,1
309,286,0
229,260,0
32,782,0
21,667,0
171,650,1
212,494,0
124,326,0
320,257,0
346,510,1
361,868,0
223,661,1
251,249,0
227,495,0
313,420,0
397,1033,0
386,820,1
101,521,1
309,719,0
475,132,0
339,328,0
48,159,0
332,804,0
292,639,0
99,707,1
515,656,0
512,504,1
453,853,0
267,512,1
100,276,0
463,910,0
356,31,0
104,450,0
181,709,0
125,777,1
417,1167,0
526,1106,1
169,723,0
49,501,0
366,922,0
132,254,0
119,1004,0
261,234,0
46,546,0
121,655,1
395,284,0
132,574,0
165,659,1
156,243,0
223,50,0
137,8,0
155,635,0
388,711,0
74,39,0
568,176,0
222,722,1
224,69,0
1,319,0
378,342,0
336,776,1
251,946,1
467,1041,0
138,778,0
107,241,0
79,550,1
54,270,0
13,823,0
483,504,1
162,914,0
362,1038,0
362,366,0
95,108,0
353,192,0
492,823,1
521,282,1
432,708,0
448,389,0
124,321,0
417,608,1
387,129,0
32,497,0
143,195,0
352,237,0
568,312,0
56,41,0
267,640,0
315,860,0
177,935,0
9,55,1
206,905,0
120,951,0
77,535,1
272,236,0
303,373,0
564,198,0
46,310,0
331,652,0
356,81,0
36,280,0
491,532,1
101,189,0
446,850,0
476,828,1
68,828,0
320,319,0
431,131,1
283,256,0
467,1143,0
21,648,1
8,559,0
132,39,0
427,238,0
194,849,0
151,862,0
556,790,1
374,815,1
357,645,0
373,239,0
564,535,1
201,571,0
247,258,0
119,827,1
4,300,0
341,1016,1
251,793,1
162,787,1
297,690,0
418,894,1
113,578,1
562,834,0
475,150,0
84,244,0
436,820,0
50,649,1
0,573,1
328,221,0
78,913,0
233,904,1
341,381,0
313,326,0
500,161,0
568,987,1
457,820,1
59,208,0
201,341,0
92,292,0
214,527,1
8,708,1
132,559,1
559,250,0
564,867,0
48,265,0
123,786,1
18,32,0
511,332,0
138,60,0
260,753,0
503,666,0
205,522,1
185,651,1
43,826,0
13,955,0
138,658,1
132,121,0
309,663,0
72,258,0
119,965,0
295,273,0
436,480,1
92,787,0
389,903,1
521,562,1
461,650,0
503,60,0
390,338,1
169,514,0
521,225,0
236,158,0
328,261,1
343,259,0
510,176,0
159,523,1
56,475,1
46,472,0
23,524,0
201,650,0
124,284,0
320,648,1
395,225,0
48,267,0
187,631,0
386,114,0
379,275,0
473,59,0
93,709,0
503,564,0
391,872,0
249,858,0
166,262,0
51,375,0
526,929,0
276,242,0
521,339,1
169,268,1
105,822,1
224,224,0
132,302,0
4,609,0
312,461,0
55,546,0
209,536,1
93,13,0
568,647,1
511,227,0
17,650,1
379,561,0
178,271,1
249,110,0
29,847,1
565,575,1
304,563,0
397,529,1
15,950,0
444,675,0
124,287,0
36,283,0
341,355,0
526,276,0
397,255,0
7,645,0
467,469,0
303,1114,0
526,1148,0
101,511,1
379,358,0
439,877,0
187,228,0
397,83,0
476,917,0
397,252,0
386,500,1
357,926,0
555,32,0
155,773,0
82,473,1
398,234,0
303,392,1
541,614,0
236,676,1
41,251,0
313,440,0
467,640,0
49,577,0
81,656,0
48,6,0
149,769,1
412,546,0
432,354,0
503,771,0
222,685,0
48,636,0
523,664,0
56,817,1
557,897,0
1,855,0
219,105,0
37,285,0
339,866,0
243,241,0
448,997,0
111,312,0
180,779,0
9,110,0
521,40,0
331,250,0
116,241,0
417,1031,0
341,445,0
565,781,1
64,778,0
446,816,0
541,577,1
478,196,0
356,119,0
110,670,0
191,352,0
198,461,0
565,262,0
272,523,0
526,355,0
282,749,0
379,670,1
276,743,0
446,710,1
295,821,0
526,530,1
379,108,0
356,851,0
489,734,0
541,550,1
110,866,0
315,750,0
489,709,0
559,669,0
417,648,0
375,269,0
174,268,0
421,187,0
220,224,0
27,730,0
207,713,0
166,635,0
443,502,0
110,632,0
339,12,0
477,520,1
247,770,0
171,709,0
25,221,0
10,123,0
162,363,0
9,920,0
467,770,0
339,566,0
256,415,0
169,729,0
132,623,0
150,825,0
227,839,0
291,634,0
308,844,0
178,660,1
475,689,0
214,651,1
44,501,1
559,552,0
114,271,0
114,253,0
219,505,1
263,279,0
560,717,1
15,302,0
392,841,0
417,419,1
436,578,1
547,668,0
424,255,1
278,826,0
132,501,0
93,227,0
113,637,1
125,582,0
4,642,0
297,285,0
128,643,0
224,309,0
313,903,0
417,761,0
270,961,1
528,548,0
461,730,1
93,190,0
156,847,0
158,1174,0
526,315,0
9,116,0
491,276,0
329,270,1
178,773,1
336,258,0
356,834,0
398,547,0
563,651,0
18,332,0
313,271,0
93,632,0
515,157,0
18,668,0
343,713,1
500,571,1
184,264,0
177,856,1
245,665,1
539,228,0
132,49,0
56,560,0
295,850,0
110,641,0
447,777,1
395,840,0
427,634,0
119,358,0
225,257,0
93,480,0
165,200,1
491,263,1
46,656,0
104,1178,0
326,55,0
274,709,1
92,710,1
249,335,0
194,839,1
361,271,0
444,660,0
346,632,0
201,242,1
361,251,0
251,566,0
361,640,0
292,626,0
483,232,0
209,239,0
138,959,0
508,292,0
219,474,1
126,276,0
276,357,0
243,315,0
201,193,0
467,233,0
81,717,0
227,301,0
468,310,0
223,480,1
60,523,1
156,577,1
156,645,0
254,826,0
475,35,0
227,777,1
309,288,0
145,914,0
341,435,0
513,664,0
135,789,1
555,503,1
329,237,0
9,281,0
365,562,0
292,836,0
198,1165,0
136,789,0
251,280,1
266,686,0
4,76,0
124,634,1
36,293,0
356,514,1
46,669,0
109,328,0
518,773,0
295,847,0
251,897,1
177,332,0
155,983,0
547,664,0
344,276,0
68,840,1
23,70,0
266,675,0
511,257,0
535,171,0
54,835,0
343,887,1
554,576,1
257,655,1
468,675,0
132,953,0
190,435,0
357,251,0
357,501,1
138,230,0
198,1105,1
125,258,0
108,631,1
370,643,1
32,265,1
523,257,0
392,220,0
461,709,1
113,667,0
356,312,0
99,260,1
483,520,0
361,476,1
425,294,0
303,1111,0
568,515,1
95,798,1
401,523,1
512,521,1
110,847,0
293,563,0
436,777,0
573,319,0
297,1022,0
169,9,0
362,819,0
180,644,0
9,236,0
114,118,0
236,659,0
512,118,0
9,826,0
475,300,0
495,481,0
526,1039,0
456,840,1
50,660,0
432,272,0
35,291,0
446,779,0
411,674,0
362,314,0
125,642,1
15,983,1
432,846,1
433,763,0
431,233,0
511,495,1
120,321,0
363,387,0
9,301,0
457,283,0
522,101,0
362,856,0
56,224,0
246,825,0
164,777,1
274,717,1
29,780,0
521,1035,0
159,259,0
177,277,0
104,1171,0
312,442,0
273,250,1
373,915,1
417,753,1
361,921,0
247,974,1
124,776,1
249,635,0
489,272,0
231,780,0
467,851,0
433,197,0
379,709,1
28,31,0
508,672,1
240,223,0
443,303,0
253,23,0
0,317,0
128,658,0
180,682,0
526,295,0
64,504,1
339,253,0
341,1166,1
357,280,0
449,931,0
249,822,0
266,638,0
32,703,1
198,434,0
345,233,0
212,893,1
166,614,0
398,496,1
170,902,0
121,668,0
496,333,0
267,309,1
137,546,1
417,1133,0
36,931,0
448,971,0
106,423,1
138,220,0
165,111,0
502,920,0
313,515,1
442,124,0
147,479,0
559,859,0
51,321,0
207,656,1
386,311,0
467,471,0
101,355,0
518,778,1
315,851,0
77,564,0
267,293,0
347,921,0
104,923,0
467,609,0
351,578,0
507,866,0
387,274,0
254,824,1
247,523,0
564,134,0
95,708,0
524,562,1
356,537,1
59,739,0
95,347,0
511,73,0
49,816,0
535,639,1
400,269,0
350,634,0
29,753,1
251,537,1
432,779,1
230,356,0
156,231,0
186,332,0
94,643,0
341,368,0
235,35,0
340,76,0
514,868,0
244,252,0
308,206,0
214,313,0
173,910,0
477,522,1
56,843,0
1,354,0
515,522,1
157,582,1
336,670,0
173,354,0
526,1187,0
54,734,0
55,28,0
470,713,0
206,910,1
524,14,0
247,345,0
559,141,0
166,134,0
271,657,0
353,31,0
240,242,0
118,820,1
251,639,1
101,267,0
165,230,0
565,821,0
81,647,0
387,503,1
357,257,0
455,330,0
209,839,0
482,821,0
0,206,0
569,645,0
439,19,0
189,267,0
380,242,0
425,769,1
56,258,0
157,312,0
169,220,0
249,171,0
209,615,0
60,533,1
4,123,0
431,562,0
500,635,0
427,640,0
116,256,0
189,259,0
374,716,0
168,523,1
147,546,0
177,1032,0
188,642,1
452,570,0
309,715,0
164,232,0
539,241,1
518,857,1
279,892,0
110,318,0
511,243,0
197,897,1
297,1016,0
55,502,1
435,256,0
108,319,0
108,317,0
51,820,1
6,735,1
335,250,1
535,654,1
313,960,0
336,780,1
183,624,0
270,968,0
298,237,0
521,736,0
467,370,0
535,513,1
475,4,0
327,428,0
486,646,0
515,748,1
56,766,0
77,163,0
4,683,0
16,565,0
435,504,1
389,918,0
491,515,0
287,503,1
491,561,0
474,312,0
511,253,0
532,136,0
49,712,0
387,642,1
432,800,1
72,768,0
313,1154,0
297,935,0
455,328,0
66,248,0
77,865,0
187,224,0
303,462,0
564,572,1
373,916,0
236,234,0
107,712,0
171,292,0
156,297,0
43,775,1
346,156,0
467,288,0
95,824,0
461,660,1
36,559,0
224,724,0
571,734,0
524,660,0
201,272,0
392,861,0
509,565,0
273,55,0
249,513,0
378,337,0
243,920,0
192,270,0
165,135,0
565,225,0
346,118,0
154,316,1
353,732,1
251,827,0
320,313,0
443,654,1
277,257,0
137,709,0
84,331,0
395,834,0
205,311,0
273,315,0
445,682,0
168,547,0
163,250,0
282,256,0
159,819,0
363,844,0
43,190,0
186,294,0
156,682,0
51,965,0
13,777,0
29,228,0
311,229,0
166,42,0
18,307,0
230,956,0
475,546,0
195,615,1
241,240,0
201,661,0
99,37,0
37,292,0
491,313,1
72,561,0
347,481,0
72,244,0
329,743,0
212,519,1
57,571,1
444,665,1
7,674,1
507,863,0
466,855,0
107,266,1
166,566,0
532,502,1
463,894,1
313,683,0
88,536,0
363,849,0
162,338,0
7,272,0
410,21,0
272,847,1
177,342,0
188,641,0
61,787,0
361,473,1
383,636,0
267,838,0
132,906,0
14,836,1
104,898,1
368,263,0
476,810,0
56,477,0
424,253,0
211,250,0
104,1168,1
518,523,1
110,775,1
522,62,0
363,776,0
180,880,0
329,226,0
467,229,0
7,20,0
522,257,1
562,849,0
18,711,1
473,232,0
251,445,0
303,1127,0
32,908,0
180,830,0
411,712,0
515,276,0
510,830,0
180,775,0
307,395,0
387,534,1
522,175,0
512,107,0
243,796,0
143,522,1
219,857,1
386,56,0
287,707,0
212,533,1
518,699,0
46,63,0
316,655,1
508,718,0
448,1041,0
560,862,1
522,249,0
475,299,0
201,834,0
186,323,0
202,43,0
300,568,0
362,532,1
331,680,0
46,534,1
497,906,0
267,11,0
72,227,0
234,853,0
513,639,1
491,229,0
313,249,0
124,124,0
162,1003,0
329,843,0
128,773,0
555,326,0
427,651,1
243,935,0
379,522,1
466,856,0
477,39,0
227,822,1
357,328,0
292,72,0
568,551,1
227,821,1
427,234,0
84,532,1
379,872,1
503,609,0
109,283,0
160,615,1
198,832,0
526,1018,0
261,592,1
362,224,0
503,475,0
352,666,0
448,126,1
204,836,0
16,639,1
44,582,1
273,532,1
177,929,0
227,230,0
219,927,0
247,532,0
291,50,0
89,636,0
124,185,1
196,317,0
347,157,0
313,303,0
32,924,0
375,905,0
448,434,0
4,532,1
411,277,0
375,258,0
467,49,0
193,908,0
564,645,0
555,277,0
397,816,1
251,729,0
415,642,1
408,796,1
245,654,0
202,503,0
266,533,0
154,250,1
547,233,0
338,896,1
114,229,1
559,252,0
560,755,0
467,857,0
150,300,0
460,133,0
23,492,0
27,758,0
357,582,1
185,658,0
120,954,0
554,173,0
235,549,0
125,318,1
555,255,0
154,254,0
365,558,1
116,660,0
169,308,0
304,228,0
341,1034,0
204,844,1
478,855,0
292,839,1
386,231,0
111,635,0
515,534,1
432,849,0
452,568,0
114,258,0
309,770,0
314,58,0
329,711,0
292,816,0
417,1143,1
58,228,0
36,255,0
124,496,1
271,236,0
243,482,0
363,894,1
386,854,0
128,766,0
77,233,0
395,249,0
475,239,0
233,266,0
310,749,1
171,221,0
186,329,0
307,918,0
6,709,0
251,1015,0
452,569,0
266,234,0
362,605,0
362,299,0
128,279,1
65,294,0
425,708,1
472,709,1
515,929,0
180,718,0
120,834,0
362,778,0
525,827,1
546,656,0
99,312,0
363,279,0
272,633,0
1,864,0
472,668,1
188,733,0
266,526,0
354,767,1
315,861,0
460,319,0
249,0,0
142,537,0
569,708,0
130,712,0
564,712,0
110,693,0
35,844,1
276,125,0
108,309,0
194,21,0
95,724,0
476,924,0
362,918,1
243,840,0
18,641,0
143,178,0
211,897,1
49,162,0
104,445,0
460,516,1
533,245,0
360,894,1
77,317,1
0,517,0
568,568,1
453,843,0
343,479,1
227,515,1
32,517,1
113,657,0
95,632,1
420,900,1
341,322,0
27,648,0
443,324,0
397,360,0
267,534,1
1,259,0
521,815,1
15,332,0
101,513,1
183,779,0
565,853,1
412,667,0
249,571,0
29,232,0
362,331,0
356,339,0
1,315,1
124,310,0
1,752,0
7,877,0
183,562,1
257,226,0
84,338,0
507,737,0
191,964,0
503,303,0
335,258,0
160,228,0
375,708,0
257,241,0
417,427,0
361,568,1
202,559,0
155,733,0
110,849,0
377,643,1
101,1034,0
184,735,0
10,906,0
563,659,0
412,275,0
325,287,1
509,531,1
365,46,1
180,494,0
496,977,1
17,660,0
249,256,0
56,299,0
527,785,1
538,782,0
94,238,0
500,311,0
261,583,1
64,615,1
297,682,0
507,758,0
386,642,1
110,666,1
13,938,0
309,796,0
236,266,0
526,380,0
292,723,0
71,850,1
137,820,0
531,772,0
431,239,1
20,221,0
159,926,0
373,549,0
124,827,1
521,576,0
477,501,0
124,324,0
389,326,0
48,105,0
432,360,0
88,476,1
99,476,1
313,1031,0
373,920,1
95,1008,0
278,939,1
143,55,0
392,227,0
562,817,1
242,520,1
491,650,1
504,95,0
397,631,0
496,975,1
227,826,1
261,722,0
236,260,0
417,898,0
328,719,0
457,330,0
361,872,1
229,266,0
214,270,0
93,523,0
464,261,0
173,1012,0
9,907,0
37,846,0
362,763,0
183,829,0
123,787,0
561,265,0
84,56,0
49,224,0
165,559,0
435,259,0
49,252,0
357,823,0
292,661,0
95,286,0
235,124,0
445,643,1
288,904,0
32,986,0
71,834,0
343,647,0
328,844,0
101,186,0
508,255,0
1,357,0
112,86,0
43,55,0
230,353,0
414,476,1
560,825,0
169,536,1
48,122,0
1,328,0
150,850,1
427,59,0
373,550,0
29,670,1
276,580,1
108,310,0
25,670,1
433,225,0
162,346,0
263,645,1
544,659,0
173,944,0
4,531,0
159,275,0
46,657,0
9,332,0
26,275,0
555,852,0
338,898,0
97,435,0
66,774,1
555,245,0
319,117,1
373,331,0
56,851,0
276,573,1
488,909,0
81,664,0
21,712,0
432,978,0
499,260,0
236,536,1
476,918,0
521,947,0
559,505,1
22,84,0
439,782,1
445,661,0
132,916,0
1,612,1
155,946,1
165,224,0
18,923,0
49,118,0
145,937,0
368,225,0
156,840,1
128,709,0
357,732,1
475,39,0
417,420,1
159,276,0
333,909,0
240,651,0
64,62,0
298,236,0
81,289,0
565,275,0
443,532,0
17,666,1
427,110,0
553,774,0
223,671,0
373,285,0
456,771,1
92,110,0
68,918,0
42,0,0
64,357,0
261,666,1
436,859,1
479,634,0
132,377,0
361,497,1
173,1028,0
366,331,0
154,853,0
6,743,0
318,234,0
49,663,1
395,300,0
251,714,0
49,231,0
363,1038,0
467,667,0
150,350,1
514,820,0
18,946,0
386,946,0
357,676,1
526,937,0
169,644,0
559,234,0
154,328,1
568,50,0
201,303,0
101,640,0
113,582,0
346,165,0
503,275,0
489,275,0
7,472,0
503,225,0
525,819,1
198,959,0
457,275,0
91,236,0
559,243,0
189,271,0
506,755,0
173,1071,0
13,956,0
19,476,0
219,203,0
345,632,0
354,255,0
526,517,1
158,929,0
455,350,0
411,645,0
525,712,0
132,997,0
569,255,0
49,323,0
278,335,0
304,197,0
18,815,0
533,226,0
417,437,0
173,0,0
442,551,0
138,1013,0
568,319,0
560,276,0
18,708,0
113,231,0
224,835,0
454,48,0
110,187,0
267,254,1
401,501,1
522,710,1
559,583,1
568,295,0
36,921,0
483,560,0
476,336,0
249,825,0
472,252,0
173,1198,0
472,667,1
82,109,0
169,772,1
229,475,1
59,847,0
183,498,1
562,822,1
137,851,0
556,326,0
92,704,0
521,645,0
443,45,1
475,280,0
187,639,0
417,275,0
219,128,0
503,333,0
27,660,0
101,837,0
81,559,1
329,576,1
81,272,0
308,102,0
219,822,0
532,523,0
357,666,0
535,651,1
292,274,0
19,354,0
114,711,1
89,238,0
466,858,0
395,905,1
249,853,0
545,909,0
162,990,0
274,230,0
93,530,1
113,42,0
323,898,1
13,1030,0
478,566,0
124,710,0
18,915,0
183,652,0
292,480,0
307,1174,0
43,773,0
489,732,0
95,578,0
290,226,0
120,957,0
150,339,0
27,775,1
23,112,0
363,365,0
49,511,0
397,339,0
297,360,0
127,218,0
341,967,0
432,935,0
426,437,0
395,227,0
370,228,0
274,278,0
201,106,0
526,1070,1
249,530,1
345,639,0
8,547,0
515,322,0
280,564,0
521,480,1
36,244,0
95,974,1
409,472,0
140,652,1
328,473,0
503,252,1
432,787,1
380,770,0
448,395,0
559,558,0
124,285,0
219,473,1
386,326,0
328,723,1
7,862,0
564,546,0
362,298,0
101,944,0
536,309,0
56,558,0
526,434,0
169,828,0
407,18,0
297,330,0
4,848,0
369,897,0
568,296,0
128,762,0
427,472,1
565,300,0
379,231,0
313,439,0
557,893,0
563,851,0
189,673,0
23,553,0
198,1143,0
113,126,0
88,229,0
332,805,0
476,330,0
247,935,0
272,512,0
49,772,1
514,819,1
390,710,1
433,473,1
167,10,0
524,226,0
518,260,0
282,649,1
315,848,0
348,285,0
204,828,0
448,321,0
313,971,0
128,723,0
417,934,0
49,479,0
273,222,0
495,474,0
470,276,0
446,839,1
336,816,0
521,335,0
563,494,1
273,13,0
556,640,0
468,515,1
56,512,1
270,344,1
176,276,0
73,280,0
43,851,0
71,775,0
243,226,0
81,712,1
137,783,1
251,1186,0
362,663,0
342,836,1
80,11,0
20,314,0
4,845,1
173,911,0
379,778,0
511,637,1
81,530,0
452,610,1
114,321,0
18,473,1
564,276,0
8,317,0
37,761,1
206,897,1
276,556,1
305,780,1
400,852,0
88,564,0
428,108,0
475,576,1
345,637,1
266,116,0
329,719,1
309,114,0
387,106,0
155,650,0
282,731,1
132,395,0
247,284,0
567,106,0
249,862,0
287,547,1
37,270,0
357,537,1
560,297,0
37,282,0
31,174,1
339,319,0
412,560,0
267,822,0
135,819,0
132,251,0
46,473,1
100,237,0
339,888,0
412,862,0
104,1135,0
368,294,0
391,734,0
156,849,0
318,238,0
436,898,1
363,352,0
149,821,0
398,52,0
113,636,0
398,514,0
26,257,0
18,534,0
36,238,0
43,649,0
351,614,1
104,965,1
419,473,1
9,1013,1
339,131,0
157,552,0
339,712,1
412,5,0
137,314,0
544,255,0
555,329,0
124,162,0
72,563,0
387,770,1
249,275,0
92,655,0
392,819,0
445,231,0
14,744,0
223,321,0
347,199,1
23,17,0
55,494,1
51,901,1
392,776,0
541,19,0
395,237,0
442,568,0
192,260,0
59,858,0
390,929,0
319,44,0
476,829,0
124,222,0
251,1021,0
155,721,0
512,476,1
100,246,0
398,8,1
55,222,0
267,718,1
247,640,0
508,259,0
513,665,1
132,629,0
154,675,0
261,562,0
48,573,1
118,335,0
344,839,1
328,777,1
27,780,0
89,251,0
555,303,0
303,1172,0
229,474,1
442,574,1
330,658,0
171,641,0
292,525,1
356,325,1
98,354,0
467,1067,0
468,641,1
272,730,1
132,360,0
283,258,0
186,355,0
511,671,0
8,473,0
9,582,1
156,668,1
298,656,1
289,638,0
56,633,0
36,512,1
357,845,0
13,284,0
29,254,0
449,944,0
319,560,1
395,14,0
19,710,0
313,106,0
56,56,0
64,892,1
223,551,0
219,819,1
251,25,0
456,282,0
397,52,0
113,632,0
66,709,1
113,14,0
356,560,1
95,244,0
559,502,0
72,284,0
430,562,0
362,256,0
491,582,0
455,334,0
243,844,0
149,660,1
348,725,0
472,726,0
36,326,0
243,165,0
475,266,0
271,646,0
166,647,0
447,276,0
572,311,0
95,788,0
165,554,0
403,897,1
16,649,1
274,710,1
287,126,0
466,761,0
369,912,0
51,977,0
76,3,1
425,510,1
222,743,0
29,657,0
221,894,1
124,12,0
128,275,0
286,131,0
143,547,0
366,308,0
44,564,0
565,863,0
201,5,0
352,653,0
94,636,0
138,531,1
251,644,1
427,18,0
54,862,0
466,849,0
363,397,0
413,649,1
49,127,0
387,482,1
98,287,0
214,825,1
432,357,0
514,887,0
343,521,1
397,898,1
478,132,0
363,389,1
526,40,0
392,81,0
467,817,1
189,262,0
412,640,0
227,548,0
71,772,1
381,238,0
145,1020,0
526,968,1
137,190,0
509,503,1
319,48,0
223,820,1
362,514,0
472,771,1
187,230,0
72,711,1
116,268,0
395,335,0
214,231,0
398,4,1
508,648,0
357,897,0
100,713,0
113,860,0
198,1175,1
533,227,0
49,855,0
92,649,1
216,253,0
91,228,0
150,295,0
455,914,0
431,226,0
37,333,0
93,636,0
275,827,0
133,634,0
460,101,0
154,103,0
428,316,0
398,647,0
243,1015,0
92,476,0
526,360,0
124,16,0
35,731,0
225,898,0
518,824,0
448,713,0
569,254,0
386,839,1
412,253,0
180,572,1
556,775,1
389,363,0
439,118,0
251,899,1
309,546,0
443,566,0
108,773,0
219,13,0
473,503,1
368,711,0
412,519,1
525,713,1
503,656,0
240,648,0
556,299,0
157,163,0
181,853,0
8,125,0
404,240,0
467,512,1
266,532,0
526,336,0
307,1091,1
242,262,0
185,639,0
29,225,0
313,370,0
339,787,1
339,678,1
234,276,0
48,481,0
535,548,0
146,43,0
60,659,1
335,670,0
522,667,0
339,858,0
313,566,0
362,535,1
36,820,1
554,136,0
223,681,0
173,978,0
315,758,0
8,51,0
249,646,1
101,766,0
335,672,0
478,779,1
478,274,0
60,649,1
224,849,0
267,717,1
120,934,0
257,636,0
59,856,0
291,576,1
154,658,0
4,697,0
555,398,1
145,332,0
168,101,0
50,755,0
16,633,0
113,220,0
463,913,0
212,497,1
448,671,0
166,575,1
339,7,0
231,262,0
392,707,0
239,227,0
32,740,0
475,282,0
526,582,1
7,847,0
375,895,1
157,146,0
140,250,0
11,551,1
59,685,0
525,823,0
119,926,0
60,529,1
272,521,0
282,772,1
313,556,0
174,249,0
84,568,1
210,266,1
297,1024,1
67,252,0
467,859,0
563,161,0
101,171,0
473,608,0
154,860,0
425,534,0
18,481,0
467,783,1
473,238,0
276,8,0
319,328,0
398,523,1
15,327,0
425,319,0
95,523,1
292,856,0
223,652,0
362,231,0
473,310,0
169,665,0
515,731,1
563,274,0
381,230,0
553,660,1
313,642,0
180,871,1
186,838,1
474,221,0
206,895,0
436,358,0
77,75,1
1,227,0
234,326,0
270,789,0
251,1198,0
84,691,0
389,926,0
344,277,0
227,363,0
126,473,0
259,909,0
8,270,0
1,770,0
176,713,0
120,1009,0
209,504,1
64,299,0
487,668,0
414,114,0
515,531,1
467,848,1
1,848,0
178,282,0
81,298,0
559,564,0
517,709,0
128,253,0
436,785,1
249,480,0
470,776,1
120,335,0
188,774,0
84,313,0
3,222,0
150,815,0
171,852,0
273,229,0
272,646,0
503,356,0
173,1013,0
192,325,0
177,820,1
347,503,1
339,236,0
347,363,0
138,326,0
297,392,0
243,267,0
149,819,0
335,241,0
317,16,0
166,682,0
568,840,1
226,331,0
120,780,0
395,101,0
500,573,1
432,769,1
246,828,1
19,867,0
500,194,0
212,515,1
183,572,1
99,10,0
8,779,1
339,520,1
7,316,0
339,650,1
550,292,0
138,224,0
328,139,0
345,644,0
261,227,0
224,530,1
49,257,0
141,200,0
44,558,0
272,201,0
276,31,0
80,60,0
118,848,1
108,45,0
431,315,0
507,699,0
244,472,1
292,825,0
214,319,0
343,552,0
270,964,1
303,970,1
183,769,0
49,272,0
99,315,0
357,711,0
167,513,0
533,646,0
525,848,0
126,480,1
526,1082,0
36,156,0
362,153,0
37,775,1
464,905,0
176,265,0
345,234,0
81,786,1
564,270,0
518,823,0
260,16,0
368,669,0
183,227,0
18,827,0
544,770,1
186,335,0
60,225,0
357,329,0
263,678,0
36,681,0
298,653,1
535,579,1
556,277,0
89,712,0
162,929,0
251,953,0
32,944,0
181,287,0
339,922,0
483,526,0
80,56,0
467,18,0
114,18,0
77,849,0
121,653,0
343,554,0
145,1017,1
101,989,0
116,231,0
475,642,1
356,255,0
219,284,0
501,222,0
49,225,0
569,744,0
387,225,0
342,640,0
564,663,0
292,476,0
171,293,0
353,513,1
356,521,0
171,256,1
266,666,0
555,321,0
7,199,0
94,269,1
351,317,0
260,31,0
243,650,1
9,274,0
343,510,0
519,194,1
126,871,0
339,727,0
292,634,0
108,521,0
274,650,1
266,677,0
556,798,1
124,262,0
75,185,0
491,651,0
89,843,0
156,101,0
341,365,0
425,266,0
92,315,0
309,499,1
251,852,0
564,113,0
19,824,0
272,173,0
509,537,1
153,236,0
443,578,1
357,564,0
507,855,0
84,514,0
487,82,0
128,767,0
443,326,0
6,725,0
146,117,0
313,532,1
43,234,0
448,496,1
362,546,0
155,270,0
344,273,0
98,928,0
448,894,1
169,313,1
347,140,0
329,48,0
386,480,0
8,266,0
276,244,0
431,569,0
503,510,1
387,526,1
205,67,1
560,796,1
159,472,1
119,844,0
51,956,0
107,638,1
127,632,0
214,771,1
415,238,0
104,1037,0
518,714,0
159,319,0
155,820,0
165,516,1
362,151,0
563,634,0
219,730,0
209,512,1
164,233,0
361,713,0
156,228,0
162,292,0
568,349,0
471,223,0
392,274,0
286,126,0
251,898,1
4,40,0
356,323,0
51,1010,0
125,711,1
524,714,0
43,154,0
2,830,0
319,295,0
320,320,0
8,843,1
95,229,0
297,691,0
205,199,0
235,475,0
313,631,0
135,168,0
36,523,0
308,848,0
310,250,0
84,845,1
64,973,0
397,917,0
59,258,0
251,225,0
33,227,0
565,197,0
113,708,0
307,929,0
433,752,0
442,194,0
209,570,1
100,777,0
521,799,1
455,940,0
521,109,0
202,572,1
165,223,0
390,779,1
309,476,1
169,215,0
177,300,0
77,890,0
430,561,0
13,958,0
300,179,0
4,824,0
467,1059,0
487,566,0
303,1133,0
266,472,0
439,39,0
99,845,0
110,570,1
92,674,1
124,292,0
361,227,0
387,0,0
159,866,1
488,910,0
250,10,0
21,654,1
410,53,0
375,912,0
180,858,0
247,174,0
111,560,0
36,551,0
309,255,0
37,709,1
210,913,0
446,280,0
519,611,1
84,289,0
4,174,0
560,273,0
104,366,0
124,573,1
81,769,1
32,919,1
191,1036,0
43,648,0
353,562,0
60,648,0
188,816,0
60,510,1
425,530,1
44,228,0
503,664,0
88,558,1
126,842,0
108,112,1
180,501,0
65,868,1
400,285,0
547,678,1
499,254,0
99,49,0
160,223,0
292,10,0
292,521,1
267,197,0
122,582,1
110,512,1
433,720,1
330,686,1
473,220,0
515,315,0
171,638,1
308,781,1
378,855,1
272,225,0
386,855,0
379,755,1
260,36,0
51,902,1
192,265,0
139,894,1
177,353,0
562,330,0
40,633,0
522,42,0
362,443,0
18,561,0
267,659,0
526,709,0
532,101,1
361,730,1
294,576,1
166,651,1
568,663,1
479,633,0
48,278,0
238,859,0
392,927,1
92,645,1
356,641,1
68,836,1
236,230,0
216,241,0
356,54,0
18,646,0
266,568,1
313,674,0
9,839,1
477,482,0
391,715,0
132,515,0
4,235,0
310,255,0
386,258,0
101,643,0
89,641,0
345,313,0
526,392,0
503,815,0
212,131,0
155,1035,0
2,834,0
476,338,1
181,283,0
229,253,0
211,255,0
241,241,0
81,513,0
565,840,0
313,558,0
515,662,0
272,845,1
67,894,1
354,779,0
398,251,0
568,554,1
173,932,0
162,907,0
501,221,0
555,857,0
267,661,0
361,252,1
336,779,0
435,893,1
48,651,1
214,324,0
395,363,0
302,580,0
219,26,0
93,167,0
44,523,1
526,244,0
183,776,0
446,274,0
113,639,1
521,772,0
1,787,1
392,197,0
120,788,0
386,932,1
120,393,0
37,852,0
20,230,0
77,772,1
463,713,1
433,768,0
162,378,0
303,352,0
362,521,1
347,358,0
165,649,1
357,480,1
113,19,0
24,904,0
436,838,1
341,953,0
183,604,0
9,303,0
336,265,0
272,613,1
95,923,0
477,479,0
521,828,0
436,853,1
368,273,0
200,200,0
124,565,0
272,481,0
546,236,0
417,240,0
251,35,0
446,253,0
63,243,0
159,478,0
77,226,0
185,271,0
496,932,0
253,101,0
555,311,0
573,535,1
159,40,0
132,647,0
447,273,0
188,639,1
247,716,0
263,708,0
14,711,1
1,826,0
223,824,0
13,914,0
68,348,0
365,202,0
494,258,1
48,479,0
546,641,1
2,849,1
368,778,0
452,104,0
23,550,0
336,639,0
559,651,1
110,769,0
384,641,1
39,18,0
491,820,1
137,239,0
556,709,1
329,285,0
395,726,0
230,921,0
356,613,1
9,675,0
387,648,0
114,199,1
377,674,1
158,395,0
427,220,0
309,333,0
138,119,0
292,26,0
309,655,1
568,772,1
167,495,0
329,239,0
76,12,0
362,636,0
320,682,0
126,710,0
29,732,0
564,658,0
526,74,0
313,301,0
132,260,0
224,567,0
49,637,0
19,190,0
219,326,0
51,907,0
137,642,0
50,239,0
13,274,0
436,847,0
260,838,0
227,665,0
564,161,0
354,780,1
455,333,0
491,162,0
345,684,0
558,633,0
116,645,0
572,634,0
164,645,0
307,978,0
271,638,0
472,670,1
534,188,0
143,527,1
362,958,0
84,700,0
488,903,0
470,731,1
446,663,1
448,391,0
362,348,0
55,505,1
314,69,0
149,672,0
16,561,0
386,569,1
243,556,0
507,773,0
56,226,0
64,926,0
524,852,0
94,778,0
195,576,0
273,707,0
515,249,0
123,347,0
359,787,1
81,228,0
478,319,0
165,663,1
361,711,1
92,480,1
341,396,0
521,14,0
436,58,0
279,904,1
205,204,0
329,663,1
223,202,0
59,881,0
357,521,1
569,668,0
9,770,0
563,255,0
72,239,0
399,53,0
461,855,1
157,548,0
326,15,1
81,633,0
19,857,0
269,897,0
18,580,1
201,288,0
4,558,0
248,903,0
141,314,0
455,921,0
254,324,0
198,1123,1
48,276,0
446,699,1
357,769,1
404,636,0
32,520,0
496,822,0
496,924,0
143,34,0
468,163,0
379,668,0
572,310,0
362,300,0
448,500,0
196,319,0
428,52,0
110,313,0
243,118,0
359,743,0
524,608,0
491,730,0
375,259,0
82,511,1
19,525,1
289,251,0
262,547,1
329,250,0
4,929,0
433,231,0
559,648,0
395,286,0
515,177,0
119,867,1
316,773,0
4,646,0
398,843,0
139,895,1
260,826,0
79,168,1
90,352,1
245,664,1
448,830,1
419,503,1
151,712,0
99,262,0
7,496,1
4,615,0
174,264,0
56,557,0
263,262,0
132,278,0
339,331,0
26,663,1
118,834,0
168,474,1
165,615,1
310,711,1
448,1097,0
101,537,1
263,672,0
56,296,0
52,481,1
207,764,0
491,529,1
398,561,0
433,237,0
373,1005,1
101,1005,1
135,310,1
379,637,1
448,512,1
316,652,1
18,521,1
361,843,0
51,926,0
276,34,0
64,281,0
266,651,0
32,328,0
395,780,0
466,865,0
352,636,0
565,518,0
260,860,0
236,686,0
558,574,0
27,644,1
135,788,1
257,259,0
149,709,1
72,40,0
0,567,0
249,529,0
32,1032,0
316,254,0
212,898,0
352,645,0
4,3,0
272,615,0
32,327,0
313,713,0
260,20,0
147,583,1
428,473,1
519,205,1
395,533,0
4,919,0
243,723,0
476,830,1
123,810,0
361,158,0
169,303,0
569,260,0
292,316,0
156,504,1
4,140,0
189,675,0
82,520,1
313,323,0
357,658,1
303,456,0
411,282,0
116,656,1
356,770,0
449,363,0
236,535,1
25,686,1
247,329,0
12,637,0
518,658,0
77,612,0
531,275,0
374,889,0
487,87,0
140,244,0
59,644,0
510,56,0
169,764,0
339,828,1
411,865,0
563,244,0
128,241,0
339,330,0
348,257,1
3,224,0
132,923,0
395,223,0
159,709,1
41,258,0
218,897,1
236,537,1
417,1181,0
233,74,1
328,660,0
19,637,0
554,138,0
154,0,0
522,514,1
100,244,0
101,856,0
169,238,0
342,856,1
54,873,0
491,500,0
518,656,0
526,708,0
518,572,1
559,40,0
243,362,0
363,339,0
565,527,0
509,516,1
173,892,1
310,280,0
48,652,1
568,732,1
143,141,0
251,371,0
433,765,0
477,11,0
109,327,0
132,313,0
201,340,0
140,661,0
559,306,0
188,666,0
449,422,0
354,251,0
343,874,0
267,839,1
386,220,0
84,278,0
515,312,0
497,252,0
559,513,1
155,990,0
149,255,1
76,797,1
101,973,0
267,642,0
4,277,0
295,861,0
560,660,1
231,777,1
113,292,0
227,669,1
27,254,0
138,672,0
41,708,0
436,354,0
319,652,1
120,279,0
467,1114,0
13,901,1
113,566,0
319,326,0
297,234,0
531,722,1
35,821,0
119,843,1
32,855,0
339,560,1
100,240,0
408,829,1
470,768,1
313,632,0
436,521,1
433,515,0
297,367,0
386,837,0
313,596,1
307,437,0
448,278,0
342,658,1
563,19,0
98,920,0
533,258,0
544,711,0
201,865,0
533,770,0
27,289,0
169,352,0
319,474,1
423,254,0
524,816,1
132,624,1
569,638,0
161,819,0
14,752,1
319,773,1
132,964,0
335,246,0
57,204,0
279,262,0
529,141,0
470,771,1
219,254,0
344,872,1
18,228,0
282,777,1
100,651,1
12,645,0
377,229,0
303,1086,1
227,359,0
249,336,0
266,224,0
417,651,1
341,1160,1
155,570,1
448,0,1
19,321,0
511,654,1
161,786,1
137,315,1
291,48,0
71,777,0
219,937,0
157,632,0
59,481,0
472,855,0
417,946,0
386,645,0
191,898,0
310,271,0
233,145,0
101,352,0
219,241,0
219,331,0
235,529,1
201,339,0
101,785,1
225,909,0
120,421,0
263,650,1
23,57,0
328,864,0
431,121,0
16,234,0
50,638,0
561,258,0
467,111,0
191,973,1
397,361,0
108,534,1
149,644,1
183,513,0
191,946,0
522,516,1
526,407,0
473,643,0
202,310,0
132,583,0
156,714,0
231,754,1
365,476,1
397,300,0
390,340,1
519,218,0
555,699,0
1,769,0
251,1194,0
283,233,0
365,8,0
180,532,1
49,505,0
77,657,0
521,502,1
468,535,1
8,501,1
356,576,1
362,649,0
425,229,0
303,465,0
266,48,0
297,667,0
555,279,0
64,783,1
100,235,0
521,844,0
1,562,0
247,211,0
84,634,0
101,836,1
159,513,1
298,649,1
241,659,0
64,930,0
452,192,0
323,257,0
563,815,0
108,193,0
201,278,0
132,756,1
32,529,1
267,855,0
509,608,0
365,533,0
386,73,0
357,903,1
18,476,1
88,60,0
478,821,1
535,572,1
525,854,0
50,220,0
77,869,0
303,426,0
272,262,0
503,644,0
354,840,1
91,250,0
244,907,1
251,226,0
43,623,1
121,684,1
297,533,0
467,392,0
200,575,0
534,610,0
229,268,0
187,61,0
460,199,0
1,969,0
99,502,1
196,316,0
488,895,0
13,342,0
173,895,1
455,821,0
219,363,0
564,227,0
373,313,0
515,646,0
328,840,1
120,935,0
4,536,0
511,638,1
108,551,1
533,238,0
344,862,0
473,0,0
491,234,0
169,479,0
107,645,0
287,255,0
276,639,0
549,224,0
547,243,0
389,360,0
341,393,0
309,785,0
236,772,1
526,1181,0
23,106,0
113,0,0
48,744,0
192,328,0
511,150,0
251,190,1
249,344,0
113,238,0
526,3,0
193,904,0
64,564,0
173,1142,0
146,77,0
518,312,0
295,786,1
73,273,0
198,468,0
272,275,0
477,117,0
243,316,1
36,864,0
559,533,1
171,850,0
497,908,0
35,837,0
297,894,1
503,568,0
101,157,0
361,778,0
475,474,1
128,254,0
508,256,0
418,895,0
341,388,0
551,31,0
503,211,0
295,837,1
84,255,0
46,577,1
75,569,0
4,250,0
7,21,0
276,243,0
135,216,0
436,166,0
379,151,0
251,1152,0
341,1165,0
158,1098,0
461,757,0
328,253,0
491,825,0
141,134,0
249,709,1
95,199,1
113,579,0
525,782,0
417,725,0
64,708,1
119,821,0
36,772,0
573,220,0
247,332,0
186,850,1
478,124,1
508,667,0
343,220,0
72,281,0
125,222,0
56,562,1
526,844,0
124,864,0
512,512,1
261,660,1
365,128,0
162,892,1
243,955,0
93,117,0
362,44,0
373,1031,0
19,535,0
119,944,0
411,649,1
398,513,1
120,1017,1
341,959,0
23,537,0
334,900,1
401,47,0
500,633,0
236,697,0
365,521,0
68,791,0
100,255,0
91,649,1
554,582,0
236,257,0
233,902,1
555,370,0
183,238,0
72,773,0
297,850,0
515,481,1
169,534,0
361,275,0
241,670,1
86,640,1
395,1020,0
169,656,1
36,225,0
522,75,0
562,293,0
395,847,0
274,241,0
110,21,0
189,710,0
196,221,0
44,516,1
46,655,0
7,226,0
309,222,0
51,350,0
81,25,1
32,920,0
104,1027,0
92,744,1
242,481,1
478,668,1
491,147,0
56,650,0
7,292,0
276,303,0
341,1023,0
313,482,0
339,776,1
169,205,0
392,659,1
427,549,0
534,572,0
379,742,1
500,558,0
4,938,0
425,730,0
339,224,0
380,266,0
530,913,1
219,316,0
375,262,0
434,267,0
59,249,0
207,761,0
91,647,0
350,568,0
99,632,0
71,281,0
9,472,0
157,551,0
132,570,1
332,325,0
320,644,1
120,859,0
48,862,0
375,770,0
445,248,0
464,908,0
108,151,1
72,712,1
120,371,0
425,712,1
171,273,0
457,774,1
487,14,0
110,225,0
535,505,1
236,555,0
461,754,1
272,153,0
73,710,0
37,837,0
184,779,1
568,1029,1
50,236,0
200,556,0
188,848,0
145,1025,1
552,633,0
413,232,0
138,936,0
126,722,0
4,298,0
64,668,0
564,351,0
114,839,1
160,233,0
18,865,0
467,1190,0
563,847,0
75,559,0
339,297,0
110,107,0
295,824,1
491,844,0
267,275,0
51,402,0
436,237,0
565,277,0
25,234,0
191,953,0
205,481,1
138,14,1
108,668,0
137,151,0
107,646,1
84,311,0
10,481,0
434,897,1
122,559,0
389,386,0
559,236,0
163,903,0
206,894,1
436,634,1
8,279,0
526,387,0
56,220,0
556,297,0
36,322,0
392,582,1
95,573,0
114,311,0
379,363,0
18,327,0
139,904,0
64,352,0
550,300,0
392,772,1
411,281,0
461,646,1
341,1044,1
475,284,0
183,842,0
564,559,0
141,482,0
395,1030,0
249,346,0
183,305,0
445,650,1
213,101,0
362,515,1
503,280,1
227,670,0
180,27,0
4,780,0
243,497,1
276,612,0
128,237,0
217,769,0
240,654,1
467,427,0
309,272,0
167,523,0
0,600,0
330,240,0
247,846,1
515,849,1
518,262,0
547,226,0
317,17,0
422,743,0
51,390,0
118,826,0
341,977,1
526,921,0
571,257,0
178,654,0
515,497,1
503,766,0
346,151,0
276,772,1
141,320,0
565,651,0
276,231,0
400,713,0
174,73,0
173,380,0
313,788,0
467,1177,0
361,221,0
496,344,0
432,352,0
46,156,0
227,859,1
181,282,0
205,24,0
526,1092,1
143,100,0
230,324,0
88,1,0
236,551,0
18,274,0
329,760,1
158,439,0
536,581,1
174,116,0
48,650,1
297,650,1
378,336,0
417,470,0
345,699,0
392,654,1
448,221,0
251,85,0
475,716,0
84,615,1
559,547,0
132,255,0
377,650,1
563,294,0
339,349,0
166,108,0
77,472,1
24,909,0
357,510,1
475,112,0
217,772,1
251,381,0
298,640,0
482,321,1
77,254,0
32,772,1
292,844,0
559,284,0
266,549,0
93,613,0
60,578,1
568,989,1
43,315,0
204,786,1
335,641,1
318,320,0
363,354,0
272,309,0
565,126,0
272,233,0
55,501,1
521,5,0
12,770,1
270,1037,0
395,250,0
391,875,0
18,284,0
368,277,0
448,403,0
368,668,0
524,528,1
84,177,0
93,525,1
548,816,0
2,762,0
223,533,1
114,821,0
155,567,0
15,951,0
398,472,0
114,768,1
151,829,0
556,834,0
224,479,1
565,581,0
555,772,0
158,1123,0
178,713,1
35,820,0
245,686,1
123,350,0
415,224,0
267,499,1
99,608,0
154,657,0
398,558,0
36,861,0
188,653,1
328,504,1
563,32,0
100,265,0
473,107,0
392,775,0
32,336,0
529,28,0
373,931,0
63,238,0
159,745,0
154,246,0
515,528,1
461,776,1
297,1023,0
395,127,0
278,941,0
328,857,0
154,821,1
565,659,0
27,255,0
522,126,0
484,633,0
524,9,0
54,282,0
487,204,1
522,560,1
357,1023,1
312,440,1
267,335,0
514,852,0
43,473,0
231,762,1
397,330,0
99,254,0
472,714,1
346,564,0
81,646,0
192,322,0
159,770,0
469,653,0
477,511,1
565,582,1
200,182,0
513,251,0
101,959,0
17,667,0
468,631,0
448,1094,0
559,274,0
2,853,0
231,710,1
267,224,0
417,442,1
526,528,1
120,911,0
276,921,1
4,712,0
138,113,0
110,53,0
77,608,1
18,640,1
59,280,0
222,774,0
297,23,0
187,476,1
400,841,0
223,568,0
64,549,0
436,353,0
108,494,1
361,845,0
533,612,1
95,928,0
159,820,0
37,771,1
202,227,0
436,583,1
219,476,0
431,615,1
263,836,0
345,652,0
387,858,1
10,254,0
251,257,1
36,259,0
313,550,0
243,838,1
188,250,0
120,338,1
173,1027,1
49,250,0
270,1032,0
544,707,0
167,0,0
90,927,1
563,292,0
49,785,1
357,954,0
95,787,1
262,892,1
563,786,0
310,757,0
249,546,0
235,58,0
351,225,0
154,160,0
467,12,0
568,265,0
446,668,0
398,651,1
138,968,1
387,3,0
443,329,0
515,133,0
192,771,1
395,652,1
526,230,0
126,770,0
1,274,0
23,23,0
449,915,0
467,329,0
398,707,0
463,905,1
402,896,1
398,566,0
37,736,0
555,819,1
483,239,0
113,78,0
227,772,1
118,926,0
209,730,0
409,494,1
313,151,0
426,255,0
363,965,0
109,326,0
444,232,0
126,876,0
555,531,1
395,474,1
491,642,0
341,1009,0
100,231,0
320,228,0
523,776,0
442,549,0
554,502,0
378,329,0
386,787,0
114,292,0
113,880,0
513,650,1
7,564,0
43,244,0
378,274,0
292,646,0
356,332,0
281,262,0
18,267,0
541,193,0
176,773,1
155,497,0
169,282,0
273,481,0
91,254,0
128,755,1
477,565,0
274,714,1
328,675,0
363,897,0
206,251,0
490,233,0
81,251,0
560,806,1
18,24,0
36,929,0
99,717,1
467,1066,0
417,714,0
417,348,0
276,836,1
95,654,1
339,230,0
251,1022,0
521,944,0
44,10,0
165,151,1
236,769,0
310,666,1
544,249,0
18,524,0
503,494,1
209,275,0
257,687,0
461,760,0
54,293,0
386,941,0
173,1079,0
251,349,0
361,773,0
124,772,1
5,737,1
245,233,0
467,923,0
59,669,0
503,93,1
544,712,0
101,655,0
303,899,0
282,713,0
110,262,0
328,474,1
263,875,0
201,583,1
475,712,1
448,280,0
467,293,0
467,292,0
357,918,1
467,558,0
448,451,0
555,357,0
541,609,1
483,237,0
338,905,1
196,223,0
484,204,0
461,250,1
214,731,1
483,200,0
267,844,0
267,753,1
51,908,0
386,670,0
4,879,0
475,848,1
102,62,0
478,640,1
339,568,1
299,147,0
354,844,0
35,286,0
5,659,1
1,840,1
156,845,1
126,236,0
59,855,0
36,524,0
155,335,0
343,320,0
319,778,1
219,151,0
271,660,0
19,330,0
491,277,0
91,770,0
389,351,0
461,282,0
266,498,0
254,325,0
77,534,1
362,504,1
555,677,1
43,228,0
92,673,0
573,502,1
132,782,1
202,533,1
368,859,0
467,546,0
297,969,0
248,912,0
292,559,0
541,652,1
194,820,0
503,532,1
276,26,0
219,786,1
266,576,1
120,856,0
467,378,0
26,224,0
188,655,0
501,227,0
202,505,1
191,947,0
303,374,0
524,781,1
95,168,0
180,210,0
460,567,0
224,128,0
484,574,1
99,671,1
377,691,0
341,831,0
353,256,0
417,560,0
166,686,0
417,418,0
555,829,0
101,254,0
572,312,0
546,244,0
110,649,1
49,874,0
81,768,0
162,321,0
418,910,1
559,145,0
379,83,0
413,262,0
479,635,0
132,99,1
392,283,0
247,236,0
141,473,1
403,895,1
302,560,1
276,216,0
521,923,0
397,266,0
392,553,0
46,45,0
464,894,1
209,474,1
223,83,0
194,802,0
132,615,0
262,250,0
276,531,1
253,11,0
36,710,0
417,473,0
274,774,1
110,667,0
155,561,0
564,292,0
558,0,0
270,830,1
191,353,0
221,264,0
428,476,1
36,513,1
491,589,1
169,2,1
77,868,0
156,824,0
68,776,0
263,255,0
392,277,0
451,709,1
132,977,0
137,186,0
132,300,0
564,122,0
392,642,0
329,292,1
60,127,0
247,757,0
132,339,0
295,799,1
361,535,1
362,237,0
177,992,0
124,176,0
373,642,0
79,151,0
508,675,0
509,317,1
425,275,0
183,821,0
362,931,0
106,428,0
461,768,0
286,897,0
138,330,0
297,393,0
379,24,0
145,974,0
352,656,0
59,158,0
95,328,0
32,895,0
476,820,1
162,910,0
266,264,0
392,714,0
276,758,0
526,843,1
477,528,1
395,1037,0
1,275,0
384,274,0
173,1024,0
141,174,0
223,505,1
173,1201,0
9,536,1
276,283,0
341,896,1
52,480,1
470,772,1
4,520,0
118,923,0
18,204,0
357,776,1
267,862,0
55,522,1
286,254,0
180,580,1
373,577,0
32,277,0
565,252,0
373,847,1
36,571,0
319,230,0
356,193,0
95,344,0
373,510,1
183,316,0
187,546,0
263,770,1
468,495,1
241,640,1
554,635,0
1,271,0
155,862,0
186,325,0
310,272,0
183,847,0
445,646,1
177,352,0
110,101,0
303,1031,0
526,453,0
18,282,0
400,276,0
379,480,1
56,689,0
442,179,0
387,326,0
150,864,0
23,628,0
297,60,0
289,648,0
397,59,0
361,658,1
448,232,0
253,17,0
535,631,0
177,819,0
478,655,1
66,640,1
207,844,1
475,258,0
212,498,1
21,776,1
559,849,0
126,144,0
403,911,0
65,817,0
313,0,0
310,708,1
297,256,0
344,757,0
64,311,0
476,298,0
180,473,0
267,479,0
425,751,1
177,302,0
156,230,0
560,711,1
101,301,0
348,251,0
219,750,1
247,221,0
425,220,0
37,770,1
183,789,0
180,840,1
216,780,0
467,1079,0
183,665,0
511,869,0
185,686,1
223,648,0
251,1110,1
443,259,0
243,654,0
489,717,0
236,712,0
443,843,0
362,907,0
73,270,0
55,517,1
26,712,1
460,30,0
319,512,1
425,299,0
180,839,1
369,249,0
29,711,0
379,126,0
13,950,0
554,558,0
1,535,1
126,230,0
196,558,0
487,646,0
118,273,1
559,115,0
113,95,0
98,822,1
257,253,0
373,106,0
13,844,1
370,236,0
298,251,0
526,461,0
4,303,0
157,517,1
9,271,0
32,970,0
359,828,1
99,267,0
118,336,0
297,271,0
224,709,0
555,670,0
255,654,1
59,772,0
526,1172,0
496,933,0
138,512,1
347,501,1
224,270,0
126,515,1
43,518,1
341,816,1
59,864,0
194,823,0
110,228,0
48,221,0
276,500,1
270,340,0
123,920,1
432,975,0
77,243,0
491,137,0
433,30,0
417,1160,0
59,889,0
194,829,0
436,962,0
132,505,0
356,324,0
425,482,0
10,473,1
68,794,0
365,535,0
398,252,0
183,22,0
443,101,0
100,714,0
554,472,0
455,825,0
72,850,0
433,133,0
249,711,0
473,609,0
110,646,0
278,325,1
132,934,0
121,254,0
563,312,0
95,242,0
457,334,0
150,325,0
436,26,0
461,711,1
565,661,0
417,1132,0
339,547,0
240,638,0
223,101,0
18,301,0
233,263,0
59,743,0
514,834,0
563,280,0
460,16,0
110,502,1
29,714,0
138,714,0
227,203,0
110,319,0
151,850,0
425,476,1
261,257,0
169,337,0
503,277,0
568,946,0
223,537,1
164,658,1
36,147,0
433,160,0
118,277,0
183,309,0
251,709,0
236,250,0
126,550,0
392,231,0
526,275,0
43,658,1
373,992,0
363,872,1
101,351,0
313,816,0
319,292,0
91,252,0
251,642,1
463,907,0
41,780,1
305,257,0
114,712,1
310,253,0
484,560,0
313,560,0
8,935,0
477,527,1
48,713,0
247,126,0
308,317,0
439,858,0
261,662,1
319,523,1
4,499,1
282,774,0
397,352,0
36,985,1
127,611,0
398,279,1
478,772,1
386,156,1
223,274,0
77,631,0
564,493,1
417,353,0
224,316,0
21,707,0
563,823,0
365,510,0
521,558,0
297,558,0
158,401,0
266,226,0
556,826,0
113,561,0
387,270,0
154,780,1
56,844,0
48,272,0
441,243,0
44,123,0
143,159,0
482,818,0
401,66,0
411,286,1
174,258,0
59,271,0
15,294,0
522,56,0
515,923,0
344,284,0
521,929,0
464,257,0
84,549,0
247,472,0
267,686,1
309,226,0
518,779,0
528,552,0
59,744,0
555,667,0
459,563,0
32,561,0
173,375,0
417,966,0
535,530,1
4,636,0
230,936,0
334,892,1
49,880,0
183,308,0
287,530,1
94,682,0
189,654,1
457,769,0
379,840,1
124,220,0
309,234,0
6,708,0
9,899,1
448,660,1
49,2,0
473,124,0
432,855,0
380,651,1
155,667,0
185,732,1
84,62,0
521,714,0
126,845,0
339,231,0
425,863,0
202,78,0
180,784,1
299,93,0
49,295,0
1,661,0
451,669,1
331,679,0
173,366,0
292,772,0
222,730,0
169,299,0
413,249,0
8,233,0
380,279,0
32,926,0
48,521,1
446,651,1
110,256,0
95,786,1
346,101,0
251,118,0
16,672,1
54,851,0
52,140,0
308,222,0
138,173,0
466,857,0
1,728,1
156,237,0
448,406,0
564,786,1
388,779,0
342,272,1
18,339,0
559,277,0
180,714,0
556,253,0
84,935,0
443,530,1
188,668,0
494,249,0
362,1021,0
477,171,0
190,440,0
319,666,0
101,268,0
555,666,1
427,266,0
460,240,0
178,711,1
386,101,0
29,777,0
522,259,0
443,574,1
110,830,0
51,913,0
357,295,0
72,226,0
166,267,0
460,234,0
233,901,1
66,259,0
214,334,1
344,280,0
240,652,1
378,862,1
8,229,0
183,782,0
211,907,1
251,282,0
156,679,0
395,297,0
154,173,0
9,223,0
142,538,0
533,262,0
475,312,0
357,713,0
183,825,0
336,257,1
84,658,0
443,830,1
251,513,1
260,760,0
518,836,0
421,498,1
341,456,0
362,850,0
173,1045,0
4,638,0
511,336,0
99,273,0
19,262,0
449,922,0
571,640,1
356,133,0
313,1095,1
568,229,0
93,0,0
64,224,0
432,1011,0
227,336,0
251,461,1
23,526,0
100,256,0
443,664,1
26,658,0
130,249,0
60,313,0
11,548,1
213,57,0
188,265,0
93,267,0
1,861,0
101,712,0
202,518,1
64,176,0
303,966,0
297,368,0
477,45,0
513,771,1
511,573,1
468,650,1
119,853,0
417,774,0
564,497,0
555,907,0
487,162,0
249,666,0
32,150,0
165,612,1
173,1015,1
541,649,0
533,631,1
542,892,0
467,895,0
238,825,0
379,935,0
201,347,0
77,475,1
524,862,0
66,256,0
266,253,0
393,257,1
343,660,0
511,846,0
251,670,0
77,874,0
344,867,1
267,59,0
535,44,0
511,304,0
155,636,0
118,822,1
313,201,0
10,59,0
251,285,0
417,529,1
568,233,0
64,576,0
475,194,0
113,282,0
162,349,0
183,824,0
303,371,0
508,729,1
32,262,0
288,894,0
491,826,0
68,830,0
341,321,0
198,404,0
278,967,1
452,518,0
49,528,1
27,653,0
455,939,0
249,151,0
51,923,0
48,15,0
1,382,0
158,1122,0
532,481,1
159,663,0
508,821,0
32,221,0
307,1033,0
563,243,0
43,292,0
312,468,0
126,253,0
454,18,1
120,923,0
524,253,0
417,530,1
224,642,0
405,230,0
53,907,0
557,894,1
452,133,0
107,674,1
81,472,0
52,53,0
166,663,1
120,844,1
80,71,0
249,235,0
422,864,0
491,312,0
18,931,0
149,780,1
309,305,0
92,472,1
247,774,0
132,846,0
32,0,0
336,327,0
435,474,1
219,239,0
7,29,0
227,313,0
155,250,0
9,551,0
18,705,0
285,173,0
317,86,0
523,249,0
9,672,0
214,316,0
36,54,0
387,712,0
448,393,0
303,996,0
508,826,1
202,81,0
307,959,0
60,141,0
524,345,0
436,707,0
274,776,1
159,660,1
125,633,0
411,853,1
380,675,1
46,559,0
524,846,1
126,855,0
104,959,0
510,75,0
379,918,0
361,173,0
291,664,1
270,349,0
18,261,0
541,472,1
84,353,0
5,259,0
198,1090,1
101,533,0
351,574,1
311,637,0
313,743,0
49,744,0
413,657,0
230,953,0
247,109,0
108,665,1
425,772,1
51,376,0
176,300,1
93,769,0
365,570,0
334,259,0
1,893,0
328,275,0
415,638,0
373,710,1
523,732,0
260,847,0
169,650,1
503,284,0
0,315,0
69,253,0
155,657,0
21,249,0
36,350,0
104,417,0
393,907,0
448,352,0
515,347,0
132,828,0
43,328,0
196,310,1
448,473,1
564,249,0
295,791,1
443,748,1
159,923,0
369,419,0
113,271,0
562,292,0
390,329,0
303,1029,0
486,647,0
343,659,0
235,583,1
249,282,1
452,582,1
120,777,0
99,757,0
536,208,0
419,175,0
361,928,0
21,643,0
403,262,0
425,651,1
85,787,0
132,919,0
201,227,0
547,670,0
72,522,0
307,1181,0
126,598,1
135,319,0
140,657,1
260,825,0
456,257,0
43,821,0
303,466,0
92,828,1
243,830,0
435,898,0
508,686,1
564,3,0
467,1,0
353,100,0
4,308,0
307,1139,1
260,861,0
93,516,1
286,266,0
470,740,0
138,475,1
490,245,0
49,510,1
274,744,0
515,278,0
526,1067,1
526,558,1
453,777,0
273,651,1
392,538,0
223,829,0
23,582,0
442,631,0
314,822,0
361,641,0
18,921,0
491,1,0
522,522,1
154,300,0
18,556,1
563,709,0
247,226,0
48,660,0
482,824,1
520,233,0
559,773,0
251,854,0
46,0,0
118,915,1
433,553,0
432,294,0
224,256,0
286,259,0
8,847,0
81,274,0
320,654,1
379,721,1
336,230,0
132,975,1
233,895,1
23,575,0
72,157,0
254,272,0
475,177,0
386,274,0
17,773,1
374,740,0
51,966,0
262,266,0
313,1026,0
66,648,0
4,776,1
478,323,0
565,529,0
432,815,0
187,226,0
309,735,1
354,272,0
177,867,0
456,292,0
165,658,1
113,660,1
266,482,0
391,839,0
257,775,0
319,85,0
377,244,0
247,18,0
50,637,0
124,233,0
412,847,1
7,640,1
17,647,0
272,854,0
64,84,0
113,105,0
101,329,0
118,284,0
444,257,0
113,227,0
84,938,0
387,655,0
443,742,1
448,459,0
84,196,0
491,472,1
313,514,1
247,227,0
126,569,1
92,636,1
247,561,0
135,823,1
7,101,0
278,353,0
565,304,1
185,768,0
1,295,0
50,658,1
48,567,0
342,709,0
344,292,0
434,262,0
173,462,0
37,344,0
242,256,0
239,230,0
223,563,0
394,326,0
475,315,0
247,266,0
60,774,0
475,313,0
417,501,0
515,780,1
343,771,0
338,909,0
166,161,0
32,39,0
309,199,0
272,220,0
568,923,0
564,229,0
353,480,0
436,191,0
443,280,0
194,751,0
272,264,0
211,896,1
389,383,0
411,707,1
93,230,0
189,265,0
57,608,1
155,916,0
503,313,0
393,893,0
287,259,0
360,903,0
392,162,0
218,149,1
309,825,0
214,329,0
343,775,1
243,663,1
436,896,1
443,251,0
521,637,0
50,259,0
467,1145,0
362,434,0
339,571,0
452,537,0
336,829,1
362,1037,0
448,233,0
513,770,0
219,276,0
373,20,0
307,832,0
138,250,0
357,825,0
68,336,0
72,845,0
569,639,0
342,757,0
4,843,0
508,690,0
370,663,1
440,150,0
78,249,0
513,252,0
164,776,0
402,903,1
43,627,0
141,210,0
417,913,0
235,539,0
395,350,0
50,670,0
555,562,1
155,352,0
155,325,0
526,840,0
191,910,0
341,392,0
357,615,1
341,387,0
384,639,1
309,352,0
159,637,0
259,258,0
432,268,0
257,255,1
257,232,0
563,480,0
302,573,1
183,508,1
480,475,1
101,515,0
173,1197,0
95,779,1
234,827,0
466,759,0
555,966,0
158,1169,0
564,48,0
341,937,0
64,847,0
478,651,1
81,45,0
201,640,1
155,1002,1
417,313,0
124,221,0
73,839,1
114,298,0
126,80,0
541,502,1
176,712,1
363,403,0
320,646,1
145,934,0
411,864,1
276,860,1
119,895,1
328,301,0
19,275,0
137,302,0
207,272,0
101,778,0
242,892,1
18,272,1
559,282,0
26,236,0
113,889,0
515,914,0
417,1187,0
91,641,0
4,656,0
1,1002,0
511,666,1
210,251,0
398,248,0
214,652,1
431,225,0
89,312,0
18,57,0
328,867,1
508,743,1
72,636,1
273,478,0
72,722,0
511,164,0
143,71,0
297,201,0
345,645,0
278,917,0
510,0,0
414,103,0
8,312,0
227,349,0
526,941,0
392,293,0
411,255,0
449,350,0
75,173,0
363,862,0
343,84,0
319,649,1
313,480,0
179,235,0
100,251,0
503,495,0
1,1037,0
249,536,1
166,255,0
119,846,1
232,898,0
521,334,0
140,670,0
448,279,0
300,565,0
537,1040,1
169,284,0
249,479,0
467,296,0
243,801,1
555,568,1
398,576,1
219,258,0
297,844,1
511,675,1
379,749,0
448,652,1
392,204,0
307,1120,0
511,112,0
412,225,0
507,690,0
526,239,0
4,850,0
320,668,0
126,758,0
393,909,0
113,69,0
309,256,0
159,662,1
238,271,0
428,532,0
209,310,0
165,569,1
110,537,0
263,671,1
68,839,0
348,840,1
198,951,0
461,287,0
370,652,1
555,912,0
214,775,1
21,250,0
395,292,0
362,389,0
101,650,1
36,821,0
84,301,0
446,858,0
194,861,0
46,567,0
64,45,0
419,480,0
46,196,0
332,788,0
491,652,0
219,0,0
524,321,0
162,916,0
525,788,1
417,920,0
392,300,0
297,664,1
524,473,1
361,299,0
526,731,1
354,714,1
526,660,1
526,376,1
560,324,0
392,842,0
263,857,1
314,140,0
29,571,1
345,640,0
342,661,1
554,481,1
92,777,1
292,649,1
95,547,0
260,830,1
568,786,1
436,907,0
26,652,1
7,315,0
1,713,0
227,919,0
201,652,1
433,547,0
209,865,1
188,787,0
536,201,0
219,558,1
507,259,0
138,319,0
309,479,0
178,245,0
205,523,0
120,295,0
398,633,0
120,281,0
315,277,0
64,928,0
273,552,1
186,820,0
297,312,0
8,0,0
428,23,0
352,642,0
88,530,1
26,283,0
18,516,0
8,532,1
156,512,1
37,760,0
224,210,0
154,257,1
219,225,0
328,479,0
159,303,0
108,258,1
373,234,0
273,636,0
362,977,0
159,495,1
96,223,0
533,228,0
194,826,0
50,226,0
58,640,0
546,231,0
518,868,0
392,312,0
339,189,0
11,494,1
564,265,0
379,249,0
417,270,0
225,252,0
204,823,1
341,1117,0
120,328,0
7,664,1
425,703,1
511,196,0
319,66,0
183,235,0
178,650,1
476,788,0
84,887,1
300,309,1
448,554,1
191,967,0
18,276,0
26,260,0
202,107,0
295,751,0
276,262,0
521,724,1
373,928,0
126,237,0
43,322,0
378,829,1
397,551,0
136,821,1
363,374,0
343,575,1
276,235,0
99,529,1
159,322,0
0,535,1
140,259,0
189,733,0
98,331,0
64,896,0
71,749,1
173,1023,1
370,668,1
214,326,0
267,860,0
336,652,0
104,1179,0
198,941,0
77,566,0
359,819,1
84,663,1
361,362,0
448,551,0
114,101,0
156,520,1
242,473,1
17,239,0
387,549,1
378,817,1
347,564,1
522,195,0
524,738,1
247,288,0
356,859,0
357,921,1
44,105,0
292,862,0
165,480,1
524,276,0
130,710,0
398,479,0
243,711,0
533,570,1
413,639,0
160,312,0
132,502,0
51,974,0
265,0,0
77,557,0
18,719,0
515,331,0
448,937,0
36,355,0
427,566,0
5,757,0
214,498,1
518,299,0
446,855,1
395,987,0
18,713,0
556,675,0
48,198,0
467,957,0
159,935,0
559,301,0
57,208,0
392,330,0
436,288,0
565,211,0
110,132,0
519,523,1
1,158,0
119,816,0
161,825,0
188,739,1
56,657,0
159,787,1
331,663,1
556,292,0
335,775,1
297,950,0
137,3,0
397,11,0
475,839,0
74,109,0
516,248,0
12,635,0
173,1199,0
185,244,0
43,768,0
507,711,0
55,107,0
219,227,0
137,771,0
104,1018,0
110,662,1
563,559,0
389,892,1
531,714,0
94,263,0
448,1027,0
56,658,1
26,231,0
32,521,0
236,660,0
219,837,1
389,355,0
466,872,0
26,238,0
159,169,0
126,495,0
379,337,0
125,770,1
278,1025,0
125,641,1
99,846,1
35,848,1
361,865,0
237,106,0
328,230,0
397,610,1
510,787,0
317,10,0
451,771,1
15,1038,1
365,531,0
171,713,0
116,239,0
138,1027,0
126,609,0
329,649,0
281,264,0
191,894,1
1,819,1
357,905,0
267,807,0
19,670,0
356,327,0
405,225,0
152,900,1
194,83,0
196,615,1
251,351,0
8,294,0
177,845,1
77,836,1
201,480,1
230,1030,0
249,260,0
359,329,0
219,674,1
345,670,0
313,817,0
307,960,0
436,258,1
113,687,0
249,158,0
439,846,1
222,645,0
388,636,0
236,775,0
123,335,0
93,639,1
295,289,0
93,235,0
333,893,1
261,780,0
496,299,0
446,772,1
563,787,0
155,840,1
467,1094,1
565,309,0
526,734,0
379,278,1
214,860,0
227,333,0
227,649,0
425,228,0
158,1033,0
392,127,0
467,1204,0
240,645,0
313,233,0
309,243,0
508,679,1
243,234,0
183,640,0
524,45,0
373,358,0
541,239,0
198,446,1
515,260,0
267,632,0
113,286,1
82,55,0
522,772,1
104,1183,0
526,1089,0
439,784,1
524,733,1
77,875,0
158,1094,1
397,325,0
330,258,0
408,789,1
99,779,1
260,128,0
528,536,1
137,564,0
93,311,0
359,712,1
183,526,0
46,185,0
235,159,0
56,737,0
206,909,0
443,788,1
468,510,1
7,566,0
104,1181,0
467,287,0
77,552,0
436,666,0
515,754,0
279,255,0
53,911,0
128,280,0
564,268,0
525,133,0
191,938,0
118,321,0
449,418,0
245,226,0
155,203,0
400,250,0
526,1200,0
127,614,1
138,310,1
92,774,1
522,221,0
431,510,1
92,239,0
19,856,0
7,889,0
283,649,0
111,614,0
461,838,1
59,727,0
147,529,1
191,903,0
350,236,0
322,787,1
336,280,0
104,443,0
26,252,1
476,814,1
180,111,0
560,363,1
546,680,0
386,575,0
143,561,0
217,775,1
467,1035,1
176,270,0
554,193,0
137,856,1
166,33,0
104,397,0
499,134,0
147,510,1
159,537,1
397,920,0
315,709,1
150,782,1
149,278,0
526,648,1
467,321,0
307,389,0
126,233,0
214,718,0
21,834,0
84,553,0
526,1025,1
512,503,1
64,566,0
515,668,0
460,220,0
544,777,1
114,564,1
126,865,0
56,845,0
521,802,0
159,712,1
113,662,1
286,900,1
84,496,1
427,62,0
511,537,1
511,522,1
398,106,0
336,651,1
335,668,0
157,28,0
186,826,0
24,897,1
428,104,0
292,629,0
392,501,1
481,131,0
16,560,0
546,636,0
255,662,1
31,182,0
563,256,0
247,474,1
522,582,1
342,641,1
43,854,0
505,564,0
444,636,1
521,1007,1
362,906,0
413,645,0
565,770,0
328,172,0
258,314,0
120,427,0
478,840,1
236,251,0
266,282,0
384,667,1
373,286,0
379,734,0
477,24,0
511,65,1
490,234,0
361,959,0
196,227,0
311,648,0
460,503,1
201,348,0
555,292,0
23,532,0
467,651,0
132,562,1
231,765,1
226,937,1
515,168,0
535,640,0
257,768,1
55,565,1
59,315,0
216,707,0
568,496,1
51,380,0
154,119,0
436,278,0
124,615,0
124,555,0
308,233,0
251,160,0
468,475,1
366,323,0
521,278,0
425,684,0
362,414,0
368,233,0
556,770,0
475,512,1
162,953,0
417,1189,0
525,829,0
158,1200,0
371,251,0
95,479,0
209,255,0
25,768,0
267,18,0
266,249,0
460,237,0
366,968,0
569,649,1
226,330,0
71,293,0
240,246,0
473,517,0
518,787,0
297,952,0
200,160,0
64,128,0
521,843,1
155,115,0
81,56,0
155,546,0
8,940,1
77,690,0
93,476,0
39,0,0
180,258,0
478,672,1
550,786,1
395,287,0
66,770,0
84,321,0
519,201,1
311,655,1
84,872,1
7,874,0
363,854,0
395,112,0
209,9,0
541,227,0
556,325,0
448,927,0
322,819,0
140,662,1
230,935,0
509,515,0
1,569,1
159,672,0
43,220,0
68,786,1
401,0,0
7,649,1
357,737,1
457,322,0
91,636,0
164,707,0
412,564,1
52,100,0
361,260,0
511,480,1
411,655,1
278,828,0
101,546,0
24,898,1
362,312,0
9,1012,1
209,858,0
72,745,0
165,20,0
1,283,0
389,427,0
223,781,0
329,636,0
563,638,1
524,885,1
461,839,1
507,287,0
235,68,0
101,755,0
555,517,1
362,60,0
110,230,0
466,752,0
397,476,1
503,853,1
353,515,0
460,57,0
218,255,0
119,824,1
565,819,0
180,567,1
223,663,1
157,316,0
113,243,0
84,67,0
155,501,0
363,833,1
524,222,0
181,267,0
448,656,0
328,859,0
180,753,0
99,564,0
535,250,0
18,257,0
36,682,0
468,23,0
164,250,0
59,179,0
350,583,1
555,222,1
46,640,1
93,657,1
56,758,0
204,323,0
20,244,0
346,69,0
522,657,0
467,1138,0
447,673,0
379,232,0
158,894,0
242,907,0
169,278,0
318,224,0
59,272,0
183,253,0
417,518,1
379,572,1
383,226,0
571,254,0
64,234,0
20,311,0
272,568,1
8,292,0
564,875,1
292,303,0
442,17,0
372,313,0
64,140,0
555,258,0
532,58,0
556,860,0
562,821,0
110,287,0
107,652,1
273,666,0
339,663,0
230,351,0
101,255,0
417,15,1
236,59,0
59,884,0
205,177,0
514,871,0
314,19,0
157,474,1
511,861,0
365,161,0
553,255,0
333,898,1
398,319,0
135,229,1
126,856,0
141,548,0
467,669,0
439,107,0
236,547,0
313,667,0
392,770,0
266,537,1
568,684,1
124,856,1
547,639,0
92,128,0
209,481,1
522,526,1
384,771,1
43,272,0
49,26,1
135,0,0
477,534,0
64,262,0
156,827,0
64,358,0
267,868,1
137,326,0
156,0,0
219,260,0
521,474,1
19,914,0
54,283,0
95,917,0
528,530,0
156,280,0
297,304,0
1,332,0
18,666,0
392,512,0
110,281,0
310,834,1
475,243,0
426,134,0
8,316,1
573,581,1
48,560,0
339,821,0
198,1183,0
294,614,1
373,278,0
357,774,0
477,481,0
99,272,0
101,516,1
88,137,0
534,570,1
362,650,1
236,567,0
464,904,0
433,558,0
460,235,0
32,322,0
303,1037,0
137,837,1
509,563,0
448,1017,0
526,332,0
0,190,0
397,979,0
524,332,0
559,230,0
366,360,1
183,656,0
128,705,0
8,298,0
392,258,0
36,30,0
559,582,1
214,480,1
184,259,0
101,775,1
210,897,1
95,472,0
18,663,0
128,679,0
92,482,1
362,282,0
181,281,0
346,552,0
97,432,0
222,680,0
187,650,0
319,859,0
328,855,1
207,856,0
7,662,0
237,40,0
138,235,0
106,434,0
309,230,0
339,30,0
224,527,0
1,835,0
19,505,0
52,528,0
473,189,0
244,258,1
512,0,0
454,11,0
155,855,0
362,392,0
138,479,0
62,911,0
526,1110,0
4,915,0
565,319,0
187,221,0
524,775,1
180,559,0
486,222,0
104,1169,1
563,844,0
95,349,0
180,789,0
507,868,1
100,668,0
556,657,0
23,624,0
389,353,0
29,672,0
202,528,1
59,515,0
571,266,0
18,299,0
110,648,0
227,612,0
291,226,0
290,229,0
473,480,0
183,494,1
475,272,0
365,2,0
563,529,1
347,473,1
226,813,0
362,652,0
84,528,0
261,718,0
528,559,0
113,527,1
298,233,0
555,54,0
99,644,0
433,104,0
331,646,0
541,103,0
50,743,0
73,852,0
361,332,0
292,711,0
417,151,0
541,233,0
475,275,0
347,518,1
55,225,0
362,115,0
116,773,0
392,264,0
68,934,0
62,908,0
397,822,0
500,624,0
282,651,0
245,637,1
159,363,0
18,235,0
526,1189,0
515,45,0
467,523,0
548,783,1
412,12,0
471,235,0
132,751,0
201,154,1
7,243,0
198,985,1
126,638,0
392,337,0
379,255,0
467,297,0
560,661,0
341,815,1
235,18,0
13,276,0
313,644,0
224,666,0
417,1026,0
174,252,0
524,266,0
159,528,0
292,535,1
313,691,0
271,664,0
165,608,0
253,111,0
64,916,0
395,238,0
66,655,1
236,226,0
477,190,0
460,631,0
114,771,1
345,319,0
436,231,0
399,16,0
309,53,0
209,564,0
262,259,0
379,475,1
247,294,0
185,250,0
310,707,0
108,772,1
236,530,1
424,140,0
114,583,1
477,495,1
101,43,0
243,55,0
72,575,1
101,613,0
503,761,1
0,497,0
56,556,1
94,257,1
460,144,0
93,779,0
89,662,0
521,914,1
147,610,1
173,1202,0
32,671,0
292,548,0
443,774,1
138,659,1
373,657,0
93,112,0
292,314,0
149,787,0
64,779,1
442,476,1
397,956,0
411,273,0
398,635,0
564,528,0
348,771,0
309,802,0
68,922,1
413,669,0
113,107,0
223,324,0
72,52,0
272,547,0
81,924,1
313,719,0
446,669,1
35,713,0
426,904,0
88,547,0
137,475,1
88,510,1
292,537,0
85,826,0
118,279,0
297,52,0
467,779,0
62,909,0
29,713,1
526,1188,0
395,657,0
352,249,0
391,732,0
9,531,1
336,647,0
499,897,1
523,270,0
110,724,0
114,613,1
70,826,0
313,864,0
503,253,0
159,658,1
524,49,0
297,270,0
36,271,0
511,867,0
475,173,1
519,501,1
511,232,0
128,636,1
428,480,0
246,819,1
370,222,0
43,223,0
261,732,0
212,473,0
92,567,1
403,913,0
166,30,0
373,1020,0
386,251,0
223,315,0
99,220,0
310,735,1
119,899,1
511,302,0
62,417,0
46,223,0
313,388,0
158,1166,0
125,732,0
270,337,0
541,476,1
144,233,0
531,258,0
555,826,0
538,785,1
476,303,0
242,479,1
155,1031,1
108,775,1
401,497,0
219,634,1
126,848,0
386,295,0
143,609,0
188,752,1
249,82,0
439,849,1
565,646,0
377,237,0
248,906,0
7,583,1
29,255,0
511,187,0
357,235,0
91,225,0
339,654,0
303,1147,1
243,781,1
478,330,0
476,354,0
243,481,0
329,553,1
17,771,1
7,515,0
467,326,0
166,684,0
515,728,0
445,641,0
118,323,0
251,557,0
244,905,0
71,773,1
35,819,1
45,430,0
114,257,0
572,221,0
366,926,0
417,389,1
564,662,0
506,826,1
64,780,0
209,532,1
276,311,0
234,287,1
379,926,0
303,1036,0
164,253,0
476,817,0
177,815,0
345,312,0
235,476,0
62,910,0
329,244,0
18,249,0
48,568,0
467,951,0
48,517,0
356,44,0
110,560,0
431,222,0
1,888,0
56,276,0
162,930,0
491,131,0
432,859,0
166,141,1
86,237,1
60,780,0
251,468,0
519,110,0
411,834,0
118,330,0
141,527,0
299,134,0
278,1027,1
110,269,0
166,558,1
77,855,0
521,670,1
379,648,1
386,560,0
71,709,0
6,759,0
1,631,0
292,568,0
4,566,0
18,654,1
119,978,0
428,501,1
553,696,0
571,644,0
560,764,0
467,774,0
293,314,0
343,577,1
81,839,1
56,567,0
568,276,0
267,828,0
357,325,1
555,102,0
104,973,1
559,480,0
365,528,0
49,254,0
169,938,0
526,226,0
187,502,1
357,914,1
169,280,0
475,304,0
365,482,0
155,144,0
339,609,0
386,777,0
362,316,1
313,466,0
48,667,0
371,900,1
132,363,0
467,615,0
451,664,1
247,234,0
1,221,0
282,660,0
362,852,0
347,631,1
379,775,1
138,579,1
470,778,0
563,223,0
556,830,0
412,511,1
99,106,0
77,529,1
491,822,0
214,780,0
55,47,0
8,633,0
50,648,0
6,713,0
16,631,0
533,714,1
172,898,0
287,106,0
347,204,0
18,294,0
81,482,0
36,310,0
219,670,0
547,654,0
101,522,1
205,320,0
373,112,0
155,927,0
273,634,0
169,335,0
313,293,0
357,523,0
505,576,0
448,373,0
257,777,0
524,312,0
110,495,1
298,243,0
292,753,0
425,696,1
243,272,0
362,558,0
373,363,0
370,238,0
68,287,0
362,513,1
249,15,1
428,10,0
361,300,0
544,279,0
292,581,1
276,760,0
329,755,1
303,1032,0
64,720,0
357,688,1
89,769,0
120,326,0
183,830,0
247,122,0
342,662,1
519,515,1
509,523,1
347,920,1
354,861,0
313,1035,0
186,337,0
5,774,1
487,778,0
391,712,0
0,569,1
124,329,0
1,495,1
448,892,1
509,495,1
109,768,0
477,94,0
263,253,0
236,779,0
468,577,0
157,172,0
491,268,0
390,772,1
60,668,0
456,265,1
137,235,0
291,633,0
448,523,1
223,42,1
397,298,0
433,707,1
227,655,1
89,663,1
568,861,0
230,922,0
4,729,0
339,556,0
517,257,1
386,781,1
181,839,1
7,255,0
421,182,0
504,149,0
74,12,0
32,734,0
413,648,0
247,712,0
318,227,0
224,671,0
155,639,1
19,836,1
163,421,0
37,328,0
309,472,0
433,754,0
377,224,0
126,221,0
176,298,0
560,300,0
492,786,1
361,324,0
201,582,0
297,778,1
235,510,1
227,648,1
514,878,1
467,294,0
276,652,1
209,864,0
48,644,1
27,820,1
89,774,0
231,779,1
88,140,0
48,821,0
202,561,0
389,324,0
95,707,0
524,566,0
88,503,1
448,375,0
166,222,0
145,1018,0
125,713,0
568,480,1
373,938,0
556,275,0
108,39,0
157,55,0
294,49,1
224,583,1
184,775,1
84,923,0
247,344,0
486,658,1
126,885,1
243,826,0
525,723,0
307,923,0
191,343,0
22,113,0
254,745,0
261,647,1
412,857,0
166,648,0
526,302,0
138,163,0
32,549,0
526,1075,0
392,565,0
279,475,1
94,769,0
412,642,0
515,325,0
526,312,0
539,318,0
564,281,0
397,1009,0
201,221,0
77,861,0
92,305,0
36,357,0
135,113,0
390,347,0
430,554,0
425,310,1
84,569,1
138,54,0
467,1129,0
15,324,0
532,480,1
101,961,0
313,997,1
353,774,0
156,258,0
331,637,1
467,1131,0
378,293,0
106,410,0
278,823,0
173,1191,0
164,820,0
467,1082,0
214,829,0
227,310,1
51,1035,0
397,575,1
475,817,0
202,31,0
26,665,0
50,250,0
515,229,0
387,643,0
329,655,1
17,254,0
64,553,1
278,819,1
379,111,0
52,84,0
379,924,0
366,327,0
559,784,0
18,528,0
518,473,0
475,609,1
154,336,1
150,851,0
313,637,0
496,331,0
54,738,0
412,0,0
72,481,0
198,1193,0
201,580,0
123,344,0
373,918,1
361,663,1
392,558,1
565,837,0
303,908,0
518,21,0
132,837,1
169,717,0
339,732,0
565,861,0
193,906,0
525,845,0
60,255,0
61,828,0
65,867,0
138,83,0
43,106,0
276,574,0
460,231,0
422,863,1
563,283,0
469,568,0
8,609,0
235,557,1
173,355,0
559,514,0
143,48,0
282,709,1
92,13,0
323,132,0
59,612,0
81,254,0
503,332,0
365,20,0
214,312,0
216,655,1
60,608,0
356,259,0
32,125,0
526,963,0
395,770,0
89,709,0
184,733,0
3,245,0
272,281,0
287,531,1
283,644,0
104,1145,1
194,843,1
266,581,1
560,268,0
132,319,1
361,666,1
295,885,1
267,680,0
283,663,0
260,0,0
389,955,0
205,55,0
177,978,1
50,272,0
266,80,0
43,711,0
9,255,0
9,224,0
214,220,0
70,782,1
330,648,0
132,924,1
363,904,0
48,771,0
395,923,0
512,482,0
499,907,1
43,166,0
124,53,0
331,648,0
181,289,0
13,921,0
19,333,0
20,226,0
201,775,1
211,253,0
108,177,0
132,961,1
101,822,0
276,62,0
243,820,0
224,672,0
343,645,0
1,378,0
313,968,0
555,863,0
148,130,0
443,864,1
555,774,0
547,638,1
487,126,1
343,233,0
417,818,0
373,855,1
7,614,0
223,634,0
395,494,1
73,749,1
48,275,0
8,562,0
0,510,1
526,1097,1
427,227,0
417,1022,0
315,850,1
361,547,0
342,846,0
526,822,0
453,847,0
392,137,0
198,928,0
394,321,0
101,892,1
329,717,1
159,515,0
559,614,1
412,571,1
251,380,0
518,314,0
247,112,0
526,381,0
560,819,1
65,857,0
449,959,0
89,272,0
5,657,1
243,785,0
247,333,0
123,349,0
417,979,0
125,670,0
251,394,0
328,2,0
417,840,1
535,22,0
207,682,0
158,1118,0
132,955,0
84,220,0
145,942,1
315,834,0
515,561,1
353,3,0
60,710,1
556,284,0
253,70,0
564,649,1
467,476,0
267,285,0
313,768,0
64,309,1
526,609,1
93,529,0
362,271,0
120,845,0
357,729,0
460,513,0
100,258,0
73,861,0
417,1154,0
152,896,1
417,404,0
425,273,0
209,846,1
4,355,0
292,627,0
227,300,0
201,2,0
163,412,0
59,736,0
177,1036,0
373,227,0
522,655,1
159,299,1
426,907,0
254,326,0
525,39,0
32,845,0
525,119,0
4,118,0
460,112,0
447,665,0
531,259,0
157,561,0
7,245,0
216,228,0
519,631,0
82,480,0
433,235,0
556,337,0
156,730,0
272,293,0
7,884,0
555,714,0
187,652,0
138,152,1
156,553,0
260,759,0
361,577,1
362,559,0
524,657,1
521,566,0
361,312,0
251,502,1
448,1044,0
32,274,0
71,260,0
341,908,0
51,821,1
369,906,0
386,798,0
36,862,0
101,761,0
248,261,0
49,303,0
573,522,1
106,895,1
555,710,1
515,653,0
219,855,1
529,148,0
384,773,0
395,642,0
301,227,0
43,779,0
185,664,1
53,905,0
272,546,0
521,149,0
50,230,0
412,550,0
180,712,0
48,632,0
7,574,0
541,631,1
177,857,1
291,311,0
266,491,0
91,614,0
132,896,1
137,670,0
455,336,0
89,222,0
235,611,0
75,583,1
532,522,1
491,523,1
50,253,0
510,50,0
392,348,0
379,325,0
81,869,0
271,229,0
202,140,0
346,14,0
219,124,0
545,908,0
515,480,1
341,351,0
120,356,0
524,840,1
387,173,0
568,282,0
424,108,0
93,771,0
483,615,0
180,872,0
160,634,1
467,1141,0
417,260,0
475,225,0
417,1021,1
132,14,1
247,279,0
11,902,0
222,757,0
36,775,0
400,863,0
126,311,0
8,558,0
535,660,0
257,675,0
395,316,0
452,555,0
509,95,0
1,520,1
243,276,0
297,125,0
122,633,0
93,250,0
339,929,0
180,867,0
417,1174,1
443,649,1
518,119,0
262,893,0
95,548,1
361,335,0
156,664,1
433,273,0
222,670,0
235,512,1
110,525,0
204,838,1
118,917,1
155,528,0
397,304,1
555,61,0
126,868,0
339,504,1
365,152,0
341,382,0
468,125,0
101,764,0
75,566,0
467,311,0
180,561,1
184,691,0
293,228,0
29,769,1
224,566,0
32,1036,0
436,900,0
14,839,1
194,761,0
93,707,0
274,637,1
223,512,1
373,480,0
365,473,0
482,819,1
522,476,1
230,955,0
509,512,1
555,300,0
526,59,0
353,559,1
31,561,0
336,321,0
247,959,0
201,43,0
463,267,0
18,326,0
559,553,1
247,200,0
386,782,1
77,58,0
150,841,0
15,1034,0
560,356,0
417,1096,1
56,782,0
113,304,0
178,721,0
189,772,1
180,859,0
272,645,1
9,299,0
124,229,0
207,724,0
155,327,0
417,243,0
514,815,0
543,81,0
417,872,1
297,298,0
180,496,1
32,270,0
350,312,0
156,851,0
491,498,1
188,295,0
160,633,0
417,582,1
97,426,0
109,273,0
124,252,0
339,546,0
515,663,0
431,512,1
177,836,1
82,104,0
200,477,0
452,76,0
356,652,0
508,652,1
307,1197,0
339,266,0
90,816,1
529,109,0
509,310,0
99,53,0
324,534,1
475,779,0
96,234,0
522,46,0
303,904,1
562,328,0
535,482,1
180,608,0
37,338,1
533,234,1
236,224,0
68,777,0
262,479,0
503,582,0
339,864,0
309,644,0
431,531,1
254,762,1
175,0,0
15,1009,0
496,939,0
84,779,1
353,473,0
155,312,0
503,915,0
453,855,0
362,1005,0
461,686,0
201,336,0
267,727,1
219,779,1
524,95,0
297,861,1
392,615,1
518,874,0
48,257,0
304,582,1
233,898,0
194,844,0
116,235,0
391,887,0
379,124,0
340,107,0
473,36,0
164,660,0
362,445,0
49,277,0
15,337,0
373,930,0
472,251,0
526,1195,0
356,311,0
106,424,0
95,847,0
9,514,1
417,1116,0
568,528,1
222,747,0
9,119,0
456,727,0
84,515,1
114,227,0
521,652,1
571,777,1
436,837,1
119,333,0
169,851,0
216,231,0
309,654,1
180,787,0
263,250,0
110,611,0
121,682,0
272,669,0
122,560,0
263,853,0
214,576,1
387,577,1
125,612,1
328,849,0
269,895,1
536,575,1
118,840,1
36,946,0
89,283,0
470,773,1
243,333,0
54,272,0
214,274,0
32,256,0
308,313,0
392,259,0
213,45,0
346,511,1
225,258,0
475,815,0
119,901,1
43,0,0
132,747,0
531,844,0
555,391,0
388,668,0
174,262,0
138,321,0
568,474,1
128,274,0
298,230,0
361,615,1
124,315,1
272,112,0
341,465,0
4,875,0
156,505,1
513,658,1
201,300,0
398,725,0
72,728,1
107,711,1
183,658,0
379,643,0
555,776,0
19,323,0
361,0,0
467,328,0
166,83,0
499,906,0
448,998,1
165,576,1
230,333,0
266,18,0
51,918,0
309,716,0
101,220,0
362,757,0
510,825,0
56,663,0
251,551,0
395,479,0
120,405,0
361,282,0
249,278,0
15,784,1
183,260,0
436,476,0
482,822,1
515,313,0
126,714,0
526,377,0
531,274,0
180,868,0
25,230,0
177,321,0
89,640,0
428,564,0
538,824,0
70,793,0
313,1039,0
93,583,0
104,1123,0
392,546,0
235,631,0
184,257,0
307,1186,0
142,541,1
563,107,0
363,909,0
427,73,0
400,708,0
6,710,0
222,664,0
176,780,1
356,148,0
356,99,0
198,979,1
555,404,0
188,779,0
180,257,0
357,1024,0
274,772,1
174,892,0
353,645,1
371,257,0
436,321,0
260,844,1
243,270,0
303,936,0
223,774,1
294,35,0
82,522,1
546,246,0
32,326,0
98,293,0
541,243,0
64,1,0
521,639,1
555,856,0
297,386,0
267,756,0
357,963,1
309,9,0
340,102,0
29,224,0
99,512,1
309,923,0
209,243,0
511,258,0
198,385,0
120,839,0
373,576,1
186,354,0
88,474,1
568,779,0
527,823,0
68,321,0
68,924,0
347,146,0
272,156,0
138,227,0
377,680,1
88,559,0
207,772,0
467,1118,1
293,312,0
573,500,1
564,144,1
449,908,0
224,707,1
532,476,0
183,774,0
428,225,0
155,864,0
198,920,0
292,294,0
241,664,1
526,339,0
36,919,0
328,243,0
259,897,1
535,496,1
171,770,0
535,665,1
276,846,0
272,567,0
521,656,1
56,561,0
336,774,0
291,317,0
147,567,0
491,221,0
487,251,1
48,277,0
542,266,0
555,84,0
267,270,0
125,573,1
19,230,0
209,232,0
373,284,1
158,1042,1
311,220,0
447,659,1
19,559,0
365,559,0
467,645,0
444,671,1
339,670,0
470,758,0
563,849,0
272,170,0
94,229,0
532,537,1
310,772,1
56,559,0
571,779,1
187,547,0
51,407,0
449,979,1
448,1011,0
303,905,0
473,230,0
303,918,0
236,642,0
32,642,0
126,671,0
428,556,1
202,319,0
412,286,0
329,858,0
395,747,0
7,252,0
4,331,0
404,654,1
157,220,0
201,323,0
137,223,0
230,331,0
556,825,0
550,863,0
43,324,0
217,773,1
524,853,0
449,399,0
119,982,0
323,115,0
432,271,0
442,203,0
219,613,0
284,20,0
132,250,0
391,850,0
467,536,1
147,0,0
227,53,0
143,150,0
138,929,0
392,474,1
223,242,0
152,893,1
201,658,1
50,636,0
366,826,1
156,781,1
397,661,0
89,775,0
539,310,1
353,771,1
13,287,0
183,653,1
433,575,1
19,184,0
452,118,0
99,225,0
159,182,0
77,262,0
119,937,0
163,904,1
456,710,1
219,232,0
500,566,0
387,500,1
84,523,0
0,216,0
297,892,1
236,171,0
483,499,0
467,313,0
78,137,0
154,482,0
386,328,0
276,250,0
213,225,0
339,647,0
390,920,0
77,872,0
374,839,1
120,377,0
214,711,1
486,234,0
219,748,1
4,567,0
291,638,0
69,893,1
398,660,0
59,101,0
81,188,0
227,713,1
249,34,0
266,851,0
571,659,0
432,928,0
309,856,0
23,482,0
431,310,1
156,513,1
427,564,0
461,725,1
309,580,1
219,681,0
101,632,0
180,308,0
432,925,0
113,479,0
339,636,0
52,150,0
526,546,0
164,830,0
488,897,1
104,908,0
560,780,1
279,901,1
60,159,0
392,331,0
43,860,0
29,259,0
7,476,0
362,375,0
437,144,0
392,327,0
379,41,0
435,494,1
417,1184,0
297,322,0
7,282,0
315,272,0
134,816,0
555,125,0
159,519,1
483,159,0
422,58,0
373,256,0
436,668,0
411,838,1
313,222,0
154,637,0
23,488,1
43,227,0
397,275,0
362,329,0
207,843,0
309,328,1
315,729,0
84,288,0
1,29,0
113,293,0
417,373,0
487,655,1
138,648,0
541,537,1
467,637,0
36,222,1
386,528,0
433,472,0
72,223,0
263,860,0
434,259,0
237,57,0
291,564,0
432,768,0
257,642,1
373,200,0
189,263,0
260,81,0
515,329,0
374,875,0
158,1092,1
56,654,0
565,232,0
313,850,0
164,680,0
539,564,0
244,474,0
379,713,0
395,953,0
201,656,1
475,714,0
546,650,1
72,846,1
448,319,0
247,476,1
524,716,0
108,210,0
123,918,0
211,898,0
433,726,0
449,390,0
187,211,0
276,733,1
124,513,1
373,865,0
392,524,0
270,966,1
137,527,1
307,1114,1
357,928,0
243,772,1
478,225,0
511,475,1
427,161,0
106,905,1
18,694,0
397,565,0
157,105,0
533,260,0
287,549,0
356,659,0
571,259,0
44,176,0
7,265,0
59,191,0
329,712,1
72,242,0
384,637,0
519,609,1
245,670,1
29,558,1
363,336,0
395,904,0
436,877,0
108,569,1
556,815,1
297,637,0
227,4,0
60,312,0
162,893,1
341,942,0
378,270,0
19,819,0
101,719,0
132,638,0
214,229,0
156,533,1
51,962,0
155,553,0
119,969,1
433,254,0
397,713,0
515,642,0
273,252,0
343,293,0
145,328,0
236,560,1
510,95,0
26,713,0
417,820,1
431,20,0
295,874,0
64,273,0
36,494,1
48,45,0
101,1006,0
68,838,0
91,578,1
509,519,1
190,415,1
500,623,0
178,286,0
443,730,1
137,515,1
565,295,0
7,259,0
541,312,0
424,252,0
219,481,0
29,223,0
357,313,0
124,303,0
142,176,0
194,760,0
118,308,0
151,822,0
319,774,0
362,109,0
169,660,0
209,862,0
150,280,0
19,633,0
99,125,0
48,254,0
23,475,0
295,280,0
443,273,1
392,554,0
463,775,0
560,860,1
99,280,0
339,282,1
388,256,0
569,642,0
460,103,0
9,820,1
430,611,1
63,234,0
58,671,0
272,229,0
0,23,0
568,615,1
223,660,0
320,651,1
247,328,0
77,241,0
108,660,1
9,916,0
44,220,1
36,226,0
18,691,0
411,283,0
353,250,0
118,853,0
412,473,0
1,942,0
137,287,0
92,709,1
487,124,0
126,220,0
362,648,0
194,830,0
146,98,0
276,204,0
15,916,0
82,502,1
48,737,1
247,358,0
100,665,1
352,660,0
427,559,0
198,904,0
110,260,0
555,227,0
223,857,1
328,778,0
461,844,1
226,925,0
173,893,0
125,583,1
3,237,0
177,901,1
151,31,0
16,227,0
21,717,1
297,502,1
534,161,0
132,317,0
104,391,0
104,321,0
147,532,1
380,776,0
521,333,0
132,773,0
559,253,0
307,1163,1
155,987,0
262,512,1
101,15,0
559,774,0
6,741,1
226,352,0
488,906,1
162,374,0
93,199,0
283,664,1
156,713,0
362,435,0
555,864,0
361,583,1
272,267,0
235,22,0
120,1026,0
385,311,0
478,322,0
309,7,0
507,862,0
209,106,0
72,496,1
569,667,0
519,148,0
314,819,1
397,778,0
380,661,1
391,885,0
530,896,0
125,564,0
292,760,0
361,474,0
342,845,0
362,245,0
155,350,0
180,650,1
249,648,0
155,146,0
387,30,1
425,282,0
417,668,1
235,30,0
187,549,0
565,860,0
231,756,1
158,1179,0
411,768,1
262,482,1
478,636,0
343,779,0
425,221,0
1,59,0
246,786,1
568,789,1
262,497,0
343,319,0
297,334,0
422,851,0
565,843,0
526,758,0
115,606,0
276,504,1
18,336,0
32,530,1
466,866,0
563,295,0
56,495,1
95,532,0
316,262,0
7,229,0
388,709,0
483,529,0
171,669,0
132,908,0
415,636,0
573,564,0
563,774,0
275,816,1
194,847,0
184,772,1
132,520,0
341,918,0
151,864,0
43,517,1
113,285,0
477,52,0
427,652,1
192,277,0
449,907,1
309,510,0
72,546,0
509,501,1
138,664,1
99,475,0
418,906,0
196,562,0
436,276,0
417,780,1
448,381,0
422,788,0
339,272,0
276,879,0
95,355,0
445,664,0
120,367,0
8,325,0
292,298,0
379,500,1
417,474,0
260,829,1
414,45,1
395,855,0
266,573,0
165,531,1
538,816,1
248,898,1
267,330,0
392,852,0
99,670,0
538,781,1
0,185,0
374,828,1
557,899,1
49,546,0
196,576,1
162,938,0
477,141,0
556,710,0
273,251,0
46,173,0
297,908,0
261,649,0
515,513,0
4,279,0
18,779,0
101,482,1
318,637,0
491,816,1
526,139,0
104,1190,0
415,240,0
528,547,0
541,229,0
292,473,0
84,207,0
339,279,0
291,570,1
64,815,1
313,582,1
193,115,0
81,117,0
467,357,0
417,852,1
214,713,0
274,647,1
533,567,0
138,356,0
155,537,0
55,564,0
180,837,0
132,708,1
329,707,0
329,772,1
526,238,0
101,612,0
4,880,0
402,906,0
425,659,1
392,724,0
276,327,0
207,277,0
43,847,0
156,331,0
37,728,0
341,958,0
397,828,0
114,569,0
0,632,0
8,731,1
55,548,0
56,225,0
110,645,0
263,638,1
361,339,0
31,575,1
267,161,0
13,865,1
307,378,0
447,250,0
173,1181,0
72,278,0
159,872,1
556,773,1
560,815,0
9,933,0
417,658,0
329,49,0
395,241,0
328,18,0
81,562,1
138,130,0
336,821,0
93,772,1
373,936,1
329,775,0
273,567,0
519,106,0
224,550,0
44,82,0
560,920,0
522,656,1
525,0,0
384,270,0
515,222,0
368,644,0
180,875,0
101,976,0
99,646,0
155,571,0
214,9,0
388,774,1
52,537,1
559,734,0
521,837,0
363,711,1
503,270,0
386,844,1
383,234,0
99,535,1
433,759,0
417,876,0
169,861,0
266,285,0
419,553,0
247,276,0
110,818,1
233,253,0
159,971,0
156,178,0
357,779,0
515,775,1
8,505,1
343,523,1
452,504,0
173,1016,1
287,480,1
124,198,0
21,641,1
198,407,0
123,357,0
397,825,1
509,84,0
32,927,0
526,121,0
526,404,0
166,776,1
109,770,0
143,108,0
120,913,0
137,295,0
29,855,0
448,530,1
19,324,0
130,246,0
417,661,0
71,250,0
195,564,0
77,560,1
449,894,1
442,496,1
162,905,0
266,841,0
325,274,0
309,303,0
546,243,0
363,845,1
214,777,0
156,111,0
68,778,1
313,570,0
398,736,0
183,222,0
526,853,0
150,322,0
249,101,0
36,256,0
105,817,0
251,734,0
537,1043,1
276,340,1
132,344,0
436,355,0
32,375,0
249,281,0
247,771,1
500,562,1
559,500,0
380,780,1
48,522,1
447,661,1
291,222,0
9,351,0
392,655,1
341,897,1
247,859,1
303,972,1
397,515,1
154,235,0
243,714,0
137,824,0
276,328,0
297,942,0
298,658,1
266,38,0
114,824,0
467,350,0
409,257,0
158,1156,0
316,636,0
183,780,0
243,322,0
555,651,1
43,298,0
345,690,0
483,192,0
443,516,1
46,500,1
56,860,1
245,638,0
541,313,0
308,859,0
513,773,0
526,1077,0
110,223,0
104,1121,0
186,846,1
118,270,0
309,829,0
185,663,0
272,859,0
183,101,0
263,300,0
207,232,0
565,228,0
559,12,1
9,834,0
350,608,1
190,468,0
535,220,0
379,326,0
121,255,0
373,196,0
46,317,0
463,253,0
2,823,0
72,559,0
266,122,0
121,659,1
565,564,0
12,641,0
278,1024,0
395,636,0
515,75,0
467,582,0
207,721,0
432,337,0
8,578,1
8,915,0
356,275,0
468,549,0
515,922,1
50,710,0
511,723,0
449,352,0
308,316,0
428,310,0
101,641,0
68,714,0
433,523,0
84,336,0
363,1008,1
9,253,0
155,914,0
81,788,0
328,682,0
158,1182,0
192,332,0
386,71,0
395,255,0
483,582,1
99,295,0
554,496,1
95,49,0
434,263,1
276,339,0
507,851,0
274,655,1
72,171,0
395,258,0
362,415,1
223,299,0
333,904,1
395,355,0
433,317,0
518,281,1
347,326,0
101,40,0
36,609,0
173,1073,0
189,770,1
428,200,0
460,479,0
400,734,0
427,319,0
562,860,0
49,322,0
89,648,0
392,11,0
448,953,0
49,247,0
452,572,0
511,194,0
380,678,0
138,818,1
119,859,0
120,381,0
95,287,0
544,253,0
271,652,0
387,46,0
313,427,0
397,662,0
126,251,0
243,774,0
77,251,0
156,294,0
267,770,0
32,899,1
559,285,0
247,657,1
138,640,0
545,267,0
60,769,0
339,239,0
91,652,1
433,38,0
50,647,0
386,663,0
7,313,0
522,220,0
341,330,0
26,227,0
467,1075,0
166,311,0
56,759,0
219,825,0
191,367,0
100,709,0
443,644,1
18,850,0
154,699,0
361,354,0
86,639,0
92,53,0
341,823,0
19,280,0
491,297,0
550,825,1
295,294,0
568,781,1
52,129,0
247,737,0
378,818,0
541,610,1
267,233,0
191,1009,0
276,302,0
32,569,1
328,259,0
478,774,1
467,824,0
380,277,0
386,937,0
10,479,1
568,325,0
43,565,0
202,46,0
521,266,0
508,244,0
16,260,0
151,713,0
185,656,1
263,768,0
147,571,1
81,789,1
92,707,1
559,203,0
273,57,0
158,464,0
412,33,1
16,769,1
363,994,0
361,710,0
361,334,0
60,650,1
243,776,0
363,771,1
1,367,0
1,257,0
50,767,0
442,135,0
456,770,0
554,309,1
560,779,0
339,35,0
522,9,0
56,581,1
313,468,0
377,652,1
503,637,0
219,294,0
470,256,0
137,650,0
43,607,0
173,1189,0
13,285,0
209,254,0
442,40,0
329,660,1
166,631,0
333,906,1
95,774,0
132,284,0
392,276,0
251,928,0
222,663,0
521,495,1
267,480,1
444,770,0
178,265,0
126,510,1
201,534,1
386,151,0
197,896,1
154,529,1
313,292,0
555,273,0
219,293,0
77,562,0
36,679,0
526,0,1
448,259,0
535,228,0
227,351,0
443,755,1
568,475,1
467,823,0
517,245,0
565,631,0
137,232,0
13,944,0
554,569,0
468,503,0
68,779,0
64,49,0
9,266,0
155,608,0
272,664,0
60,563,0
92,286,0
154,298,0
442,615,1
143,502,1
525,847,0
183,271,0
156,771,1
436,827,0
92,17,0
173,1103,1
526,755,0
436,973,0
1,772,1
7,310,0
491,175,0
329,710,0
467,655,0
292,532,1
104,930,0
183,661,0
125,719,0
508,669,1
328,522,0
173,1186,0
121,671,0
164,773,1
247,115,0
386,559,0
503,682,0
14,724,0
435,909,1
558,567,1
360,892,1
165,118,0
297,290,0
8,723,1
562,852,1
211,249,0
1,14,0
480,896,0
526,327,0
379,70,0
250,53,0
354,292,0
236,497,0
251,1023,0
363,876,1
291,23,0
555,278,0
156,296,0
519,512,1
4,523,0
230,943,0
227,0,0
52,136,0
363,418,0
68,774,1
390,773,0
417,1162,0
526,322,0
491,631,0
27,666,0
511,613,0
5,649,1
183,708,0
26,228,0
526,245,0
247,300,0
475,772,1
568,941,0
467,521,1
214,127,0
43,207,0
425,257,0
69,898,0
478,786,1
29,284,0
99,669,1
448,534,0
7,872,1
263,852,1
30,235,0
526,464,0
539,583,1
386,169,0
202,526,1
101,776,0
467,285,0
356,536,1
448,961,0
483,495,0
191,1032,0
276,569,0
395,283,0
99,0,0
198,1163,1
141,475,1
524,298,0
125,578,1
559,257,0
555,276,0
329,685,0
55,570,1
524,786,1
316,249,0
417,56,0
537,1165,0
289,653,1
334,904,1
163,259,0
4,771,1
509,313,0
64,726,0
503,296,0
32,647,1
447,775,1
36,849,0
81,520,0
328,257,0
59,236,0
515,293,0
325,333,0
221,896,0
151,724,0
305,278,0
19,282,0
263,861,0
59,234,0
518,817,1
219,299,0
478,770,1
222,686,0
235,551,1
1,191,1
500,615,0
380,278,0
539,315,0
436,557,1
99,777,0
549,226,0
181,713,0
145,344,0
521,734,0
420,908,1
319,6,0
555,765,1
108,224,0
242,257,0
421,92,1
150,273,0
292,743,0
18,686,0
276,971,0
95,476,1
436,867,0
531,859,0
344,860,1
357,326,0
339,660,0
436,940,0
155,675,1
220,222,0
536,633,0
273,637,0
247,47,0
54,271,0
60,644,0
183,151,0
180,249,0
524,250,1
209,222,0
187,564,0
425,292,0
362,751,1
32,711,1
36,834,0
56,505,1
556,855,1
283,641,1
395,631,0
120,429,0
514,27,0
204,781,1
470,673,0
191,892,0
137,844,1
200,549,0
82,548,0
537,1115,0
525,36,0
156,132,0
272,710,0
43,151,0
530,422,0
538,829,0
99,753,1
32,139,0
149,256,1
354,262,0
219,282,0
461,756,0
297,912,0
89,770,0
166,18,0
110,266,0
292,787,1
313,315,0
325,269,0
198,1110,0
559,512,1
226,333,0
204,787,0
397,473,1
467,638,0
443,292,0
361,787,0
297,300,0
98,815,1
526,579,1
8,355,0
240,644,1
92,838,1
350,220,0
165,10,0
166,101,0
563,571,1
81,634,0
362,900,0
251,960,0
491,708,0
169,631,0
362,251,0
521,927,0
287,537,1
18,197,0
565,253,0
342,664,0
390,280,1
449,333,0
235,132,0
546,233,0
328,53,0
468,669,1
390,774,1
36,828,0
460,126,0
251,530,1
21,710,0
320,699,0
467,283,0
347,322,0
467,530,1
9,853,0
303,916,0
272,579,1
313,956,0
461,258,0
104,331,0
88,234,0
257,239,0
198,1060,1
368,230,0
526,1150,0
105,787,0
515,855,0
262,905,0
436,530,1
166,232,1
521,64,0
295,851,1
425,614,0
224,834,0
263,703,1
84,333,0
469,313,0
84,172,0
254,738,1
526,31,0
110,240,0
272,228,0
452,581,0
386,848,0
59,518,0
159,308,0
317,827,0
421,478,1
99,536,0
58,223,0
487,575,1
248,905,0
297,0,0
64,828,0
72,659,1
564,287,0
408,325,0
565,549,0
379,769,1
32,777,1
68,936,0
119,815,1
235,0,0
400,865,1
28,19,0
8,638,1
164,667,0
305,712,1
522,314,0
119,992,1
243,858,0
397,236,0
154,473,1
460,7,0
8,204,0
378,300,0
93,711,1
472,768,1
178,250,0
529,125,0
43,243,0
427,663,0
398,852,0
351,312,0
135,822,0
214,642,1
55,52,0
491,646,0
60,15,1
155,849,1
463,893,0
154,715,0
158,1147,0
380,741,1
59,860,0
329,631,0
526,568,1
230,948,0
113,874,0
253,0,0
564,279,0
448,195,0
392,640,0
544,727,0
362,404,0
118,786,1
27,285,0
1,640,1
417,443,0
154,788,0
319,645,0
511,843,1
487,780,1
120,787,1
449,1020,1
491,140,0
443,561,1
373,303,0
267,566,0
346,524,1
328,326,0
391,884,0
427,315,0
204,276,0
452,216,0
425,756,0
342,637,1
267,234,0
526,445,0
379,312,0
555,978,0
89,262,0
219,712,1
533,312,1
446,666,1
522,238,0
138,824,1
189,722,0
424,52,0
495,105,0
158,465,0
353,558,1
562,351,0
101,257,0
137,278,0
242,533,0
263,840,0
114,573,1
107,663,0
251,1125,1
99,713,1
18,552,0
291,514,0
162,986,0
266,572,1
478,713,0
36,650,1
267,649,1
353,566,0
392,929,0
84,298,0
305,707,1
475,661,0
198,1050,1
521,641,1
363,305,0
29,157,0
1,646,0
511,857,0
569,637,0
506,821,0
169,779,1
387,567,0
489,271,0
526,384,0
29,231,0
132,159,0
32,837,1
251,15,0
110,309,0
117,57,0
99,277,1
242,531,1
138,569,1
460,581,1
155,1020,0
560,292,0
379,763,0
84,558,0
398,661,1
176,839,1
200,554,0
227,233,0
21,236,0
452,479,0
91,251,0
445,669,0
84,300,0
113,236,0
427,684,1
210,912,0
219,816,0
267,295,0
4,670,0
272,256,0
104,461,0
373,582,1
216,710,1
128,288,0
266,505,0
32,823,0
100,262,0
137,559,0
515,336,0
173,979,1
0,480,0
155,860,0
108,553,1
473,312,0
310,761,1
568,829,0
18,310,0
361,50,0
180,38,0
249,514,0
449,967,0
10,43,0
9,668,0
44,580,1
369,117,0
452,532,1
126,224,0
155,852,0
166,229,0
448,944,0
379,856,0
17,672,0
154,242,0
373,494,1
36,575,1
385,309,1
48,731,0
378,276,0
443,12,1
224,273,0
397,324,1
344,729,1
159,577,1
387,42,1
271,234,0
198,977,1
11,549,1
50,244,0
232,896,1
565,774,0
227,830,1
183,251,0
503,685,0
496,295,0
307,432,0
325,825,0
346,626,0
296,101,0
452,557,1
50,235,0
89,254,0
179,223,0
123,326,0
183,52,0
229,903,0
169,528,1
127,565,0
158,469,0
524,346,1
323,904,1
247,651,1
93,505,0
448,1005,0
240,650,1
299,904,0
14,853,1
114,530,1
267,555,1
209,710,0
515,193,0
467,332,0
13,282,0
373,315,0
1,926,0
550,857,1
99,672,0
49,867,0
541,152,1
32,276,0
354,879,0
470,714,0
95,816,1
0,547,0
398,272,1
185,654,1
18,707,0
357,967,1
362,432,0
155,354,0
173,1090,1
59,527,1
449,930,1
344,834,0
564,822,0
251,1170,0
4,674,0
49,558,0
35,326,0
509,632,0
9,496,1
539,581,1
456,707,0
521,535,1
555,638,0
457,770,0
306,711,0
475,676,0
278,305,0
370,657,0
392,503,1
84,836,1
320,635,0
149,823,0
154,346,1
313,828,0
373,925,1
489,724,0
436,967,1
563,12,0
159,947,0
19,264,0
204,819,1
157,530,1
526,228,0
36,778,0
467,772,0
124,836,1
553,254,0
430,612,1
156,225,0
444,689,1
347,337,0
201,578,1
1,265,0
216,243,0
473,227,0
536,560,1
553,266,0
556,797,1
478,244,0
1,335,0
119,918,0
89,647,0
313,1045,0
247,520,0
568,534,1
467,503,1
476,334,0
415,235,0
186,328,0
432,733,0
398,774,1
167,514,0
50,221,0
140,637,0
568,843,1
61,830,0
413,664,0
243,230,0
236,774,0
101,1009,0
427,571,1
472,776,1
16,636,0
537,1107,1
387,477,0
478,570,0
448,535,0
428,632,0
319,246,0
555,770,0
36,198,0
467,1172,0
16,572,1
483,528,0
272,298,0
189,266,0
276,865,0
522,553,0
277,256,0
223,789,0
166,503,0
110,751,1
216,237,0
20,223,0
417,354,0
143,473,0
535,480,1
99,852,1
202,569,1
425,271,0
351,315,0
446,846,1
36,304,0
395,979,0
555,394,0
568,15,0
104,832,1
379,303,0
257,770,1
168,476,1
362,927,0
77,669,0
0,16,0
448,516,1
232,909,0
214,658,1
51,329,0
91,632,0
280,562,1
568,865,0
1,244,0
444,688,1
81,17,0
386,321,0
214,769,1
119,277,0
9,317,0
267,647,0
227,637,1
204,275,0
177,346,0
46,111,0
353,723,0
4,473,1
140,663,1
84,349,0
447,670,0
378,332,0
425,222,0
309,311,0
373,49,0
555,716,0
568,828,1
1,768,0
510,82,0
511,876,0
128,748,0
257,664,1
104,952,1
89,846,0
400,253,0
157,559,1
387,615,1
108,771,1
95,565,1
247,961,1
212,532,1
546,646,0
478,707,0
556,274,0
244,896,1
13,329,0
249,63,0
266,772,0
309,271,0
86,228,0
141,533,0
303,1187,0
147,615,1
515,838,1
77,654,1
379,251,0
375,268,0
64,918,0
276,781,1
389,969,0
526,747,1
328,185,0
145,355,0
101,317,0
319,192,0
245,235,0
356,634,0
223,834,0
116,636,0
392,845,0
266,837,0
368,819,1
186,929,0
8,549,1
436,644,0
162,959,0
309,718,1
478,517,1
392,223,0
342,251,1
159,324,0
267,675,0
9,535,1
138,513,1
141,537,1
81,147,0
401,29,0
110,640,1
487,502,1
460,480,1
273,565,0
145,924,1
511,6,0
229,472,0
189,252,0
92,823,1
353,274,0
201,564,0
81,232,0
230,916,1
336,273,0
259,904,0
425,699,0
535,311,0
29,312,0
448,841,0
4,334,0
32,11,0
475,637,1
48,776,1
328,125,0
507,772,0
442,562,0
568,920,0
253,49,0
72,663,0
473,536,0
432,298,0
107,769,1
476,933,0
570,563,0
329,612,1
366,357,0
339,258,0
339,686,0
198,927,0
245,672,0
25,674,1
467,572,1
168,511,1
177,327,0
7,631,0
478,559,0
155,329,0
145,325,0
356,260,0
466,885,0
357,849,0
292,315,0
427,654,1
432,823,0
266,670,0
158,356,0
319,202,1
26,223,0
456,709,0
101,330,0
36,935,0
41,776,1
353,266,0
1,1035,0
387,251,0
515,127,0
118,357,0
506,760,0
316,645,0
138,923,0
171,839,1
49,282,0
336,637,1
126,650,1
173,833,0
187,521,1
508,279,0
84,345,0
354,722,1
236,559,1
18,252,0
511,710,0
295,275,0
564,201,0
17,779,1
473,130,0
448,426,0
147,559,1
356,772,1
503,930,0
427,102,0
313,846,0
442,173,0
227,546,0
448,237,0
478,660,1
535,317,1
388,769,0
145,920,1
448,558,1
15,828,0
109,254,0
56,636,0
81,294,0
81,296,0
180,4,0
303,926,0
11,552,1
431,49,0
435,904,1
499,437,0
114,636,0
74,320,0
127,582,0
339,316,0
247,179,0
503,5,0
563,854,0
417,197,0
415,239,0
509,56,0
436,326,0
43,880,1
72,635,0
341,336,0
155,649,1
362,411,0
393,255,0
378,340,1
261,699,1
387,13,1
141,476,1
326,1,0
243,557,0
397,303,0
263,648,1
515,84,0
555,641,1
32,567,0
329,42,0
19,928,0
522,258,0
378,744,0
81,282,0
113,711,1
44,562,0
149,257,1
137,251,0
128,677,1
298,232,0
165,643,1
72,241,0
98,965,0
61,826,0
433,101,0
329,177,0
95,279,0
159,262,0
387,312,0
105,821,0
292,57,0
187,215,0
563,293,0
198,366,0
172,366,1
108,249,0
500,559,0
154,245,0
266,565,0
2,781,1
201,646,0
55,614,1
72,521,0
511,609,0
158,385,0
316,242,0
467,364,0
16,266,0
13,902,1
365,553,0
463,260,0
368,777,0
18,331,0
481,101,0
526,1036,0
188,837,0
185,274,0
339,691,0
397,771,1
357,503,1
327,445,0
236,69,0
362,843,1
288,892,1
387,481,0
511,293,0
436,117,0
508,772,1
546,661,1
386,770,0
394,819,1
309,794,0
176,271,0
137,641,0
309,921,0
92,296,0
480,142,1
82,554,0
160,235,0
496,325,0
32,472,0
443,872,1
387,70,0
520,236,0
109,673,0
487,773,1
313,754,0
378,758,1
330,675,0
250,47,0
113,774,0
461,859,1
154,663,1
295,839,0
433,533,0
43,502,1
257,266,0
427,537,1
281,251,0
572,220,0
126,499,1
259,254,0
295,797,0
60,546,1
564,312,0
313,1034,0
216,233,0
180,583,1
41,265,0
342,266,1
412,651,0
346,0,0
18,776,0
251,104,0
363,955,0
14,751,0
236,636,0
347,562,1
59,649,1
1,329,0
201,270,0
0,211,0
202,199,0
149,670,0
398,503,1
524,326,0
380,761,1
272,574,1
550,861,0
155,725,0
417,238,0
108,510,1
397,256,0
223,275,0
417,412,0
104,976,0
478,479,1
303,1186,0
50,668,0
539,230,0
137,246,0
573,615,1
428,205,0
163,548,0
207,839,0
114,773,0
363,359,1
568,800,1
49,875,0
174,432,0
262,501,0
0,26,0
233,122,0
400,858,0
267,785,0
511,136,0
110,608,1
365,566,0
449,923,0
491,253,0
155,1004,0
267,137,0
508,855,1
389,414,0
378,837,1
113,890,0
461,716,0
432,276,0
212,892,0
191,344,0
48,216,0
48,108,0
206,257,0
295,822,0
467,282,0
472,777,1
491,285,1
227,631,0
67,903,1
343,768,1
480,125,0
515,615,1
357,821,0
418,905,0
360,905,0
297,278,0
511,836,1
442,481,0
114,49,0
254,328,0
560,262,0
99,838,1
555,559,0
291,516,1
18,225,0
445,655,1
198,1152,1
362,228,0
555,956,0
568,299,0
5,755,1
60,637,0
273,317,1
119,326,0
448,479,1
180,826,0
194,59,0
236,528,1
251,796,1
267,683,0
92,559,1
339,879,0
432,927,0
503,105,0
514,858,0
404,645,0
526,722,1
363,999,0
560,830,0
503,255,0
313,1132,0
379,915,0
309,523,1
101,79,0
288,258,0
357,673,1
472,852,1
313,1007,0
457,282,0
22,28,1
43,598,0
187,656,1
154,267,0
113,643,0
158,404,0
11,474,1
183,574,0
32,838,1
223,287,0
219,135,0
386,530,0
249,481,1
164,257,0
278,303,0
273,17,0
13,859,0
128,243,0
341,947,0
138,660,0
431,495,1
162,911,0
100,284,0
571,232,0
307,1112,0
195,572,0
387,552,0
275,821,0
397,830,1
247,119,0
362,479,1
276,918,0
55,156,0
386,272,1
386,225,0
180,549,0
500,151,0
274,773,1
518,772,1
309,512,1
379,760,0
313,682,0
533,249,0
448,559,1
201,513,0
64,526,1
157,494,1
483,312,0
345,664,0
243,355,0
171,741,1
448,564,0
251,565,0
267,178,0
475,250,0
512,528,1
276,0,0
8,356,0
341,1159,0
95,298,0
235,182,0
399,30,0
334,895,1
157,218,0
353,636,0
503,640,0
169,322,0
190,445,0
165,640,0
314,826,0
559,220,0
37,297,0
432,1030,0
386,273,0
147,531,1
427,501,1
342,636,1
299,252,0
55,228,0
156,161,0
477,136,0
4,644,0
345,665,1
101,664,0
229,124,0
48,520,0
77,769,0
201,847,0
157,200,0
527,784,1
512,474,1
427,259,0
108,229,0
300,313,0
448,904,0
395,909,0
36,572,1
363,1010,0
158,1051,1
316,252,0
524,111,0
379,513,1
373,1009,1
518,250,0
249,274,0
243,528,1
227,771,1
507,262,0
99,494,1
395,311,0
223,246,0
395,270,0
554,510,1
18,840,0
555,323,0
15,927,0
357,938,0
27,771,1
313,821,0
379,722,0
183,641,0
357,562,1
478,771,1
159,859,0
81,820,0
214,521,1
282,780,1
81,848,1
44,480,0
56,765,1
21,774,1
402,909,1
521,479,1
313,951,0
483,583,0
395,897,0
18,523,0
511,234,0
351,226,0
8,655,0
65,822,0
9,566,0
313,944,0
536,612,0
566,828,0
564,816,0
496,827,0
557,903,0
315,773,0
524,513,1
291,517,1
223,294,0
56,166,0
173,365,0
518,654,1
354,757,0
230,931,0
127,613,1
522,477,0
119,983,0
404,257,0
386,549,0
188,711,1
119,837,1
149,779,1
379,235,0
310,655,1
521,475,0
84,582,1
515,927,0
457,325,0
524,670,0
55,568,0
341,910,0
508,265,0
276,841,0
303,927,0
398,775,1
52,529,0
155,752,1
486,636,0
56,566,0
6,724,0
188,841,0
8,276,0
297,570,1
186,923,0
84,709,0
568,510,1
544,656,0
368,264,0
48,574,1
417,710,0
565,572,0
448,935,0
49,130,0
113,651,0
243,248,0
212,110,0
150,823,1
67,266,0
362,346,0
103,435,0
223,532,0
9,828,0
4,354,0
219,824,1
467,634,0
385,312,0
320,254,0
387,774,1
1,896,1
491,474,1
32,860,0
84,710,0
417,926,0
555,335,0
556,281,0
59,659,0
555,152,0
328,536,1
350,213,1
491,550,0
411,710,1
395,9,0
120,366,0
564,872,0
416,29,0
159,771,1
119,289,0
216,238,0
55,560,0
368,646,1
125,661,1
297,569,1
88,502,1
313,926,0
425,850,1
132,609,1
486,648,0
541,682,0
136,786,1
27,787,1
378,721,0
159,573,1
0,560,1
81,150,1
200,559,0
411,654,1
341,826,0
188,717,1
508,287,1
19,256,0
270,1034,0
361,256,0
392,151,0
564,626,0
267,857,1
73,727,1
188,283,0
412,714,0
118,325,0
506,856,1
93,238,0
126,273,0
1,513,1
198,960,1
262,111,0
249,138,0
353,530,0
489,775,1
297,847,0
158,1173,0
297,220,0
392,665,0
291,572,1
509,511,1
329,15,0
329,101,0
417,514,0
77,844,0
251,1195,0
309,790,1
89,842,0
515,262,0
452,317,0
427,633,0
313,643,0
207,279,0
313,819,0
77,101,0
183,254,0
356,109,0
251,1144,1
58,654,1
535,534,1
227,845,0
475,668,0
361,634,1
150,868,1
169,327,0
201,239,0
209,575,1
313,144,0
436,293,0
132,753,0
276,221,0
106,893,0
201,633,1
15,937,0
568,997,0
18,300,0
518,632,0
395,849,0
137,708,0
515,238,0
177,273,0
175,19,0
110,149,0
335,254,0
457,331,0
412,530,0
183,283,0
29,673,1
226,959,0
109,787,1
158,460,0
472,657,0
121,685,0
448,779,1
188,300,1
272,234,0
315,836,1
387,533,1
471,238,1
392,329,0
478,783,1
320,677,1
467,505,1
362,481,0
263,658,0
460,18,0
209,849,1
387,504,1
95,718,0
522,713,0
362,849,0
107,680,1
467,53,0
287,895,1
124,323,0
36,299,0
379,481,0
227,228,0
155,221,0
480,132,0
353,258,0
229,261,0
526,1180,0
395,860,0
35,276,0
369,415,0
564,225,0
343,280,0
307,892,1
278,818,0
128,223,0
392,287,0
207,775,1
251,273,0
425,225,0
448,1000,0
473,561,1
191,902,0
4,722,0
78,256,0
515,505,1
495,472,0
201,245,0
417,250,0
1,845,0
434,904,0
319,310,0
4,326,0
524,252,0
46,645,0
32,281,0
219,114,0
82,530,1
562,785,1
511,157,0
341,411,0
4,914,0
35,860,0
555,771,1
568,338,1
443,828,0
192,262,0
344,759,0
66,772,0
373,243,0
308,82,0
245,242,0
68,792,0
436,559,0
138,472,0
388,661,1
363,1003,0
138,243,0
50,774,0
316,278,1
563,734,1
100,776,0
142,520,1
19,482,0
8,329,0
207,266,0
550,273,0
362,665,1
283,658,0
192,273,0
120,858,0
207,278,0
276,669,0
214,562,0
382,266,0
155,226,0
36,855,0
4,333,0
328,652,1
329,776,1
181,711,1
448,1025,0
417,663,1
526,28,0
72,710,0
515,854,1
140,641,0
156,283,0
169,765,0
378,787,1
460,167,0
560,922,0
255,242,0
258,320,1
150,303,0
174,112,0
363,271,0
526,250,0
101,1026,1
180,769,0
329,771,1
193,150,1
88,149,0
417,428,0
302,570,0
243,328,0
1,968,1
214,233,0
111,608,1
389,382,0
38,237,0
173,1022,1
309,757,0
173,455,0
344,840,1
521,512,1
273,581,1
436,935,0
332,817,1
411,660,0
93,225,0
295,848,0
313,678,0
563,520,0
448,1013,0
379,747,0
393,109,0
386,849,0
526,827,0
18,311,0
150,351,0
29,658,1
95,644,0
158,906,0
549,237,0
106,910,1
49,512,1
65,845,0
442,582,1
251,170,0
518,300,0
50,245,0
467,1077,0
21,839,1
256,421,0
178,772,1
517,707,1
16,237,0
249,838,1
165,42,0
467,455,0
155,310,0
467,614,0
188,279,0
362,627,1
368,251,0
26,232,0
50,233,0
436,227,0
503,678,0
436,770,0
467,894,1
377,637,1
132,275,0
20,316,0
395,1029,0
319,276,0
262,268,0
398,190,0
169,276,0
483,512,0
184,274,0
236,711,0
169,709,0
289,649,1
417,717,0
259,898,0
507,854,0
327,464,0
84,213,0
404,646,0
137,303,0
318,243,0
292,742,0
296,131,1
434,266,0
564,624,1
379,159,0
565,193,0
106,906,1
64,558,1
352,246,0
60,212,0
363,355,0
9,331,0
138,339,0
225,892,1
227,768,0
185,273,0
247,274,0
397,267,0
209,476,1
49,641,0
112,65,0
276,133,0
357,10,0
77,664,0
64,679,1
113,678,0
467,648,0
118,856,0
158,381,0
353,662,1
110,18,0
287,510,1
335,251,0
339,125,0
219,250,0
110,246,0
339,196,0
260,856,1
170,899,1
522,316,0
515,13,0
84,782,0
251,685,1
395,659,0
559,224,0
389,339,0
178,845,1
507,774,0
240,658,1
475,683,1
395,199,0
35,290,0
308,224,0
247,336,0
28,9,0
243,196,0
94,637,0
398,848,0
283,243,0
56,726,0
4,16,0
292,233,0
472,284,0
449,950,0
36,678,0
64,979,0
4,627,1
361,168,0
469,315,0
14,758,0
123,929,0
23,629,0
213,64,0
183,525,0
178,670,1
274,237,0
523,640,0
431,58,0
176,857,0
138,707,0
224,213,0
453,837,0
302,576,1
511,477,0
254,757,1
180,224,0
568,655,0
496,354,0
286,895,1
200,560,1
553,772,1
298,643,0
386,816,1
347,476,1
370,636,0
296,902,1
81,16,0
245,650,1
67,898,1
75,179,0
81,194,0
473,554,0
8,852,0
224,237,0
395,918,0
183,547,0
65,883,0
267,636,0
186,845,1
546,684,0
395,746,0
263,848,1
219,303,0
394,822,0
19,331,0
219,778,0
448,707,0
386,828,1
541,530,1
214,856,1
251,384,0
101,850,0
236,41,0
425,270,0
335,656,1
137,852,0
317,829,0
113,32,0
555,247,0
17,655,0
526,221,0
180,276,0
392,273,1
223,312,0
59,536,1
395,892,1
155,646,0
43,553,0
183,837,1
487,511,1
23,33,0
508,258,0
373,666,0
309,767,0
340,67,0
261,258,0
125,230,0
89,860,0
526,665,1
49,838,1
142,531,0
443,137,0
149,289,1
159,311,0
555,684,1
331,771,0
25,648,0
155,106,0
2,767,0
524,220,0
336,822,1
81,505,1
109,285,0
395,232,0
49,17,0
467,901,1
125,266,0
9,231,0
292,608,0
159,178,0
4,479,0
313,407,0
198,1095,0
522,96,0
251,777,0
18,551,0
400,287,0
19,504,1
71,840,1
313,321,0
313,593,1
554,319,0
341,1125,1
81,327,0
279,896,0
385,316,1
124,504,1
320,252,0
55,40,1
56,157,0
328,634,0
92,745,0
448,155,0
365,206,0
13,351,0
43,316,0
380,704,0
114,249,0
249,663,0
188,732,1
509,31,0
307,1122,1
187,640,0
92,820,1
237,44,0
448,659,1
127,608,1
489,270,0
38,227,0
191,347,0
445,245,0
217,771,1
533,772,1
154,532,0
110,707,0
81,107,0
154,332,0
77,547,1
565,779,0
359,751,1
417,723,0
201,352,0
6,707,0
218,251,0
260,195,0
309,251,0
333,907,1
49,266,0
341,414,0
267,655,0
490,235,0
110,696,0
29,744,0
270,330,0
141,151,0
356,273,1
318,659,0
491,775,0
18,55,0
155,655,1
521,583,1
209,258,0
436,570,1
230,949,0
507,865,0
491,224,0
42,24,1
329,259,0
506,840,1
125,772,1
82,549,0
380,244,0
361,637,0
43,625,0
260,800,1
437,149,0
230,1036,0
243,472,0
395,752,1
157,571,1
124,630,1
339,918,0
93,221,0
511,856,0
159,255,0
467,415,0
49,138,1
390,274,0
51,337,0
169,501,1
389,946,0
137,296,0
19,770,0
365,634,0
518,669,0
128,761,0
191,904,0
18,786,1
132,976,0
49,642,0
439,872,0
137,524,0
320,664,1
23,192,0
356,522,1
448,645,0
4,271,0
362,826,0
251,420,0
379,859,0
346,124,0
263,696,1
243,664,0
358,897,1
138,295,0
78,908,1
158,1140,0
167,103,0
8,946,1
526,316,1
132,354,0
202,190,0
534,574,0
320,237,0
31,579,0
320,267,0
18,846,1
251,343,0
273,563,0
128,779,1
476,818,1
159,272,0
192,780,1
353,647,0
1,473,0
158,924,1
188,269,0
379,254,0
51,327,0
489,729,1
4,576,1
469,246,0
353,125,0
467,939,0
155,734,0
41,770,0
8,768,1
411,667,0
316,672,0
526,646,0
5,240,0
178,774,1
460,315,0
436,225,0
114,322,0
99,300,0
23,46,0
444,252,1
380,752,1
339,657,0
475,561,0
316,283,0
200,168,0
491,773,0
398,665,0
386,562,1
467,1061,0
95,348,1
452,527,0
261,233,0
108,133,0
448,520,1
137,636,0
181,860,1
108,777,0
240,248,0
334,258,0
467,1104,0
331,647,1
274,737,1
113,476,0
154,689,0
366,927,0
274,254,0
417,334,0
267,723,0
260,136,0
350,559,1
123,819,1
1,973,0
198,944,0
64,503,1
560,282,0
425,157,0
467,231,0
161,826,0
56,638,0
475,271,0
100,712,0
473,236,0
150,857,1
446,271,0
455,935,0
398,741,1
84,511,1
460,529,1
159,643,0
303,363,0
81,495,0
560,710,0
174,417,0
448,569,0
101,716,0
261,582,0
99,657,0
329,633,1
255,657,1
84,24,0
564,526,0
472,840,0
510,158,1
497,909,0
261,316,0
509,634,0
60,83,0
524,872,1
224,124,0
356,849,0
546,640,0
564,707,0
521,838,1
72,248,0
108,658,0
316,663,0
390,820,1
411,675,1
319,19,0
32,685,0
158,1177,0
93,473,0
95,800,1
138,971,0
50,262,0
110,243,0
361,330,0
521,520,0
155,283,1
17,674,0
370,237,0
568,227,0
205,112,0
84,351,0
104,979,1
150,844,1
214,310,0
491,859,0
422,839,0
357,722,0
169,321,0
555,480,0
421,482,0
417,950,0
18,823,0
448,258,0
392,24,0
238,836,1
137,330,0
144,227,0
509,609,0
92,834,0
521,203,0
156,551,0
416,51,1
274,271,1
172,421,0
219,754,0
525,855,0
238,838,0
187,510,1
154,583,1
111,577,1
32,918,0
125,577,0
166,712,1
373,773,1
330,660,0
257,733,0
249,851,0
62,912,1
503,525,1
101,668,0
120,973,0
209,278,0
178,651,1
395,754,0
19,875,0
460,49,0
267,316,0
433,313,0
201,773,1
19,106,0
192,773,0
363,951,0
511,559,0
155,101,0
132,72,0
362,232,0
137,236,0
397,611,1
297,277,0
313,1044,0
222,652,1
59,714,0
568,566,1
413,661,0
7,654,1
60,227,0
377,654,1
558,565,0
138,322,0
467,633,0
88,567,0
343,834,0
308,101,0
532,47,0
417,836,0
514,753,0
219,715,0
426,446,0
467,775,0
515,479,0
171,720,0
526,363,0
214,722,0
430,551,0
138,826,0
48,830,1
5,761,1
23,630,0
549,228,0
514,877,0
473,168,0
475,650,1
245,636,0
214,323,0
173,1114,1
249,520,1
272,61,0
214,226,0
313,154,0
361,562,1
362,427,1
155,824,0
137,719,0
72,279,0
119,357,0
548,826,0
423,257,0
473,671,0
257,673,0
155,1016,0
154,249,0
251,319,0
363,778,0
177,828,0
59,885,0
559,663,1
354,749,1
313,374,0
9,234,0
124,644,1
319,256,0
254,274,0
417,479,0
4,774,0
368,853,0
428,514,1
219,356,0
328,537,1
478,857,1
202,476,1
559,227,0
328,845,0
313,660,1
305,710,1
568,823,0
395,775,1
568,333,0
380,271,1
522,645,1
162,370,0
18,574,0
281,261,0
198,1137,1
124,286,0
373,302,0
530,912,0
198,1188,1
119,1023,0
227,774,0
417,513,1
412,258,0
48,513,1
554,515,0
395,1008,0
100,250,0
43,633,0
455,916,0
224,578,0
254,276,0
51,1017,1
13,773,0
132,323,0
522,636,0
183,123,0
391,860,0
564,664,0
219,255,0
188,753,1
266,489,0
380,680,1
214,30,0
56,309,0
55,315,0
362,177,0
158,415,1
515,565,0
363,825,1
232,899,1
400,278,0
89,707,0
518,101,0
125,561,1
476,916,0
475,777,0
56,282,0
164,659,0
209,256,0
432,944,0
339,818,1
412,567,1
251,94,0
110,292,0
271,240,0
126,652,1
561,101,0
383,229,0
395,984,1
16,566,0
92,672,1
155,531,0
347,330,0
272,631,0
95,926,0
118,281,0
224,319,0
473,83,0
397,535,0
67,262,0
425,300,0
432,862,0
92,714,0
559,562,1
173,920,0
243,520,1
249,717,1
432,953,0
328,558,0
227,532,1
470,747,1
292,197,0
9,941,0
140,645,0
461,271,0
448,38,0
99,576,0
9,1017,1
487,639,1
444,231,0
183,566,0
347,334,0
222,254,0
92,690,0
95,645,0
189,269,0
212,536,1
270,965,1
442,480,0
491,845,0
489,747,1
169,336,0
554,229,0
14,731,0
469,581,1
335,664,1
89,229,0
378,718,1
320,659,1
169,324,0
448,91,0
243,579,1
9,577,1
180,675,0
143,526,1
473,128,0
65,852,0
430,564,0
187,560,0
158,1157,1
559,503,1
119,786,1
266,151,0
140,242,0
243,778,0
212,551,0
49,569,1
379,650,1
412,314,0
292,517,1
347,561,1
386,521,0
120,327,0
7,250,0
461,853,0
375,907,0
460,223,0
392,713,0
202,481,0
563,273,0
417,1134,1
262,101,0
301,234,0
404,642,0
263,295,0
72,817,1
551,0,0
387,670,1
281,263,0
287,534,1
473,560,1
250,101,0
32,220,0
526,905,0
143,579,1
389,419,0
197,912,1
383,222,0
72,760,0
101,821,0
537,1133,0
273,608,1
398,275,0
120,836,1
517,648,0
515,837,1
561,128,0
548,823,0
56,717,0
526,466,1
398,133,0
32,938,0
214,657,0
357,907,0
526,325,0
495,475,0
110,558,0
274,259,0
209,57,0
88,221,0
110,476,1
343,252,0
121,675,0
521,546,0
292,283,0
189,657,0
154,668,0
169,647,0
171,646,0
51,302,1
560,790,1
271,669,1
81,344,1
356,655,0
436,848,1
274,262,0
186,334,0
442,210,0
219,502,0
234,850,1
446,787,1
491,714,0
403,905,0
443,479,1
356,778,0
398,243,0
27,256,0
362,420,0
113,201,0
102,82,0
568,674,1
422,821,0
18,316,0
214,656,1
247,756,1
36,882,0
188,294,0
343,294,0
304,635,0
84,291,0
554,151,0
368,295,0
243,549,0
417,435,0
448,407,0
186,784,1
491,220,0
496,293,0
45,421,0
60,238,0
329,313,1
442,531,1
463,892,1
469,658,0
107,770,1
248,913,0
559,660,0
387,315,0
341,410,0
536,576,0
449,929,0
276,358,0
460,582,0
92,768,1
51,364,0
251,908,1
518,631,0
137,741,0
159,648,0
526,1043,1
19,648,0
4,231,0
509,72,0
101,580,1
273,311,0
46,648,0
9,642,0
573,497,1
362,727,0
371,252,0
432,964,0
353,272,0
212,505,0
187,644,0
307,914,0
274,659,1
189,679,1
4,62,0
180,657,0
9,279,0
36,568,1
99,249,0
541,254,0
292,660,0
475,708,0
526,358,0
149,771,1
365,565,0
8,271,0
223,245,0
307,904,0
341,413,0
9,955,0
219,651,1
428,320,1
59,2,0
149,772,0
427,257,0
178,834,0
274,656,1
363,768,0
559,824,0
95,0,0
357,513,1
425,564,0
94,674,1
154,313,0
397,234,0
180,864,0
343,557,0
150,856,0
72,777,0
353,93,0
110,176,0
169,287,0
363,947,0
101,708,1
91,222,0
263,656,0
379,636,0
370,666,0
185,846,1
448,1100,0
395,850,0
1,231,0
169,316,0
518,679,0
98,355,0
381,225,0
260,752,0
86,224,0
108,555,1
480,118,0
323,262,0
503,274,0
417,637,1
431,151,0
291,228,0
147,547,1
95,473,1
154,474,0
478,57,0
398,292,0
521,789,0
448,1092,0
423,258,0
43,862,0
373,259,0
357,353,0
325,272,1
196,220,0
155,847,0
541,475,1
499,252,0
236,680,0
546,688,0
155,523,0
95,579,1
296,264,0
209,320,0
379,646,0
503,18,0
350,224,0
361,196,0
442,473,0
523,777,0
155,844,1
166,258,0
74,58,0
36,341,0
56,721,0
468,649,1
524,322,0
329,546,0
328,655,0
223,582,1
119,327,0
178,266,0
303,1109,0
395,328,0
565,783,1
100,786,0
224,657,0
467,317,0
295,324,1
319,720,1
446,251,0
7,778,0
473,636,0
332,822,0
425,250,0
32,26,0
178,278,0
391,853,0
559,244,0
487,138,0
166,519,1
427,561,1
353,512,1
282,776,1
159,24,0
563,519,1
313,636,0
408,786,1
84,256,0
535,531,1
278,332,0
468,177,0
251,645,1
563,204,0
8,335,0
101,906,0
84,840,1
357,960,1
164,681,0
209,24,0
104,422,0
491,294,0
19,7,0
468,643,0
542,896,1
361,608,1
110,15,0
377,225,0
200,558,0
110,282,0
4,691,0
297,957,0
313,932,0
240,234,0
180,771,0
314,124,0
343,520,1
272,250,0
159,731,1
295,867,0
443,476,1
70,791,0
319,268,0
346,609,1
180,13,0
276,119,0
18,656,0
9,107,0
357,710,1
362,220,0
361,924,0
98,324,0
508,846,1
564,859,0
518,278,0
436,944,0
207,760,0
432,264,0
518,637,0
310,760,0
395,177,0
353,758,0
95,481,1
524,258,0
427,668,1
336,707,0
177,334,0
417,768,1
59,239,0
178,712,0
172,896,1
169,836,1
448,666,1
472,250,0
339,869,1
412,568,0
261,559,0
467,386,0
568,816,0
305,270,0
403,906,0
18,285,0
84,494,1
101,576,0
448,1043,0
452,552,0
77,848,0
392,250,0
506,816,0
64,220,0
114,632,1
313,908,0
132,611,0
313,562,0
137,129,0
171,773,0
166,264,0
110,644,0
147,503,1
456,273,0
357,738,0
303,375,0
267,836,1
135,190,0
559,608,1
126,882,0
64,713,0
436,561,0
77,43,0
346,73,0
216,651,1
468,642,0
56,707,0
386,360,1
523,708,1
339,671,0
395,669,0
162,366,0
330,661,0
64,941,0
4,671,0
219,273,0
328,252,0
239,316,0
72,262,0
79,553,0
564,829,0
249,257,0
247,347,0
413,259,0
110,254,0
255,646,0
421,505,0
151,733,1
243,360,0
379,245,1
4,282,0
269,913,1
466,862,0
340,112,0
461,843,0
272,650,1
470,672,0
51,916,1
124,780,0
222,671,0
561,252,0
95,112,0
436,646,0
236,670,0
361,475,1
223,496,1
27,717,1
68,819,1
392,782,1
108,564,1
158,1052,0
478,256,0
452,312,0
267,631,0
392,750,0
507,837,1
298,249,0
565,608,0
487,312,0
448,515,1
515,254,0
490,640,1
261,657,0
491,316,0
178,274,0
448,850,0
101,568,1
297,874,0
126,478,0
48,326,0
297,536,1
276,876,1
227,568,1
361,311,0
467,1169,0
267,582,1
386,348,0
17,778,0
297,475,1
249,848,0
363,293,0
564,522,0
357,824,1
114,135,1
292,781,1
309,845,1
180,631,0
110,548,0
303,1035,0
156,172,0
543,119,0
120,336,0
288,895,1
114,816,1
386,191,1
81,926,0
72,53,0
116,254,0
8,939,0
190,453,0
342,666,0
386,271,0
56,252,0
168,529,1
2,848,0
251,651,0
353,663,0
1,643,1
135,4,0
1,365,0
291,532,1
270,802,0
156,71,0
1,1,1
291,631,1
205,527,0
16,238,0
216,664,1
4,335,0
8,1015,1
11,529,1
173,430,0
392,533,1
93,774,1
43,41,0
448,780,0
270,782,1
266,768,0
126,707,0
95,227,0
5,744,1
469,310,0
180,571,1
158,402,0
132,861,0
328,238,0
209,19,0
166,672,1
120,821,0
353,313,1
71,730,1
77,711,0
392,547,0
518,13,0
287,526,1
345,703,0
65,877,0
55,220,0
389,352,0
553,256,0
328,227,0
70,819,1
518,481,0
476,341,0
386,502,1
334,251,0
282,227,0
222,647,0
77,546,0
491,196,0
392,822,0
125,265,0
541,223,0
24,900,0
448,252,0
9,897,0
274,733,1
282,226,0
235,563,1
166,261,0
313,829,0
137,168,0
511,322,0
373,672,1
303,1188,0
72,253,0
510,823,0
272,238,1
263,261,0
514,867,0
183,778,0
467,270,0
126,536,1
564,612,1
565,25,0
126,884,0
448,1101,0
171,642,0
475,841,0
56,865,0
104,453,0
274,735,1
159,780,0
130,775,1
363,304,0
60,558,1
18,785,0
467,1055,0
427,699,0
169,646,0
524,754,0
448,337,0
92,634,1
522,479,0
276,257,0
309,547,0
387,83,0
327,453,0
291,123,0
207,273,1
564,879,0
431,482,0
328,839,0
453,773,1
43,311,0
184,734,0
556,330,0
266,770,0
132,479,0
522,769,0
123,328,1
113,844,0
313,977,0
431,513,1
405,221,0
32,725,1
389,334,0
159,650,1
209,497,1
214,82,0
456,276,0
292,177,0
347,472,1
522,567,0
328,250,0
235,174,0
329,530,1
15,979,1
29,631,0
448,432,0
400,266,0
178,851,0
341,366,0
223,566,0
227,523,1
303,380,0
108,125,0
353,528,0
331,675,0
292,632,0
346,116,0
478,253,0
276,638,1
456,850,1
380,775,1
19,787,1
214,537,1
173,952,0
194,782,1
227,21,0
84,3,0
44,311,0
406,419,1
518,225,0
1,393,0
32,101,0
72,568,0
232,906,0
9,1019,0
84,944,0
104,1154,0
201,474,1
379,332,0
49,275,0
116,707,0
249,147,0
84,776,0
169,666,0
420,907,1
523,637,1
555,322,0
362,848,0
64,238,0
88,546,0
442,3,0
176,264,0
354,843,0
223,297,0
99,319,0
230,917,1
523,262,0
304,631,0
48,231,0
154,823,0
342,668,0
209,776,0
467,169,0
227,302,0
110,691,0
194,4,0
330,663,0
132,225,0
100,636,0
353,516,0
544,278,0
16,775,0
52,473,0
531,733,1
155,276,0
329,532,1
77,151,0
319,664,1
318,221,0
431,552,0
56,743,1
9,239,0
59,284,0
124,652,1
99,229,0
276,549,0
101,639,1
316,651,1
267,510,0
156,681,1
198,374,0
51,955,0
251,198,1
251,830,0
378,341,0
274,779,1
7,275,0
101,577,1
169,735,1
417,327,1
192,786,0
171,847,0
126,202,0
378,839,1
123,792,1
165,477,1
346,59,0
81,635,0
183,287,0
201,686,1
156,65,0
138,233,0
241,661,0
95,230,0
448,1010,0
251,1179,0
49,227,0
515,199,0
513,260,0
162,1029,0
436,788,0
43,524,1
176,849,1
145,935,0
172,430,0
486,237,0
499,422,0
558,564,1
448,982,1
169,229,0
467,211,0
436,519,0
159,774,0
339,870,0
204,829,0
386,567,0
176,778,1
36,530,1
313,923,0
7,879,0
125,315,0
13,819,1
446,250,0
306,727,0
292,843,0
89,666,0
82,513,1
266,44,0
287,474,1
521,754,1
297,852,1
52,513,1
222,710,0
320,309,0
487,513,1
416,0,1
224,610,0
271,223,0
126,24,0
2,847,0
519,569,1
484,309,1
313,638,0
209,242,0
229,251,0
343,657,1
356,663,1
223,238,0
477,59,0
291,513,1
95,319,0
362,710,1
468,536,1
114,295,0
171,643,1
539,559,0
201,479,1
509,504,1
159,335,0
276,947,0
361,322,0
478,776,1
159,666,1
427,648,0
419,550,1
48,482,0
568,533,1
132,1011,1
386,826,0
251,941,0
223,163,0
455,352,0
43,608,0
230,327,0
223,828,0
519,505,1
340,101,0
102,18,0
292,523,1
511,569,1
84,692,0
443,276,1
392,478,0
329,615,0
169,784,1
550,885,1
29,850,0
297,979,0
5,710,0
93,780,0
343,566,0
469,243,0
249,672,0
101,839,1
328,74,1
478,534,1
37,786,0
328,265,0
444,772,0
362,1024,0
386,791,0
101,858,1
571,778,1
282,770,1
229,149,0
373,643,0
260,820,0
432,789,0
559,171,0
243,531,1
95,947,0
202,571,0
110,520,0
473,662,0
72,549,0
432,834,0
419,117,0
514,844,0
214,709,1
272,499,0
92,667,0
445,249,0
263,705,1
329,732,0
460,233,0
55,117,0
461,737,1
336,661,0
37,843,0
500,565,0
374,724,0
23,528,0
380,649,1
373,1017,0
518,853,0
522,711,0
491,30,0
421,99,0
563,834,0
16,259,0
243,914,0
473,523,1
163,905,1
41,777,0
72,122,0
354,293,0
190,422,0
559,496,1
201,510,1
503,528,0
91,708,0
530,903,0
313,905,0
467,64,0
36,835,0
262,251,0
476,308,0
73,276,0
328,821,1
395,123,0
184,660,0
4,653,0
359,327,0
222,675,0
460,502,0
8,926,0
546,682,0
292,824,0
7,248,0
443,937,1
235,558,0
359,821,0
210,262,0
4,339,0
99,711,1
339,742,0
59,6,0
13,785,1
61,786,1
383,245,0
219,113,0
9,574,1
19,528,0
266,23,0
386,297,0
291,229,0
276,72,0
292,0,0
81,337,0
251,329,0
183,529,0
247,962,0
510,816,1
224,272,0
132,821,1
297,243,0
236,564,0
176,267,0
156,18,0
211,254,0
169,756,1
310,677,1
414,10,0
155,784,1
251,894,1
15,354,0
297,394,0
59,274,0
363,386,0
27,656,1
491,236,0
140,658,0
524,265,0
565,161,0
564,490,1
274,651,0
104,1022,0
425,529,1
243,554,0
158,1120,0
32,940,0
417,161,0
560,775,1
421,547,0
412,516,1
154,262,0
308,157,0
460,546,0
339,655,0
387,125,0
515,761,0
297,357,0
362,412,0
93,179,0
328,530,1
417,652,1
66,257,0
343,550,0
9,525,1
78,904,1
386,852,0
9,638,0
568,336,0
167,524,1
155,258,0
410,10,0
518,844,0
518,820,1
219,639,1
227,292,0
253,47,0
186,941,0
476,936,0
274,769,0
95,292,0
436,851,0
508,283,1
277,892,1
32,923,0
448,999,0
397,552,0
331,639,1
443,274,0
0,177,0
365,501,0
473,6,0
113,260,0
159,916,0
25,223,0
1,266,0
519,177,1
568,659,1
108,526,1
4,838,1
138,151,0
9,513,0
491,855,0
137,57,0
251,849,1
309,731,0
472,707,0
251,511,1
508,666,0
319,531,1
183,535,1
46,315,0
544,639,0
9,1027,0
143,210,0
316,641,1
515,708,1
154,203,0
24,902,1
169,609,0
138,1015,1
94,645,0
263,845,1
259,253,0
443,671,1
276,916,0
60,727,0
467,650,0
341,832,0
188,296,0
6,281,0
104,961,1
303,950,0
522,70,0
145,972,0
56,280,0
314,104,0
432,969,0
110,57,0
319,270,0
164,651,1
291,500,1
526,368,0
65,821,0
361,355,0
36,837,0
379,719,1
120,293,0
356,293,0
443,244,0
43,828,0
247,976,0
346,495,1
328,834,0
36,634,0
316,657,1
32,865,0
114,610,0
467,575,0
19,300,0
110,862,0
104,892,1
80,82,0
126,735,0
564,117,0
467,845,0
356,561,1
417,1017,1
157,564,0
91,562,1
2,836,1
231,722,1
554,530,0
448,536,1
380,668,0
341,1004,0
227,132,0
17,246,0
219,535,1
362,863,1
480,907,1
8,512,1
565,533,1
150,292,0
151,849,0
141,563,0
417,226,0
564,280,0
532,54,0
436,182,1
568,531,1
494,251,0
283,235,0
43,521,0
191,333,0
511,759,0
448,978,1
46,70,0
155,640,1
244,253,1
353,0,0
329,224,0
98,325,0
510,815,0
32,946,0
78,255,0
439,869,0
164,274,0
159,943,0
173,948,0
373,876,0
352,256,0
26,778,1
555,955,0
503,224,0
251,472,0
386,515,0
288,260,0
72,864,0
283,662,1
343,649,1
125,317,0
101,935,0
16,645,0
357,1028,0
198,1027,0
158,921,0
110,771,0
36,557,0
433,7,0
36,504,1
518,713,0
152,902,0
144,221,0
292,845,0
328,788,0
99,636,0
4,828,0
207,262,0
310,712,1
23,510,0
13,927,0
436,633,0
118,828,0
436,665,1
164,816,0
219,253,0
532,482,0
519,615,1
18,260,0
150,279,0
353,234,0
439,758,0
292,763,0
363,335,0
444,773,0
497,899,1
64,775,1
417,272,0
71,737,1
316,771,1
508,770,1
30,311,0
169,825,0
522,639,1
234,847,0
373,575,1
159,840,0
154,56,0
475,785,1
191,331,0
50,227,0
26,241,0
363,953,0
363,914,0
219,237,0
461,850,1
132,333,0
68,846,1
362,330,0
8,45,1
59,118,0
326,99,0
559,845,0
448,378,0
73,854,0
432,973,0
29,574,1
29,645,0
507,747,0
19,112,0
447,772,1
521,324,1
116,242,0
154,480,0
227,272,0
170,900,1
463,249,0
158,357,0
568,256,0
249,855,0
475,129,0
374,823,1
278,927,0
521,840,0
95,297,0
526,954,0
356,298,0
535,319,0
395,556,0
565,644,0
166,132,0
20,241,0
68,339,0
443,162,0
427,474,1
126,870,0
357,495,1
267,495,0
143,162,0
544,247,0
503,524,0
91,239,0
518,179,0
328,651,1
110,615,0
56,631,0
524,200,0
341,400,0
164,237,0
230,348,0
132,304,0
52,51,0
64,333,0
477,561,0
430,559,0
334,896,1
472,754,0
518,887,0
1,859,0
113,782,1
448,253,0
437,475,1
448,1050,1
165,652,1
412,657,0
155,249,0
454,49,0
77,647,0
224,560,1
234,843,1
68,917,0
64,650,1
219,355,0
101,900,1
347,533,1
158,368,0
214,779,1
1,559,1
483,241,0
101,302,0
362,337,0
43,302,0
55,229,0
448,923,0
313,1171,0
329,480,0
150,323,0
9,268,0
480,256,0
417,1097,0
227,174,1
329,709,0
26,641,1
512,101,0
350,311,0
224,840,0
344,274,0
433,125,0
94,675,0
249,827,0
491,837,1
425,243,0
77,880,0
390,272,1
519,613,1
183,564,0
397,547,0
374,881,0
64,256,0
84,330,0
167,521,0
357,944,0
8,278,0
166,22,0
402,908,0
152,903,0
92,303,0
475,531,1
180,761,1
247,566,0
207,665,0
564,505,0
261,687,1
491,526,1
433,770,0
19,610,0
559,529,0
467,407,0
511,773,0
399,98,0
0,566,0
13,783,1
295,326,0
19,513,0
84,636,0
448,560,0
4,717,1
37,758,0
4,297,0
1,359,0
89,859,0
565,503,0
541,574,1
329,251,0
36,351,0
292,854,0
500,629,0
173,973,0
417,863,0
389,897,0
267,707,0
81,127,0
395,955,0
526,1088,1
150,287,0
64,111,0
254,787,0
273,76,0
99,652,1
1,933,0
243,523,1
223,723,1
155,769,0
135,55,0
247,576,1
297,1000,0
387,856,0
473,154,0
183,231,0
180,61,0
4,41,0
77,481,1
156,272,0
141,511,1
49,828,0
239,223,0
230,926,1
388,649,1
426,912,0
491,296,0
564,231,0
339,244,0
400,847,0
371,260,0
104,1161,1
224,110,0
431,515,1
565,74,0
427,558,1
514,752,0
412,652,0
472,716,0
519,568,1
204,847,0
328,885,1
521,72,0
477,615,0
347,474,1
236,269,0
291,660,0
101,322,0
313,576,0
276,363,0
283,236,0
99,523,1
313,961,0
1,273,0
235,525,0
7,266,0
92,685,1
19,566,0
94,648,0
417,360,0
518,562,1
113,823,0
386,708,0
524,474,1
114,615,0
132,292,0
155,569,1
99,255,0
521,921,0
245,228,0
64,914,0
72,707,0
282,316,0
300,220,0
374,885,0
201,319,0
6,769,0
357,757,0
359,325,0
467,784,0
77,731,0
166,773,0
156,556,0
369,101,0
499,415,0
339,661,1
84,699,0
99,175,0
343,231,0
126,647,0
32,827,0
564,629,0
169,661,0
319,315,0
565,660,0
138,631,0
107,653,1
297,707,0
343,299,0
94,249,0
56,546,1
64,294,0
417,956,0
568,126,0
178,649,1
425,857,0
428,134,0
189,683,1
362,753,0
55,577,1
297,474,1
525,787,0
60,137,0
427,109,0
91,680,1
92,666,1
19,265,0
173,1053,0
235,541,0
162,360,0
541,9,0
101,514,1
99,519,1
353,666,0
339,270,0
101,68,0
166,253,0
526,951,0
183,233,0
436,941,0
452,229,0
292,530,1
487,776,1
449,1011,1
555,275,0
100,270,0
173,903,0
313,445,0
469,241,0
276,658,0
59,278,0
475,859,0
532,513,1
77,474,1
58,259,0
413,650,1
73,850,1
436,333,0
209,317,0
467,1073,0
531,729,0
527,820,0
541,59,0
353,275,0
9,902,1
110,2,1
421,174,0
120,961,0
362,547,0
309,318,0
36,323,0
38,238,0
521,817,1
521,856,0
555,334,0
563,157,0
156,662,1
222,755,0
123,308,0
436,1015,1
46,636,0
555,9,0
521,946,0
84,354,0
447,687,0
108,654,1
52,503,1
361,346,1
267,151,0
5,749,0
329,528,0
357,668,0
417,645,0
143,101,0
518,707,0
169,334,0
81,632,0
120,337,0
92,732,0
11,503,1
514,9,0
158,958,0
267,472,0
483,505,0
346,504,1
522,532,1
282,708,1
563,655,0
306,710,1
230,942,1
137,532,1
1,778,1
4,533,0
7,710,0
556,651,0
20,245,0
398,19,0
59,167,0
292,860,0
64,144,0
49,846,1
110,842,1
362,292,0
374,732,0
297,954,0
229,473,1
361,772,1
227,30,0
9,630,0
37,779,0
436,1009,0
142,532,1
414,479,1
526,566,0
104,451,0
490,648,0
469,240,0
564,335,0
455,326,0
511,834,0
251,837,0
113,525,1
3,229,0
565,103,0
155,648,0
432,966,0
385,220,0
166,252,0
468,31,0
467,1030,0
392,836,0
296,252,0
32,571,1
173,363,0
568,982,0
213,107,0
356,315,1
49,856,0
17,652,1
397,774,0
515,495,1
328,72,0
392,502,0
219,181,0
247,271,0
348,780,0
249,226,0
319,536,1
183,642,0
559,567,0
156,581,1
8,332,1
343,846,0
119,938,0
18,787,0
156,239,0
560,759,0
19,920,0
378,766,0
503,944,0
373,351,0
428,583,1
491,577,0
356,482,0
362,818,0
380,657,1
436,643,0
4,552,0
219,353,0
303,1100,1
55,552,0
103,434,0
292,838,0
341,430,0
44,551,0
27,770,0
27,275,0
236,651,1
473,233,0
531,865,0
84,270,0
556,861,0
517,684,0
523,258,0
511,741,1
563,258,0
9,714,0
1,844,0
309,289,0
228,101,1
353,640,1
478,92,0
56,714,0
473,574,1
419,525,1
455,788,0
8,126,0
313,282,0
155,253,0
536,204,0
341,1188,0
184,709,0
563,175,0
241,233,0
476,331,0
251,478,0
88,122,0
126,476,1
339,298,0
273,662,0
222,691,0
339,317,0
72,230,0
483,578,1
249,272,0
100,641,1
386,91,1
313,1111,0
436,919,0
227,226,0
521,1009,0
491,723,0
155,951,0
473,237,0
366,966,1
223,546,0
379,295,0
559,730,1
276,117,0
43,472,1
85,781,1
442,513,1
1,239,0
442,522,1
236,480,0
554,512,1
162,1034,0
398,121,0
274,250,0
425,0,0
361,17,1
297,496,1
249,127,0
475,322,0
126,779,0
241,658,0
7,769,0
101,505,1
18,507,1
503,928,0
223,773,0
166,220,0
436,256,0
251,79,1
4,6,0
317,23,0
351,227,0
431,502,1
469,567,0
417,669,1
173,908,0
48,658,1
122,569,1
50,313,1
452,313,0
307,1026,1
51,826,1
341,1048,0
60,476,1
292,664,0
32,662,1
132,381,0
34,552,1
448,412,0
76,801,1
77,494,1
398,528,0
343,853,1
467,1113,0
568,1038,0
297,495,1
99,243,0
36,286,0
13,365,0
354,871,1
354,275,0
30,310,0
309,518,1
209,250,0
503,765,1
511,274,0
56,711,0
341,1091,0
569,746,0
285,572,1
237,128,1
346,480,0
201,770,0
72,646,0
37,708,1
25,239,0
357,240,0
158,919,0
491,733,0
353,714,0
560,347,0
332,790,0
57,227,0
509,510,1
434,894,1
386,649,1
43,498,1
486,224,0
198,955,0
432,1037,0
475,665,0
332,784,1
151,21,0
276,778,1
95,15,0
425,475,1
104,402,0
159,640,0
475,864,0
448,501,1
431,532,0
297,934,0
304,174,0
487,313,0
251,222,0
356,533,1
21,263,0
64,631,0
114,326,0
179,243,0
417,914,0
412,774,0
24,908,0
91,199,0
432,297,0
269,910,1
251,1147,0
251,829,1
145,352,0
565,303,0
461,699,0
318,244,1
212,495,0
4,151,0
392,526,1
135,192,0
397,554,1
368,786,1
300,578,1
99,768,1
156,293,0
362,831,0
198,1029,0
555,723,1
70,802,0
515,476,1
110,733,0
230,951,0
313,1115,1
387,255,0
135,59,1
511,220,0
397,355,0
49,108,0
364,909,0
156,240,0
235,538,0
543,101,0
49,234,0
226,947,0
292,625,0
251,1161,1
110,776,0
491,769,1
8,275,0
397,953,0
205,201,0
270,1021,0
417,654,1
74,111,0
9,896,1
97,467,0
495,125,0
521,481,0
116,639,0
164,256,0
473,582,1
357,846,0
421,501,1
379,711,1
150,270,0
171,841,0
29,281,0
468,104,0
400,853,0
564,648,0
95,257,0
357,293,0
84,575,1
251,929,0
34,553,1
339,246,0
247,963,0
573,315,0
64,321,0
29,570,1
483,569,1
297,309,0
181,780,0
347,325,0
417,370,0
336,665,1
398,482,0
487,643,1
122,608,1
373,501,1
460,227,0
356,649,0
36,309,0
38,645,0
356,558,1
223,325,0
181,275,0
77,253,0
159,233,0
477,6,0
7,118,0
329,235,0
223,57,0
48,709,0
126,836,0
49,726,0
555,668,1
101,970,0
119,1009,0
395,295,0
166,257,0
555,938,0
56,298,0
514,840,0
235,116,0
560,821,0
478,192,0
43,69,0
276,254,0
48,252,0
448,577,1
325,773,0
14,716,0
430,609,1
110,532,0
209,528,1
267,228,0
267,787,0
234,837,1
427,613,0
201,351,0
104,405,0
517,638,1
59,117,0
183,505,0
214,293,0
378,290,0
568,977,1
571,776,1
94,654,1
48,662,0
124,707,0
328,308,1
72,204,0
288,708,0
523,733,1
373,254,0
263,714,0
379,282,0
64,632,0
113,682,0
274,247,1
223,70,0
9,495,1
467,662,0
26,274,0
124,228,0
8,773,1
108,778,0
451,777,0
158,446,0
433,714,0
52,495,1
461,253,0
434,257,0
259,257,0
198,1010,0
209,271,0
110,233,0
503,925,0
313,833,0
261,274,0
202,132,0
356,300,0
475,525,1
362,323,0
113,707,0
297,251,0
287,548,0
159,532,0
506,785,1
443,312,0
563,230,0
380,681,1
483,564,0
328,780,1
236,773,0
113,840,0
509,574,0
395,837,0
444,707,1
93,254,0
571,236,0
173,909,0
201,333,0
213,309,1
524,342,0
361,926,0
417,726,1
303,433,0
417,475,1
180,232,0
61,783,1
421,517,0
72,655,0
467,480,0
74,44,0
460,481,0
525,739,0
392,712,1
521,151,0
341,450,0
55,482,0
149,825,0
511,267,0
239,319,0
541,101,0
452,226,0
469,311,0
401,118,0
110,250,0
568,520,1
5,725,1
525,749,0
154,661,0
554,313,0
295,302,0
343,778,0
564,847,0
417,893,0
178,838,0
503,216,0
451,778,1
316,282,0
11,510,1
297,909,0
356,773,1
433,497,0
424,257,0
401,516,1
100,769,0
154,326,0
455,321,0
214,298,0
356,864,0
18,775,0
44,559,1
386,250,0
23,495,1
101,574,0
467,1126,0
165,312,0
243,950,0
66,666,1
159,933,1
298,657,0
19,278,0
299,100,0
68,709,1
395,327,0
377,234,1
165,76,0
174,129,0
56,550,0
467,167,0
496,335,0
260,863,1
43,254,0
362,258,0
137,528,0
563,24,0
313,569,0
512,502,0
100,271,0
224,561,1
138,523,1
238,281,0
512,84,0
119,968,1
36,873,0
186,321,0
292,721,0
352,240,0
165,102,0
475,718,1
154,580,0
104,1108,0
515,778,0
180,615,1
9,254,0
123,341,0
456,252,0
555,903,0
297,1030,0
338,906,1
126,639,0
35,864,0
373,535,1
73,845,0
292,769,0
89,643,0
35,849,0
93,84,0
59,730,0
362,752,0
244,892,1
430,151,0
44,133,0
36,937,0
165,1,0
336,323,0
223,670,0
159,826,0
478,324,0
343,239,0
135,221,0
477,63,0
508,278,1
537,1096,1
13,279,0
101,653,1
427,642,0
55,124,0
313,327,0
202,126,0
237,28,0
544,256,0
513,667,0
400,777,1
472,769,1
137,643,1
422,785,1
32,474,0
72,853,0
120,333,0
467,916,0
307,969,1
555,671,0
163,260,0
319,668,1
449,939,1
461,670,0
270,781,1
191,927,0
186,357,0
4,924,0
72,573,1
468,67,1
95,535,0
398,522,0
451,708,0
140,262,0
339,550,0
526,462,0
94,670,0
223,837,1
6,744,0
125,654,0
4,645,0
183,848,0
346,35,0
451,713,0
77,638,1
496,825,0
43,480,0
434,896,1
104,1042,1
72,495,1
343,88,0
511,473,1
525,838,1
4,504,1
227,178,0
503,646,0
436,768,0
343,316,0
509,633,0
467,931,1
162,367,0
421,536,1
452,0,0
56,304,0
227,278,0
8,772,1
177,338,1
113,663,1
90,308,1
491,565,0
356,504,1
132,276,0
535,514,1
389,394,0
478,778,0
251,683,0
168,518,0
89,656,0
362,359,0
29,854,0
342,280,0
198,426,0
500,154,0
362,495,1
365,312,0
66,710,0
1,251,0
9,381,0
121,251,0
292,174,0
212,531,0
95,827,0
209,280,0
189,707,1
249,300,0
457,328,0
449,326,0
514,826,0
137,576,1
448,682,0
517,772,1
497,895,1
245,222,0
356,646,1
564,338,0
124,260,1
467,580,0
276,608,0
559,262,0
9,482,0
417,994,0
313,599,1
467,820,0
449,368,0
235,513,1
335,640,1
413,255,0
421,10,0
460,495,1
64,482,1
84,680,0
476,822,0
491,273,0
370,669,0
143,580,0
448,815,1
449,330,0
322,825,0
51,408,0
93,667,0
165,513,1
397,823,1
29,282,0
277,900,1
362,326,0
19,253,0
268,258,1
565,850,0
209,662,0
357,834,0
169,218,0
528,535,0
300,187,0
363,959,0
571,771,1
313,334,0
425,238,0
313,495,1
181,270,0
8,650,0
287,138,0
436,954,0
99,566,0
428,228,0
48,781,1
518,114,0
32,335,0
266,515,0
99,171,0
487,667,1
443,761,1
160,222,0
357,476,1
183,843,0
137,271,0
521,325,0
138,1011,1
329,117,0
557,909,0
315,846,1
309,503,0
45,415,0
64,837,1
231,275,0
467,611,0
158,1025,0
389,953,0
297,972,1
522,505,1
130,772,1
137,238,0
306,285,0
301,248,0
472,708,1
522,190,1
37,937,0
362,339,0
203,88,0
91,573,1
180,680,0
126,533,1
461,680,0
183,560,1
128,655,1
91,771,1
562,853,0
341,1014,0
346,558,1
418,893,0
362,714,0
386,476,0
12,776,0
446,819,1
59,250,0
565,654,0
85,820,0
329,642,1
507,857,0
447,668,0
511,739,1
32,785,1
263,268,0
480,472,0
43,57,0
162,992,0
391,846,0
336,770,1
434,254,0
478,331,0
562,787,1
353,638,0
108,515,1
249,271,0
309,337,0
19,269,0
2,855,1
159,853,0
433,480,0
153,221,0
559,531,1
309,323,0
361,560,1
71,707,1
173,937,0
400,277,0
173,1203,0
1,1009,0
379,133,0
204,763,0
507,853,0
137,560,0
110,154,0
395,324,0
60,712,1
556,659,1
143,613,0
402,893,0
319,770,0
36,150,0
392,251,0
174,437,0
154,636,0
563,245,0
9,363,0
428,553,0
178,272,1
522,230,0
156,299,0
483,537,1
201,329,0
162,904,0
1,838,1
339,311,0
559,772,1
286,252,0
556,776,0
158,923,0
227,529,1
8,929,0
309,309,0
352,639,0
126,30,0
183,558,1
251,966,0
59,532,1
305,771,1
49,192,0
110,238,0
436,667,0
98,356,0
431,236,0
524,275,0
503,783,0
60,778,0
395,351,0
568,847,1
531,716,0
313,518,1
101,311,0
467,920,0
207,710,0
453,710,0
526,51,0
113,772,1
94,223,0
56,648,0
93,548,1
214,559,0
320,675,1
560,820,0
404,651,1
544,654,1
126,172,0
49,488,1
267,657,0
195,574,1
138,839,1
202,482,0
565,663,0
291,132,0
373,272,1
297,711,1
425,520,0
110,734,0
77,857,0
417,500,0
180,824,0
256,422,0
266,855,0
387,690,0
303,415,1
93,481,0
238,855,0
227,270,0
433,475,1
342,256,0
401,481,0
49,174,1
343,194,0
341,416,0
457,818,0
156,322,0
469,634,0
467,818,0
319,472,0
392,716,0
7,83,0
10,249,0
368,849,0
43,176,0
309,935,0
487,632,1
214,299,0
392,245,0
108,670,1
357,772,1
276,660,1
113,646,0
475,640,1
180,860,0
443,357,0
315,271,0
309,815,0
461,257,0
457,819,0
531,717,1
84,325,0
386,576,1
425,293,0
285,578,1
30,238,0
110,298,0
563,276,0
187,312,0
124,475,1
132,930,0
563,560,0
1,511,1
201,343,0
297,390,0
402,898,0
1,52,0
467,1103,1
245,658,0
180,238,0
273,133,0
491,274,0
189,254,0
470,662,0
180,819,1
119,335,0
398,608,1
108,516,0
384,779,1
548,830,0
18,858,0
249,232,0
518,472,0
168,149,0
335,636,0
536,579,1
475,776,0
188,273,0
166,714,0
365,472,0
165,530,1
343,475,0
357,496,1
68,818,1
13,959,0
339,872,0
309,756,0
124,275,0
419,0,0
101,262,0
363,983,0
195,565,0
18,942,0
362,1010,0
218,141,1
526,712,1
470,667,0
126,653,0
187,58,0
149,652,1
319,234,1
181,855,0
272,510,0
15,920,0
431,566,1
291,315,0
251,1178,0
436,834,0
210,896,1
327,455,0
329,668,0
328,52,0
526,1170,0
132,353,0
446,864,0
37,713,0
188,783,1
571,656,1
457,828,0
467,279,0
309,29,0
386,100,0
267,237,0
392,746,0
207,734,0
387,510,1
27,287,0
346,176,0
395,330,0
113,847,0
43,221,0
46,639,0
362,654,1
398,779,0
173,1185,0
82,477,0
272,137,0
180,885,0
13,337,0
193,898,1
93,32,0
386,329,0
431,614,1
114,520,1
515,335,0
185,278,0
19,935,0
568,824,1
201,225,0
351,311,0
422,826,0
84,350,0
201,916,1
201,680,0
503,612,0
560,344,0
544,709,0
565,834,0
517,646,1
467,909,0
436,335,0
518,190,0
51,406,0
243,716,0
448,243,0
412,482,1
84,488,1
555,1033,0
92,294,0
468,547,0
0,608,0
23,527,0
332,810,0
166,769,1
466,836,0
43,523,1
386,786,0
348,267,0
547,637,0
36,659,0
18,662,0
249,790,0
201,769,1
92,233,0
487,661,1
392,318,0
93,775,0
7,256,0
417,931,0
472,292,1
36,223,0
417,659,1
313,500,1
158,375,0
481,127,0
447,683,0
395,546,0
398,305,0
164,637,1
46,131,0
436,315,0
386,533,0
518,515,1
51,786,0
363,363,0
381,235,0
300,311,0
563,640,1
154,560,0
297,112,0
550,271,0
266,196,0
389,947,0
341,380,0
317,65,0
362,920,0
163,896,0
524,609,0
554,598,1
9,494,0
292,228,0
180,172,0
564,283,0
48,714,0
109,249,0
92,665,1
400,289,0
417,421,1
30,231,0
46,642,1
251,243,0
104,1031,0
18,577,0
260,58,0
36,502,1
273,560,0
398,669,1
227,634,1
427,237,0
202,577,1
95,251,0
475,283,0
398,563,0
292,583,0
19,636,0
9,230,0
431,232,0
428,220,0
154,179,0
148,126,0
120,274,0
361,274,0
373,565,0
110,768,0
140,257,0
356,226,0
347,609,1
81,536,1
204,843,1
54,280,1
443,840,0
209,614,1
261,260,0
251,230,0
518,649,1
251,647,0
431,503,1
521,742,0
436,17,0
319,293,0
325,328,0
568,225,0
309,846,1
48,672,1
412,718,0
60,237,0
283,239,0
379,343,0
533,272,1
88,51,0
219,510,1
467,501,1
95,830,0
138,773,0
467,646,0
315,871,1
78,903,1
189,257,0
328,170,0
469,576,0
49,299,0
528,531,1
397,954,0
467,281,0
159,197,0
238,820,0
113,670,0
14,714,0
100,815,1
424,131,1
192,264,0
555,858,0
155,776,1
417,786,0
425,710,1
473,510,0
303,938,0
51,395,0
37,341,0
219,641,1
19,292,0
157,482,1
318,317,0
324,532,1
19,658,1
319,567,0
43,34,0
227,852,1
536,608,0
251,419,0
110,241,0
477,566,0
556,664,1
154,521,0
104,946,0
436,228,0
443,929,0
559,738,0
232,419,0
93,610,1
323,906,0
158,1116,0
365,525,0
404,256,0
346,475,1
29,272,0
511,708,0
187,515,1
550,815,1
343,658,1
526,246,0
315,872,1
533,658,1
282,711,1
565,540,0
272,652,1
483,224,0
467,404,0
99,736,1
4,500,0
365,220,0
425,233,0
417,730,1
503,647,0
509,11,0
387,226,0
187,567,0
1,858,1
389,898,0
449,924,0
7,487,1
121,636,1
319,712,1
519,565,0
108,780,1
346,192,0
106,892,1
357,994,0
60,779,0
169,834,0
371,259,0
98,787,0
524,863,0
362,667,0
201,920,1
511,190,1
50,640,0
219,740,1
201,657,0
357,511,0
310,254,0
433,723,0
444,258,0
61,781,1
59,710,0
123,817,1
251,323,0
209,658,1
307,426,0
448,478,0
263,710,1
491,711,1
287,119,0
526,474,1
445,239,0
457,270,0
101,657,0
523,252,0
143,505,0
460,312,0
164,785,1
512,193,0
535,575,0
257,268,1
555,328,0
196,206,0
568,632,1
521,67,1
65,885,0
94,666,1
336,710,0
387,222,0
432,858,0
334,909,0
426,442,0
123,355,0
155,574,0
113,770,0
573,222,0
315,760,1
9,278,0
389,0,1
313,1135,1
187,198,0
411,266,0
98,321,0
82,193,0
487,772,1
276,270,0
356,317,1
147,481,0
194,845,1
22,101,0
363,950,0
46,498,0
547,641,0
114,652,1
392,859,0
559,233,0
251,672,1
8,354,0
95,919,0
213,118,0
60,707,1
293,634,0
361,328,0
512,47,1
380,262,0
159,917,0
362,861,0
81,5,0
560,823,1
328,711,1
104,386,0
110,702,1
353,756,1
35,862,0
155,1012,0
331,258,1
512,49,0
397,195,0
467,1038,0
384,769,1
156,171,0
56,272,0
417,951,0
191,963,0
236,496,1
266,501,0
18,305,0
159,938,0
511,260,0
19,327,0
188,658,1
554,495,1
32,714,0
357,566,0
553,674,1
511,278,0
467,330,0
273,161,0
412,645,0
518,547,0
158,372,0
1,313,0
23,6,0
347,610,1
323,113,0
16,651,0
470,278,0
92,699,1
511,872,0
303,1163,0
563,845,0
415,645,0
329,648,0
409,895,1
565,473,0
6,723,0
319,298,0
392,781,0
58,248,0
341,1157,0
389,904,0
521,970,0
124,258,1
1,850,0
165,177,0
117,43,0
124,712,0
171,225,0
375,251,0
446,817,1
362,480,1
186,827,0
309,158,0
320,232,0
363,977,1
559,819,0
380,639,1
389,906,1
503,527,0
373,944,0
342,649,1
1,531,1
36,325,0
551,4,0
553,681,1
230,336,0
395,56,0
518,502,1
307,439,0
451,712,0
157,562,1
29,643,1
159,632,0
315,264,0
417,1084,1
532,119,0
224,523,1
448,476,1
43,308,0
391,877,0
138,917,0
25,317,0
128,774,0
118,295,0
568,652,1
343,276,0
155,727,0
511,646,0
424,249,0
68,334,0
137,177,0
559,770,0
251,477,1
140,642,0
219,782,1
3,233,0
279,895,1
328,206,0
357,909,1
467,1133,0
9,1009,0
68,834,0
249,572,0
148,135,0
143,482,0
114,659,1
354,254,0
519,199,0
431,105,0
122,572,1
180,309,1
154,479,0
531,282,0
309,662,1
353,510,1
387,529,1
260,171,0
120,1025,0
132,498,1
460,63,0
188,712,0
353,752,0
521,241,0
401,494,1
169,546,1
343,773,0
363,362,0
285,608,0
99,163,0
297,865,1
109,291,0
511,548,0
448,962,1
191,908,0
104,374,0
274,766,1
507,735,0
373,648,0
29,838,0
345,646,0
478,249,0
64,332,0
223,106,0
361,877,1
108,54,0
309,295,0
77,639,1
420,906,0
555,738,0
526,12,0
48,2,0
198,1197,0
361,927,0
81,319,0
297,834,0
192,282,0
448,846,0
433,503,0
354,761,1
84,225,0
9,859,0
564,579,0
313,937,0
409,481,1
36,844,0
442,0,0
341,364,0
427,550,0
242,476,1
201,838,1
12,644,0
276,356,0
201,22,0
478,315,0
250,111,0
67,900,1
448,974,1
243,277,0
448,511,1
289,237,0
29,226,0
526,481,0
309,733,0
224,662,1
565,311,0
272,287,0
324,529,0
568,476,1
155,671,0
43,822,0
125,640,0
124,295,0
513,239,0
95,226,0
140,660,0
164,708,0
398,757,0
475,612,0
30,319,0
480,474,1
243,101,0
541,515,1
60,317,0
339,838,1
316,649,0
164,787,1
379,234,0
157,178,0
192,252,0
297,893,0
209,311,0
511,326,0
177,274,0
7,686,0
445,258,0
263,267,0
328,512,0
491,715,0
417,640,1
447,779,1
426,435,0
428,550,0
484,315,0
560,651,1
49,278,0
417,1048,0
503,716,1
109,777,0
184,776,1
161,829,0
198,1030,0
279,482,1
533,645,0
222,721,0
461,280,0
113,674,1
55,73,0
155,476,0
287,481,0
473,481,0
325,823,1
509,547,0
42,20,0
318,232,0
101,333,0
348,271,0
563,75,0
198,976,0
72,650,1
453,835,0
72,280,0
231,775,1
448,271,0
378,824,1
530,900,1
503,859,1
475,656,1
564,251,0
366,944,0
565,844,0
7,679,0
278,786,1
261,758,0
392,504,0
4,884,0
173,364,1
556,333,0
107,248,0
425,759,0
245,641,1
84,259,0
518,522,1
274,751,0
155,918,0
483,473,1
139,908,0
229,906,1
177,953,0
168,93,0
515,334,0
521,574,1
151,746,0
180,717,0
526,768,0
9,783,1
205,1,0
365,227,0
392,351,0
72,233,0
267,760,0
386,332,0
143,533,1
317,113,0
491,558,0
261,272,0
356,283,0
1,665,1
297,295,0
251,838,1
568,559,0
325,331,0
209,664,1
132,979,1
171,279,0
455,823,1
559,569,1
158,463,0
487,118,0
339,553,0
521,119,0
525,861,0
223,198,0
138,480,0
309,279,0
224,569,1
257,228,0
243,916,0
136,788,0
180,537,1
291,582,1
328,863,0
223,272,0
467,388,0
207,640,1
392,279,0
171,659,0
347,475,1
309,772,0
309,519,1
98,960,1
11,896,0
303,955,1
119,789,0
126,272,0
13,775,1
251,1019,1
262,532,1
309,300,0
509,110,0
486,651,0
313,717,0
104,955,0
303,1044,0
207,256,0
19,655,0
419,546,0
478,157,0
143,614,1
267,547,1
242,911,1
214,77,0
276,577,1
29,839,1
58,229,0
411,278,0
362,230,0
518,657,0
449,1028,0
511,521,1
526,763,0
313,1043,0
62,419,1
519,101,0
518,710,0
521,973,0
10,262,0
488,422,0
448,1090,0
503,708,0
161,801,1
262,510,1
6,287,0
523,255,0
374,750,0
202,209,0
104,970,1
315,725,0
211,261,0
526,1196,0
21,649,1
259,249,0
59,839,0
521,50,0
159,636,0
138,642,1
7,768,0
296,89,1
19,577,0
110,850,0
4,664,1
357,761,1
362,131,0
373,559,0
228,0,1
291,568,1
306,780,1
507,251,0
524,771,1
16,779,0
209,233,0
507,254,0
489,756,0
568,234,0
36,531,1
9,956,0
518,305,0
428,575,1
8,639,0
389,412,0
346,472,0
205,474,0
259,894,1
496,934,0
156,317,1
113,638,1
297,26,1
361,204,0
155,679,1
401,106,0
526,366,0
444,243,0
354,258,1
368,642,1
417,510,1
95,211,0
9,344,0
266,654,0
155,713,0
348,713,1
523,731,0
357,272,0
154,5,0
161,782,1
95,572,1
7,675,0
56,708,0
386,336,0
18,753,0
59,651,1
46,151,0
49,834,0
417,927,0
81,859,0
251,288,0
23,160,0
339,494,1
319,482,1
238,781,1
32,317,1
29,582,1
419,530,1
568,679,1
386,938,0
92,289,0
531,708,0
267,733,1
126,772,1
32,119,0
433,579,1
316,267,0
198,1042,1
50,319,1
19,777,0
305,279,1
361,194,0
487,258,0
230,959,0
395,234,0
128,775,1
523,780,1
564,828,0
95,225,0
392,864,0
194,825,0
362,380,0
555,481,1
29,650,1
95,648,0
390,270,0
126,259,0
236,211,0
529,58,0
149,282,1
236,663,0
21,780,1
379,546,0
448,1084,0
480,266,0
156,482,0
2,828,0
124,580,1
432,707,0
511,707,0
158,442,0
329,577,1
546,654,1
154,156,0
419,151,0
43,656,0
238,849,0
560,708,0
121,637,1
243,536,1
560,355,0
260,44,0
153,227,0
572,313,0
303,468,0
102,79,0
282,253,0
249,561,1
297,977,0
339,118,0
292,764,0
422,860,0
9,637,0
110,566,0
362,524,1
13,962,1
251,389,0
310,682,0
357,120,0
168,114,0
99,562,1
154,672,0
187,654,1
8,659,1
48,566,0
273,561,0
154,351,0
241,222,0
108,101,0
448,52,0
214,59,0
491,572,1
224,850,0
436,363,0
272,638,1
247,562,1
336,820,1
7,268,0
267,806,1
503,936,0
236,267,0
132,282,0
414,140,0
568,358,0
362,72,0
60,770,0
433,735,0
292,187,0
315,276,0
342,714,0
261,772,0
451,779,0
373,834,0
155,355,0
243,770,0
100,230,0
343,222,0
433,310,1
436,513,1
555,944,0
217,777,1
130,637,0
388,712,1
373,305,0
90,921,1
523,770,0
94,640,0
519,614,1
356,174,1
325,263,1
183,481,0
412,504,1
409,503,1
223,4,0
113,635,0
132,359,0
313,921,0
110,741,0
431,472,1
276,566,0
387,114,0
329,57,0
443,827,1
309,708,0
159,608,1
313,731,0
473,231,0
417,3,0
141,311,0
114,130,0
50,657,1
151,819,0
247,257,1
176,256,0
43,513,1
191,923,0
297,303,0
125,584,1
386,653,1
400,258,0
389,909,0
425,236,0
156,733,1
209,266,0
506,820,1
191,1029,0
71,710,0
573,521,1
99,253,0
227,848,0
191,911,0
154,670,0
132,642,1
363,276,0
27,786,1
178,289,0
292,840,0
60,259,0
113,314,0
347,929,0
137,786,1
194,834,0
309,217,0
478,151,0
251,911,1
251,382,1
542,903,0
341,913,0
159,200,1
132,41,0
397,858,0
181,286,0
313,204,0
191,335,0
101,637,0
214,234,0
16,249,0
158,1105,1
15,787,0
401,125,0
433,709,0
395,473,1
533,275,1
496,914,0
379,560,0
320,683,0
487,771,1
267,611,0
417,254,0
484,565,0
473,640,1
132,303,0
150,859,1
319,211,0
319,40,0
568,235,0
292,765,0
379,937,0
310,668,0
145,998,0
151,714,0
8,729,1
477,165,0
1,903,0
563,546,0
123,822,0
515,547,0
60,111,1
154,828,0
564,609,0
363,348,0
4,837,1
60,210,0
571,773,1
543,96,0
328,28,1
21,651,0
169,843,0
463,255,0
126,881,0
93,656,0
521,12,0
27,714,0
48,266,0
4,256,0
251,818,1
104,1114,0
29,279,0
496,352,0
267,692,0
426,475,1
518,316,1
511,672,0
9,682,1
9,292,0
95,253,0
461,681,0
526,776,0
373,482,0
452,577,0
365,520,0
88,311,0
332,812,0
155,714,0
1,47,0
1,737,0
475,327,0
568,707,1
427,658,0
397,226,0
188,852,1
158,1006,0
51,349,0
514,40,0
428,319,0
484,568,1
442,8,0
56,551,0
19,649,1
345,686,0
362,662,0
375,908,0
219,296,0
29,856,0
310,743,1
353,653,1
310,663,1
1,243,0
251,402,0
7,773,0
201,84,1
95,748,1
348,850,1
8,933,0
571,730,0
227,225,0
188,670,0
373,731,1
306,839,1
205,312,0
149,285,0
544,276,0
361,284,0
436,282,0
562,819,1
307,1150,0
201,845,1
348,287,1
308,79,0
365,581,1
191,341,0
272,276,0
289,643,0
19,715,0
261,221,0
124,317,0
297,249,0
150,321,0
110,278,0
101,953,0
503,772,0
100,816,1
446,863,1
378,295,0
219,717,1
524,641,1
393,261,0
173,896,1
368,293,0
391,879,0
138,644,0
276,325,0
213,222,1
81,826,0
568,307,1
184,757,0
469,648,0
231,729,0
377,233,0
339,848,0
309,754,0
60,256,0
564,772,0
176,855,1
168,501,1
329,777,0
164,823,0
1,300,0
38,233,0
470,669,0
18,855,0
378,759,1
95,773,0
363,929,0
119,966,0
124,304,0
339,332,0
483,525,0
89,285,0
503,778,0
392,285,0
19,768,0
7,3,0
339,561,0
15,822,0
270,332,0
226,994,0
14,734,1
467,649,0
169,125,0
223,775,1
379,344,0
18,825,0
128,277,0
18,959,0
163,894,1
113,615,1
109,332,0
242,910,1
104,1187,0
503,846,1
36,661,0
224,665,1
339,278,0
126,724,0
278,935,0
531,730,0
151,782,1
29,712,1
272,230,0
511,498,1
361,642,0
366,354,0
159,937,0
553,250,0
506,847,1
50,225,0
467,852,0
173,394,0
155,273,0
89,838,0
110,668,0
135,38,0
104,1112,0
100,667,1
292,251,0
159,550,0
43,526,0
378,302,0
46,82,0
273,44,0
436,233,0
43,617,0
216,660,1
130,714,0
150,847,0
120,1028,1
478,663,1
84,239,0
425,642,1
563,531,1
362,758,0
211,904,1
555,838,0
11,473,1
313,1110,0
17,780,0
397,327,0
313,769,0
533,644,1
249,860,0
1,83,0
110,739,1
180,194,0
455,347,0
378,284,0
287,523,1
359,273,0
81,0,0
559,768,0
309,651,1
560,322,0
46,527,0
313,1038,0
442,530,1
313,1170,0
108,511,1
259,251,0
73,277,0
560,333,0
56,222,0
109,704,0
557,907,1
150,788,0
344,876,1
184,739,0
255,236,0
386,564,0
236,53,0
116,245,1
425,104,0
314,789,0
249,238,0
537,1086,1
251,654,1
21,646,0
328,846,1
444,253,0
1,494,1
568,803,1
184,674,0
36,646,0
362,571,1
99,231,0
276,664,0
309,314,0
511,512,1
337,29,0
507,864,0
36,879,0
555,940,0
60,771,1
297,516,1
7,530,0
363,779,1
356,855,0
273,48,0
313,641,0
357,643,1
366,324,0
237,24,0
432,739,1
526,273,0
95,537,1
64,922,0
411,858,0
251,580,1
206,437,0
189,664,0
126,858,0
522,157,0
183,178,0
267,644,0
386,947,0
68,843,0
56,525,1
417,573,1
436,554,0
57,611,1
343,872,1
526,903,1
344,865,1
159,120,0
266,845,0
32,633,0
43,659,0
31,201,0
460,224,0
51,355,0
60,560,0
56,749,0
9,912,1
4,474,0
238,276,0
99,772,1
272,254,0
137,780,1
128,667,0
308,237,1
389,893,0
433,632,0
9,265,0
38,225,0
457,323,0
313,391,0
509,193,0
254,756,1
309,643,0
142,557,0
222,738,1
353,475,1
130,780,1
84,159,0
463,250,0
32,976,0
99,32,0
472,285,0
387,514,1
503,331,0
48,223,0
154,824,0
160,227,0
19,34,0
373,983,0
36,651,1
263,884,0
89,309,1
104,1159,0
13,328,0
491,843,0
535,19,0
58,224,0
219,236,0
282,722,1
29,236,0
491,228,0
166,227,0
389,968,0
36,501,1
55,170,0
198,1113,0
365,119,0
547,682,0
428,56,0
104,1195,0
343,535,1
493,98,1
108,256,0
32,817,1
183,862,0
491,238,1
126,231,0
137,300,0
132,927,0
467,578,0
277,260,0
132,503,0
559,776,1
297,660,0
35,726,0
248,264,0
439,823,1
313,1139,0
571,772,1
251,455,0
339,257,0
346,537,1
64,360,0
564,476,1
443,255,0
46,316,0
251,60,0
141,198,0
397,568,1
126,257,0
272,773,0
19,231,0
180,273,0
460,200,0
16,768,0
339,567,0
307,1097,0
173,1109,1
137,124,0
532,139,0
227,547,0
64,329,0
309,830,1
110,740,0
491,264,0
564,670,0
183,480,1
266,609,0
397,261,0
93,256,0
154,855,0
128,728,1
16,666,1
417,274,0
428,174,0
563,566,0
478,780,1
469,631,0
94,226,0
398,274,0
353,479,0
418,912,0
409,897,0
17,663,0
43,482,0
475,293,0
386,792,0
395,531,1
513,250,0
397,855,0
453,851,0
147,482,1
344,733,0
339,261,0
300,314,0
157,496,1
433,226,0
304,312,0
330,770,0
542,898,1
72,313,0
84,237,0
518,32,0
297,566,0
323,900,0
531,856,0
526,359,1
64,1016,0
491,226,0
432,1012,0
529,29,1
532,505,1
357,168,0
169,578,1
271,707,0
397,221,0
249,55,0
383,239,0
562,863,1
26,258,0
279,898,0
272,257,0
303,382,0
183,785,0
201,579,0
113,232,0
436,855,0
460,472,0
51,400,0
10,56,0
171,227,0
198,389,1
263,269,0
357,895,1
154,614,0
48,780,1
128,278,0
178,856,1
247,35,0
522,482,1
448,455,0
343,661,0
94,260,1
503,56,0
477,574,0
180,748,0
343,249,0
301,229,0
267,326,0
224,536,1
48,256,0
503,615,0
30,317,0
546,224,0
169,227,0
4,921,0
159,16,1
503,481,0
417,1027,1
395,654,1
157,131,0
9,298,0
249,160,0
511,578,1
243,645,0
46,312,0
526,475,1
433,511,1
384,651,1
81,734,0
573,566,0
19,536,1
8,839,1
95,719,0
555,246,0
209,249,0
554,317,0
427,503,1
425,280,0
397,782,1
113,865,0
425,711,0
356,95,0
273,316,0
556,682,0
400,267,0
460,314,0
261,259,0
135,791,0
507,780,0
266,708,0
95,128,0
110,242,0
303,1162,0
25,646,0
177,328,0
339,874,0
89,234,0
387,165,0
54,278,0
81,357,0
436,322,0
560,837,0
357,671,0
43,211,0
379,233,0
35,818,1
165,551,0
475,713,0
219,307,0
511,633,0
269,907,0
201,305,0
57,310,0
419,502,1
119,346,0
401,44,0
295,828,1
431,530,1
229,769,0
272,566,0
556,850,1
408,824,1
36,950,0
389,357,0
339,822,0
448,1107,0
231,270,0
71,277,0
125,769,1
156,226,0
162,325,0
417,895,1
559,315,0
154,576,0
56,667,0
417,1120,0
108,559,1
311,640,1
313,1029,0
219,736,0
154,223,0
49,631,0
13,301,0
92,163,0
138,514,1
101,310,0
436,287,0
180,282,0
143,529,0
544,650,1
81,518,0
56,0,0
214,529,0
468,559,0
19,652,1
446,707,1
4,857,0
568,567,1
156,238,0
559,304,0
353,268,0
18,324,0
433,682,0
412,707,0
347,479,1
452,1,0
461,664,0
48,191,0
141,64,0
52,143,0
308,169,0
243,747,0
309,227,0
173,379,0
297,710,0
412,634,0
564,636,0
428,315,1
555,47,1
98,327,0
563,830,0
247,285,0
247,773,0
192,777,1
0,498,0
276,944,0
186,828,0
32,729,1
397,279,0
522,561,0
138,300,1
443,861,1
114,285,1
496,327,0
379,324,0
303,395,1
110,299,0
417,405,0
243,713,0
564,267,0
59,194,0
32,3,0
214,331,0
301,235,0
95,577,0
55,21,0
305,255,0
268,892,1
432,251,0
267,124,0
448,475,1
138,784,0
95,564,0
147,566,0
84,257,0
118,766,1
56,652,1
157,550,0
356,221,0
398,713,0
526,711,0
565,820,0
357,664,0
473,61,1
289,642,0
378,821,0
151,858,0
546,238,0
48,774,0
397,682,0
292,615,0
1,355,0
9,911,0
273,255,0
260,112,0
9,1025,0
267,779,1
263,675,1
512,514,1
105,820,0
565,231,0
120,769,1
319,731,0
12,638,0
51,927,0
469,646,0
251,417,1
95,837,1
219,930,0
142,551,0
267,229,0
565,268,0
51,1030,0
262,517,1
126,500,1
110,46,0
132,499,1
135,312,1
560,656,0
177,297,0
233,899,1
363,954,0
165,549,0
263,277,0
470,769,1
357,335,0
145,977,1
2,850,0
272,856,0
274,268,1
243,233,0
363,321,0
349,18,0
434,253,0
49,6,0
251,336,0
306,284,0
209,194,0
563,771,0
397,666,0
46,203,0
119,1006,0
379,757,0
205,559,1
354,745,0
169,720,0
361,298,0
541,16,0
171,724,0
476,323,0
32,282,0
313,906,0
204,279,0
329,756,0
92,739,1
198,412,0
568,709,1
266,531,0
310,726,0
23,119,0
303,922,0
138,856,0
194,757,0
64,521,1
471,226,0
18,631,0
291,256,0
319,151,0
417,925,0
292,757,0
526,657,0
61,825,0
41,252,0
477,476,1
303,386,0
401,176,0
104,909,0
273,210,0
524,561,1
212,896,0
249,350,0
354,852,1
192,254,0
164,251,0
145,919,0
273,528,1
433,481,0
436,473,1
452,522,0
445,649,1
166,574,0
4,281,0
101,243,0
359,334,0
56,552,0
408,823,0
539,612,0
35,292,0
559,515,1
104,1089,1
88,537,1
113,548,0
249,526,0
272,642,0
82,555,0
260,782,0
448,311,0
319,533,1
313,748,0
230,924,0
3,225,0
511,535,1
46,189,0
412,224,0
275,830,0
556,920,0
227,930,0
379,660,0
206,426,0
128,283,0
172,906,1
427,137,0
32,648,0
104,441,0
515,836,1
560,294,0
207,668,0
251,936,0
72,479,0
124,300,0
43,334,0
374,778,1
273,259,0
398,102,0
365,635,0
469,565,0
185,660,1
64,251,0
362,303,0
425,764,0
59,575,1
431,560,0
27,751,1
417,58,0
101,773,0
29,561,0
263,263,0
555,229,0
188,850,1
321,73,0
166,475,1
348,262,0
524,129,0
114,650,0
432,967,0
198,893,0
68,827,0
104,1141,1
530,421,0
417,311,1
6,844,0
126,503,1
342,780,1
30,309,1
95,658,1
249,843,0
43,257,1
36,570,1
276,756,1
201,935,1
55,475,1
29,677,0
149,271,0
503,223,0
387,548,1
108,504,1
313,595,1
421,45,0
303,378,0
108,550,0
436,552,0
120,863,0
155,196,0
339,232,0
443,914,0
299,902,1
359,739,0
243,797,1
421,145,1
141,549,1
249,319,0
23,604,0
41,713,0
391,869,0
559,858,0
65,858,1
231,713,1
443,283,0
347,144,1
126,635,0
18,3,0
472,280,0
362,352,0
469,236,0
251,831,0
126,239,0
113,522,1
328,154,0
149,820,1
397,839,0
1,957,0
273,235,0
535,137,0
549,233,0
159,925,0
348,851,1
467,1069,0
470,259,0
435,895,1
397,232,0
555,755,1
463,265,0
88,560,0
467,1096,0
27,761,1
16,253,0
313,988,1
297,473,1
365,560,0
478,661,1
224,614,1
145,1011,0
84,550,0
7,866,0
276,312,0
124,498,1
90,354,0
374,711,1
362,223,0
223,769,0
206,896,1
378,741,1
9,927,0
251,950,0
214,271,0
267,272,0
49,645,0
392,736,0
313,357,0
395,530,1
13,1035,0
68,796,0
243,254,0
159,512,1
19,937,0
496,353,0
17,641,0
295,750,0
560,840,0
23,543,1
283,666,1
56,514,1
315,280,0
491,33,0
118,851,0
521,643,0
4,511,1
72,14,0
282,714,1
164,234,0
81,286,0
247,760,0
260,203,0
532,525,0
515,658,1
492,815,0
511,889,0
452,549,0
555,2,1
533,609,1
368,771,1
13,937,0
178,669,0
157,533,1
400,712,1
29,756,0
330,650,0
110,521,0
369,253,0
44,632,0
4,259,0
188,663,0
555,663,0
328,838,0
522,237,0
128,273,0
313,901,1
353,233,0
82,553,0
18,337,0
368,860,0
307,1127,0
564,819,0
8,652,1
273,661,0
224,178,1
467,451,0
49,872,0
561,262,0
32,225,0
279,249,0
267,515,1
306,724,0
164,779,0
508,710,1
386,920,0
417,402,0
205,10,0
171,845,0
154,271,0
56,173,1
522,661,1
362,625,0
18,854,0
419,34,0
503,305,0
247,231,0
373,776,1
361,838,0
71,770,0
236,517,0
124,566,0
559,841,0
101,750,1
448,245,0
7,505,0
118,305,0
227,710,0
124,301,0
448,548,0
142,517,1
81,522,1
307,1048,1
49,840,1
456,708,1
387,677,0
448,842,0
180,242,0
230,1009,0
267,328,0
60,772,1
132,330,0
518,332,0
101,265,0
357,242,0
339,24,0
150,822,1
313,954,0
297,548,0
525,711,1
524,546,0
11,535,1
515,532,1
292,657,0
214,647,0
466,763,0
193,422,0
77,660,0
1,720,0
363,272,0
151,816,0
9,909,0
132,743,1
421,515,1
368,272,1
1,857,0
508,250,0
555,950,0
198,462,0
201,653,1
513,654,1
313,664,0
468,555,0
325,708,0
273,129,0
339,339,0
269,911,0
170,894,1
138,301,1
99,274,0
56,308,0
521,285,1
472,775,1
441,236,0
247,826,0
456,275,0
313,210,0
15,357,0
397,502,1
238,816,0
37,272,0
515,636,0
183,649,1
84,234,0
270,944,0
411,847,1
236,675,0
428,546,0
363,920,0
173,443,0
147,108,0
244,250,1
98,358,0
313,770,0
452,580,1
368,844,1
16,558,0
7,571,1
222,711,0
126,632,0
27,757,0
56,311,0
262,255,0
564,651,1
455,329,0
53,912,0
425,301,0
449,421,1
319,709,1
49,742,1
251,722,1
297,1013,1
362,769,0
273,613,1
164,647,0
32,861,0
512,537,0
243,940,1
219,846,0
247,852,0
89,834,0
154,773,0
361,824,0
554,101,0
214,19,0
18,323,0
180,881,0
4,548,0
18,158,0
328,568,1
292,63,0
350,319,1
300,609,0
541,531,1
137,691,0
188,274,0
84,232,0
191,941,0
515,722,0
155,473,1
66,246,0
209,230,0
94,667,0
452,173,0
298,229,0
294,16,0
546,666,1
491,564,0
398,527,1
101,986,0
515,770,0
309,536,1
522,67,0
478,648,0
387,560,0
556,321,0
565,249,0
130,666,0
174,898,1
165,234,0
101,319,0
386,534,0
204,846,1
104,951,0
387,647,0
19,887,1
535,569,1
15,295,0
125,271,0
329,680,0
563,279,0
291,529,1
379,346,0
286,903,0
73,748,0
395,534,1
267,276,0
467,1093,0
124,267,0
123,324,1
491,496,1
533,712,1
348,708,1
354,838,1
198,464,0
387,652,1
563,718,0
224,749,0
332,326,0
274,672,1
132,472,0
108,635,0
146,108,0
392,780,0
398,834,0
107,777,0
282,220,0
342,713,0
89,268,1
49,728,1
362,937,0
397,302,0
8,246,0
544,272,0
1,534,1
564,815,0
303,445,0
361,850,0
439,843,0
388,251,0
398,233,0
512,505,1
89,287,0
564,782,0
296,893,0
397,821,0
559,293,0
50,645,0
84,714,0
21,666,1
137,565,0
307,1109,0
564,259,0
177,1029,0
36,856,0
120,369,1
368,675,0
313,336,0
526,897,1
354,848,0
313,896,1
387,768,1
72,282,0
1,73,0
371,898,1
356,0,0
29,759,0
348,839,1
242,480,1
564,710,0
565,656,0
425,664,1
384,249,1
362,909,0
563,852,0
8,101,0
114,849,1
227,531,1
132,281,0
69,910,0
137,861,0
118,940,0
126,38,0
267,866,0
59,712,0
177,295,0
363,1035,0
242,249,0
559,537,1
559,523,1
110,846,0
545,894,1
114,709,0
81,636,0
487,708,0
379,770,0
93,663,0
26,710,1
241,669,0
299,107,1
263,681,0
11,253,0
297,177,0
13,903,0
398,553,0
292,560,0
373,258,0
137,329,0
408,321,0
188,266,0
415,241,0
524,512,1
125,645,0
519,635,0
0,479,0
125,775,1
336,259,0
191,901,1
380,772,1
427,158,0
413,672,0
121,657,1
163,909,0
439,845,0
564,339,0
214,532,0
176,279,1
313,260,0
461,665,1
138,822,1
447,645,0
32,853,0
303,360,0
18,947,0
395,358,0
522,107,0
11,906,1
448,1091,0
315,278,0
70,800,0
461,251,0
468,71,0
201,575,0
50,251,0
272,161,0
511,37,0
23,479,0
419,511,1
361,659,0
392,854,0
470,687,0
560,652,1
273,494,1
486,238,0
8,851,0
357,334,0
5,651,1
154,515,0
58,638,0
138,260,0
160,608,1
369,910,0
559,510,1
138,582,1
379,352,0
274,242,0
154,282,0
137,669,0
292,276,0
94,256,0
428,101,0
266,273,0
397,907,0
95,936,0
67,267,0
348,843,0
223,772,1
207,672,1
266,522,1
64,286,0
16,780,0
119,993,1
162,935,0
392,116,0
138,964,0
249,823,1
65,881,0
59,653,0
1,386,0
251,853,0
92,664,0
297,946,0
496,350,0
427,660,0
266,623,0
267,805,1
306,714,0
496,964,0
5,253,0
357,298,0
195,559,0
341,952,0
137,770,0
54,729,0
212,549,0
271,256,0
455,358,0
219,929,0
29,656,1
159,514,0
138,577,1
435,479,1
102,125,0
345,226,0
43,496,1
394,786,0
313,437,0
110,864,0
473,645,0
560,752,1
361,914,0
155,29,0
506,852,0
19,298,0
116,770,0
267,775,1
132,403,0
553,663,0
559,666,0
113,576,0
555,815,0
56,853,0
185,276,0
139,896,1
49,492,0
194,828,0
48,259,0
77,245,0
323,136,0
546,229,0
406,421,0
167,527,0
276,890,0
373,615,0
395,273,0
44,51,0
475,494,0
362,822,0
251,109,0
18,826,0
546,691,0
511,251,0
77,780,0
535,472,1
308,315,0
107,707,0
95,851,1
273,309,0
339,641,0
25,265,0
361,301,0
526,668,0
362,233,0
187,163,0
165,49,0
533,779,1
36,968,1
172,426,0
397,559,0
521,935,0
180,562,1
573,559,0
556,680,1
194,76,0
32,841,0
60,480,0
177,355,0
326,47,0
5,268,0
223,713,0
395,911,0
209,641,1
330,249,0
476,329,0
307,0,0
54,837,0
362,756,0
449,938,1
541,125,0
272,294,0
397,924,0
72,837,0
18,298,0
64,838,1
291,494,1
216,239,0
150,876,0
467,836,0
461,669,1
231,759,1
247,861,0
224,56,0
126,864,0
255,246,0
154,770,0
73,857,0
309,292,0
303,930,0
421,58,0
395,925,0
201,475,1
377,222,0
285,562,0
365,217,0
427,649,1
387,104,0
343,714,0
339,772,1
362,565,0
417,713,0
132,510,1
138,237,0
9,259,0
470,684,1
71,279,0
247,299,0
397,553,1
427,659,0
526,293,0
8,494,1
13,363,0
81,856,0
563,511,0
278,820,0
568,681,1
313,574,0
84,283,0
216,714,0
26,779,1
104,1155,0
556,256,0
309,819,1
292,249,0
356,774,1
346,482,0
568,922,0
158,378,0
362,824,0
291,665,1
51,969,0
379,728,0
207,750,0
17,245,0
344,750,1
77,259,0
109,825,0
452,574,0
339,309,0
243,244,0
511,634,1
137,299,0
556,645,0
386,572,1
156,194,0
32,902,1
180,221,0
114,655,1
102,115,0
294,565,0
466,845,1
1,780,0
159,728,0
313,383,1
137,582,0
177,276,0
60,661,0
7,775,1
503,782,0
491,283,0
234,782,1
276,615,1
559,823,0
1,240,0
180,709,0
113,256,0
430,555,0
15,1033,0
521,494,1
249,252,0
350,582,1
132,1009,0
159,825,0
251,374,0
413,651,1
267,550,0
386,495,0
400,288,1
473,628,0
173,1083,0
307,951,0
328,267,0
95,221,0
64,817,1
392,5,0
198,1059,0
110,574,1
379,929,0
267,503,1
41,775,1
110,314,0
467,363,0
285,165,0
145,1010,0
7,855,1
32,252,0
159,321,0
114,846,0
113,195,0
379,661,1
247,522,1
362,827,0
257,258,0
307,371,1
26,284,0
555,521,0
292,211,0
522,473,1
395,59,0
292,284,0
523,654,1
503,746,1
368,779,1
43,551,0
455,335,0
335,248,0
249,195,0
214,786,1
0,172,0
58,636,0
467,566,0
496,918,0
12,636,0
295,857,1
369,903,0
214,336,0
565,768,0
214,258,0
124,731,0
448,945,0
443,141,0
353,719,0
77,652,1
95,562,1
448,157,0
6,282,0
243,221,0
82,157,1
359,330,0
339,555,0
93,222,0
249,778,1
169,849,0
373,270,0
563,277,0
343,514,1
14,864,0
143,576,0
128,284,0
111,613,0
23,523,0
373,771,1
555,971,0
247,513,1
187,649,1
426,421,0
101,916,0
16,579,1
223,11,0
32,667,0
301,636,0
164,781,1
91,608,1
157,514,0
467,1162,0
460,537,1
379,761,0
202,472,0
387,276,1
453,852,0
227,712,1
292,270,0
309,339,0
132,324,0
101,548,0
219,233,0
214,62,0
126,520,1
9,101,0
16,258,0
559,574,1
137,661,0
427,256,0
251,552,0
48,270,0
476,326,0
43,566,0
23,544,0
137,284,0
506,822,0
19,356,1
512,532,1
138,1025,0
26,226,0
137,218,0
449,898,0
410,49,0
155,344,0
278,329,0
332,826,0
428,536,1
328,532,0
52,515,1
368,257,0
120,270,0
512,480,1
180,535,1
202,512,1
547,656,0
339,337,0
88,176,0
515,332,0
114,612,1
544,722,1
555,243,0
560,863,0
164,650,1
307,920,0
18,675,0
531,738,1
553,682,0
247,534,1
283,657,1
132,780,1
132,261,0
51,335,0
362,211,0
94,259,0
260,101,0
249,914,0
162,373,0
328,658,1
409,504,1
563,770,0
432,257,0
292,641,0
9,779,0
276,226,0
173,1014,0
503,316,0
533,780,1
565,271,0
120,339,0
297,855,0
470,249,0
92,230,0
9,815,0
563,235,0
475,660,1
443,821,0
335,658,0
180,521,0
387,778,0
526,298,0
313,651,1
300,558,0
168,138,0
227,221,0
377,657,1
41,260,0
341,1121,1
555,566,0
50,261,0
339,754,0
19,0,0
1,914,0
198,833,1
106,418,0
569,658,0
267,248,0
59,58,0
565,672,0
319,631,0
433,633,0
272,651,1
56,770,0
354,768,1
55,567,0
36,773,0
156,223,0
384,708,1
155,302,0
120,906,0
249,640,0
356,313,0
60,653,1
145,916,0
522,232,0
328,819,1
196,225,0
303,448,1
508,645,1
467,373,0
267,849,0
362,512,1
267,863,0
448,384,0
425,234,0
4,257,0
180,853,1
49,235,0
186,914,0
433,655,0
489,767,0
64,305,0
475,734,0
151,820,0
18,510,1
243,929,0
159,516,1
8,577,0
323,911,0
184,758,0
518,256,0
59,850,0
491,854,0
503,328,0
148,259,0
572,633,1
181,846,0
568,151,0
101,914,0
132,560,0
138,275,0
276,158,0
98,298,0
568,546,1
21,837,0
522,670,0
390,273,0
478,664,1
15,945,0
48,785,1
169,653,1
81,250,0
36,276,0
56,757,0
113,666,1
154,651,1
233,47,0
384,251,0
522,38,0
9,365,0
565,260,0
292,566,0
472,711,1
511,714,0
478,819,1
135,160,0
436,229,0
556,821,0
150,826,0
172,912,1
508,267,0
35,861,0
186,852,0
433,609,1
55,554,0
125,779,1
18,615,1
132,936,0
565,233,0
60,636,0
339,260,0
541,568,1
251,227,0
508,262,0
354,777,0
81,643,0
386,211,0
395,239,0
261,768,1
247,104,0
461,780,0
110,858,0
236,110,0
362,421,0
342,850,1
386,871,0
171,771,0
55,311,0
397,653,0
339,532,1
463,900,1
560,747,0
541,501,1
48,119,0
187,47,0
343,640,1
43,614,0
81,106,0
354,765,0
89,277,0
223,230,0
397,779,0
565,773,0
89,237,0
64,534,1
95,770,0
319,258,1
32,128,0
113,671,0
9,559,1
113,631,0
475,268,0
487,574,1
518,782,0
534,613,1
362,656,1
487,225,0
73,737,0
297,355,0
272,653,1
81,865,0
159,362,0
223,562,0
555,707,0
110,231,0
223,709,0
165,239,0
365,193,0
209,772,1
4,608,0
300,631,0
347,353,0
341,1119,0
56,230,0
247,745,0
231,712,0
214,221,0
19,929,0
125,774,0
493,11,0
345,685,0
155,856,0
223,675,0
263,858,1
230,947,0
446,258,0
249,645,0
13,845,0
6,746,0
412,643,0
222,756,0
475,571,1
72,824,0
469,660,0
432,715,0
169,923,0
150,348,0
4,60,0
13,907,0
59,473,0
107,780,1
169,773,1
234,840,1
467,460,0
260,858,0
132,710,1
446,683,0
37,712,0
156,295,0
138,256,0
508,275,0
287,475,1
524,292,0
417,378,1
419,472,0
156,23,0
156,151,0
120,945,0
339,825,1
425,172,0
8,531,1
108,480,1
248,908,0
154,877,0
480,908,1
227,562,0
0,576,0
163,254,0
362,278,0
530,911,0
378,282,0
491,12,0
292,280,0
542,909,0
54,292,0
132,774,0
341,1171,0
339,844,0
169,301,0
509,502,1
171,275,0
7,668,0
238,278,0
292,472,0
183,546,0
467,1107,0
35,780,0
273,102,0
267,711,0
273,319,0
537,1156,0
165,639,1
2,877,0
303,418,0
313,1120,0
350,226,0
219,755,0
52,523,0
395,45,0
17,675,0
134,825,0
126,205,0
179,234,0
526,241,0
271,231,0
361,268,0
157,579,0
1,311,0
173,405,0
72,298,0
477,133,0
43,878,0
226,332,0
524,162,0
564,531,0
365,546,0
276,253,0
439,160,0
412,312,0
95,82,0
180,785,0
223,571,0
491,251,0
169,160,0
37,299,0
68,930,0
428,479,0
555,511,1
154,798,0
341,917,0
357,679,0
32,816,1
226,363,0
120,849,0
388,639,0
373,291,0
374,846,1
178,668,0
521,141,0
19,926,0
165,646,1
214,276,0
279,908,0
499,432,0
573,151,0
180,315,0
209,81,0
257,778,1
555,583,1
72,658,1
297,897,1
9,563,0
16,250,0
297,253,0
417,417,0
467,502,0
15,326,0
140,656,0
216,245,0
362,836,0
467,301,0
270,342,1
319,771,0
227,574,1
65,786,0
541,61,0
560,848,1
183,185,0
448,422,0
504,112,0
36,788,0
176,280,0
564,495,1
353,615,1
162,1036,0
157,614,0
339,243,0
363,282,0
568,576,1
503,933,0
101,256,0
334,905,0
60,260,0
77,281,0
251,761,0
10,126,0
237,50,0
233,267,0
55,569,1
517,258,0
361,259,0
561,76,1
126,84,0
341,822,0
421,27,1
227,551,0
313,276,0
243,352,0
523,265,0
428,503,1
209,114,0
219,150,1
251,707,0
56,101,0
227,615,1
51,893,0
379,533,1
214,67,0
476,295,0
319,239,1
303,407,0
115,631,0
204,824,0
177,329,0
309,804,1
500,203,0
37,735,1
89,235,0
348,709,1
453,849,0
198,898,1
1,710,0
475,862,0
373,160,0
412,551,0
346,517,0
448,994,0
11,522,1
113,237,0
491,669,0
564,640,0
518,774,1
430,591,1
272,515,0
245,680,1
352,257,0
7,667,0
432,329,0
124,784,1
124,815,1
84,341,1
89,853,0
198,916,0
509,23,0
205,114,0
64,532,0
251,503,1
522,549,1
357,48,0
19,576,1
535,533,1
130,778,0
496,920,0
508,837,1
64,300,0
494,127,0
116,262,0
329,127,0
135,212,0
356,333,0
255,666,1
243,793,0
518,252,0
104,903,0
374,819,1
368,650,1
201,292,0
518,321,0
107,251,0
328,533,1
357,708,1
560,334,0
148,145,0
511,308,0
526,1183,0
477,0,0
511,737,0
392,473,1
164,782,1
214,473,1
214,558,0
224,777,1
571,238,0
59,843,0
443,640,1
213,97,1
266,268,0
140,253,0
387,632,0
46,227,0
81,40,0
343,314,0
313,477,0
59,548,0
19,233,0
297,537,1
72,114,0
325,787,1
177,830,0
180,889,0
373,929,0
443,233,0
447,652,1
55,165,0
251,669,1
132,517,1
2,856,0
384,252,0
443,236,0
210,259,0
526,504,1
36,339,0
431,559,1
106,911,0
400,711,0
292,297,0
160,632,0
292,672,0
156,292,0
362,270,0
554,627,0
13,344,0
439,561,1
147,609,0
448,909,0
67,907,1
1,334,0
84,929,0
18,566,0
65,874,0
114,559,1
329,557,0
29,271,0
374,861,0
345,669,0
4,553,0
559,668,0
1,853,0
306,280,1
469,559,0
247,155,0
266,227,0
305,249,0
32,904,0
212,258,0
50,643,0
219,574,1
319,632,0
43,137,0
1,261,0
442,500,1
4,190,0
35,855,0
448,826,0
124,552,1
219,751,1
109,696,1
126,723,0
5,767,1
329,474,0
526,1121,0
469,238,0
251,850,1
30,229,0
59,83,0
235,552,0
36,550,0
136,823,1
568,356,0
152,897,1
145,921,0
77,559,1
313,612,0
49,823,0
339,334,0
188,276,0
49,644,0
49,724,0
555,960,0
36,657,0
125,257,0
386,827,0
460,614,1
64,961,0
510,170,0
354,259,0
307,935,0
518,254,0
266,222,0
309,768,0
442,510,1
46,523,1
220,234,0
60,482,0
137,834,0
71,837,0
235,39,0
524,66,0
56,472,1
223,516,1
475,631,0
118,846,1
332,816,0
432,829,0
336,287,0
507,717,0
467,564,0
155,255,0
464,896,0
18,472,0
46,229,0
472,751,1
0,312,0
521,472,0
297,959,0
219,162,0
242,259,0
319,205,0
473,44,0
48,653,0
267,561,1
135,210,0
158,355,0
421,0,0
59,251,0
99,843,1
261,571,1
18,222,0
12,769,1
432,267,0
374,817,1
214,534,1
380,274,0
185,256,0
132,223,0
339,39,0
321,99,0
395,759,0
384,776,0
345,643,0
422,862,0
276,657,0
553,253,0
533,777,0
113,301,0
104,454,0
60,534,1
448,964,1
99,244,0
362,388,0
246,827,1
433,639,1
560,285,0
475,138,0
320,315,0
386,563,0
1,732,0
266,277,0
433,580,1
301,230,0
159,331,0
43,256,0
132,318,0
564,31,1
565,475,0
154,664,1
554,528,0
453,709,0
448,330,0
363,905,0
544,637,1
93,659,0
114,106,0
356,633,0
518,862,0
9,628,1
18,328,0
130,779,0
478,775,1
316,670,0
18,844,0
292,139,0
361,236,0
448,272,0
467,1189,0
344,271,0
289,654,0
560,353,0
398,242,0
361,472,1
315,713,0
267,247,0
295,854,0
26,648,0
72,782,1
397,648,1
266,258,0
397,157,1
436,349,0
169,930,0
339,867,0
533,649,1
468,101,0
72,300,0
46,633,0
386,923,0
478,234,0
304,562,0
51,819,1
398,577,1
405,238,0
159,252,0
99,662,0
169,755,1
427,226,0
227,656,0
392,80,0
503,636,0
430,569,0
21,252,0
77,275,0
84,41,0
417,494,0
313,963,0
425,256,0
60,481,1
112,101,0
555,367,0
44,530,0
555,127,0
243,563,0
143,583,0
36,58,0
32,510,0
431,553,0
491,15,0
397,273,0
379,671,0
262,115,0
99,513,1
519,514,1
236,671,1
110,473,1
483,309,0
81,718,1
303,1205,0
9,480,0
158,905,0
118,299,0
141,565,0
305,258,1
9,787,0
251,379,0
93,714,0
44,579,1
417,248,0
433,761,0
368,238,0
125,311,0
272,519,0
217,770,1
135,827,1
412,480,1
475,221,0
426,901,0
313,894,1
43,819,1
126,633,0
362,307,0
20,309,0
126,883,0
52,29,0
477,65,0
214,327,0
515,124,0
313,390,0
90,821,1
478,287,0
311,634,0
491,662,1
291,249,0
564,827,0
4,936,1
267,296,0
50,223,0
95,70,0
402,265,0
452,189,0
16,658,0
95,823,1
319,848,1
524,708,1
8,643,1
356,666,1
173,928,0
556,267,0
350,237,0
329,841,0
519,497,1
59,259,0
121,257,0
329,844,1
81,840,1
266,14,0
95,340,0
339,274,0
555,648,0
37,782,0
56,52,0
563,782,0
101,82,0
154,230,0
352,644,0
522,317,0
413,252,0
559,60,0
188,785,1
522,187,0
483,315,0
223,683,1
185,239,0
8,636,1
84,546,0
468,667,0
137,282,0
36,337,0
295,329,0
439,826,0
128,270,0
219,699,0
387,666,1
422,819,0
515,740,0
261,652,1
101,652,0
32,989,0
43,857,1
93,575,1
419,176,0
4,877,0
564,639,0
307,898,1
157,529,1
354,884,1
22,98,1
19,773,0
398,731,1
373,30,0
46,496,0
137,581,0
539,570,1
19,582,0
297,902,1
341,348,0
13,864,0
457,277,0
568,238,0
297,1018,1
397,263,1
1,563,0
183,479,0
379,632,0
201,637,1
138,500,1
183,310,0
104,449,0
219,324,0
240,642,1
356,583,1
209,274,0
128,234,0
541,558,1
267,225,0
361,262,0
142,540,0
159,225,0
568,221,0
550,868,1
515,311,0
267,337,1
522,631,0
417,1157,0
559,131,0
219,221,0
198,1025,1
313,758,0
343,876,1
166,649,0
517,768,1
113,528,1
379,75,0
276,632,0
328,710,1
101,300,0
273,776,0
274,251,0
79,554,1
135,16,0
306,709,1
276,334,0
563,861,0
484,564,0
59,844,0
449,419,0
560,712,0
278,929,0
526,286,0
467,976,0
243,732,1
397,1000,0
110,274,0
395,609,1
475,709,0
530,435,0
453,775,0
172,422,1
161,823,0
56,294,0
361,853,1
286,141,0
387,631,0
508,734,0
526,476,1
274,777,0
466,868,0
535,609,1
146,64,0
276,787,0
524,572,1
568,638,1
431,494,1
361,360,0
18,329,0
487,779,0
384,707,0
332,827,0
84,821,0
247,325,0
454,55,1
81,512,0
247,850,0
379,355,0
386,581,1
555,965,0
36,1015,1
147,117,0
223,656,1
518,558,0
157,47,0
330,257,0
132,833,0
267,235,0
249,628,1
251,235,0
132,310,0
92,771,1
224,624,1
526,1108,0
272,516,0
431,235,0
390,321,0
222,725,0
4,546,0
398,641,0
315,874,1
227,711,0
328,563,1
356,529,1
169,107,0
18,688,0
147,564,0
68,333,0
417,947,0
303,1014,0
81,534,0
266,649,0
272,834,0
169,262,0
433,232,0
108,608,1
170,903,0
154,311,0
391,881,0
226,325,0
32,840,0
389,1018,0
180,685,0
511,478,0
178,715,1
177,360,0
448,653,1
114,239,0
278,326,0
48,32,0
183,608,0
36,887,0
541,611,0
386,222,0
460,309,0
160,313,0
297,857,1
491,637,0
491,580,0
573,197,0
491,781,1
266,180,0
145,322,0
6,755,0
68,780,0
214,102,0
404,644,0
23,614,0
43,887,0
186,816,1
422,738,0
43,529,0
297,911,0
341,354,0
184,699,0
72,12,0
93,316,0
177,823,0
123,818,1
467,413,0
155,535,0
95,529,1
313,747,0
313,567,0
50,756,0
313,853,0
329,194,0
297,632,0
559,839,1
317,6,0
564,818,0
308,94,0
216,242,0
126,740,0
32,644,0
457,771,1
224,531,1
266,699,0
386,249,0
292,612,0
49,504,0
417,497,1
379,577,1
548,829,1
266,504,0
46,533,1
564,774,0
425,862,0
478,329,1
412,742,1
166,535,0
524,815,1
32,176,0
155,1024,0
439,863,0
38,637,0
278,1020,0
488,894,0
56,270,0
467,534,0
448,452,1
382,263,0
32,1021,0
319,769,0
172,415,0
173,918,0
524,227,0
103,422,0
345,228,0
535,229,0
120,772,0
227,350,0
132,670,0
483,174,0
18,279,0
183,858,0
303,1123,0
232,911,1
412,858,0
138,1019,1
329,71,0
468,317,1
503,322,0
229,909,0
185,679,0
436,249,0
255,636,0
318,230,0
36,532,1
223,564,0
305,280,0
85,818,1
98,972,1
159,229,0
555,786,1
243,157,0
64,285,0
357,574,1
77,574,1
13,347,0
92,682,0
223,836,1
141,558,0
495,129,0
447,241,0
116,253,0
531,838,1
15,329,0
316,768,0
318,661,1
297,358,0
356,74,0
464,906,0
358,905,1
201,768,1
178,703,0
142,556,1
74,318,0
226,350,0
108,262,0
395,293,0
9,969,0
473,535,1
205,221,0
475,472,1
186,339,0
311,650,1
249,86,0
255,637,1
536,319,0
309,843,0
201,259,0
390,775,1
236,576,1
291,504,1
1,907,0
169,567,0
113,776,1
373,233,0
141,42,0
213,72,0
510,22,0
26,775,1
563,226,0
245,241,0
32,228,0
391,888,0
412,838,1
555,221,0
518,869,0
297,636,0
46,19,0
457,286,0
224,259,0
107,257,0
8,156,1
467,257,0
124,577,1
497,267,0
32,518,1
515,341,0
508,695,0
177,826,0
9,533,1
267,789,1
124,174,1
113,843,1
445,654,1
289,260,0
187,572,1
433,646,0
309,759,0
169,648,0
3,235,0
386,928,0
92,715,1
468,502,0
282,664,0
336,646,1
398,10,0
92,474,1
292,767,0
416,111,0
316,244,0
18,859,0
555,913,0
306,275,0
120,386,0
564,865,0
227,941,0
111,15,0
446,768,0
46,105,0
66,649,1
81,827,0
517,252,0
0,202,0
329,229,0
222,650,1
482,827,0
238,275,0
55,312,0
99,528,1
138,649,0
48,756,0
58,231,0
359,732,1
362,898,1
0,504,1
1,475,1
247,287,0
132,972,1
522,312,0
386,206,0
412,513,1
417,242,0
56,836,1
341,824,0
444,651,1
99,177,0
448,357,0
126,838,1
525,46,0
273,5,0
339,273,0
262,103,0
568,318,1
487,496,1
428,568,0
139,892,1
154,317,1
84,524,1
261,749,1
81,256,0
227,500,1
425,472,1
456,262,1
361,480,1
496,356,0
276,13,0
196,213,0
196,561,1
169,272,0
395,664,0
436,126,0
448,914,0
92,245,0
7,839,1
526,850,0
138,610,0
132,651,1
373,48,1
114,827,0
373,518,1
365,13,0
436,336,0
454,82,0
155,789,0
159,235,0
350,632,0
251,173,1
222,683,1
484,310,0
421,121,0
339,679,0
9,151,0
368,839,0
483,533,1
480,257,1
125,714,0
92,570,0
443,334,0
356,475,1
183,46,0
227,482,0
476,937,0
227,582,1
434,256,0
303,1033,0
46,309,0
289,239,0
417,220,0
517,769,1
219,563,1
101,787,1
227,294,0
118,354,0
29,315,0
391,733,0
430,556,0
251,386,1
356,662,0
319,775,1
363,975,0
387,779,0
298,650,1
201,312,0
433,252,0
417,1170,0
503,287,0
461,774,0
564,560,0
363,1009,0
522,558,0
224,773,0
508,711,1
8,282,0
94,638,1
18,18,0
77,568,1
318,237,0
91,262,0
308,856,0
439,865,0
363,853,1
445,236,0
448,360,0
417,643,0
392,522,0
104,387,0
64,959,0
247,965,0
46,503,1
126,659,0
398,659,0
362,318,0
224,669,0
388,656,1
519,608,1
473,194,0
247,944,0
211,266,0
431,192,0
84,711,0
263,639,1
4,322,0
357,547,0
524,776,0
436,930,1
35,711,0
223,276,0
511,729,1
565,154,0
411,270,0
320,224,0
271,641,1
247,213,0
113,581,0
518,166,0
565,567,0
101,631,0
366,345,1
50,563,0
49,640,0
475,774,0
356,656,1
59,252,0
19,357,0
158,1040,1
184,679,1
5,711,0
497,897,0
49,666,0
156,826,0
64,995,0
243,128,0
276,284,0
395,749,0
92,661,1
346,11,0
187,638,0
278,322,0
281,257,0
132,327,0
84,835,0
180,759,0
511,555,0
49,497,1
222,661,0
541,516,1
310,259,0
36,316,0
128,756,0
216,772,1
470,255,0
14,761,1
49,708,1
276,779,1
395,222,0
54,273,0
336,270,0
421,34,1
329,260,0
270,819,0
559,278,0
169,863,1
180,262,0
1,549,1
4,696,0
29,276,0
379,505,0
214,672,0
36,266,0
43,858,0
431,314,1
353,779,0
1,285,1
201,668,1
85,786,1
449,934,0
223,770,0
346,571,1
421,546,0
541,220,0
1,1007,0
395,280,0
443,632,0
155,851,0
224,643,0
59,26,0
506,750,0
238,826,0
357,354,0
295,856,0
395,1038,0
89,315,0
560,298,0
35,857,0
243,835,0
266,225,0
510,786,1
227,724,0
72,534,1
48,129,0
346,140,0
276,477,0
183,275,0
60,655,0
50,671,0
276,707,0
105,786,1
427,639,0
386,664,0
114,577,1
432,342,0
473,652,1
85,783,1
72,642,0
173,1081,0
493,49,0
37,719,0
187,554,1
194,123,0
309,631,0
143,74,0
568,328,0
27,823,1
386,342,1
106,907,0
55,580,1
72,187,0
88,82,0
260,818,0
189,778,0
443,571,1
361,771,1
4,497,1
209,714,0
491,252,0
401,20,0
510,826,0
249,482,1
356,531,1
477,559,0
135,793,0
7,637,1
60,646,0
571,714,0
442,53,0
65,851,1
231,709,1
411,242,1
417,824,1
198,938,0
171,728,0
26,769,1
123,789,0
214,681,1
313,324,0
171,844,0
64,842,0
309,560,0
235,571,1
173,1046,1
235,101,0
329,549,0
108,568,1
348,774,1
436,356,0
483,570,1
357,760,1
503,774,0
436,1035,0
51,1009,0
82,15,0
362,982,1
36,815,0
243,327,0
375,896,1
149,637,1
292,49,0
568,292,0
412,749,0
137,248,0
547,671,0
315,852,0
292,255,0
21,714,0
214,861,0
49,682,1
81,283,0
192,251,0
137,298,0
165,67,1
297,659,0
475,473,1
81,660,0
144,226,0
448,372,0
267,283,0
433,736,0
379,300,0
132,257,0
278,938,0
518,821,0
174,263,0
378,335,0
433,648,0
541,72,0
292,562,0
432,262,0
167,525,0
138,195,0
186,327,0
472,278,0
544,642,1
427,251,0
531,267,0
447,648,0
508,662,1
328,322,1
555,899,1
81,220,0
273,112,0
544,661,0
223,112,0
563,737,1
18,233,0
412,249,0
180,711,0
266,705,0
249,280,0
278,1031,0
431,309,1
178,707,0
432,954,0
110,708,0
433,278,0
568,821,1
64,536,1
37,300,1
279,902,1
449,1035,1
374,774,1
318,235,0
44,532,1
187,496,1
568,822,1
499,253,0
91,173,1
368,725,0
339,0,0
49,522,1
444,241,0
260,211,0
154,299,0
92,241,0
449,0,0
362,645,0
472,712,1
468,45,0
82,8,0
188,857,0
101,840,0
191,975,1
249,651,1
568,313,0
448,855,0
56,185,0
307,1193,0
323,480,1
212,117,0
373,260,0
2,825,0
9,0,0
0,583,0
417,764,0
64,652,1
19,853,0
518,251,0
249,567,0
18,732,0
519,941,0
159,941,0
212,474,0
222,766,0
417,273,1
178,284,0
169,333,0
496,925,0
251,865,0
524,208,0
446,270,0
325,327,0
180,658,0
559,568,1
473,495,0
159,551,1
180,256,0
154,283,0
555,0,0
563,111,0
511,851,1
568,1037,0
17,768,0
436,841,0
201,929,0
158,1041,1
84,324,0
377,228,0
345,697,0
330,678,0
267,273,0
282,647,1
13,829,0
212,524,1
443,614,0
318,314,0
368,838,0
568,937,0
247,707,0
508,834,0
36,356,0
432,274,0
327,466,0
77,862,0
158,366,0
137,277,0
113,278,0
32,295,0
411,252,0
512,159,1
526,707,0
356,329,0
1,712,1
9,220,0
538,815,0
348,272,0
137,775,1
515,733,0
96,226,0
559,156,1
224,43,0
339,916,0
126,472,0
51,353,0
205,558,0
255,650,1
512,31,0
5,779,0
564,638,0
101,223,0
417,827,0
439,25,1
436,497,1
488,898,1
313,331,0
220,228,0
77,53,0
154,501,1
132,772,0
262,505,1
472,846,0
101,827,0
352,245,0
227,220,0
339,498,1
531,742,1
19,534,0
530,428,0
572,635,1
530,899,0
223,514,0
452,206,0
276,547,0
302,568,0
329,315,0
303,902,1
339,862,0
319,837,1
302,567,0
120,368,0
48,225,0
143,566,1
18,322,0
398,632,0
397,669,0
443,609,0
466,875,0
125,565,0
417,734,0
469,223,0
263,640,1
56,250,0
319,81,0
101,364,0
236,515,1
81,854,0
395,638,0
417,1148,0
307,908,0
521,648,0
235,190,0
159,708,0
499,257,0
50,274,0
77,52,0
431,238,0
373,220,0
124,225,0
274,707,0
10,102,0
178,241,0
568,522,1
565,554,1
521,55,0
198,1017,0
350,227,0
452,59,0
272,479,0
201,32,0
379,305,0
339,836,1
377,686,0
427,476,1
20,239,0
468,560,0
341,1105,1
526,959,0
335,257,0
123,338,1
411,686,1
313,640,0
126,667,0
8,778,0
126,875,0
247,739,0
354,297,0
342,838,1
137,322,0
216,650,1
10,258,0
398,771,1
1,990,0
66,249,0
81,325,0
195,569,1
559,652,1
565,573,0
165,562,1
160,230,0
72,860,0
436,298,0
271,228,0
373,926,0
365,32,0
75,568,1
297,531,1
564,15,0
353,223,0
517,712,0
266,836,0
135,205,0
266,481,0
535,113,1
297,476,1
36,688,0
563,631,0
21,636,0
7,632,0
100,279,0
436,932,1
16,564,0
56,110,0
292,822,1
7,851,1
278,931,0
526,1169,0
190,443,0
108,156,1
36,566,0
432,840,0
66,253,0
234,834,0
307,1046,0
151,826,0
155,262,0
567,133,1
267,47,0
19,614,0
532,124,0
546,648,0
43,481,0
560,729,1
1,905,0
223,227,0
49,293,0
179,226,0
417,344,0
417,221,0
408,816,1
137,613,0
93,109,0
163,256,0
387,478,1
569,772,0
261,667,0
270,784,0
267,774,1
187,311,0
472,256,0
369,420,0
44,565,0
1,501,1
331,231,0
451,714,0
9,662,0
526,287,0
398,780,0
229,908,0
526,349,0
518,826,0
155,549,0
49,229,0
313,947,0
503,643,0
51,383,0
291,220,0
514,825,0
205,17,0
165,515,0
428,524,1
405,223,0
155,309,0
328,210,0
357,852,0
114,275,0
187,551,1
425,718,1
91,220,0
11,479,1
515,711,1
60,222,1
124,473,1
343,225,0
191,364,0
478,262,0
329,845,0
413,643,0
5,775,1
526,251,0
518,319,0
20,224,0
297,524,1
266,274,0
357,358,1
251,1165,0
397,294,0
277,905,0
352,238,0
526,725,0
564,119,0
361,836,0
187,561,0
404,638,0
155,184,0
414,128,0
522,569,0
368,660,1
329,274,0
412,861,0
198,1068,0
15,947,0
412,849,1
276,857,1
258,311,0
169,251,0
503,175,0
422,834,0
73,281,0
56,781,1
57,582,1
171,842,0
191,346,0
362,402,0
254,828,0
123,827,0
201,863,0
564,857,0
227,62,0
529,126,0
379,653,1
271,649,1
515,523,0
397,921,0
366,959,0
511,273,0
397,987,0
391,714,0
9,854,0
135,792,0
354,738,1
554,167,0
311,315,0
515,284,0
261,275,0
19,308,0
154,578,0
46,532,1
126,557,0
273,269,0
475,559,0
58,652,0
417,903,0
276,351,0
4,923,0
467,1100,1
191,354,0
119,987,0
59,534,1
23,182,0
106,912,0
99,13,1
249,785,1
77,658,1
392,569,1
91,643,0
159,716,0
559,549,0
505,566,0
467,192,0
398,237,0
329,510,1
198,370,0
91,558,0
2,827,0
159,848,0
108,656,0
251,255,0
489,779,1
309,119,0
362,311,0
515,160,0
564,222,0
379,927,0
113,294,0
436,968,0
109,280,0
379,230,0
331,636,0
185,714,0
94,656,1
508,688,1
94,228,0
531,864,0
363,938,0
461,735,1
164,258,0
478,843,1
379,771,1
155,738,0
267,676,0
227,823,0
157,0,0
8,776,1
61,788,1
341,1172,0
541,161,0
236,566,0
19,672,0
368,781,1
9,825,0
113,211,0
43,872,0
477,151,0
564,532,1
36,771,0
173,1100,1
365,563,0
276,945,0
92,662,1
273,512,1
560,750,1
517,254,0
43,301,0
507,744,0
555,560,0
427,479,1
362,160,0
341,988,1
482,782,1
356,271,0
267,243,0
227,502,1
211,129,0
155,651,0
1,775,1
72,532,0
9,846,1
49,249,0
84,125,0
329,641,1
43,890,0
569,713,0
207,636,1
524,26,1
341,1035,0
261,755,1
435,249,0
519,576,1
433,259,0
36,236,0
478,179,0
177,855,0
155,533,0
363,895,1
356,319,0
397,674,0
113,669,0
74,19,0
88,613,0
60,528,1
32,704,1
36,875,0
64,968,0
178,674,1
51,398,1
43,327,0
48,262,0
379,581,1
308,234,0
178,696,1
569,715,0
50,731,0
91,660,0
417,785,1
242,475,1
470,761,0
77,274,0
309,262,0
200,153,0
261,220,1
261,252,0
104,1174,0
13,893,0
515,657,0
417,755,0
391,861,0
192,253,0
51,356,0
124,650,0
477,564,0
212,124,0
395,504,1
126,277,0
13,273,0
368,652,1
295,840,0
48,838,0
515,560,0
315,732,0
362,235,0
88,107,0
18,944,0
569,780,0
156,547,0
467,771,0
437,150,1
427,577,1
101,194,0
209,573,0
388,254,0
430,582,1
339,857,1
287,512,1
297,504,1
313,941,0
357,947,0
313,225,0
93,661,0
162,825,0
556,827,1
292,321,0
227,657,0
251,1151,0
17,662,0
1,316,0
36,151,0
4,17,0
392,534,1
359,282,0
266,259,0
93,228,0
309,320,1
348,837,0
159,944,0
263,709,0
387,660,1
503,548,0
156,106,0
521,349,0
285,558,0
560,650,0
9,238,0
81,652,0
433,568,0
156,687,0
508,714,0
201,298,0
276,561,1
374,746,0
339,312,0
531,834,0
419,130,0
104,330,0
343,19,1
522,780,1
530,417,0
181,776,1
227,337,0
68,837,0
9,530,0
361,709,0
446,708,1
555,365,0
251,221,0
295,785,1
309,239,1
356,350,0
192,714,0
451,707,0
169,300,0
194,787,1
467,1146,0
7,642,0
165,567,0
380,660,1
243,1028,0
378,272,0
224,229,0
495,476,0
566,816,1
263,655,0
247,252,0
207,662,0
159,977,1
564,131,0
132,712,1
334,262,0
276,548,0
72,746,0
292,121,0
158,1096,1
378,298,0
181,269,0
132,914,0
266,636,0
59,214,0
446,662,1
474,313,0
400,772,1
4,672,0
291,176,0
475,302,0
21,262,0
242,516,1
522,14,0
108,529,1
1,502,0
214,333,1
1,885,1
386,112,0
52,547,0
571,663,0
43,839,0
297,44,0
8,641,1
212,905,1
346,129,0
65,816,0
449,926,0
521,234,0
267,481,0
113,559,0
416,101,0
373,326,0
439,848,0
343,863,1
306,282,0
78,905,0
226,357,0
187,557,0
251,633,1
553,680,1
9,380,0
573,531,1
51,351,0
29,853,0
295,836,1
180,857,1
412,669,0
184,255,0
395,895,1
209,101,0
151,760,0
373,635,0
522,654,1
81,287,0
13,849,0
362,22,0
99,531,1
395,221,0
425,866,0
13,346,0
310,256,0
209,152,0
363,709,0
56,729,1
318,636,0
356,310,0
422,760,0
443,935,0
360,899,0
395,950,0
242,260,0
278,1016,0
544,776,0
254,755,1
119,825,1
448,975,1
13,769,1
392,928,0
8,11,0
247,330,0
436,923,0
563,826,0
110,515,0
26,272,1
324,524,1
282,641,1
368,226,0
267,714,0
339,479,1
559,612,1
110,245,0
249,714,0
214,822,0
137,668,0
189,256,0
173,1152,0
467,1152,0
253,41,0
72,651,1
524,645,0
564,862,0
307,1183,0
243,951,0
489,712,1
313,594,0
457,775,1
32,174,0
468,537,1
313,583,1
81,546,0
119,1003,1
309,640,1
243,206,0
533,561,1
467,124,0
227,341,0
254,749,1
544,769,0
436,645,0
266,11,0
432,830,0
343,555,1
159,822,0
249,582,1
388,713,0
156,775,1
369,901,1
224,768,0
274,238,0
251,321,1
21,709,1
409,138,0
95,571,1
331,260,0
65,861,0
119,900,1
98,830,1
26,709,1
166,561,0
565,771,0
518,173,0
88,473,0
157,546,0
314,4,0
341,982,0
251,819,1
81,81,0
564,250,0
251,772,0
568,473,0
43,868,0
162,926,0
421,138,0
266,555,0
151,758,0
141,523,0
460,528,1
515,779,1
72,570,0
113,773,0
295,282,0
138,709,1
46,59,0
1,1034,0
120,382,0
169,209,0
341,420,0
475,674,0
81,475,1
424,116,1
64,355,0
417,631,0
135,311,0
169,741,1
227,633,1
236,80,0
478,285,0
32,663,1
132,652,1
100,781,1
160,225,0
124,651,0
56,237,1
243,715,0
53,908,0
361,333,0
110,727,1
131,708,0
196,634,0
309,211,0
59,849,1
353,570,1
15,1012,1
214,847,1
104,1029,0
50,665,1
205,227,0
491,823,0
307,896,0
467,417,0
518,569,1
392,515,0
411,709,1
362,398,1
565,235,0
179,231,0
92,220,0
158,1036,0
118,326,0
332,791,0
201,231,0
156,564,0
5,664,0
357,138,0
101,611,1
244,895,1
272,636,0
13,952,0
303,1165,0
526,904,0
433,220,0
470,707,1
107,259,0
82,129,0
20,225,0
411,663,1
189,251,0
282,739,0
4,827,0
48,274,0
43,618,0
289,238,0
278,934,0
532,535,0
2,846,0
164,636,0
357,1009,1
273,640,0
50,255,0
261,674,0
511,128,0
70,828,0
316,650,1
146,129,0
541,258,0
66,771,1
131,697,0
564,157,0
155,504,0
475,332,0
3,640,1
521,34,0
400,856,0
76,788,0
379,236,0
113,473,1
155,986,0
263,684,0
159,959,0
149,668,1
384,254,0
227,815,1
180,22,0
167,529,0
507,859,0
32,552,0
526,441,0
286,907,0
176,840,1
395,354,0
555,780,1
379,754,1
477,194,0
210,256,0
32,564,0
180,277,0
560,835,0
171,648,0
4,243,0
132,660,0
27,640,1
533,214,0
132,625,0
478,639,0
4,830,0
14,856,1
573,520,1
110,731,0
353,667,0
571,646,0
54,722,0
126,243,0
511,481,1
93,526,1
110,612,0
477,27,0
59,475,0
185,280,1
166,576,1
526,254,0
249,351,0
515,637,0
2,851,0
554,81,0
425,572,1
410,66,1
521,294,0
565,294,0
188,255,0
134,824,0
43,531,1
556,279,0
227,257,0
347,559,1
214,257,0
216,709,1
565,151,0
555,967,0
515,282,0
51,946,0
178,639,1
536,315,0
224,863,0
0,483,0
93,515,1
554,572,0
356,500,1
487,504,1
165,317,0
373,568,1
1,843,0
427,553,0
443,510,1
227,563,1
243,135,0
95,327,0
247,354,0
549,230,0
490,230,0
193,145,0
263,880,1
84,250,0
130,661,1
568,315,0
412,715,1
245,660,0
353,254,0
101,847,0
192,776,1
137,655,0
467,226,0
379,239,0
48,475,0
243,577,0
120,372,0
89,281,0
249,727,0
336,775,1
248,895,1
12,639,0
507,732,0
455,348,0
101,358,0
169,549,1
143,528,1
108,260,1
23,626,0
183,273,0
463,770,1
401,156,0
472,275,0
435,476,1
379,529,0
20,246,0
72,608,0
205,504,1
511,139,0
513,669,0
99,510,1
95,813,0
246,826,0
362,295,0
417,1109,0
60,564,0
467,58,0
421,53,0
491,152,1
524,335,0
340,114,0
564,252,0
101,922,0
222,684,0
201,313,0
386,579,1
503,520,1
412,479,0
186,920,0
99,17,0
341,1086,0
92,632,1
81,316,0
77,246,0
343,871,1
568,529,1
395,157,0
278,352,0
311,651,1
55,0,0
59,535,1
246,788,1
183,302,0
29,775,0
19,531,1
400,845,0
386,783,1
150,849,1
114,220,0
322,785,0
81,615,1
162,947,0
473,313,1
124,773,0
163,906,0
461,840,1
270,941,0
158,1167,0
18,562,0
95,315,0
56,820,0
46,474,0
223,644,0
573,528,1
565,201,0
178,262,0
428,45,0
339,868,0
100,236,0
64,855,0
565,856,1
291,505,1
430,574,0
302,565,0
451,267,0
166,659,0
184,251,0
359,750,1
443,752,1
214,569,1
243,551,0
308,236,0
183,713,0
95,243,0
353,581,1
356,549,1
155,254,0
524,629,1
219,720,0
473,202,0
160,575,1
309,15,0
473,137,0
92,782,1
556,656,0
357,173,0
486,228,0
27,713,1
297,391,0
379,496,1
276,943,0
443,19,0
159,560,1
155,295,0
330,252,0
18,573,0
32,825,0
269,900,1
132,748,0
565,546,0
165,558,1
325,815,1
503,288,0
95,731,0
27,246,0
525,715,0
64,739,1
573,221,0
267,865,0
425,868,1
300,571,0
524,270,0
7,244,0
445,637,1
53,910,0
223,515,1
81,655,0
505,634,0
159,313,0
24,911,0
72,576,0
397,249,0
565,267,0
559,238,0
491,549,0
337,19,0
233,897,1
37,829,0
120,776,0
523,646,0
515,648,0
113,848,0
395,191,1
431,568,1
433,309,0
17,777,0
89,654,1
309,513,1
564,236,0
137,286,1
180,32,0
154,659,0
347,336,0
36,656,0
297,479,1
395,0,0
132,946,0
379,656,0
507,770,0
303,451,0
475,476,1
503,126,0
273,257,1
99,716,0
46,549,1
183,846,0
206,418,0
278,914,1
13,1021,0
118,865,0
427,252,0
565,552,0
386,672,1
423,262,0
531,250,0
36,499,0
346,529,1
456,834,0
354,271,0
507,292,0
1,179,0
100,243,0
8,1030,0
313,554,1
178,835,0
443,824,1
467,253,0
59,642,0
54,848,0
436,844,0
547,640,0
15,356,0
395,228,0
572,309,0
360,900,0
453,856,0
29,177,0
452,224,0
7,473,0
143,496,1
64,525,1
92,307,1
4,182,0
1,476,1
448,453,0
51,895,0
348,778,0
32,257,0
356,303,0
141,45,0
329,287,0
347,531,1
1,333,0
417,776,1
27,822,1
9,347,1
81,119,0
343,472,0
452,196,0
180,482,0
245,251,0
97,421,1
104,383,0
243,559,1
65,887,0
297,562,1
4,525,0
4,769,0
126,279,0
21,652,1
554,473,0
198,1202,0
8,651,1
417,325,1
319,280,0
65,303,0
443,142,0
341,1137,0
104,390,0
1,912,0
267,572,1
154,340,0
425,640,0
329,55,0
401,532,0
433,569,1
397,935,0
488,907,0
29,221,0
154,712,1
174,257,0
568,335,0
346,514,1
204,282,0
46,537,1
313,949,0
154,222,0
188,714,0
136,787,1
196,571,1
310,780,1
18,330,0
274,711,0
487,707,0
467,153,0
200,550,0
155,647,0
565,83,0
137,638,1
515,750,1
503,843,1
260,823,0
562,858,0
238,850,0
467,1054,0
224,836,0
432,843,0
214,141,0
198,377,0
378,328,0
336,650,1
72,103,0
282,645,0
236,1,1
168,106,0
210,910,0
518,267,0
273,516,1
456,251,0
461,712,1
100,770,1
443,254,1
84,502,0
397,171,0
181,771,1
72,615,0
342,660,1
436,221,0
336,830,0
457,914,1
556,865,0
380,679,0
439,875,0
463,258,0
16,772,1
497,901,1
37,856,0
205,535,1
526,220,0
23,576,0
36,918,0
449,339,0
518,311,0
513,663,0
119,788,0
249,249,0
525,737,0
36,285,0
456,713,1
468,682,1
341,1154,0
361,515,1
560,927,0
219,292,0
140,639,1
556,838,1
535,608,0
317,74,0
267,322,0
55,151,0
126,769,0
528,554,1
569,242,0
77,716,0
483,234,0
513,642,1
313,725,0
521,233,0
276,251,0
555,395,0
316,682,0
329,780,1
145,356,0
19,871,0
414,133,0
521,258,1
362,332,0
555,363,0
531,251,0
267,53,0
343,776,1
155,950,0
177,303,0
223,475,1
419,475,0
9,31,1
150,299,0
251,1091,1
35,778,0
357,71,0
220,231,0
524,659,1
301,643,0
296,249,0
267,867,0
154,660,0
177,351,0
88,612,1
452,319,0
310,838,1
104,355,0
535,31,1
257,229,0
251,1009,0
245,236,0
266,223,0
356,151,1
9,241,0
242,537,1
343,476,1
32,357,0
503,546,0
99,495,1
555,393,0
219,511,1
180,322,0
1,730,1
124,277,0
447,644,1
309,325,0
295,758,0
235,70,0
19,523,1
38,640,0
247,81,0
324,537,1
247,312,0
487,196,1
90,918,0
4,530,1
50,759,0
143,523,1
257,667,1
433,664,0
288,903,0
467,945,0
571,711,0
177,917,0
89,845,0
353,271,0
249,577,1
426,465,1
336,276,0
214,273,0
226,321,0
353,713,0
196,635,0
82,10,0
565,224,0
426,427,1
542,253,0
412,648,0
104,911,0
202,97,0
154,819,0
339,277,0
147,612,0
91,266,0
173,941,0
412,558,0
52,120,0
368,229,0
24,892,1
159,656,1
266,574,1
109,321,0
421,503,1
104,358,0
176,273,1
466,847,0
202,473,1
430,550,0
169,926,0
229,899,1
419,129,0
54,836,0
420,904,1
95,566,1
51,897,0
272,611,1
102,14,0
49,267,0
467,896,0
91,232,0
13,834,0
480,110,0
138,331,0
417,781,0
108,316,0
38,232,0
59,753,0
412,241,0
56,754,0
379,250,1
507,707,0
266,658,0
378,742,1
522,310,0
266,652,1
126,125,0
192,330,0
36,675,0
417,32,1
341,0,0
236,776,1
262,254,0
563,777,0
89,274,0
107,256,0
397,677,0
101,20,0
169,826,0
313,365,0
4,29,0
72,254,0
236,254,1
120,297,0
154,234,0
343,504,1
425,559,1
511,565,0
99,326,0
128,233,0
188,298,0
560,839,0
503,924,0
386,973,1
55,514,1
387,855,1
137,75,0
9,505,1
88,582,1
100,775,1
357,836,1
132,388,0
378,820,0
114,240,0
452,579,0
335,772,1
546,662,0
81,299,0
93,51,0
36,966,0
7,660,0
18,27,1
9,326,0
19,609,1
535,525,1
535,318,1
448,920,0
173,912,1
473,555,0
48,235,0
291,481,0
267,738,0
158,955,0
490,642,1
202,86,1
526,280,0
94,661,1
554,522,0
473,583,1
554,480,0
422,53,0
41,266,0
1,375,0
500,313,0
58,241,0
247,356,0
183,294,0
433,564,0
296,253,0
356,532,0
288,906,1
198,1186,1
392,482,0
323,265,0
568,649,1
354,711,1
546,653,1
234,293,0
282,229,0
219,941,0
145,970,0
8,515,1
137,226,0
236,582,0
18,920,0
436,712,0
297,532,0
308,55,0
467,1098,0
422,741,0
448,301,0
71,273,0
467,712,0
13,818,1
526,282,0
18,553,0
171,283,0
236,637,0
201,126,0
48,271,0
279,257,0
114,772,0
443,713,0
231,774,0
292,182,0
177,834,0
251,339,0
145,335,0
373,336,0
448,898,1
32,480,0
155,297,0
46,637,0
448,1089,0
9,608,1
77,680,0
487,536,1
49,769,0
424,96,0
562,844,1
373,344,1
366,339,0
107,651,1
362,255,0
428,309,0
48,238,0
1,268,0
387,846,1
138,930,0
180,850,1
92,258,0
565,305,0
11,532,1
235,54,0
202,549,0
159,220,0
155,633,0
357,838,0
59,546,0
12,774,1
362,243,0
23,581,0
448,929,0
235,566,0
205,567,0
389,900,1
201,283,0
180,570,1
251,965,0
405,235,0
113,836,1
448,1019,0
51,928,0
452,14,0
110,556,0
365,512,0
165,653,1
150,843,1
173,957,0
18,503,1
223,220,0
425,30,1
559,222,0
328,662,0
483,236,0
529,0,0
114,633,1
207,270,0
559,482,1
386,666,1
331,653,1
255,648,0
556,708,0
460,608,0
276,292,0
272,850,0
344,293,0
397,561,1
9,176,0
568,327,0
467,773,0
287,768,1
140,246,0
518,635,0
425,776,1
188,740,0
101,654,1
149,777,0
303,1025,1
36,334,0
209,29,0
132,293,0
141,480,1
356,46,0
443,546,0
23,552,0
511,724,0
447,253,0
108,712,1
107,667,0
425,528,1
526,135,0
386,323,0
531,845,0
297,152,1
519,210,0
278,951,0
309,666,0
554,58,0
511,31,0
475,638,0
519,535,1
126,238,0
16,262,0
209,283,1
4,713,0
448,976,0
425,278,0
114,11,0
362,360,0
361,825,1
84,229,0
107,665,1
392,849,0
496,968,1
417,113,1
491,852,0
137,733,0
251,124,0
166,655,1
48,648,0
436,662,0
118,283,0
32,779,0
436,565,0
503,741,0
491,609,0
559,645,0
473,472,0
46,662,0
247,777,1
169,32,0
362,321,0
339,729,1
81,523,0
94,233,0
186,926,0
363,997,0
173,958,0
99,637,1
227,501,1
526,894,1
84,126,0
154,350,0
111,631,1
8,535,1
542,268,1
154,769,0
60,651,1
512,549,0
95,555,1
272,848,0
180,20,0
272,224,0
417,394,0
475,699,0
432,281,0
261,750,0
169,632,0
276,526,1
480,128,0
521,262,0
331,245,0
155,972,1
417,257,0
36,314,0
60,318,1
362,537,1
209,110,0
177,899,1
257,672,1
343,856,0
487,636,1
222,779,1
4,299,0
565,272,0
273,499,1
412,235,0
99,515,1
29,274,0
427,482,0
109,324,0
169,757,0
564,823,1
43,664,1
353,740,0
555,926,0
50,256,0
518,612,1
514,885,0
304,558,0
54,874,0
511,847,0
277,252,0
274,240,0
223,205,0
352,258,1
249,782,1
52,535,1
511,280,0
60,524,1
417,839,1
31,580,0
427,179,0
72,744,0
524,175,0
262,120,0
43,512,0
236,681,0
1,245,0
397,857,0
104,380,0
156,152,0
99,547,1
88,520,0
272,527,0
563,763,0
307,1041,1
427,686,0
518,315,0
377,671,1
107,771,1
4,501,0
422,737,0
21,778,1
229,905,0
156,333,0
555,708,0
56,533,1
108,497,1
273,583,1
363,404,0
130,244,0
427,39,0
526,769,0
32,672,0
224,275,0
223,783,0
362,274,0
77,554,0
555,505,1
251,333,0
72,190,0
104,1196,0
494,262,0
562,349,0
32,249,0
72,859,0
339,834,0
155,292,0
524,889,1
534,565,0
424,101,0
521,132,0
273,660,0
417,861,1
365,173,0
328,843,0
425,844,1
357,927,0
428,530,0
466,871,0
77,234,0
37,350,0
563,855,0
555,746,0
387,11,0
278,354,0
491,501,0
412,267,0
84,224,0
64,315,0
339,242,0
144,222,0
457,778,0
247,335,0
223,676,1
137,535,1
224,547,1
126,73,0
467,181,0
4,270,0
279,259,0
94,770,1
365,548,0
457,324,0
137,667,0
128,247,0
292,170,0
449,911,0
243,741,0
384,664,0
171,271,0
8,76,0
553,705,0
468,233,0
114,536,1
113,676,0
307,1165,1
36,577,1
179,238,0
147,565,0
314,52,0
212,139,0
209,510,1
476,920,0
457,929,1
32,956,0
49,258,0
214,821,1
278,323,0
224,552,1
555,324,0
292,659,0
138,128,0
223,314,0
563,768,0
219,312,0
267,156,0
64,935,0
23,502,1
361,295,0
314,148,0
513,249,0
419,534,0
165,69,0
432,359,0
475,505,1
119,360,0
439,874,0
436,648,0
57,224,0
89,844,0
19,823,0
339,169,0
256,419,0
556,779,1
22,20,0
49,815,0
507,779,1
478,293,0
132,193,0
267,220,0
5,753,0
113,583,1
276,229,0
563,246,0
104,969,0
75,609,1
379,667,0
262,536,1
411,773,1
198,1020,0
287,111,0
309,575,1
339,503,1
523,273,0
302,577,0
357,771,1
397,122,0
537,1049,1
303,990,0
59,310,0
425,671,1
313,899,1
426,440,0
4,230,0
476,785,1
372,317,0
23,518,0
94,668,0
397,481,1
276,232,0
477,124,0
21,672,0
66,663,1
313,364,0
183,292,0
104,446,0
130,650,0
428,521,0
251,782,1
564,890,0
240,660,0
412,510,1
292,633,0
177,902,0
527,828,0
477,580,1
23,25,0
439,859,0
475,787,0
554,632,0
467,377,0
31,219,1
522,118,0
101,762,0
25,260,0
563,657,0
19,238,0
475,673,1
64,562,0
467,278,0
368,840,1
219,660,1
37,726,0
362,825,0
417,1041,0
425,121,0
113,318,0
36,924,0
225,266,0
448,787,0
313,967,0
93,22,0
546,649,1
266,611,0
114,494,0
194,50,0
384,772,1
460,478,0
197,903,0
249,329,0
452,153,0
180,827,0
394,821,1
68,329,0
565,637,0
311,647,1
95,204,0
443,315,1
387,848,1
59,547,0
72,503,1
118,931,0
8,566,0
154,830,0
564,836,0
198,1178,1
209,316,0
276,867,1
10,904,0
563,707,0
559,836,0
566,821,0
137,331,0
313,1048,0
140,249,0
266,316,0
291,559,1
52,531,1
173,1086,1
72,5,0
46,671,1
166,185,0
535,221,0
167,7,0
104,963,0
236,546,0
35,852,0
297,101,0
555,669,0
98,970,1
174,254,0
11,895,1
460,498,1
59,151,0
8,576,0
397,951,0
7,186,0
272,768,0
149,264,1
262,473,1
308,227,0
183,662,0
43,834,0
526,664,0
273,253,0
91,768,0
555,672,1
155,317,0
201,659,0
37,707,0
482,820,0
363,769,1
101,738,0
341,1164,0
526,1083,0
297,1,0
125,260,0
534,560,0
433,659,0
564,348,0
554,474,0
173,1096,1
323,74,0
201,0,0
564,876,0
48,0,0
436,328,0
353,736,0
251,923,1
446,686,1
219,610,0
475,224,0
475,245,0
54,857,0
59,30,0
1,246,0
257,240,0
571,707,0
19,828,1
357,227,0
266,843,0
59,842,0
9,648,0
172,907,1
245,639,0
92,225,0
126,662,0
524,273,0
303,400,0
6,776,1
181,278,0
398,772,1
517,644,0
491,778,0
156,861,0
386,496,0
301,642,0
156,609,0
100,711,1
448,336,0
167,54,0
36,518,1
141,127,0
521,851,1
198,923,0
511,837,0
7,636,1
548,828,0
452,167,0
189,769,0
243,580,1
180,678,0
201,570,0
247,195,0
357,333,1
201,843,0
357,321,0
444,652,1
169,113,0
66,670,0
508,775,1
224,4,0
541,612,1
387,682,0
307,366,0
114,608,0
224,712,1
343,556,0
533,657,1
380,774,0
101,326,0
223,633,1
19,481,0
343,528,1
165,650,1
236,557,0
417,853,0
43,870,0
398,475,0
18,633,1
353,508,1
174,430,0
25,665,1
201,173,0
35,845,0
345,672,0
452,185,0
226,938,0
559,481,1
292,80,0
559,273,0
309,565,0
64,643,0
533,253,0
159,356,0
350,573,1
276,354,0
329,130,0
243,834,0
49,253,0
152,262,0
319,847,0
102,55,0
29,575,0
176,282,0
357,327,0
185,707,0
491,547,0
387,257,0
361,537,1
177,931,0
401,10,0
224,775,0
48,829,1
10,893,0
57,313,1
555,846,1
560,935,0
227,661,1
77,122,0
297,324,1
48,720,0
223,851,0
518,877,0
132,662,1
273,151,0
379,322,0
11,553,1
535,249,0
72,247,0
72,270,0
521,978,0
365,550,0
158,1137,0
120,953,0
496,978,0
194,822,0
32,292,0
499,898,1
138,528,1
110,854,0
466,835,0
1,388,0
243,647,0
511,682,0
556,265,0
44,310,0
481,135,1
268,893,0
390,335,1
564,511,1
391,740,0
126,752,0
251,443,0
142,156,0
46,204,0
473,559,1
526,435,1
261,255,1
560,648,0
36,505,0
368,773,0
83,0,0
305,272,0
173,470,1
89,316,0
159,227,0
4,254,0
522,768,0
425,648,1
345,249,0
173,1108,1
93,313,0
214,862,1
185,254,0
27,779,0
263,654,1
535,645,1
539,223,0
386,223,0
289,636,0
297,564,1
257,640,0
292,549,0
140,659,0
209,665,0
304,608,0
417,860,1
95,709,0
130,255,0
428,554,1
155,558,0
536,580,0
101,614,0
503,203,0
422,847,1
188,728,0
49,775,1
487,481,0
166,530,1
496,926,0
544,774,0
232,908,0
159,856,0
389,390,0
119,830,1
207,707,0
490,638,0
236,81,0
478,140,1
196,226,0
101,221,0
90,303,0
271,224,0
356,152,0
179,318,1
448,380,0
223,825,0
467,1076,0
362,45,0
158,1180,0
439,146,0
359,824,1
313,720,1
76,54,0
519,632,0
319,651,1
346,51,0
361,352,0
356,257,0
43,639,1
0,11,0
400,864,0
108,109,0
361,779,1
154,225,0
343,558,0
339,815,0
286,905,0
297,896,1
395,63,0
453,864,0
291,511,1
156,650,1
362,391,0
297,225,0
205,316,0
309,111,0
166,652,1
565,296,0
4,652,1
335,773,1
392,726,0
4,928,0
91,668,0
9,550,0
380,646,0
169,710,1
84,861,1
556,663,1
374,713,0
359,786,1
158,1185,0
56,676,0
565,569,1
156,732,1
214,115,0
25,222,0
238,837,1
4,694,0
187,569,0
328,566,0
544,649,1
320,680,1
389,413,0
104,388,0
192,258,0
234,278,0
567,99,0
223,830,1
475,861,0
276,475,1
554,633,0
522,652,1
515,154,0
19,916,0
282,644,0
563,259,0
89,271,0
392,53,0
356,51,0
95,133,0
1,884,0
311,639,1
236,668,0
246,830,1
475,686,1
189,656,1
541,672,1
569,723,0
379,633,0
556,918,0
417,1094,0
178,659,0
297,776,0
526,352,0
526,1186,0
341,920,0
219,938,0
435,144,0
8,198,0
101,567,0
339,240,0
491,776,0
26,239,0
346,547,0
362,963,1
298,639,1
247,530,1
192,768,0
32,977,0
73,863,0
448,848,0
461,695,0
472,740,1
267,44,0
261,708,1
84,329,0
81,574,0
101,667,0
166,710,1
347,937,0
267,298,0
329,768,0
92,663,0
1,635,0
247,776,1
353,156,0
132,665,1
426,476,1
241,243,0
318,647,1
541,30,0
443,21,1
428,497,1
43,823,0
264,102,0
376,137,0
247,349,0
417,1091,0
50,669,0
343,848,0
236,552,0
99,239,0
515,50,0
270,787,0
60,567,0
263,846,0
439,824,0
202,10,0
328,482,0
425,535,1
143,546,0
540,941,0
454,60,0
176,837,1
473,624,1
295,286,0
64,830,1
169,230,0
272,511,0
159,631,0
521,822,1
13,331,0
216,235,0
448,655,0
382,707,0
93,638,0
132,668,0
448,465,0
201,279,0
187,501,1
58,247,0
372,221,0
560,270,0
475,715,0
397,118,0
395,136,0
72,249,0
451,256,0
401,112,0
571,275,0
491,157,0
515,235,0
379,536,1
496,928,0
319,558,0
183,853,0
492,824,1
8,227,0
356,635,0
241,655,1
273,633,0
387,843,1
339,856,1
541,578,1
297,639,0
196,229,0
518,703,0
43,550,0
166,512,1
291,68,1
272,50,0
110,789,0
303,365,0
499,420,0
93,550,0
433,747,1
270,1018,1
198,978,0
114,243,0
281,269,0
267,302,0
484,570,1
29,233,0
43,118,0
412,635,0
120,771,1
499,411,0
43,582,0
565,496,0
572,317,0
330,262,0
361,668,0
81,707,1
266,97,0
464,897,0
263,294,0
108,573,1
300,564,0
147,535,1
81,222,0
154,874,1
46,668,0
303,355,0
270,798,1
149,655,1
126,494,1
32,723,0
190,441,0
283,238,0
187,645,0
187,225,0
72,571,1
15,923,0
82,478,0
276,937,0
343,707,0
261,707,1
539,312,0
180,525,0
526,832,0
154,280,0
8,60,0
302,212,0
478,218,0
236,109,0
313,724,0
23,566,0
518,674,0
313,329,0
478,42,0
137,230,0
169,708,0
110,885,1
165,474,1
89,865,0
56,756,0
89,273,0
234,329,0
137,821,1
397,908,0
452,556,0
554,534,0
114,560,0
180,887,0
8,631,0
201,514,0
397,864,1
381,233,0
159,501,1
149,776,0
433,74,0
276,655,0
132,6,0
525,710,0
192,815,0
81,727,0
529,72,0
386,669,0
251,53,0
556,836,1
174,904,0
32,299,0
304,564,0
151,830,0
196,228,0
398,760,1
353,280,0
59,636,0
0,169,0
209,778,0
273,654,1
475,534,1
272,317,0
44,546,0
72,863,0
568,972,1
138,524,1
170,909,0
313,304,0
46,672,0
432,848,0
92,633,1
218,256,0
291,480,1
374,249,0
156,536,1
139,897,0
357,1035,0
569,729,0
328,653,0
373,70,0
121,639,0
362,437,0
261,311,0
296,250,0
526,671,0
266,61,0
302,192,0
559,298,0
267,258,0
467,405,0
343,204,0
307,897,1
123,795,0
64,235,0
374,776,1
424,46,1
261,638,0
110,275,0
556,777,0
300,199,0
313,422,0
195,612,1
219,234,0
124,769,1
478,709,0
467,221,0
1,241,0
198,1009,0
491,254,0
18,652,1
541,608,0
113,882,0
49,313,0
526,390,0
74,1,0
43,249,0
428,57,0
104,1162,0
524,520,0
154,818,0
18,929,0
391,730,0
357,330,0
64,266,0
261,776,0
436,281,0
427,687,0
387,582,1
386,227,0
467,819,1
93,125,0
339,921,0
310,763,0
132,575,0
379,914,1
461,255,0
521,328,0
38,639,0
560,283,0
44,526,1
395,640,1
564,328,0
132,269,0
154,339,0
129,0,0
263,851,1
362,916,0
251,845,0
351,566,1
278,333,0
138,941,0
32,565,0
211,252,0
209,223,0
37,755,1
50,742,0
54,846,0
503,638,0
56,665,1
468,658,0
92,561,0
162,958,0
207,853,1
49,255,0
72,276,0
237,80,0
101,1011,0
417,712,1
261,632,0
19,820,0
266,310,0
518,645,0
56,826,0
467,315,0
272,310,0
171,665,1
64,583,1
473,13,0
110,642,0
388,659,0
342,273,1
60,9,0
100,287,0
59,728,1
64,655,1
432,356,0
412,262,0
352,650,1
521,654,1
173,1177,0
428,566,0
569,249,0
397,865,0
464,253,0
467,583,0
266,689,0
1,139,0
119,1017,0
532,6,1
31,629,0
421,136,0
395,941,0
18,221,0
559,775,1
198,899,1
49,786,0
54,869,0
431,500,1
138,566,0
443,826,1
361,920,0
553,658,0
4,786,0
148,138,0
357,54,0
35,828,0
178,652,1
95,480,0
356,279,0
388,249,0
347,495,1
343,255,0
373,282,0
311,646,1
565,317,1
77,860,0
86,230,0
9,822,0
104,357,0
553,770,0
449,935,0
18,0,0
36,786,1
243,476,1
143,536,0
20,234,0
92,536,0
491,299,0
541,511,1
276,871,0
104,1198,0
467,1182,0
224,312,0
328,136,0
27,769,0
19,562,1
55,551,0
478,858,1
523,649,1
571,249,0
475,511,1
48,659,0
507,849,0
7,535,0
387,224,0
113,838,0
10,895,0
491,664,1
476,352,0
48,180,1
99,582,1
126,777,0
132,907,0
428,151,0
192,250,0
10,892,0
566,820,1
49,852,0
523,266,0
328,319,0
327,465,0
159,945,0
60,559,0
522,773,1
514,748,0
68,326,0
187,532,1
511,106,0
196,633,0
547,657,0
132,268,0
81,331,0
93,609,1
366,928,0
380,273,0
491,647,0
392,58,0
309,664,0
480,895,1
1,872,0
248,907,0
392,510,1
235,312,0
223,319,0
368,270,0
267,516,0
309,615,0
266,473,0
294,39,0
93,169,0
339,646,0
57,613,1
279,476,1
15,820,1
198,386,0
389,894,1
275,824,1
91,639,0
128,248,0
2,887,0
563,54,0
163,267,0
541,314,0
155,642,1
505,575,1
184,769,1
524,268,0
417,1164,0
554,562,1
555,918,0
16,224,0
56,171,0
43,32,0
266,252,0
99,141,0
251,315,1
57,562,1
370,640,1
564,777,0
513,259,0
100,283,0
270,1027,0
503,828,0
351,564,1
159,851,1
101,362,1
343,221,0
398,583,1
8,245,0
180,665,1
467,781,0
26,229,0
272,473,1
99,634,1
537,1137,0
392,773,0
484,558,1
389,349,0
525,836,1
426,898,0
412,647,0
1,654,1
302,615,0
503,947,0
341,949,0
49,514,1
443,178,0
236,125,0
15,959,0
107,672,1
159,274,0
503,826,0
214,649,1
363,328,0
443,529,1
156,327,0
361,258,0
1,746,0
43,534,1
181,834,0
268,257,0
356,481,0
433,637,1
101,950,0
398,521,0
0,48,1
209,237,0
224,250,0
425,773,1
521,515,1
568,243,1
4,676,0
389,374,0
521,570,1
392,316,0
201,780,0
361,532,1
276,330,0
335,270,1
390,355,0
149,665,1
515,472,0
192,289,0
433,50,0
81,629,1
150,297,0
267,244,0
243,246,0
236,661,0
276,355,0
363,820,0
11,547,1
313,776,1
331,252,0
138,669,1
158,1113,0
389,337,0
296,901,0
390,780,0
308,214,0
573,516,1
375,768,1
542,907,0
297,317,1
260,801,1
448,171,0
154,227,0
345,682,0
32,768,0
386,1000,0
496,294,0
49,826,0
350,612,1
411,774,0
125,570,0
299,260,0
329,769,1
313,959,0
510,97,0
563,714,0
436,710,0
235,25,0
559,670,1
351,319,0
35,843,1
473,514,1
251,43,0
397,0,0
555,758,0
201,663,0
417,312,1
65,853,0
94,267,0
125,576,1
526,271,0
531,841,0
475,838,1
198,365,0
412,552,0
559,20,0
297,374,0
374,869,0
306,712,0
81,933,0
278,824,1
110,780,0
448,565,0
509,631,0
39,13,0
19,52,0
120,908,0
244,906,0
339,223,0
556,670,0
9,336,0
184,275,0
354,249,0
563,755,0
27,645,1
560,864,0
276,497,0
478,231,0
509,549,0
110,297,0
563,838,1
40,634,0
292,666,0
180,505,1
95,233,0
515,327,0
49,636,0
180,878,0
121,666,1
412,610,1
564,661,0
309,474,1
100,655,1
505,570,1
362,357,0
564,344,0
180,660,0
284,0,0
329,748,1
473,496,1
316,276,0
321,108,0
56,822,0
64,1009,0
188,647,0
317,4,0
260,797,1
36,257,0
227,577,1
563,8,0
109,258,0
526,659,1
1,330,0
276,962,0
537,1046,0
107,675,0
467,1110,0
506,749,0
560,649,1
84,551,0
487,577,1
430,590,1
361,285,0
426,899,0
571,668,0
77,256,1
386,357,0
110,164,0
524,825,0
232,893,1
295,830,0
362,400,1
522,638,0
128,258,0
11,892,1
223,233,0
487,666,0
155,347,0
95,160,0
515,330,0
427,124,0
511,321,0
71,780,0
121,642,1
73,712,0
549,225,0
321,69,0
559,71,0
511,658,0
73,743,1
162,1017,0
292,758,0
59,615,0
26,661,0
26,772,1
214,300,0
515,632,0
46,497,1
466,889,0
7,848,0
352,668,0
243,1,0
514,843,0
19,781,1
212,904,1
189,682,0
101,231,0
227,253,0
36,636,0
467,337,0
460,210,0
467,446,0
84,138,0
154,579,0
166,660,1
562,838,1
285,181,0
503,311,0
6,283,0
508,251,0
19,237,0
167,473,1
95,661,1
526,935,0
303,370,0
49,780,0
535,0,0
452,48,0
384,660,0
64,951,0
448,435,0
60,267,0
386,481,0
166,511,1
560,719,0
530,898,1
359,756,0
94,771,0
147,516,1
343,837,1
297,974,1
386,238,0
151,848,0
180,778,0
251,660,1
473,576,1
415,640,0
390,777,0
271,663,0
173,1060,0
126,748,0
223,846,1
309,161,0
560,277,0
328,292,0
93,229,0
32,500,0
467,316,0
3,226,0
525,781,0
126,648,0
341,963,0
559,292,0
251,475,1
43,855,0
336,326,0
463,257,0
32,226,0
243,310,0
101,777,0
477,113,0
336,827,1
464,900,0
243,851,0
156,284,0
426,903,1
568,631,0
26,259,0
187,200,0
276,644,0
125,256,0
191,913,0
108,567,1
50,650,1
70,789,0
110,526,0
126,235,0
82,474,1
510,67,0
309,608,1
46,319,0
46,511,1
327,458,0
120,298,0
77,676,0
292,708,0
341,331,0
81,657,1
269,906,0
390,827,0
49,473,0
7,609,0
526,301,0
196,566,0
251,1164,1
319,561,0
91,769,1
392,344,0
4,295,0
230,1038,0
72,224,0
564,633,0
515,640,0
99,559,1
392,768,1
36,189,0
565,505,0
313,647,0
536,222,0
119,325,0
201,289,0
251,1011,0
321,68,0
448,770,1
401,500,1
10,909,0
250,15,0
417,1019,0
7,714,0
313,176,0
565,658,0
219,532,0
13,897,1
563,864,0
236,777,0
227,668,0
159,972,1
120,299,0
486,639,0
32,568,0
19,129,0
413,242,0
123,354,0
448,829,1
533,639,1
319,517,1
64,840,1
36,279,0
165,311,0
9,166,0
156,227,0
104,978,0
483,548,0
448,1009,0
362,759,0
4,651,1
477,42,0
357,649,1
377,664,1
395,168,0
328,772,1
8,1035,1
75,561,1
296,900,0
515,356,0
99,132,0
104,322,0
14,843,0
56,476,1
13,786,1
342,852,1
138,564,0
279,906,0
15,819,1
9,195,0
17,658,0
281,253,0
65,889,0
4,662,1
135,801,1
122,609,0
313,1014,0
378,805,1
147,552,1
93,226,0
507,848,0
433,662,0
526,470,0
150,827,1
32,332,0
475,18,0
158,1135,1
9,929,0
474,319,1
560,838,1
467,661,0
4,238,0
388,663,0
457,281,0
307,893,0
51,300,0
72,533,0
64,284,0
156,669,1
113,87,0
556,328,0
154,285,0
209,553,0
58,658,0
473,548,1
198,1111,0
263,854,0
266,633,0
62,421,0
313,928,0
219,687,1
289,655,1
271,225,0
201,50,0
216,637,1
266,233,0
93,54,0
343,71,1
95,359,1
158,407,0
209,548,0
361,48,0
297,837,0
43,561,0
397,472,0
328,263,0
184,737,0
436,327,0
392,322,0
297,633,0
108,9,0
534,187,0
362,583,1
114,549,0
397,1038,0
304,614,1
309,250,0
521,331,0
226,335,0
156,546,0
531,709,1
511,516,1
524,537,1
509,559,0
149,259,0
247,658,0
169,505,1
239,317,0
191,334,0
100,245,0
455,926,0
314,0,0
43,836,0
107,713,0
347,608,0
374,827,0
247,567,0
373,505,1
272,711,0
77,636,0
178,653,1
518,270,0
180,235,0
157,574,1
113,179,0
217,780,0
92,651,0
84,253,0
132,345,0
159,280,0
212,502,0
521,256,0
173,404,0
65,301,0
114,820,1
173,1194,0
357,828,0
309,482,0
32,107,0
180,677,0
166,174,0
107,648,0
343,576,1
132,649,1
306,836,0
165,547,0
518,331,0
347,914,0
313,555,0
273,653,0
99,221,0
119,946,0
145,353,0
64,523,1
518,768,0
7,776,0
378,331,0
309,274,0
393,268,0
13,292,0
126,534,1
563,711,0
110,652,1
106,438,1
362,534,1
353,567,0
400,855,0
386,943,0
183,137,0
141,83,0
198,450,0
556,335,0
473,519,0
138,297,0
158,1181,0
541,267,0
391,837,0
336,329,0
335,253,0
336,328,0
526,837,1
530,415,0
164,682,0
223,853,0
36,328,0
555,405,0
227,827,0
356,228,0
467,380,0
189,747,0
361,308,0
419,60,0
10,475,1
31,185,0
167,101,0
509,309,0
188,771,1
230,329,0
447,656,1
219,611,1
412,671,0
59,15,0
467,707,0
81,577,1
389,392,0
156,251,0
201,151,0
559,1,0
9,312,0
132,561,0
0,530,1
401,537,1
477,546,0
341,467,0
362,972,1
507,836,0
266,229,0
166,613,1
44,496,1
7,510,1
1,847,1
425,253,0
229,707,0
164,828,0
503,579,0
345,316,0
357,826,0
491,495,1
46,598,0
213,312,0
374,843,1
273,184,0
84,294,0
439,838,1
522,222,0
29,779,1
463,263,0
564,881,0
511,582,1
397,827,1
470,688,1
236,185,0
155,522,0
64,774,0
60,562,0
166,151,0
388,260,0
539,222,0
201,14,0
353,760,1
510,785,0
156,852,0
113,315,0
291,534,1
473,558,0
341,347,0
9,819,0
451,266,0
43,536,0
104,1194,0
55,537,1
158,1152,0
59,872,0
145,348,0
126,514,1
362,327,0
132,19,0
328,167,0
297,956,0
180,776,0
51,370,0
568,530,0
511,505,1
68,826,0
19,776,1
379,281,0
436,553,0
357,699,0
124,474,1
171,846,0
496,919,0
542,895,1
214,566,0
521,125,0
101,1035,0
23,513,0
431,230,0
565,495,0
274,665,1
398,238,0
491,819,0
57,612,1
56,850,0
517,774,1
397,940,0
251,916,0
25,667,0
452,559,0
339,880,0
147,562,1
273,275,0
98,781,1
329,262,0
9,558,0
169,331,0
69,258,1
112,62,0
109,260,0
288,257,0
491,623,0
251,297,0
283,237,0
138,107,0
21,675,0
138,961,1
249,528,0
456,284,0
503,0,0
568,294,0
363,832,0
51,1036,0
125,225,0
507,714,0
180,231,0
380,640,1
81,165,0
38,244,0
16,261,0
448,822,0
328,58,0
426,250,0
249,227,0
336,669,0
205,480,0
309,59,0
537,1092,1
335,242,0
392,477,0
330,653,0
514,838,1
229,130,0
209,473,0
491,567,0
22,56,0
362,419,0
178,642,1
386,685,0
421,535,1
524,331,0
166,516,1
546,235,0
368,224,0
476,799,1
224,20,0
249,558,0
101,894,0
101,563,1
392,254,0
533,775,0
409,904,0
503,847,0
17,637,1
36,275,0
500,561,1
405,222,0
251,388,0
156,637,0
325,321,0
141,516,1
120,395,0
347,211,0
36,290,0
372,316,1
518,581,1
4,815,0
313,16,0
92,696,0
46,561,0
116,771,1
214,844,0
11,550,1
521,244,0
249,865,0
467,787,0
261,254,0
511,877,0
521,784,1
7,712,1
276,505,0
511,547,0
526,1069,0
156,686,1
395,301,0
227,216,0
555,114,0
77,876,0
555,769,0
341,912,0
32,681,1
308,820,1
101,923,0
124,663,1
344,743,1
347,558,1
249,220,0
18,520,1
5,270,0
571,713,0
436,906,0
447,663,0
536,162,0
39,43,0
18,281,0
518,643,0
568,798,1
89,311,0
147,558,0
163,262,0
352,247,0
55,566,0
505,583,1
433,56,0
4,770,0
154,530,0
525,784,1
143,582,1
565,101,0
473,211,0
29,771,1
484,217,0
300,582,1
533,225,0
319,513,1
43,159,0
421,114,0
329,157,1
303,439,0
87,0,0
36,940,0
9,860,0
183,625,1
159,301,0
328,559,0
29,252,0
273,772,1
80,30,0
143,615,0
251,289,0
92,515,1
64,824,1
43,325,0
183,504,0
72,47,1
223,30,0
108,234,0
224,656,0
46,550,1
379,932,1
162,352,0
389,371,0
157,129,0
173,1038,0
378,828,0
554,566,0
310,270,0
476,346,1
508,639,1
460,184,0
402,904,0
444,238,0
443,829,0
238,295,0
202,313,0
43,475,1
356,496,1
436,902,1
356,519,0
92,642,1
511,875,0
539,631,0
189,725,0
417,511,1
467,524,0
4,255,0
417,924,0
533,632,1
249,326,0
389,415,0
50,252,0
16,220,0
162,295,0
292,311,0
282,658,1
313,510,0
534,581,1
81,284,0
101,284,0
277,907,0
427,631,0
32,379,0
353,230,0
51,949,0
19,851,0
442,553,0
219,313,0
169,847,0
62,366,1
27,772,1
562,294,0
98,973,0
357,481,0
436,819,0
379,639,0
568,935,0
510,151,0
101,896,1
329,289,0
295,754,0
0,1,0
427,127,0
178,841,0
181,777,0
517,674,1
56,502,1
27,818,0
178,249,0
357,655,1
525,735,0
563,252,0
102,92,0
165,548,0
517,780,0
341,323,0
32,267,0
36,853,1
154,843,0
559,610,1
509,85,0
169,319,0
550,781,1
560,941,0
25,268,0
348,276,0
380,259,0
124,0,1
491,836,1
426,426,0
400,834,0
439,564,0
303,898,0
336,708,0
200,197,0
467,944,0
313,707,0
90,781,1
171,855,0
366,329,0
553,259,0
170,897,1
137,779,0
26,256,0
158,422,0
247,580,1
307,358,0
51,941,0
359,748,1
236,220,0
4,686,0
247,320,0
132,578,1
392,583,1
137,749,0
114,667,0
248,893,0
26,637,0
555,516,1
386,520,1
88,224,0
92,537,1
518,317,0
334,252,0
204,330,0
477,502,1
425,761,1
5,716,0
361,533,1
44,313,0
173,1070,0
331,769,0
95,651,1
0,526,1
422,853,0
524,344,0
307,466,1
399,10,1
189,743,1
110,549,0
397,494,1
92,564,0
563,227,0
123,826,0
472,271,0
535,479,1
329,770,0
187,558,0
132,337,0
59,707,0
27,664,1
137,243,0
36,292,0
302,632,0
113,225,0
508,828,0
302,204,0
64,325,0
113,580,0
6,752,0
263,258,0
339,292,0
563,526,1
521,836,1
48,562,0
207,652,1
315,715,0
48,637,0
368,657,1
357,472,1
518,668,0
476,821,0
568,230,0
521,941,0
319,575,1
138,772,1
400,771,1
44,575,0
166,709,1
353,11,0
431,221,0
56,515,1
417,892,1
54,745,0
104,893,0
377,662,1
313,1121,0
7,837,1
178,698,0
373,235,0
166,228,0
113,839,0
554,615,0
476,919,0
449,378,0
511,315,0
143,611,1
9,928,0
226,1037,0
266,530,0
18,318,0
267,843,0
357,850,1
266,165,0
95,259,0
356,657,0
251,768,0
285,567,0
339,648,0
49,273,1
251,405,0
283,222,0
526,753,0
207,648,0
566,824,0
113,713,0
15,786,1
313,415,0
130,658,0
559,657,0
400,292,0
59,564,0
9,944,0
510,194,0
518,851,0
515,844,1
509,567,0
278,1009,0
163,264,0
159,359,0
180,536,1
132,370,0
568,850,1
392,828,0
478,547,1
32,1029,0
446,275,0
379,357,0
132,234,0
267,256,0
447,256,0
573,561,1
401,535,1
341,954,0
180,641,1
267,274,0
21,681,1
525,851,0
563,579,1
64,965,1
379,777,1
18,937,0
522,608,0
356,335,0
477,568,1
387,650,1
515,535,1
187,481,0
43,535,1
555,79,0
77,196,0
491,566,0
521,321,0
109,769,0
81,278,0
126,319,1
243,359,0
511,513,1
541,173,1
19,850,0
262,260,0
8,363,0
393,895,0
4,276,0
374,816,0
408,820,1
134,787,0
132,297,0
267,574,1
43,632,0
249,221,0
436,861,0
386,577,0
137,71,0
35,743,1
18,124,0
361,770,0
137,549,0
246,787,1
227,550,1
56,849,0
32,783,1
126,711,1
394,827,1
417,374,0
223,679,0
180,312,0
393,253,0
59,663,1
251,1183,0
128,698,0
132,347,0
271,259,0
43,278,0
469,569,0
446,776,1
491,552,0
329,200,0
7,117,0
128,714,0
451,257,1
277,909,0
517,651,1
35,275,0
187,536,1
158,440,0
18,568,0
445,675,0
560,323,0
518,881,1
563,756,0
511,175,0
356,660,0
177,925,1
524,834,0
524,300,1
49,582,1
398,259,0
138,916,1
297,840,0
565,238,0
568,357,0
165,521,1
564,667,0
276,532,0
448,430,0
113,835,0
9,935,0
329,666,1
120,1018,0
54,279,0
313,1098,0
276,521,1
19,861,0
395,334,0
427,222,0
568,130,1
49,221,0
521,58,0
132,271,0
472,770,1
297,1015,0
436,178,0
104,365,0
432,828,0
362,858,0
162,300,0
82,527,0
36,642,0
518,846,0
276,305,1
157,134,0
243,515,1
205,575,1
209,479,0
521,730,0
152,268,0
167,38,0
263,687,1
317,52,0
273,50,0
356,225,0
515,576,1
343,125,0
214,151,0
169,663,0
81,920,0
82,101,0
49,502,0
353,644,0
214,230,0
272,836,1
219,187,0
449,432,0
411,271,0
362,277,0
224,557,0
439,867,0
275,829,1
320,703,1
526,778,0
379,520,0
120,785,1
32,224,0
219,262,0
272,0,0
266,487,1
243,255,0
44,614,0
114,800,0
559,46,0
27,711,1
36,268,0
511,696,0
563,326,0
291,221,0
397,353,0
192,822,0
134,822,0
273,708,1
99,631,0
56,738,0
138,652,1
181,710,0
234,849,0
499,255,0
166,472,1
363,426,1
84,473,0
521,569,1
343,515,0
132,895,1
559,112,0
505,632,0
273,777,1
138,565,0
493,82,0
185,665,1
427,117,0
307,1170,1
564,657,0
267,776,0
247,655,0
266,676,0
329,531,1
275,783,1
313,993,0
514,860,0
508,843,1
219,926,0
477,531,1
1,854,0
412,102,0
155,207,0
178,267,0
95,495,1
119,961,1
140,240,0
167,505,0
448,827,0
54,847,0
128,691,0
247,289,0
59,613,0
56,274,0
511,643,0
72,113,0
521,821,0
19,26,0
164,241,0
132,905,0
4,667,0
277,255,0
158,960,0
177,844,1
202,134,0
159,476,1
171,274,0
50,752,1
389,329,0
515,283,0
163,249,0
54,853,0
222,778,1
559,834,0
343,531,1
64,249,0
339,778,0
273,35,0
190,412,1
448,20,0
444,237,0
223,0,0
555,609,0
162,946,0
267,664,0
341,337,0
297,316,0
350,228,0
357,709,1
138,770,0
343,295,0
158,935,0
165,98,0
386,556,1
159,360,0
368,708,0
281,258,0
123,916,1
565,263,0
373,341,1
201,671,0
201,931,0
363,785,1
267,311,0
162,966,1
417,867,0
201,251,0
99,537,1
362,576,1
124,271,0
500,177,0
282,748,1
565,280,0
504,130,0
95,497,1
90,323,0
154,16,0
472,853,1
233,894,1
138,918,0
313,136,0
198,1204,0
390,330,0
534,632,0
341,986,1
510,101,0
501,226,0
89,710,0
138,639,0
305,776,1
439,566,1
81,732,1
448,1046,0
564,347,0
379,857,0
1,849,0
318,222,0
559,609,1
113,866,0
568,951,0
196,313,0
166,654,0
223,123,0
267,315,0
9,47,0
132,836,1
345,641,1
99,292,0
113,240,0
380,260,0
512,151,0
467,658,0
356,272,0
357,568,1
183,523,0
511,170,0
158,1109,0
104,467,0
191,971,0
568,820,1
362,572,1
72,562,0
156,643,0
82,494,1
356,547,1
417,171,0
564,575,1
524,297,0
209,711,1
81,178,0
457,321,0
365,228,0
491,504,1
169,575,0
1,226,0
99,313,0
276,344,0
354,273,0
526,274,0
347,352,0
313,406,0
443,204,0
219,3,0
491,786,1
341,1168,1
313,650,1
43,530,1
468,186,0
137,297,0
343,547,0
363,371,0
99,666,0
158,1161,0
247,824,0
378,795,1
4,853,0
363,1017,1
523,248,0
417,316,1
425,877,1
397,202,1
251,699,0
225,908,0
128,678,0
56,151,0
486,229,0
222,713,0
507,846,0
517,641,1
307,1195,0
524,559,0
445,684,1
126,522,0
250,119,0
467,445,0
361,358,0
542,259,0
159,300,0
443,332,0
251,115,0
435,900,1
124,576,1
536,179,0
322,821,1
534,571,1
59,638,0
99,715,1
346,174,1
77,260,0
165,499,1
56,292,0
219,159,0
132,54,0
224,277,0
249,347,0
26,654,1
190,426,0
17,678,0
91,256,0
51,1020,1
388,670,1
510,59,0
386,546,0
9,229,0
44,522,1
192,710,0
444,682,0
467,1198,0
191,350,0
555,674,1
404,238,0
395,1032,0
81,480,0
292,300,0
126,222,0
518,125,0
6,836,1
21,650,1
553,667,0
4,353,0
560,663,0
421,197,0
11,257,1
7,497,0
414,481,0
138,850,1
387,532,1
397,334,0
359,278,0
1,936,0
13,827,0
344,713,1
559,732,0
478,476,1
138,713,0
417,227,0
343,637,1
137,722,1
78,901,1
478,257,1
397,639,1
442,171,0
565,862,0
261,250,0
356,525,1
341,1050,1
209,768,0
413,253,0
160,224,0
518,531,1
65,305,0
29,778,0
101,274,0
249,781,0
272,312,0
499,421,0
292,271,0
299,900,0
191,336,0
303,390,0
101,271,0
282,712,1
398,645,0
23,481,0
473,516,0
565,648,0
569,257,0
81,137,0
125,566,1
449,338,0
236,29,0
433,719,0
233,22,1
564,713,0
319,481,0
309,46,0
171,851,1
7,258,0
526,446,0
447,272,0
397,712,1
387,551,1
319,846,1
224,314,1
92,137,1
362,775,0
4,868,0
475,856,1
526,467,0
114,532,0
395,651,0
247,512,1
52,476,1
177,825,0
514,744,0
412,731,1
412,664,1
249,789,0
475,234,0
417,783,1
46,162,0
126,631,0
401,502,1
26,250,1
276,708,0
27,651,1
292,529,0
64,844,0
466,757,0
378,347,0
49,574,0
15,335,0
467,47,0
70,822,0
357,677,1
511,155,1
161,815,1
508,650,1
363,828,0
36,515,0
1,949,0
219,330,0
198,422,0
386,981,1
224,837,0
571,657,0
369,908,0
556,665,0
524,499,1
368,835,0
363,367,0
392,825,0
99,837,1
395,578,1
313,950,0
33,228,0
266,834,0
178,292,0
247,714,0
503,352,0
266,614,0
243,708,0
303,428,0
393,262,0
559,848,0
110,725,0
518,324,0
249,258,0
77,537,1
46,475,0
227,639,0
227,260,0
560,348,0
158,432,0
178,779,1
209,632,0
436,118,0
56,228,0
27,825,0
362,647,0
313,736,0
442,48,1
467,515,0
81,860,0
472,262,0
468,504,1
423,266,0
475,232,0
362,950,0
32,710,1
564,254,0
48,34,0
48,642,0
323,474,0
453,838,1
113,781,1
514,837,1
352,252,0
198,380,0
193,894,1
247,839,1
276,59,0
568,348,0
303,354,0
151,824,0
560,346,0
361,278,0
320,258,0
531,257,0
113,287,0
308,199,0
101,526,1
511,564,0
186,834,0
505,612,1
4,517,1
427,314,1
323,897,1
81,645,0
483,565,0
511,554,0
125,274,0
214,223,0
386,858,0
148,249,0
18,945,0
64,561,1
547,665,0
442,519,0
27,650,1
7,171,0
110,821,0
266,698,0
341,409,0
397,651,1
352,232,0
353,221,0
276,81,0
100,818,1
366,824,1
448,556,1
523,772,1
37,773,0
48,707,0
443,548,0
116,263,0
321,95,1
508,817,1
509,314,0
379,655,0
478,665,0
207,658,0
21,266,0
446,860,0
194,80,1
101,907,0
195,561,1
98,828,1
531,777,0
461,666,1
374,887,0
198,902,1
320,657,1
159,11,0
78,253,0
73,858,0
313,446,0
320,222,0
309,760,0
494,121,0
151,827,0
33,317,1
235,540,1
526,632,0
475,223,0
475,786,0
73,730,0
180,772,0
180,741,0
443,613,1
328,649,1
461,723,0
209,640,1
448,561,0
172,435,0
26,221,0
242,529,1
352,682,0
297,848,0
162,1033,0
475,199,0
344,717,1
119,332,0
341,423,0
243,575,0
209,313,0
217,712,0
219,734,1
390,826,0
478,259,0
436,872,1
95,525,0
287,250,1
160,567,0
514,756,0
266,34,0
341,1123,0
243,652,1
110,315,0
173,421,0
64,295,0
156,768,0
9,915,0
20,220,0
373,283,0
568,351,1
93,777,0
8,216,0
13,303,0
92,580,1
235,9,0
420,896,1
401,198,1
478,838,1
305,259,0
36,889,0
449,356,0
81,64,0
113,852,1
32,696,0
235,504,1
565,513,1
243,319,0
80,45,0
428,614,1
84,874,1
519,504,1
1,276,1
13,857,0
398,638,0
166,662,1
36,274,0
32,709,0
523,271,0
214,171,0
439,864,0
343,633,0
58,237,0
313,7,0
172,913,1
563,296,0
267,130,0
316,653,1
92,275,0
277,895,1
398,128,0
159,251,0
266,556,0
547,653,1
511,777,0
132,497,0
539,311,0
386,224,0
176,774,0
313,565,0
251,817,0
18,822,0
292,273,0
177,786,0
107,640,0
113,560,0
343,296,0
356,709,1
261,209,0
70,817,0
472,270,0
132,230,0
48,718,1
563,712,0
417,1158,0
571,664,1
398,168,0
243,954,0
530,910,1
266,235,0
13,270,0
56,519,1
319,128,0
395,924,0
101,721,0
46,565,0
260,736,0
521,632,0
273,140,1
95,147,0
222,726,0
380,637,0
341,383,0
364,907,0
329,256,0
422,843,0
483,513,0
336,815,0
267,109,0
328,713,0
297,680,1
173,931,0
413,254,0
159,267,0
11,498,1
18,938,0
223,646,0
491,847,0
341,1041,0
191,920,0
272,857,1
276,642,1
227,776,0
362,651,1
4,273,0
239,224,0
347,356,0
132,393,0
562,346,0
467,1195,1
347,333,0
1,404,0
251,757,0
99,561,0
460,3,0
93,658,0
267,876,1
32,511,0
395,724,0
386,333,0
524,197,0
143,42,0
425,497,1
49,777,1
341,1129,0
408,809,0
155,941,0
95,749,0
276,773,1
36,15,0
156,646,0
448,101,0
113,311,0
82,495,1
56,273,0
563,322,0
343,632,0
311,226,0
339,914,0
375,257,0
558,312,1
251,495,1
342,281,1
48,232,0
154,472,0
319,546,0
32,296,0
412,659,0
554,580,1
386,850,0
43,187,0
233,134,0
99,252,0
165,535,1
273,778,1
137,574,1
19,232,0
198,831,0
198,915,1
386,865,0
1,777,0
100,779,0
309,736,0
36,995,0
49,475,1
411,844,1
114,770,1
205,565,0
107,657,0
41,259,0
478,335,0
478,99,1
363,322,0
435,892,1
313,564,0
120,852,0
79,557,1
493,101,0
320,251,0
412,14,0
363,935,0
328,13,0
273,579,1
49,125,0
114,648,0
535,124,0
473,654,0
556,322,0
156,834,0
466,756,0
104,956,0
320,236,0
449,1009,0
251,1185,1
91,580,0
243,775,0
266,560,0
386,197,0
477,608,0
180,740,0
436,84,0
84,659,0
555,1017,0
336,655,1
177,348,0
64,290,1
313,837,0
556,937,0
443,657,1
533,613,1
124,537,1
565,234,0
11,546,1
222,658,1
16,663,0
395,894,1
317,36,0
422,47,0
113,591,1
46,234,0
102,76,0
82,481,0
287,494,1
335,652,1
202,501,0
425,667,0
436,1029,0
59,558,0
16,319,0
114,533,1
15,303,0
542,258,0
427,4,0
120,897,0
323,475,1
8,1010,1
142,478,1
273,669,1
341,1039,0
8,579,1
59,768,0
11,504,1
283,660,0
467,1178,0
128,242,0
180,668,0
56,710,0
365,313,0
387,663,1
550,824,0
178,770,0
137,280,0
564,334,0
270,973,1
562,337,0
366,821,1
44,583,1
509,173,0
397,276,0
18,502,1
313,666,0
518,546,0
266,776,0
477,155,0
436,893,0
154,728,0
533,774,0
173,1187,0
328,109,0
524,874,1
310,741,1
432,864,0
397,612,1
110,546,0
114,713,1
165,672,1
260,5,0
93,231,0
431,546,0
159,479,1
1,225,0
278,339,0
564,610,0
357,670,0
81,58,0
82,479,0
460,84,0
526,863,0
59,537,0
496,322,0
389,923,0
521,582,1
489,746,0
374,712,0
0,55,0
162,383,0
539,221,0
328,816,0
353,578,0
64,16,1
524,171,0
448,650,1
173,352,0
116,244,0
413,243,0
104,470,0
344,844,0
535,546,0
285,561,0
262,534,0
510,109,0
412,84,0
31,608,1
385,634,0
36,970,0
513,254,0
187,169,0
240,659,1
167,520,0
125,268,0
9,901,1
531,852,1
223,850,0
318,312,0
227,126,0
110,514,0
257,712,0
138,836,1
245,656,1
433,84,0
276,494,1
518,265,0
81,846,0
185,245,0
347,324,0
545,266,0
21,272,0
180,48,0
395,564,0
242,149,0
328,657,0
379,758,0
446,259,0
533,568,1
219,709,1
72,236,0
412,574,1
569,259,0
486,653,1
554,504,1
541,76,0
101,788,0
387,553,0
113,534,1
526,893,0
54,841,0
113,250,0
339,675,0
38,243,0
392,270,0
98,797,1
518,152,0
499,125,0
219,919,0
556,803,1
568,849,1
297,276,0
555,640,0
313,333,0
387,474,1
251,73,0
187,648,0
362,364,0
91,267,0
526,953,0
19,502,1
2,858,1
9,663,1
94,680,1
562,857,0
155,193,0
417,466,1
346,550,0
165,320,0
449,958,0
514,850,0
533,709,1
2,819,0
132,521,0
157,472,1
357,546,0
467,1180,0
180,821,1
110,782,1
487,100,0
58,668,0
392,190,1
147,475,1
353,614,1
517,266,0
475,144,0
521,823,1
162,339,0
373,174,1
4,663,0
275,822,1
56,163,0
261,214,0
72,641,0
292,235,0
559,125,0
356,559,1
137,317,0
9,168,1
92,479,1
526,766,0
448,228,0
235,505,1
392,609,1
101,232,0
395,938,0
395,312,0
209,644,0
94,687,1
67,258,0
51,978,0
503,965,0
104,1172,0
19,125,0
560,858,0
1,79,0
251,279,0
365,53,0
251,665,1
380,738,0
304,634,0
379,280,0
2,787,0
236,650,0
60,473,0
272,497,0
309,294,0
36,927,0
72,638,0
460,146,0
301,651,1
219,874,0
373,105,0
7,864,0
335,771,1
361,283,0
506,864,0
362,3,0
251,673,0
439,819,1
56,637,1
56,579,1
1,399,0
219,713,0
362,774,0
469,566,0
249,341,0
560,734,0
224,714,0
392,45,0
251,224,0
341,916,0
94,696,1
159,552,0
425,274,0
233,269,0
522,646,0
471,225,0
267,688,0
36,204,0
363,1025,1
473,252,1
159,294,0
73,734,0
284,29,0
114,855,1
118,331,0
427,249,0
341,895,1
475,711,1
101,325,0
395,282,0
219,270,0
529,10,0
343,851,1
108,512,1
555,939,0
374,856,0
564,499,1
122,567,0
7,501,1
563,299,0
143,535,0
531,860,0
84,347,0
565,297,0
487,530,1
448,201,0
307,1101,1
216,777,1
467,906,0
89,658,0
36,869,0
219,916,0
0,536,1
187,522,1
262,256,0
339,623,0
296,126,0
32,975,0
38,228,0
363,273,0
517,255,0
297,890,0
164,666,0
559,611,1
524,224,0
546,226,0
379,17,0
409,250,1
427,221,0
395,233,0
198,470,0
357,502,0
276,336,0
417,1093,0
11,252,0
525,852,0
487,112,0
470,721,1
114,609,1
254,333,0
188,672,1
18,571,0
0,578,1
261,754,1
113,652,1
323,908,1
249,844,0
515,280,0
303,430,0
517,262,0
132,714,0
263,692,0
446,865,0
260,174,0
309,504,1
101,955,0
29,169,1
23,487,0
0,558,0
442,108,0
249,634,0
550,822,1
227,332,0
432,974,1
309,614,1
369,122,0
270,328,0
369,112,0
132,531,1
126,252,0
162,925,0
101,898,0
555,253,0
132,767,1
165,662,1
59,880,0
137,247,0
99,760,0
473,214,0
288,251,0
82,51,0
272,498,0
157,193,1
327,470,0
291,143,0
357,1030,0
511,651,0
568,504,1
49,675,0
125,710,1
564,285,0
32,658,1
186,361,0
121,651,1
50,776,0
89,773,0
187,576,1
214,292,0
362,257,0
93,253,0
198,1120,0
236,672,0
81,713,0
461,267,0
377,641,1
95,943,0
472,839,1
513,647,0
110,699,0
292,645,0
503,547,0
9,515,0
356,316,0
114,195,0
104,1020,1
54,715,0
544,732,0
1,945,0
392,132,0
29,716,0
91,223,0
204,326,0
483,566,0
357,339,0
276,614,0
43,886,0
292,662,0
23,632,0
369,138,0
534,181,1
353,101,0
547,649,0
166,641,1
446,861,1
487,226,0
525,786,0
27,636,0
397,513,1
362,897,1
128,680,0
478,327,0
397,162,0
36,583,0
75,180,0
435,260,0
124,564,0
48,166,0
247,151,0
412,840,0
282,707,1
276,767,1
525,825,0
283,646,0
564,128,0
448,256,0
260,109,0
555,615,1
292,495,1
521,640,1
357,152,0
515,1,0
428,178,0
292,848,0
535,193,0
16,221,0
92,52,0
307,394,1
49,246,0
524,736,0
198,388,0
533,264,0
51,357,0
159,257,0
14,855,0
120,428,0
219,860,1
461,687,0
467,1139,1
247,782,0
555,110,0
68,937,0
20,228,0
475,615,0
435,132,1
328,518,1
461,739,1
273,663,1
541,528,1
119,941,0
7,578,0
362,934,0
515,660,0
18,742,0
350,564,0
313,786,1
417,1090,0
35,822,0
362,896,0
445,640,0
411,651,0
110,834,0
524,522,1
373,581,1
373,310,0
535,63,0
321,117,0
531,707,0
357,259,0
512,130,0
185,257,0
460,566,0
433,236,0
452,475,0
341,1169,0
242,897,1
249,670,0
44,536,1
295,278,1
159,477,0
137,850,0
143,480,0
7,283,0
236,522,1
309,285,0
188,780,0
361,859,0
154,849,1
445,645,0
49,251,0
456,864,0
82,113,0
362,333,0
417,395,0
157,560,0
448,833,0
511,838,1
243,822,0
44,569,1
183,724,0
356,322,0
466,876,0
150,285,0
400,723,0
116,666,0
81,850,0
267,329,0
36,258,0
223,211,0
165,125,0
137,816,0
267,223,0
374,718,0
168,512,1
342,843,0
113,648,0
157,553,0
1,1033,0
159,270,0
345,678,0
11,256,0
229,893,0
124,654,1
560,327,0
347,323,0
417,523,1
110,285,0
213,316,0
359,781,1
108,532,0
397,331,0
119,292,0
270,812,1
272,249,0
521,114,0
309,297,0
125,312,0
132,189,1
448,614,1
51,298,0
113,686,0
341,1090,0
448,244,0
251,675,1
526,637,0
560,295,0
180,569,0
93,524,1
18,699,0
308,229,0
395,769,0
538,830,1
443,57,0
172,418,0
436,474,1
118,844,0
149,274,0
125,709,0
388,780,0
114,558,0
114,663,1
378,846,1
357,1000,1
95,515,1
509,170,0
304,207,0
11,514,1
188,259,0
169,285,0
568,343,0
508,864,0
568,537,1
227,496,1
186,786,1
214,675,0
23,558,1
511,28,1
1,876,0
9,282,0
356,276,0
417,224,0
395,771,0
183,838,1
515,324,0
247,324,0
276,959,0
99,648,0
91,311,0
7,494,1
97,443,0
397,268,0
328,876,1
99,482,0
303,1110,0
392,641,0
309,516,1
272,608,0
463,709,1
30,228,0
58,244,0
397,708,0
60,76,0
511,226,0
332,800,0
559,842,0
468,172,1
11,900,0
126,551,0
209,530,0
84,830,1
353,747,0
295,752,1
470,253,1
508,682,0
99,276,0
1,908,0
174,266,0
178,666,1
120,894,0
89,864,0
475,582,1
132,892,1
373,253,0
157,502,1
267,245,0
395,971,0
171,651,1
162,381,0
223,719,0
101,258,1
176,283,0
433,272,0
356,640,1
224,845,0
108,474,1
205,472,0
470,272,0
395,718,0
224,525,1
427,675,0
357,691,0
546,671,0
159,482,1
28,0,0
27,724,1
68,793,1
467,1089,0
37,283,0
348,710,0
395,907,0
464,254,0
251,893,0
515,302,0
107,659,1
518,675,0
244,473,1
81,776,1
32,190,0
427,502,1
564,138,0
247,348,0
361,834,0
254,781,1
95,332,0
209,636,0
346,108,0
36,344,0
361,861,0
563,583,1
224,524,0
177,822,1
132,925,0
461,758,0
446,279,0
340,61,0
201,334,0
475,265,0
395,773,0
151,781,1
44,161,0
303,1119,1
255,245,0
159,531,1
271,249,0
150,838,0
19,642,0
51,904,0
183,511,1
125,309,0
173,29,0
456,274,0
476,824,0
392,652,1
271,232,0
524,40,0
49,656,1
1,897,0
460,533,0
526,854,0
91,667,0
0,565,0
173,1078,0
177,1013,0
4,775,1
218,249,0
373,297,0
219,923,0
452,565,0
366,352,0
373,293,0
32,321,0
101,331,0
114,862,1
433,658,0
13,1029,0
278,944,0
107,669,0
136,825,0
260,130,0
225,253,0
449,332,0
470,709,0
91,566,0
140,666,1
521,227,0
396,312,0
36,942,0
120,918,0
446,249,0
122,615,0
301,232,0
6,271,0
43,640,1
90,944,0
201,520,0
526,1184,0
38,644,0
387,664,0
339,715,1
448,1021,0
276,961,0
515,712,0
503,222,0
306,838,1
541,651,0
476,357,0
31,614,1
82,23,0
120,931,0
336,283,0
357,950,0
124,822,0
81,940,0
139,903,0
249,522,1
183,784,0
448,297,0
573,565,0
157,518,1
64,954,0
436,482,1
154,685,0
514,816,0
309,315,0
526,323,0
178,270,0
113,837,1
201,271,0
309,284,0
448,67,1
276,360,0
408,322,0
222,714,0
201,631,0
6,730,0
528,533,0
436,769,0
292,195,0
427,232,0
499,251,0
188,838,0
309,237,0
210,257,0
466,890,0
331,683,0
386,94,1
473,649,1
478,475,1
351,313,0
262,107,0
64,677,1
363,963,0
9,654,1
487,580,1
555,336,0
270,979,0
276,503,1
59,293,0
397,475,1
187,526,1
436,708,0
155,568,0
467,355,0
425,847,1
343,238,0
77,270,0
491,615,1
492,782,1
271,241,0
138,309,0
212,511,0
7,512,0
511,752,0
18,559,0
293,635,0
7,680,0
356,776,1
219,771,1
267,772,1
286,892,0
126,266,0
309,793,0
209,253,0
164,236,0
180,707,0
48,839,1
91,231,0
44,567,0
101,726,0
113,81,0
36,638,0
59,40,0
272,253,0
35,815,0
104,1175,0
419,521,1
58,236,0
227,851,1
137,293,0
48,730,1
473,631,0
13,296,0
475,253,0
30,234,0
472,259,0
101,731,0
114,252,0
155,749,0
356,551,1
10,476,1
19,865,1
489,273,0
390,325,0
313,608,0
158,420,0
276,472,0
529,137,0
266,660,0
27,815,0
535,140,0
439,844,0
64,105,0
233,257,1
460,316,0
52,482,0
209,534,1
448,427,1
395,336,0
417,279,1
436,771,1
99,741,1
291,474,1
392,25,0
224,258,0
386,570,0
308,235,0
1,358,0
373,339,0
48,22,0
214,301,0
568,203,1
180,71,0
109,276,0
313,101,0
313,756,0
257,231,0
1,632,0
149,707,1
309,641,1
219,547,1
249,608,1
48,853,0
239,310,0
341,339,0
120,376,0
245,640,0
309,786,0
32,953,0
48,633,0
433,34,0
138,146,0
467,973,0
132,779,1
164,639,1
77,714,0
107,660,1
238,852,0
169,819,1
118,339,0
425,496,1
560,639,1
522,233,0
466,750,1
113,885,0
526,634,0
353,278,0
132,1000,0
511,223,0
81,923,0
242,895,1
84,649,1
176,845,1
379,256,0
565,230,0
321,90,0
132,387,0
128,770,1
95,821,0
361,721,1
183,783,0
503,233,0
569,664,0
183,834,0
160,564,0
149,786,1
541,636,1
292,533,1
447,713,1
491,302,0
248,899,1
147,100,0
521,198,0
120,276,0
1,664,0
32,707,0
124,476,1
77,316,0
172,899,1
514,746,0
141,17,0
188,846,0
132,277,0
126,851,0
565,632,0
245,667,0
36,336,0
363,358,0
344,272,0
124,711,1
263,283,0
335,660,0
90,325,0
267,845,0
219,195,0
223,641,0
468,548,0
422,21,0
356,651,1
37,296,0
467,1142,0
448,993,0
379,57,0
297,370,0
490,641,0
235,577,1
77,656,0
58,648,0
27,720,1
455,346,0
487,651,1
1,971,0
88,578,0
427,250,0
128,737,0
384,666,1
205,313,0
539,220,0
227,558,0
214,227,0
101,737,0
180,777,0
518,696,0
221,906,0
56,279,0
43,867,0
29,686,1
120,278,0
362,239,0
141,610,1
378,782,1
518,226,0
319,772,0
233,101,0
397,634,0
157,221,0
185,712,0
156,644,0
436,649,1
64,646,1
313,259,0
363,405,0
92,519,1
397,277,0
385,225,0
114,299,1
377,687,0
565,500,0
307,1110,0
346,31,0
113,481,0
288,905,0
316,638,0
297,965,1
526,557,1
98,786,1
151,851,0
432,279,0
475,329,0
226,927,0
174,893,0
40,632,0
51,1034,0
385,228,0
303,455,0
43,657,1
526,775,1
124,532,0
149,773,1
560,354,0
69,896,1
201,203,0
331,644,0
560,788,1
468,523,1
219,572,1
276,249,0
143,475,1
503,505,0
13,918,0
77,882,0
295,276,0
468,229,0
409,900,1
531,271,0
211,256,0
295,321,0
212,480,0
77,171,0
432,324,0
368,267,0
166,496,1
476,826,0
375,903,0
162,340,0
251,155,0
4,768,0
36,613,0
560,252,0
421,472,0
177,850,1
563,775,0
247,293,0
223,74,0
329,659,0
436,29,0
184,707,1
202,72,0
1,776,1
247,753,0
226,354,0
249,228,0
124,325,0
53,898,0
126,513,1
110,614,0
526,1020,0
114,848,0
569,721,0
276,643,0
36,547,0
550,787,0
278,925,0
448,220,0
180,513,1
207,252,0
7,880,0
417,387,0
478,633,0
341,1173,0
238,861,0
243,511,1
392,777,0
46,481,0
297,686,0
473,29,0
191,944,0
433,583,0
361,631,0
249,652,1
255,243,0
295,859,1
247,654,1
379,258,0
183,575,1
72,582,1
201,655,0
491,840,0
428,481,1
425,473,0
206,432,0
43,306,1
74,101,0
308,110,0
515,501,0
48,136,0
120,956,0
243,185,0
158,1150,0
500,609,1
313,279,0
16,226,0
293,220,0
181,277,0
288,907,0
219,55,0
564,709,0
68,823,1
154,779,0
46,661,0
319,640,0
568,482,0
218,895,1
356,565,0
226,931,0
362,941,0
107,258,0
223,250,0
417,773,0
156,233,0
7,666,0
207,834,0
436,503,1
276,553,0
243,107,0
202,124,0
291,161,0
478,292,0
169,712,1
512,56,0
32,735,0
565,776,0
512,11,0
279,140,0
491,860,0
395,936,0
555,18,0
226,918,0
138,276,0
202,229,0
417,639,1
431,582,1
99,294,0
155,339,0
124,569,0
183,707,0
475,259,0
298,257,1
1,941,0
530,412,0
169,236,1
449,426,0
313,337,0
276,663,1
13,904,0
169,52,0
451,774,1
89,861,0
135,821,1
84,101,0
247,633,0
555,272,0
43,232,0
455,936,0
198,391,1
568,667,0
417,350,0
169,513,1
101,909,0
192,275,0
243,353,0
307,1118,0
180,822,0
209,128,0
536,567,0
192,291,0
343,511,1
75,631,0
89,249,0
386,769,0
472,773,1
568,169,0
90,327,1
236,50,0
5,713,0
247,314,0
386,526,1
118,294,0
550,826,0
149,822,1
72,259,0
550,275,0
5,769,0
303,951,0
36,234,0
309,229,0
448,824,0
88,535,1
120,955,0
287,249,0
155,935,0
452,515,0
487,255,0
118,860,1
72,26,0
286,906,0
51,374,0
477,29,0
506,838,0
425,779,0
511,845,1
267,858,0
503,575,1
251,1012,0
270,1013,1
155,521,0
398,664,0
184,252,0
159,823,0
214,502,1
478,309,1
555,816,0
16,29,0
448,576,0
512,20,0
357,662,1
59,583,0
143,175,1
564,866,0
522,251,0
276,316,1
155,566,0
173,388,0
3,227,0
316,770,1
426,257,0
553,692,0
257,682,0
18,780,0
59,482,0
300,563,1
236,126,0
478,312,0
193,415,1
124,670,0
446,667,0
426,412,0
64,647,1
563,61,0
243,828,0
56,651,1
400,770,1
532,495,1
137,785,0
156,323,0
297,379,0
155,828,0
205,528,0
59,837,0
18,727,0
356,567,0
443,918,0
329,257,0
323,892,0
489,742,0
424,59,0
77,696,0
173,929,0
282,656,0
386,825,0
49,783,1
155,923,0
154,567,0
292,310,0
354,708,1
66,708,0
336,771,0
345,220,0
101,971,0
327,462,1
508,636,1
448,847,0
37,326,0
443,499,1
180,270,0
49,270,0
556,249,0
556,687,0
179,232,0
411,779,0
10,256,0
168,86,1
24,899,1
508,768,0
162,1025,1
4,301,0
132,786,1
294,566,1
310,776,0
7,849,0
102,35,0
46,4,1
19,254,0
13,326,0
19,479,0
55,531,1
198,972,0
183,651,1
362,0,0
425,852,1
371,254,0
303,993,0
563,710,0
187,550,1
77,498,1
556,268,0
386,945,0
110,770,0
365,504,1
307,415,0
108,558,1
188,657,0
507,293,0
137,267,0
52,533,0
137,257,0
156,285,0
397,973,1
509,122,0
326,10,0
158,1111,0
82,535,1
473,550,0
267,300,0
165,88,1
526,518,1
473,479,0
432,968,0
263,659,1
339,294,0
313,559,0
99,774,0
307,392,0
514,823,0
400,718,0
119,352,0
460,511,0
342,292,0
526,560,0
5,712,0
89,836,0
487,249,0
55,562,1
49,871,0
59,316,0
121,669,0
176,779,0
19,771,1
425,845,1
60,525,1
126,841,0
414,0,0
417,782,1
526,357,0
267,569,1
12,648,0
156,850,1
171,778,0
515,631,0
236,510,1
101,45,0
48,281,1
36,229,0
448,1106,0
101,60,0
425,196,1
448,788,0
176,776,1
521,853,0
518,504,1
303,1154,0
359,715,0
386,824,0
251,465,0
417,1111,0
360,902,1
568,556,1
363,988,0
166,552,0
171,768,0
568,308,0
29,774,0
417,367,0
303,417,1
568,340,0
401,35,0
7,713,0
392,529,0
313,969,0
318,315,0
555,851,1
507,775,0
84,565,0
363,344,0
212,475,0
555,388,0
110,325,0
236,265,0
362,281,0
32,367,0
36,943,0
90,363,1
503,122,0
8,31,1
4,239,0
565,778,0
64,226,0
118,787,1
224,276,0
167,534,1
478,473,0
104,1176,0
152,898,0
180,251,0
114,161,0
473,663,1
448,950,0
395,917,0
273,225,0
523,267,0
448,957,0
156,557,0
535,664,1
272,315,0
307,430,0
159,834,0
151,860,0
432,802,0
397,671,0
366,938,0
132,523,1
174,139,0
227,714,0
555,325,0
444,256,0
145,334,0
417,222,0
119,947,0
534,567,0
522,731,0
7,498,0
48,753,0
507,734,0
238,293,0
159,668,0
218,252,0
241,639,1
43,709,0
553,656,0
381,221,0
565,711,0
341,325,0
50,654,1
292,579,1
108,577,1
555,703,0
124,533,1
7,859,0
533,663,1
187,243,1
8,262,1
184,267,0
560,352,0
389,387,0
177,927,0
141,564,0
127,559,1
560,834,0
496,786,1
185,710,0
263,780,1
563,249,0
526,243,0
254,816,0
304,559,0
386,315,0
132,226,0
97,427,0
475,254,0
524,612,0
247,527,0
314,56,0
276,349,0
266,860,0
9,862,0
137,561,0
219,501,1
347,482,1
159,250,0
289,639,0
392,333,0
55,15,0
224,848,0
210,911,0
386,300,0
245,249,0
313,386,0
356,59,0
560,250,1
297,614,1
48,112,0
460,504,1
480,476,1
456,733,1
32,751,0
213,84,0
82,48,0
71,276,1
155,1025,0
110,283,0
313,113,0
503,780,0
36,1011,1
1,655,0
398,495,1
1,824,0
266,577,0
417,1039,0
36,770,0
91,243,0
91,646,0
113,233,0
468,316,0
361,655,0
555,526,0
433,666,0
93,558,0
325,323,0
226,1034,0
508,773,1
230,940,0
46,569,1
9,300,0
145,358,0
297,773,0
380,251,0
386,789,0
18,266,0
307,404,0
325,268,0
303,953,0
496,823,1
529,76,0
511,271,0
387,714,0
370,650,1
154,566,0
243,505,1
278,324,0
102,22,0
288,897,0
386,553,0
374,853,0
251,855,0
95,665,0
19,239,0
443,504,1
154,288,0
16,268,0
533,615,1
0,124,0
236,319,0
487,648,0
230,938,0
503,963,0
104,393,0
251,1190,0
154,275,0
475,502,0
328,513,1
238,823,0
515,524,1
362,1015,0
178,640,1
43,646,0
392,253,0
72,854,0
395,231,0
255,659,0
46,228,0
48,295,0
32,19,0
306,276,0
569,712,0
472,282,0
173,1125,1
224,548,1
121,246,0
46,50,0
417,930,0
186,922,0
554,567,0
32,660,1
8,143,0
563,840,0
77,567,0
77,473,1
159,277,0
183,300,0
389,962,0
442,583,0
432,919,0
104,455,0
227,853,1
425,715,0
223,522,1
528,550,0
84,557,0
564,534,1
11,897,1
73,754,0
380,250,0
276,727,0
289,220,0
9,252,0
526,1163,0
240,649,1
141,221,0
32,316,1
357,533,0
191,937,0
467,428,1
339,327,0
137,152,0
263,775,1
436,567,0
247,921,0
309,223,0
272,189,0
346,199,0
560,325,0
518,648,0
395,1019,0
64,135,0
478,333,1
132,316,0
214,225,0
38,245,0
25,682,1
54,852,0
569,711,0
251,220,0
120,373,0
328,825,0
56,241,0
541,566,0
544,248,0
114,788,1
243,317,0
343,245,0
547,669,0
342,650,1
240,646,1
9,908,0
356,775,1
125,773,0
81,658,1
443,847,1
157,567,0
65,815,1
535,316,0
491,519,1
89,779,0
77,110,0
224,254,0
491,834,0
1,400,0
328,677,0
315,731,1
7,514,1
339,574,1
473,606,1
138,969,0
460,232,0
532,32,0
329,524,1
439,113,0
101,309,0
62,913,0
155,744,0
163,908,0
214,322,0
267,101,0
451,667,0
563,853,0
272,223,0
226,1031,0
88,581,1
92,712,1
477,562,0
5,722,0
468,221,0
267,800,1
393,123,0
343,312,0
164,668,0
19,225,0
480,898,0
346,567,0
469,651,0
395,230,0
278,1022,0
56,653,1
324,535,1
90,322,0
504,39,0
273,482,0
81,259,0
98,339,0
227,162,0
118,929,0
180,566,0
350,315,1
362,839,1
224,505,1
448,198,0
503,256,0
95,274,0
386,474,0
545,898,0
565,845,0
201,321,0
99,567,0
554,159,0
81,151,0
166,583,1
266,312,0
346,615,0
374,876,0
373,839,1
48,321,0
110,140,0
56,240,0
59,528,1
56,300,0
417,391,1
448,405,0
54,860,0
180,253,0
443,49,0
365,109,0
374,825,0
207,274,0
568,220,0
351,569,1
565,772,0
113,317,0
341,417,0
484,313,0
487,532,1
427,665,1
448,396,1
72,312,0
156,825,0
292,642,0
457,937,0
386,352,0
526,549,0
183,844,0
386,260,0
387,530,1
251,1171,0
362,1023,1
343,78,0
56,719,1
101,780,0
113,857,0
176,864,1
491,237,0
198,907,0
344,285,1
497,257,1
531,842,0
309,49,0
1,175,0
565,825,0
276,18,0
313,744,0
491,562,1
276,920,1
392,513,1
1,532,1
107,778,0
313,1134,0
187,204,0
392,17,0
387,684,1
357,913,1
353,203,0
92,280,0
104,1188,0
267,861,0
386,279,0
56,565,0
518,511,1
425,860,1
392,541,0
145,323,0
158,1115,0
56,535,1
547,236,0
219,850,0
194,108,0
503,699,0
432,280,0
541,536,1
295,274,0
301,240,0
114,825,1
223,668,0
412,243,0
511,305,0
160,221,0
357,244,0
170,908,0
404,639,1
124,816,0
174,124,0
92,839,1
195,578,0
110,235,0
61,827,1
397,283,0
184,750,0
297,197,1
397,518,1
403,267,0
92,274,0
247,235,0
245,685,0
7,251,0
188,847,0
14,760,1
84,786,0
508,668,0
467,406,0
67,906,1
18,564,0
90,324,1
155,120,0
209,840,0
526,927,0
473,642,1
329,268,0
491,170,0
276,713,0
32,962,0
331,257,0
432,300,0
521,530,1
223,179,0
411,295,0
95,323,0
380,769,1
564,321,0
137,654,1
27,659,1
56,656,1
138,934,0
503,357,0
165,581,0
553,768,0
150,867,1
404,245,0
526,256,0
316,675,0
295,781,1
32,131,0
392,549,0
497,903,0
448,1006,0
432,847,0
77,859,0
363,347,0
262,474,0
99,761,1
330,707,0
505,633,0
316,253,0
119,336,0
59,675,0
249,46,0
526,144,0
101,558,0
564,632,0
60,239,0
428,505,1
287,500,1
274,636,1
429,0,0
419,522,1
272,60,0
331,670,0
154,674,1
51,892,1
213,218,1
436,481,0
311,636,0
556,324,0
526,388,0
124,111,0
113,515,0
289,660,0
114,710,1
171,667,0
65,293,0
183,657,0
416,14,0
57,566,0
162,322,0
10,894,1
10,908,0
251,935,0
7,661,1
126,713,0
521,1029,0
48,849,0
282,642,0
41,254,0
273,652,1
512,21,0
178,710,1
309,709,0
339,938,0
427,636,0
309,224,0
267,852,0
457,276,0
565,512,0
216,251,0
449,427,0
159,939,0
309,780,0
241,652,1
397,316,0
386,475,0
522,270,0
555,636,1
92,124,0
297,17,0
119,1025,0
93,472,0
236,262,0
158,1095,0
511,245,0
13,305,0
114,829,0
138,505,1
243,282,0
154,19,0
243,297,0
274,257,0
32,45,0
404,641,1
344,295,0
104,403,0
183,729,0
361,210,0
433,562,0
138,353,0
119,787,1
460,226,0
89,850,0
116,774,0
569,251,0
200,566,0
249,852,0
496,363,0
29,664,1
319,64,0
95,711,1
568,11,0
168,526,1
475,123,0
313,387,0
141,504,1
49,848,0
101,30,0
201,325,0
230,1021,0
44,505,1
126,209,0
157,101,0
373,862,1
156,562,1
509,312,0
517,654,1
346,144,0
361,349,1
559,578,1
267,669,1
138,777,0
478,321,1
13,953,0
341,1185,0
68,783,1
532,111,0
106,437,0
339,237,0
526,644,0
386,856,0
147,120,0
296,262,0
428,534,0
159,922,1
247,519,0
308,132,0
81,227,0
460,578,0
276,297,0
94,699,0
475,475,1
513,240,0
272,560,1
422,82,0
59,637,0
169,874,1
14,750,0
550,843,1
395,551,0
297,522,1
88,227,0
219,614,0
563,874,0
140,644,0
36,890,0
101,166,0
569,640,0
68,272,0
25,651,1
342,768,0
564,850,1
124,159,1
428,317,0
424,259,0
132,125,0
284,49,0
224,728,0
32,820,0
526,577,0
439,876,0
433,183,0
43,266,0
370,658,0
432,1038,0
65,824,0
138,1009,0
451,265,0
343,197,0
515,850,0
366,929,0
487,500,1
219,527,1
568,317,0
36,354,0
60,515,0
263,636,0
94,655,1
397,675,1
110,824,1
518,292,0
7,669,0
227,666,1
209,851,0
201,257,0
472,743,1
181,850,0
442,488,1
550,280,0
278,337,0
113,656,1
266,850,0
46,652,0
555,711,1
155,938,0
18,83,0
509,99,0
314,83,0
9,893,0
526,321,0
473,229,0
487,18,0
90,928,1
487,53,0
38,646,0
22,109,0
9,865,0
282,737,0
357,642,1
207,639,1
84,78,0
261,760,0
357,893,1
533,579,1
514,782,0
407,29,1
1,284,0
445,671,0
1,472,0
266,661,0
95,560,1
496,941,0
43,669,0
510,782,1
194,853,0
104,1185,0
243,861,0
382,267,0
27,753,1
379,524,1
447,689,0
392,567,0
533,270,0
366,827,1
249,223,0
99,844,1
309,270,0
474,310,1
32,479,0
235,46,0
113,245,0
126,608,0
81,496,1
445,240,0
524,280,0
436,671,0
251,892,1
398,574,1
531,276,0
9,858,0
100,281,0
57,583,1
361,944,0
273,109,0
378,303,0
395,981,0
404,648,0
285,632,0
17,774,1
295,829,1
439,138,0
315,843,0
379,865,0
164,262,0
379,270,0
350,230,0
339,182,0
456,863,0
36,527,0
155,46,1
120,921,0
222,735,0
0,513,1
251,1028,0
227,355,0
9,665,1
386,173,1
425,511,1
9,900,1
124,821,1
101,154,0
154,286,0
556,323,0
331,686,1
425,689,1
518,330,0
46,547,1
455,824,0
64,923,0
302,571,1
467,1188,0
212,135,0
476,297,0
511,776,0
573,224,0
448,778,1
274,640,0
361,59,0
236,309,1
180,757,0
185,713,0
316,658,1
27,744,0
328,564,0
362,313,0
98,357,0
313,609,0
120,958,0
158,391,0
313,1036,0
267,532,0
43,666,0
295,826,0
362,955,0
23,515,0
108,171,0
303,937,0
104,1043,0
523,713,0
312,445,0
4,229,0
98,935,0
247,296,0
276,300,0
307,427,0
446,862,0
138,977,0
251,924,0
151,840,1
209,836,1
209,642,1
165,583,1
491,282,0
432,275,0
541,226,0
95,358,0
235,523,1
64,480,0
461,288,0
177,852,0
511,295,0
473,534,1
159,292,0
137,20,0
102,41,0
272,668,0
155,1023,0
309,269,1
568,1033,0
276,258,0
251,905,0
257,256,0
124,510,1
154,348,0
180,7,0
178,728,1
426,897,1
191,918,0
101,10,0
198,954,0
556,829,0
35,284,0
378,755,1
224,46,0
201,576,0
132,199,0
113,549,0
60,251,0
159,474,1
46,650,0
126,262,0
285,615,1
334,707,0
323,472,1
559,561,1
243,331,0
318,658,0
387,661,1
535,561,0
431,575,1
91,561,0
467,156,0
224,609,0
224,838,0
228,29,1
297,301,0
521,858,0
521,356,1
508,642,0
119,331,0
369,257,0
447,691,0
219,358,0
475,670,0
294,574,1
4,260,0
309,532,1
165,655,0
159,652,1
544,719,0
564,856,0
247,778,0
64,162,0
293,227,0
30,232,0
94,222,0
442,25,1
8,267,0
319,287,1
101,501,1
49,482,1
180,241,0
357,249,1
346,532,0
191,895,1
16,655,0
235,511,1
400,709,0
29,846,0
9,894,1
155,741,0
219,304,0
126,316,0
563,565,0
331,668,0
319,319,0
391,866,0
155,238,0
120,774,0
319,138,0
32,223,0
374,768,1
353,671,0
267,232,0
77,866,0
125,778,0
36,202,0
59,754,0
231,769,0
388,642,0
178,240,0
563,221,0
198,1129,0
243,768,0
198,953,0
4,252,0
466,843,0
4,177,0
72,734,0
267,140,0
448,109,0
292,819,0
101,960,0
169,311,0
553,257,0
277,249,0
308,815,1
467,1147,0
13,302,0
89,279,0
313,296,0
417,744,1
219,662,1
224,778,0
88,482,0
77,530,1
447,776,0
314,131,0
292,262,0
169,224,0
362,1016,0
91,204,0
159,932,0
307,1146,0
154,289,0
223,654,0
249,636,0
183,533,1
278,821,0
447,259,0
156,241,0
158,944,0
162,978,0
266,512,1
224,554,1
119,923,0
395,641,0
247,25,1
247,559,1
262,546,0
222,780,0
110,151,0
180,847,1
395,903,1
48,230,0
339,154,0
89,255,0
81,773,0
272,185,0
114,534,1
413,267,0
247,855,0
13,957,0
449,328,0
114,529,0
251,1134,0
568,511,1
119,337,0
8,255,1
101,108,0
456,270,0
444,260,0
137,254,0
319,707,1
26,280,0
451,770,0
245,651,1
467,666,0
476,327,0
274,273,0
276,769,0
313,258,0
526,918,0
132,308,0
292,575,1
524,329,0
511,656,1
19,826,0
36,327,0
329,245,0
442,479,1
476,789,1
514,0,0
329,723,1
425,691,0
249,773,0
564,305,0
124,282,0
363,906,1
231,746,1
88,611,0
368,256,0
447,771,1
180,53,0
365,481,0
81,936,0
526,1001,1
7,685,1
328,769,0
0,180,0
262,496,0
110,482,0
380,655,1
173,963,0
36,529,0
113,785,1
184,756,0
124,558,0
8,256,0
145,996,1
286,255,0
260,816,0
81,558,0
448,843,0
113,159,0
223,229,0
64,578,1
36,511,1
72,626,1
1,233,0
308,48,0
247,856,0
272,143,1
447,249,0
104,342,0
113,239,0
273,769,0
247,16,1
410,0,0
503,825,0
189,719,0
10,419,0
172,412,0
563,224,0
109,691,1
297,561,0
10,108,0
44,107,0
212,479,0
230,339,0
189,727,0
35,737,1
137,101,1
178,675,0
564,631,0
531,770,0
417,1150,1
81,115,0
48,316,1
44,21,0
1,297,0
2,839,1
77,640,1
209,520,1
404,650,0
309,838,1
299,253,0
543,80,0
461,285,0
101,929,0
554,37,0
386,712,0
172,909,0
435,140,0
521,537,1
157,631,0
187,83,0
390,332,1
0,221,0
368,299,0
341,389,0
357,529,1
119,1015,1
249,303,0
524,271,0
159,42,0
132,21,0
81,301,0
366,328,0
95,276,0
473,204,0
49,230,0
524,517,1
1,405,1
436,236,0
229,898,0
503,824,0
313,1040,0
487,514,1
467,353,0
132,851,0
106,416,0
524,567,1
443,348,0
132,407,0
32,921,0
224,223,0
401,102,0
156,121,0
177,954,0
41,710,0
66,262,0
49,513,1
503,101,1
478,856,1
521,243,0
368,687,1
149,826,1
289,651,0
449,336,0
565,50,0
4,502,0
555,836,1
198,1147,1
356,847,1
59,196,0
436,966,1
7,834,0
522,131,0
365,51,0
313,227,0
71,845,1
379,920,1
1,994,0
470,745,1
503,680,0
119,865,1
292,322,0
224,725,1
361,292,0
169,669,0
521,275,0
101,225,0
330,239,0
212,907,0
417,777,0
526,343,1
171,748,0
149,265,0
521,299,0
271,255,0
141,567,0
154,324,1
343,59,0
563,201,0
25,636,0
257,689,0
17,243,0
36,522,0
130,708,1
108,161,1
315,724,1
323,481,1
171,280,0
400,273,0
16,233,0
425,223,0
409,150,0
428,513,1
64,821,1
329,691,0
380,724,1
166,637,0
345,647,0
356,865,0
357,237,0
379,225,0
11,472,1
467,1200,0
202,536,1
19,717,1
276,838,1
365,474,0
230,927,0
255,231,0
125,275,0
211,903,0
18,263,0
251,372,0
481,92,0
223,549,0
6,775,0
176,853,0
387,654,1
212,529,1
13,822,0
556,639,0
339,234,0
448,566,1
307,422,1
226,929,0
339,476,1
501,310,0
417,407,0
496,339,0
214,482,0
214,816,1
234,855,0
282,768,1
361,781,1
170,906,0
317,56,0
460,243,0
362,530,1
350,565,0
489,757,0
478,233,0
470,770,0
110,637,0
343,532,1
524,475,1
32,716,0
491,770,0
51,914,0
553,707,0
460,550,0
400,835,0
427,313,0
273,780,0
4,526,1
389,323,0
508,649,1
443,816,0
398,298,0
72,251,0
173,977,1
59,668,0
417,558,0
368,670,1
149,267,0
81,224,0
353,279,0
522,730,0
412,226,0
369,426,0
150,349,0
356,476,1
84,562,0
515,635,0
59,577,1
121,240,0
550,827,0
92,659,0
556,642,1
2,843,1
145,929,0
29,578,1
524,279,0
128,670,0
266,847,0
512,136,0
397,945,1
568,354,0
227,334,0
519,472,1
431,24,0
155,356,0
291,482,0
503,691,0
332,798,1
335,663,0
448,327,0
321,101,0
524,341,0
19,197,0
308,220,0
524,564,1
166,498,1
71,728,1
180,510,0
137,29,0
475,567,0
261,225,0
524,254,0
443,850,1
457,332,0
273,775,1
65,884,1
321,46,0
344,718,1
68,921,1
72,577,1
560,857,0
214,682,0
156,846,0
460,548,0
123,307,0
357,105,0
489,761,0
313,689,0
462,125,0
313,553,0
476,339,0
443,710,0
526,242,0
469,312,0
339,173,0
309,637,1
564,558,0
114,54,1
456,780,1
159,817,1
55,58,0
384,777,0
209,561,0
443,503,1
60,224,0
4,711,1
247,251,0
329,552,0
19,301,0
514,839,1
184,713,0
1,953,0
558,32,0
267,689,0
60,270,0
422,721,0
505,631,0
475,632,0
239,313,0
56,724,0
186,360,0
183,632,0
139,898,0
35,856,0
328,254,0
132,669,0
411,293,0
169,566,0
526,370,0
313,467,0
150,880,0
189,255,0
6,749,1
531,279,0
554,224,0
281,254,0
473,70,0
8,916,0
101,551,0
177,837,1
213,227,0
379,779,1
436,280,0
214,154,1
522,777,1
221,269,0
559,820,0
82,171,0
209,151,0
467,899,0
95,671,0
273,564,0
299,257,0
329,105,0
455,822,0
251,126,0
313,404,0
4,825,0
110,279,0
166,233,0
4,324,0
272,139,0
180,104,0
568,611,0
104,937,1
154,342,0
448,225,0
32,1001,0
72,0,0
395,175,1
461,667,1
120,353,0
417,909,0
276,774,0
287,260,0
273,551,0
77,175,0
272,311,0
247,250,0
568,1010,1
352,665,0
523,775,1
214,631,0
261,714,0
81,234,0
190,432,0
9,319,0
26,233,0
560,828,0
511,262,0
55,474,0
173,965,0
560,271,0
35,826,0
373,76,0
59,241,0
555,841,0
126,571,1
101,569,1
39,49,0
243,837,0
362,308,0
155,829,0
319,661,1
7,499,1
241,643,1
368,666,1
565,258,0
521,839,0
266,553,0
411,272,0
515,730,0
97,470,0
525,779,0
95,289,0
515,502,1
156,554,0
251,294,0
48,823,1
266,857,0
120,1010,0
166,562,0
188,656,1
565,273,0
431,475,1
159,264,0
162,365,0
8,845,1
521,578,1
313,772,1
4,714,0
7,771,1
214,716,0
467,1165,0
296,896,0
120,387,0
150,807,0
354,280,0
446,281,0
244,904,1
52,46,0
384,258,1
243,1013,0
341,1102,1
60,641,1
33,314,0
212,481,0
158,1164,0
356,336,0
560,278,0
411,260,0
374,850,1
4,307,0
205,560,1
386,298,0
236,578,1
544,266,1
524,179,0
159,967,0
13,341,0
62,420,0
563,567,0
201,472,0
357,941,0
132,825,1
263,275,0
386,1009,1
81,473,0
110,110,0
266,497,1
56,774,0
361,273,1
313,367,0
313,663,1
416,107,0
334,912,1
448,988,0
99,649,1
309,260,0
214,663,1
251,668,1
113,242,0
143,571,1
219,775,1
386,771,0
84,57,0
303,377,1
297,574,0
507,272,1
128,675,0
354,712,1
77,273,0
73,853,1
183,301,0
419,158,0
249,313,0
554,570,0
141,634,0
356,768,1
448,377,0
417,1138,1
361,571,1
236,632,0
282,715,1
292,278,0
514,21,0
261,631,0
159,166,0
0,624,0
209,26,0
266,168,0
154,59,0
1,299,0
137,645,0
359,272,0
467,1136,0
205,7,1
101,173,0
387,837,1
226,1003,0
565,838,0
219,652,1
508,248,0
108,769,1
81,333,0
130,709,1
555,573,1
116,258,0
362,657,1
307,388,0
568,278,0
518,513,1
204,826,1
378,330,0
331,657,1
443,128,0
272,716,1
143,312,0
235,502,1
251,912,0
292,256,0
249,276,0
97,430,0
132,720,1
84,561,0
463,911,1
56,239,0
357,332,1
330,652,1
132,639,1
478,273,0
92,825,0
205,573,0
523,250,0
271,252,0
530,420,0
343,147,0
535,73,1
411,251,0
553,258,0
227,566,0
497,904,1
227,926,0
114,284,0
281,255,0
427,680,1
319,608,1
114,775,1
313,312,0
101,635,0
319,569,1
178,847,0
339,137,0
29,749,0
91,560,1
546,223,0
204,789,0
527,818,1
110,663,0
110,841,0
568,680,1
320,262,0
6,753,1
209,566,0
295,331,0
137,319,0
515,272,0
448,313,0
341,914,0
198,1187,0
297,1028,0
546,660,0
366,820,1
303,427,0
164,648,0
467,430,0
379,199,0
503,964,0
508,853,1
529,34,0
0,0,1
271,643,0
93,237,0
402,911,1
398,229,0
304,225,0
271,665,0
393,267,0
155,0,0
563,251,0
293,319,0
251,295,0
386,853,0
531,854,0
352,657,1
178,679,0
171,237,0
313,757,0
295,325,0
395,285,0
432,781,1
109,279,0
395,271,0
565,824,0
297,519,1
362,716,0
401,25,0
360,901,0
25,650,1
159,309,0
452,309,0
173,467,0
165,108,0
341,441,1
114,515,1
159,934,0
1,711,0
249,259,0
128,666,1
487,583,1
302,160,0
104,392,0
224,168,0
64,304,0
126,555,0
559,536,1
126,265,0
180,196,0
180,684,0
271,662,0
177,793,1
477,56,0
166,482,0
128,740,1
101,228,0
65,300,0
247,748,1
425,316,0
120,959,0
118,863,1
166,640,1
276,163,0
166,479,0
33,221,0
313,830,1
88,610,1
300,577,1
278,328,0
89,660,1
555,781,1
248,708,0
49,647,0
236,574,1
216,652,1
114,315,0
568,788,0
500,317,0
4,495,0
201,651,1
292,771,0
448,474,1
64,42,0
564,849,1
363,911,0
13,895,1
190,455,0
243,924,0
373,281,0
110,659,0
565,293,0
418,892,0
384,663,0
119,323,0
515,482,1
88,110,0
521,315,0
18,352,0
222,665,1
307,455,0
56,615,0
449,932,0
282,235,0
38,241,0
44,159,0
101,1001,0
214,294,0
360,908,0
266,230,0
165,228,0
132,224,0
183,636,0
353,710,0
154,349,0
508,723,1
565,4,0
119,950,0
564,271,0
236,657,1
554,538,0
431,480,1
207,759,0
60,30,0
447,246,0
209,314,0
219,325,0
124,633,0
291,536,1
448,504,1
29,843,0
500,567,0
514,855,0
30,242,0
13,847,0
156,16,0
77,666,0
466,882,0
224,661,1
357,946,0
536,175,0
234,322,0
159,327,0
300,188,0
37,339,0
317,151,0
331,684,0
176,858,1
173,966,1
114,270,0
524,854,1
515,564,0
431,237,0
238,282,0
319,283,0
556,283,0
243,146,1
514,736,0
64,312,0
154,341,0
84,297,0
95,504,0
247,857,0
209,639,0
394,782,1
236,205,0
559,783,0
36,332,0
132,315,0
521,1037,0
100,273,0
568,283,0
309,837,1
467,1183,0
266,262,0
432,790,1
233,251,0
381,227,0
156,689,1
373,532,0
241,663,1
395,260,0
357,923,0
257,651,1
536,565,0
138,317,0
515,926,0
169,257,0
395,959,0
463,896,0
491,476,1
10,49,0
567,118,0
465,159,0
386,866,1
436,531,1
452,567,0
514,846,1
503,940,0
292,654,0
32,294,0
132,719,1
457,278,0
4,869,0
554,631,0
251,653,1
266,137,0
532,132,0
116,259,0
114,319,0
320,637,0
15,815,1
0,616,0
223,476,1
227,47,0
535,516,1
319,273,0
19,921,0
541,114,0
260,22,1
297,510,1
515,582,1
18,295,0
224,772,0
247,101,0
282,778,1
368,640,1
95,522,0
126,849,0
124,320,0
201,110,0
18,237,0
137,787,1
224,727,1
417,251,0
249,254,0
319,261,0
518,609,0
38,638,0
36,221,0
497,900,1
446,276,0
569,258,0
99,718,1
375,898,1
373,1030,0
16,559,0
518,184,0
95,341,0
53,892,1
154,789,0
447,649,1
564,652,1
432,771,1
126,117,0
72,293,0
243,329,0
467,905,0
77,200,1
563,547,0
43,494,1
126,732,0
387,299,0
291,567,0
226,1032,0
448,768,1
347,568,1
535,133,0
305,282,1
353,637,1
101,336,0
165,319,0
8,323,0
101,90,0
219,648,0
132,227,0
13,304,0
159,281,0
159,845,0
277,254,0
132,965,0
186,861,1
191,1033,0
362,777,0
209,708,1
9,250,0
444,249,0
211,258,0
329,651,0
470,760,1
357,659,1
267,558,0
305,772,1
126,151,0
392,839,1
511,327,0
93,33,0
13,778,0
515,935,1
80,37,0
542,419,0
556,921,1
357,636,0
201,923,0
399,70,0
77,480,1
286,251,0
569,253,0
221,907,1
7,699,0
386,64,0
411,708,1
29,835,0
138,653,0
110,743,0
81,569,1
534,562,1
417,941,0
166,514,0
478,711,1
19,578,0
428,221,0
470,666,0
486,654,1
398,291,1
412,537,1
60,565,0
227,235,0
309,573,1
105,782,1
207,244,1
92,524,1
412,751,0
23,496,1
425,239,0
84,785,0
309,329,0
308,134,0
442,524,1
169,547,0
309,823,0
487,521,1
101,327,0
473,239,0
357,292,0
339,819,1
511,266,0
522,559,0
339,877,0
171,276,0
521,657,1
124,645,1
564,49,0
184,262,0
201,666,1
118,935,0
478,168,0
295,838,1
49,281,0
564,643,0
419,16,0
559,16,0
491,636,0
137,689,0
362,529,1
544,638,1
467,250,0
428,30,0
514,52,0
92,520,1
555,970,0
278,781,1
15,1037,0
37,288,1
307,1190,0
550,816,1
273,671,0
214,504,1
60,219,0
18,15,0
373,130,1
343,530,1
328,854,0
147,505,1
124,518,1
511,725,0
143,534,0
171,636,0
4,836,0
373,361,0
1,503,1
99,228,0
503,292,0
386,675,0
263,652,1
224,638,0
209,582,1
101,710,0
397,637,0
137,234,0
209,838,0
93,258,0
64,267,0
499,893,0
488,412,0
559,316,0
368,317,1
143,521,1
18,614,1
155,981,0
36,510,0
173,964,0
461,707,0
84,916,0
560,915,0
503,323,0
118,932,0
163,892,1
417,851,1
7,319,0
249,564,0
120,325,0
559,665,0
521,136,0
276,729,0
303,1120,1
100,267,0
186,856,1
59,678,1
219,733,0
297,224,0
565,666,0
368,259,0
263,704,0
422,787,0
362,475,1
297,640,1
104,407,0
114,769,0
219,242,0
235,547,0
110,310,0
49,302,0
7,682,0
425,631,1
17,654,1
477,569,0
48,516,0
286,250,0
565,826,0
397,649,1
54,855,0
59,773,0
309,481,0
395,550,0
223,258,0
24,907,0
320,310,0
223,864,0
387,668,0
276,637,1
571,231,0
236,199,0
565,857,0
8,137,0
191,351,0
160,238,0
522,650,0
307,357,0
373,321,0
460,36,0
187,504,1
84,533,1
565,274,0
179,314,0
271,237,0
183,786,0
101,765,0
27,739,1
261,217,0
158,419,0
19,711,1
101,199,0
513,768,0
119,997,0
503,743,1
515,233,0
373,298,0
432,772,1
282,319,0
475,655,1
56,29,0
427,473,1
397,558,0
8,17,0
21,655,1
386,978,0
311,313,0
84,275,0
470,757,0
343,172,1
511,668,1
4,11,0
29,660,1
99,754,0
23,472,0
17,686,0
386,880,0
296,260,0
8,150,0
397,229,1
226,972,1
150,874,1
58,663,0
185,232,0
433,776,1
59,172,0
178,246,0
272,501,0
518,266,0
159,858,0
400,838,0
159,645,0
240,655,0
526,771,1
159,965,0
89,270,0
412,503,1
426,252,0
556,848,0
26,237,0
64,1029,0
508,280,0
43,883,0
254,329,0
357,221,0
303,954,0
560,281,0
81,778,0
251,848,0
247,292,0
210,892,1
568,514,0
227,778,1
114,830,0
361,874,0
565,566,0
68,276,0
461,663,1
18,302,0
295,330,0
56,664,1
510,137,0
521,312,0
89,848,0
4,21,0
95,668,0
125,575,0
307,941,1
425,311,0
227,14,0
431,227,0
400,262,0
426,256,0
149,640,1
384,636,0
297,1011,1
151,4,0
64,327,0
184,688,0
518,253,0
8,855,1
108,43,0
158,946,0
303,1129,1
177,336,0
368,636,0
361,839,0
298,235,0
183,857,0
16,770,1
397,582,1
392,335,0
517,682,0
160,570,1
156,319,0
503,658,0
251,304,0
135,124,0
535,12,0
20,229,0
13,275,0
279,147,0
270,323,0
188,786,1
245,666,0
266,696,0
124,24,0
93,533,1
511,546,0
398,163,0
295,804,1
443,194,0
432,825,0
522,720,1
303,906,0
521,826,0
234,824,0
392,921,0
448,1048,0
468,565,0
508,651,1
412,320,1
345,661,0
29,851,0
249,18,0
192,287,0
114,475,1
357,1027,0
320,230,0
9,851,0
103,421,0
480,906,0
113,254,0
9,666,0
389,366,0
124,709,0
373,353,0
95,241,0
309,783,1
159,265,0
251,1197,0
9,773,0
159,946,0
394,826,1
424,67,0
32,583,1
305,274,0
167,482,0
363,421,0
341,906,0
32,255,0
15,967,1
338,892,1
417,382,0
292,828,0
223,778,0
363,923,0
251,823,1
59,643,0
0,495,0
359,820,1
291,230,0
25,657,0
342,753,0
49,220,0
339,233,0
432,713,0
521,757,0
511,887,1
37,324,0
37,327,0
285,560,0
209,861,0
183,771,0
359,324,0
268,894,1
307,1189,0
518,834,0
128,259,0
425,129,0
145,928,0
386,535,0
518,561,0
153,230,0
95,557,1
195,566,1
92,639,1
104,1165,0
114,657,0
433,651,1
344,282,0
49,866,1
109,253,0
537,1039,0
419,4,0
496,817,1
116,657,0
156,844,0
282,637,0
25,237,0
307,1137,0
523,714,0
95,339,0
240,636,0
64,30,0
447,654,1
180,823,0
529,47,0
30,225,0
123,300,0
101,899,1
467,843,0
386,800,1
141,139,0
521,959,0
71,846,0
412,566,0
456,862,0
402,905,0
25,227,0
444,255,0
243,271,0
159,239,0
506,857,0
328,836,1
452,101,0
276,776,1
151,788,0
243,354,0
9,310,1
291,158,1
472,260,0
491,710,0
156,712,1
84,927,0
56,682,0
126,840,0
59,226,0
132,236,0
432,826,0
104,363,0
41,778,0
227,837,0
138,335,0
141,121,0
29,663,1
305,251,0
448,16,0
315,281,0
573,225,0
391,848,0
77,779,1
379,519,0
4,854,0
72,560,0
8,654,1
113,834,0
436,472,0
362,172,0
81,2,0
357,778,1
443,352,0
555,242,0
292,707,0
122,576,1
491,143,0
220,233,0
251,915,1
151,761,0
387,58,0
251,316,1
487,229,0
91,669,0
309,758,0
308,108,0
44,3,0
72,245,0
7,517,0
390,938,0
328,255,0
126,867,0
166,642,0
443,171,0
517,666,1
19,567,0
11,905,1
237,54,0
249,332,0
341,1170,0
227,348,1
170,905,0
214,526,1
379,283,0
563,649,0
427,41,0
297,976,0
515,735,1
277,906,0
530,892,0
222,776,0
417,280,0
361,612,1
84,829,1
503,649,1
156,839,0
110,778,0
59,861,0
395,863,0
84,828,0
353,112,0
73,836,1
513,255,0
36,237,0
293,234,0
359,731,1
173,1204,0
392,633,0
159,659,0
365,608,0
223,639,0
119,856,1
184,730,1
98,330,0
132,954,0
180,223,0
4,287,0
379,532,1
159,325,0
395,615,0
185,834,0
443,651,1
43,514,0
224,555,0
77,887,0
569,747,0
395,908,0
555,1026,1
467,865,0
266,70,0
319,108,0
65,298,0
278,993,0
205,479,1
412,573,0
329,662,0
55,521,1
539,243,0
433,502,1
491,522,1
556,252,0
354,866,0
392,525,1
216,642,1
554,51,0
130,259,0
92,755,0
201,559,0
428,477,0
340,96,0
132,566,0
231,717,0
421,50,0
37,732,0
184,669,0
398,863,0
27,253,0
8,334,1
154,258,0
124,127,0
292,737,0
236,501,1
554,228,0
249,93,0
243,256,0
217,778,1
251,467,0
51,894,1
249,206,0
555,900,1
158,916,0
9,384,0
436,614,1
180,655,0
554,540,0
132,672,0
467,308,0
448,77,0
243,225,0
238,840,1
397,254,0
211,259,0
436,277,0
19,581,1
514,862,0
541,513,1
1,672,0
95,357,0
361,645,1
526,640,0
257,688,0
550,859,1
231,755,1
511,337,0
7,513,1
15,321,0
130,251,0
72,708,0
60,647,0
214,137,0
562,344,0
386,665,1
352,248,0
154,682,0
270,825,0
514,786,1
478,495,1
238,817,1
509,558,1
19,938,0
95,321,0
267,518,0
535,148,0
6,727,0
560,328,0
301,243,0
0,101,0
227,344,0
154,513,1
95,151,0
1,913,0
107,262,0
92,754,1
60,131,0
313,548,1
452,525,1
531,712,1
126,890,0
279,474,1
187,223,0
272,226,0
154,713,0
478,334,0
4,930,0
275,820,1
295,801,1
373,632,0
156,63,0
243,323,0
12,775,0
362,386,0
158,1084,0
356,779,0
99,614,1
138,234,0
276,259,0
350,631,0
183,249,0
114,523,1
442,534,0
159,561,0
113,846,1
147,473,0
212,250,0
221,892,1
192,266,0
308,73,0
463,707,1
397,658,0
403,904,1
386,519,1
343,234,0
183,295,0
336,786,1
292,510,1
410,47,0
273,530,0
400,840,0
433,631,0
417,239,0
554,563,0
5,245,0
365,631,0
32,550,0
272,513,0
317,828,0
50,655,1
1,634,0
503,740,1
292,637,0
448,852,0
9,786,1
342,844,1
207,649,1
155,1018,0
502,937,0
395,912,0
110,569,0
158,1162,0
362,390,0
400,850,0
354,250,0
427,551,0
319,748,1
448,230,0
236,311,0
346,18,0
240,231,0
521,651,1
158,1154,0
247,342,0
526,101,0
503,580,0
227,315,0
9,876,0
546,248,0
524,494,1
68,327,0
380,245,0
353,225,0
56,498,1
488,905,1
535,224,0
297,699,0
110,239,0
132,658,1
43,769,0
43,510,1
48,858,0
329,196,0
518,711,1
126,656,0
523,666,1
32,268,0
259,896,1
317,43,0
99,858,0
73,834,0
110,253,0
32,314,0
8,328,0
159,649,1
311,652,1
467,1119,1
329,694,0
196,570,1
271,258,0
217,774,1
436,536,1
329,18,0
84,271,0
156,532,1
7,233,0
77,313,0
154,650,1
65,848,1
121,256,0
487,29,1
51,391,0
138,575,0
138,838,1
188,636,1
243,16,0
169,328,0
137,676,1
72,256,0
397,337,0
397,366,0
13,945,0
68,710,1
162,785,1
100,656,1
110,236,0
110,825,0
60,670,0
554,221,0
428,615,1
219,615,0
99,758,0
315,845,0
313,3,0
36,560,0
201,672,0
357,608,1
531,776,1
373,514,1
297,280,0
294,2,0
503,781,0
9,557,0
114,660,1
55,479,0
139,909,0
77,520,0
204,331,0
417,472,1
162,332,0
404,258,0
315,708,0
81,173,0
554,511,0
511,311,0
154,259,0
343,655,0
64,1012,1
169,475,0
198,367,0
212,516,1
425,778,1
180,311,0
511,236,0
293,222,0
544,250,0
191,1014,0
449,937,0
559,146,0
388,669,0
23,494,0
29,730,0
380,667,1
387,271,0
316,775,1
138,843,1
324,522,1
273,476,0
95,334,0
372,319,0
266,271,0
510,45,0
442,475,1
503,258,0
519,158,1
202,497,1
556,707,0
336,671,0
353,273,0
468,41,0
15,301,0
316,640,1
268,262,0
8,295,0
18,557,1
4,336,0
36,335,0
9,500,1
297,851,0
32,965,0
155,825,0
92,770,1
365,23,0
526,945,0
295,868,1
401,8,0
80,22,0
326,29,1
560,338,0
88,310,0
564,485,1
524,193,0
36,826,0
180,51,0
4,715,0
158,1126,0
36,914,0
107,650,1
563,534,0
467,160,0
568,980,0
104,1184,0
243,321,0
276,887,1
392,536,1
114,503,1
251,1013,0
335,659,1
247,611,1
172,420,0
365,572,0
56,301,0
274,244,0
526,426,0
120,300,0
514,824,0
128,272,0
292,750,0
491,480,0
235,634,1
43,474,0
362,959,0
319,710,1
449,365,0
179,221,0
187,0,0
27,661,1
249,273,0
180,667,0
119,994,0
113,66,0
198,1109,1
467,344,0
412,495,0
81,270,0
328,235,0
1,649,1
249,339,0
467,1199,0
515,220,0
309,774,1
433,578,1
531,713,0
563,871,0
138,125,0
95,271,0
392,914,0
51,379,0
309,312,0
1,636,0
251,101,0
439,821,0
243,769,0
292,569,0
417,1102,1
143,608,1
219,671,0
467,710,0
132,530,0
251,769,1
464,898,1
313,904,0
560,272,0
397,270,0
397,479,1
198,427,0
521,979,1
555,820,0
8,979,1
48,268,0
395,266,0
223,158,0
219,164,0
159,860,0
478,172,1
432,273,0
200,551,0
559,239,0
60,512,1
3,234,0
124,738,1
457,821,1
427,523,1
518,475,1
251,824,1
319,657,0
573,476,1
235,474,1
295,825,1
49,222,0
353,668,0
417,392,1
512,170,0
220,223,0
263,247,0
272,725,0
198,896,1
145,1009,0
571,650,1
445,668,1
49,307,0
425,83,0
456,720,1
156,660,1
138,232,0
95,546,1
177,792,1
541,656,1
18,356,0
308,150,0
521,239,0
164,793,0
156,787,1
503,241,0
202,480,0
249,657,0
29,836,1
136,816,1
568,614,1
443,771,1
240,237,0
100,650,0
249,859,0
110,748,0
59,639,0
155,850,1
249,504,1
373,659,1
384,253,0
356,134,0
156,497,1
452,524,0
564,106,0
568,339,0
313,182,0
353,494,1
14,765,0
475,842,0
110,839,1
526,521,1
266,65,0
529,51,0
155,816,1
99,233,0
64,277,0
339,474,0
202,564,0
254,285,0
181,265,0
111,566,1
188,861,0
201,253,0
247,575,1
124,726,0
72,525,1
391,871,0
71,278,0
555,839,1
292,305,0
272,503,0
180,101,0
555,387,0
282,259,0
436,871,0
389,321,0
235,481,0
336,272,0
436,926,0
412,502,1
395,521,1
433,495,0
71,742,1
565,259,0
534,575,0
137,718,1
503,283,0
36,851,0
258,309,0
369,254,0
563,502,1
202,233,0
564,820,0
48,656,0
110,777,0
395,744,0
95,846,1
297,867,0
362,284,0
541,126,0
249,614,1
43,624,0
292,745,0
310,257,0
114,46,0
66,768,0
138,546,0
412,655,1
393,101,1
297,354,0
183,643,0
526,1115,0
292,861,0
156,259,0
219,580,1
17,776,1
206,906,0
266,663,0
499,428,0
353,780,0
432,710,0
158,354,0
247,481,0
341,901,1
453,778,0
51,396,0
386,819,1
432,1035,0
436,110,0
370,231,0
5,642,1
118,356,1
395,278,0
100,280,0
524,652,1
267,310,0
496,962,0
251,564,0
508,271,0
113,573,0
521,363,0
95,713,0
397,970,0
29,316,0
188,287,0
36,880,0
222,255,0
342,270,0
525,775,1
132,839,0
227,319,0
313,381,0
266,548,0
260,834,0
158,1114,0
75,560,1
309,853,0
395,356,0
311,225,0
101,227,0
99,660,1
267,825,0
526,1066,1
478,227,0
214,734,0
378,847,1
282,655,0
433,779,1
29,667,1
48,561,1
276,562,1
55,476,0
448,580,1
319,516,1
526,942,1
348,714,0
143,57,0
188,723,1
368,787,1
86,636,0
108,547,1
356,249,0
517,661,0
95,224,0
188,272,0
484,572,1
329,658,1
138,1038,0
200,185,0
176,287,0
283,656,0
120,332,0
425,242,0
368,682,0
398,220,0
379,729,1
180,254,0
224,640,1
84,846,1
379,103,0
526,752,1
417,769,1
373,836,1
329,140,1
467,351,0
240,244,0
66,652,1
448,663,0
251,788,0
263,706,0
201,511,1
303,1170,0
138,285,1
472,675,0
342,779,0
319,130,0
36,991,0
29,639,1
23,190,0
158,1034,0
274,638,0
201,512,1
261,740,0
43,532,1
272,837,0
377,669,1
392,823,1
362,821,1
307,1177,1
77,649,1
563,28,1
378,789,0
292,565,0
266,641,0
267,608,0
226,324,0
272,535,0
541,131,0
119,850,1
233,905,0
155,252,0
436,332,0
184,249,0
559,843,0
59,684,1
202,64,1
261,653,1
433,190,0
478,504,1
178,846,0
560,249,0
43,580,1
128,286,0
170,907,1
37,284,0
568,672,0
409,147,0
506,737,1
526,662,1
536,227,0
95,255,0
341,440,0
125,559,1
395,777,0
46,169,0
344,270,0
460,155,0
524,788,0
221,263,0
395,523,1
329,500,1
140,667,1
379,339,0
491,521,1
278,950,0
94,253,0
77,839,1
32,858,0
141,481,0
513,646,0
509,109,0
169,151,0
124,770,0
236,315,0
7,221,0
347,329,0
518,650,1
59,835,0
334,906,0
521,1027,0
236,221,0
195,631,0
425,230,0
373,275,0
295,295,0
178,844,1
59,0,0
473,660,1
270,1020,0
171,285,0
56,751,0
120,909,0
180,480,0
395,478,1
149,677,1
0,225,0
399,0,0
116,665,0
223,270,0
363,817,0
432,362,0
189,645,0
89,851,0
73,733,1
73,755,0
60,768,0
335,769,0
547,645,0
218,898,0
257,666,1
138,270,0
464,258,0
427,578,1
13,923,0
154,710,0
389,975,1
183,317,0
147,611,1
433,740,0
155,1021,0
95,633,0
84,163,0
4,787,0
180,502,0
446,273,0
18,667,0
310,273,0
447,651,1
273,2,0
560,782,0
321,112,0
397,904,0
72,323,0
484,202,0
91,648,0
110,277,0
487,548,0
555,233,0
267,708,0
541,319,0
37,747,0
261,271,0
395,24,0
98,803,1
138,708,0
318,313,0
517,259,0
478,846,0
67,904,0
91,633,0
43,237,0
8,973,1
442,591,1
32,773,1
120,436,0
180,528,1
227,561,0
124,659,1
64,937,0
554,537,1
248,900,1
81,917,0
43,300,0
178,709,1
158,374,0
412,228,0
158,1178,0
260,815,1
491,259,0
341,370,0
427,36,0
297,1004,0
467,224,0
339,496,1
388,241,0
132,573,1
362,726,0
46,651,1
408,825,0
408,788,1
119,279,0
432,827,0
483,186,0
4,275,0
518,640,0
124,107,0
391,841,0
425,639,0
143,118,0
319,639,1
18,673,0
356,278,0
412,107,0
247,253,0
158,938,0
143,198,0
223,844,0
72,634,0
152,909,1
99,610,1
243,477,0
297,610,1
446,655,0
276,236,0
365,567,0
166,633,0
451,776,1
21,662,0
109,287,0
56,238,0
473,235,0
99,635,0
397,227,0
78,902,1
99,532,0
395,565,1
555,319,0
443,295,0
247,969,0
157,480,0
331,707,0
329,566,0
571,769,1
374,824,1
59,569,1
56,583,1
29,862,0
7,698,1
276,352,0
43,195,0
392,643,1
18,567,0
560,859,0
468,561,0
88,41,0
463,912,1
17,681,0
16,312,0
180,12,0
110,671,0
404,643,0
573,472,1
524,707,0
356,474,1
491,256,0
9,335,0
93,312,0
138,274,0
205,564,0
56,739,1
417,1119,0
571,274,0
291,661,0
515,12,0
261,769,1
104,947,0
392,815,0
251,711,1
526,570,1
353,582,1
503,779,0
379,244,0
526,862,0
562,324,1
106,902,1
204,329,0
477,503,1
373,273,0
524,646,0
53,913,0
63,231,0
473,118,0
522,236,0
378,327,0
342,737,1
138,255,0
499,905,1
432,923,0
0,587,1
138,656,0
532,514,1
125,648,0
249,70,0
469,633,0
89,652,0
51,972,0
4,772,0
223,248,0
156,73,0
500,204,0
17,640,1
6,272,0
398,751,1
412,666,0
491,298,0
156,324,0
147,504,1
386,276,0
104,1014,1
49,836,0
171,222,0
7,224,0
36,631,0
398,518,1
1,282,0
428,2,1
247,290,0
392,829,1
417,856,0
104,325,0
521,293,0
366,920,0
19,575,1
368,667,0
395,906,1
114,268,0
499,896,1
560,928,0
270,967,0
328,225,0
236,252,0
392,221,0
521,220,0
224,62,0
222,258,0
297,289,0
155,259,0
447,655,1
135,159,0
553,679,0
356,510,1
29,845,1
518,633,0
295,328,0
368,645,0
467,498,1
298,255,0
89,265,0
181,854,0
196,577,1
467,432,0
64,768,1
19,524,0
15,330,0
259,893,0
361,651,1
431,477,0
49,137,0
305,263,0
43,271,0
274,272,0
477,106,0
313,1147,1
331,642,1
99,317,0
81,638,0
101,993,0
166,71,0
389,1020,0
187,55,0
266,630,0
379,526,1
158,951,0
373,934,0
373,319,0
158,392,1
395,653,0
511,339,0
154,772,1
19,565,0
531,256,0
553,773,0
155,843,0
266,671,0
263,284,0
467,579,1
414,108,0
257,707,0
386,924,0
19,236,0
190,466,0
339,151,0
428,314,0
69,913,1
509,566,0
565,40,0
395,735,0
110,610,1
183,528,0
276,220,0
223,612,1
511,661,1
101,746,0
354,274,0
386,557,1
177,950,0
555,645,0
159,783,0
550,844,1
94,707,0
56,864,0
113,535,1
118,322,1
386,482,0
9,769,0
178,734,0
266,51,0
267,246,0
72,505,0
92,683,1
272,285,0
502,227,0
149,258,0
384,248,0
378,275,0
242,494,1
1,331,0
260,54,0
343,102,0
319,854,1
503,476,1
274,275,0
258,312,0
559,535,1
100,285,0
164,675,1
64,733,0
483,162,0
436,238,0
114,639,1
68,785,1
563,773,0
373,777,0
433,253,0
339,208,0
135,313,0
267,782,1
473,177,0
32,380,0
365,101,0
436,829,1
368,780,0
412,46,0
68,802,0
503,677,1
518,860,0
243,262,0
347,918,0
43,225,0
8,848,0
147,101,0
386,514,0
460,505,1
565,565,0
521,505,1
84,668,0
443,759,0
568,347,0
51,392,0
99,651,1
568,334,0
31,574,0
166,557,0
314,21,0
273,263,0
535,647,0
178,836,0
478,820,1
48,641,0
467,347,1
339,611,0
503,759,1
101,266,0
285,163,0
365,551,0
475,780,0
124,316,0
21,251,0
64,276,0
93,537,1
113,526,1
320,642,1
57,573,1
387,273,1
387,773,1
522,572,1
44,32,0
43,547,0
49,487,0
563,776,0
191,1026,0
60,631,0
357,840,1
119,829,1
149,279,0
180,760,0
268,903,0
119,321,0
427,513,0
417,336,0
4,285,0
81,521,0
475,565,0
109,259,0
573,503,1
468,249,0
524,849,0
335,651,1
357,189,0
292,319,0
49,527,1
128,744,0
526,127,0
32,366,0
451,272,0
515,319,0
55,153,0
114,661,0
49,820,1
238,853,1
503,932,0
89,226,0
120,850,0
537,1131,0
101,249,0
522,243,0
219,787,1
524,658,0
325,275,0
313,688,0
428,560,0
342,746,1
433,229,0
273,233,0
565,855,0
224,844,0
303,470,0
553,675,0
165,227,0
178,656,1
227,835,0
159,778,0
328,569,1
110,220,0
158,927,0
266,775,0
166,4,0
48,825,1
564,8,0
328,609,1
101,512,1
141,557,1
272,869,0
32,857,0
181,845,0
478,481,1
273,243,0
541,268,0
384,255,0
436,319,0
475,323,0
186,858,0
43,837,1
328,751,1
72,826,0
101,782,1
25,252,0
96,229,0
508,704,0
347,511,1
192,821,1
91,615,0
307,926,0
145,1027,0
139,910,0
238,827,0
573,511,0
313,235,0
555,534,1
169,482,0
169,496,1
4,477,0
412,222,0
339,674,1
546,676,0
491,222,0
272,295,0
276,552,0
136,826,0
219,108,0
361,670,1
157,479,0
64,298,0
247,977,1
478,530,1
48,857,0
31,567,0
124,775,0
46,530,0
526,1080,1
243,502,1
56,260,0
156,576,1
307,32,1
126,530,0
159,114,0
417,1099,0
49,655,0
213,313,1
412,177,0
224,668,1
524,2,0
49,304,0
309,526,1
524,510,1
247,926,0
125,667,0
448,470,0
503,551,0
395,899,1
369,107,0
43,840,1
222,250,0
525,821,0
314,828,0
392,756,0
198,356,0
187,229,0
484,561,1
224,562,0
341,1010,1
563,648,0
297,918,0
245,234,0
94,264,0
19,304,0
524,272,0
353,726,0
432,860,0
37,743,1
328,269,0
452,615,1
478,9,0
48,826,0
97,468,0
43,824,0
72,107,0
29,864,0
392,272,0
564,226,0
92,283,0
475,547,0
18,682,0
59,562,0
46,516,1
15,1030,1
478,574,1
559,56,0
260,789,0
155,534,0
439,840,1
555,549,1
555,390,0
363,370,0
467,258,0
155,562,0
560,336,0
95,667,0
43,303,0
446,254,0
27,759,1
357,827,1
526,772,1
339,664,1
559,655,0
412,257,0
273,574,1
155,963,1
27,251,0
556,852,0
274,246,0
247,641,0
361,867,0
568,311,0
526,406,0
524,109,0
224,754,0
227,125,0
442,567,0
351,316,0
521,707,0
1,301,0
89,639,1
531,266,0
236,502,1
38,234,0
283,638,1
329,565,0
29,668,1
476,335,0
386,316,0
101,50,0
124,330,0
397,926,0
48,293,0
476,351,0
155,782,1
4,152,0
251,1018,0
370,226,0
309,317,0
541,520,0
347,583,1
60,475,0
126,863,0
456,860,0
201,505,1
194,846,0
43,774,0
447,701,0
9,327,0
366,923,0
95,854,0
412,237,0
126,643,0
29,234,1
542,256,0
138,646,0
335,774,1
116,649,1
298,250,0
95,780,0
494,112,0
77,311,0
503,914,0
4,535,1
187,530,1
379,576,1
386,658,0
93,660,0
363,707,0
65,304,0
164,710,0
499,892,1
425,757,0
424,251,0
448,255,0
150,276,0
417,323,0
245,243,0
386,363,0
386,353,0
249,293,0
521,295,0
227,339,0
554,503,1
56,243,0
23,491,0
189,667,0
224,750,0
563,281,0
11,903,1
452,571,0
98,941,0
339,510,1
95,30,1
292,501,1
223,674,0
509,635,0
417,921,0
261,721,0
289,254,0
518,838,1
343,151,0
212,550,0
379,566,0
448,1049,1
470,750,0
319,272,1
526,816,1
29,258,0
36,567,0
80,7,0
365,316,0
357,24,0
357,528,1
224,225,0
309,268,0
521,259,0
181,769,0
373,225,0
209,511,0
500,607,0
468,311,0
436,927,1
478,272,0
48,837,1
56,773,0
51,827,0
368,776,1
460,476,1
7,273,0
373,251,0
329,672,0
18,919,1
390,825,0
521,316,0
392,834,0
132,831,0
468,583,0
147,476,1
32,515,0
417,825,0
4,871,0
154,667,0
366,947,0
556,914,0
169,518,1
278,915,0
356,220,0
510,880,1
219,205,0
143,524,1
43,859,0
308,221,0
201,928,0
563,827,0
43,113,0
473,638,0
468,663,1
503,834,0
400,283,0
448,967,1
149,768,0
363,364,0
353,259,0
151,722,0
417,855,0
36,713,0
32,631,0
18,669,0
432,726,0
291,233,0
212,171,0
183,712,0
177,333,0
1,938,0
544,775,0
319,504,1
417,831,0
184,667,0
436,642,0
448,450,0
307,1086,1
357,661,0
43,476,1
332,818,0
395,713,0
227,560,0
29,648,0
313,974,0
36,245,0
468,220,0
541,565,0
245,231,0
489,278,1
137,610,1
491,250,0
336,777,1
334,903,0
162,824,0
67,897,0
141,502,1
243,657,0
201,565,0
164,769,0
289,229,0
291,168,0
81,934,0
532,81,0
503,576,1
128,641,1
400,275,0
109,703,0
278,961,1
8,277,0
171,220,0
392,550,0
183,639,0
156,722,0
121,640,0
247,505,1
517,655,0
261,560,1
395,513,1
98,334,0
387,707,0
319,497,1
267,546,0
280,566,0
45,422,0
319,776,0
261,262,0
319,299,1
487,549,1
308,191,0
365,513,0
342,253,0
449,392,0
564,262,0
176,770,0
341,359,1
386,640,0
565,530,0
201,537,1
114,567,1
531,853,0
9,567,0
433,280,0
563,102,0
362,374,0
169,512,1
191,900,1
251,801,1
135,226,0
168,480,1
4,302,0
155,663,1
455,349,0
515,920,1
518,550,0
155,858,0
357,177,0
362,961,0
316,647,0
4,822,0
556,791,0
7,582,1
521,160,0
443,612,1
154,256,0
345,227,0
110,709,0
183,312,0
82,531,1
286,253,0
52,505,1
227,828,0
547,230,0
422,849,0
515,239,0
9,227,0
297,321,0
0,631,0
386,686,0
329,267,0
233,150,1
273,559,1
72,753,0
334,257,1
159,940,0
518,847,0
169,305,0
448,364,0
114,309,1
362,754,0
43,579,1
177,356,0
357,531,1
568,564,0
98,335,0
188,284,0
198,393,0
36,930,0
404,649,0
444,251,0
526,907,0
72,234,0
59,648,0
490,232,0
319,225,0
247,159,0
173,382,0
106,432,0
48,778,0
433,552,0
157,521,1
303,1143,1
448,567,1
435,902,1
41,262,0
219,559,0
272,270,0
9,125,0
184,657,0
267,777,0
37,348,0
386,312,0
178,741,0
397,292,0
353,670,0
347,338,0
247,564,0
310,249,0
276,859,0
565,823,0
398,710,0
209,238,0
65,847,0
32,333,0
56,481,1
1,827,0
568,1021,1
97,450,0
110,675,0
274,248,0
390,322,0
216,771,0
126,768,0
166,554,0
365,116,0
169,266,0
526,374,0
313,745,0
84,939,0
95,336,0
95,641,1
98,291,0
276,322,0
313,832,0
225,249,0
18,334,0
236,553,0
123,323,0
8,480,0
97,465,0
114,225,0
526,42,0
46,15,0
0,582,1
357,273,0
341,341,0
536,223,0
514,857,0
329,643,0
155,113,0
103,426,0
513,769,0
9,651,1
7,511,0
361,712,0
295,305,0
536,569,1
377,639,1
448,249,0
81,816,1
72,852,0
455,789,1
173,956,0
272,659,1
554,225,0
361,359,0
267,837,1
126,575,1
174,93,1
341,451,0
475,51,0
467,1048,0
240,243,0
294,31,0
289,647,0
467,454,0
354,778,0
41,774,0
472,283,0
470,779,1
278,321,0
151,818,1
339,786,1
448,299,0
425,770,0
266,93,0
518,221,0
189,273,0
212,496,1
273,502,1
166,521,1
64,675,0
19,709,1
557,896,1
72,822,1
412,59,0
7,249,0
81,876,1
9,1015,1
207,251,0
124,481,0
125,734,0
168,502,1
10,251,0
243,836,0
447,660,0
9,602,0
243,210,0
559,662,0
565,555,0
345,680,1
448,1088,0
209,226,0
124,818,0
64,669,0
110,843,0
272,151,0
64,515,1
518,781,0
398,533,1
461,770,0
266,550,0
36,313,0
563,615,0
64,1034,0
138,823,0
154,272,1
475,520,1
368,280,0
214,272,0
219,719,1
132,500,1
521,511,1
425,677,1
467,222,0
120,1024,0
147,520,1
497,265,0
563,759,0
124,779,0
430,583,0
361,667,1
467,420,1
66,646,0
395,322,0
524,547,0
156,236,0
477,549,1
307,903,0
380,249,0
385,221,0
156,837,0
564,513,0
124,202,0
568,297,0
568,713,0
313,718,1
339,186,0
559,825,0
544,655,1
27,663,1
407,11,0
344,851,1
243,363,0
132,537,0
108,30,1
235,580,1
421,518,1
77,238,0
90,787,0
125,562,1
357,640,0
162,941,0
158,363,0
354,867,0
173,419,1
421,22,0
154,825,0
467,659,0
350,575,1
448,234,0
101,233,0
401,83,0
354,294,0
81,938,0
353,61,0
475,252,0
446,770,0
254,820,1
227,17,0
247,647,0
113,856,1
155,520,0
4,564,0
357,473,1
155,479,0
19,852,0
368,227,0
32,574,0
473,476,0
183,534,0
319,636,0
207,748,1
566,782,1
472,266,0
526,574,1
4,829,1
267,646,0
518,872,0
137,569,1
169,309,0
461,738,1
0,590,0
392,319,0
309,922,0
297,272,0
69,255,0
261,644,0
18,773,0
204,325,0
249,237,0
262,895,1
9,772,0
211,260,0
81,711,1
194,756,0
307,1025,1
259,900,1
56,731,0
258,563,0
468,513,1
538,820,0
519,475,1
276,517,0
84,567,0
525,752,0
189,670,1
531,857,0
251,516,1
466,754,0
213,197,0
98,937,0
107,772,1
417,235,0
357,475,1
114,499,1
448,973,0
219,737,1
101,966,0
522,151,0
386,237,0
92,711,0
234,836,1
451,249,0
400,286,0
496,358,0
397,556,1
363,1026,0
489,752,1
425,500,1
395,349,0
386,281,0
86,231,0
59,852,0
219,35,0
132,579,1
119,822,0
326,60,0
319,301,1
9,560,0
318,655,1
95,218,0
247,664,0
526,561,0
84,859,1
451,255,0
448,984,0
130,777,1
84,534,1
56,255,0
114,524,1
8,610,0
380,755,1
100,257,0
342,858,1
229,256,0
73,713,0
159,667,0
544,710,1
260,161,0
169,18,0
559,232,0
569,662,0
35,858,0
370,233,0
150,816,1
50,661,0
362,738,0
560,254,0
475,636,0
30,239,0
339,681,0
274,643,1
356,251,0
126,260,0
425,649,1
443,526,1
313,536,0
59,554,0
268,897,1
219,533,1
51,295,0
446,712,1
490,639,0
243,710,0
492,828,0
568,293,0
496,336,0
392,317,0
267,840,0
166,223,0
99,480,0
466,864,0
377,238,0
5,734,0
216,232,0
207,756,0
13,333,0
8,192,0
110,271,0
303,469,1
166,13,0
77,278,0
521,252,0
132,855,1
320,235,0
154,533,1
124,559,1
356,670,1
84,344,0
251,695,0
8,917,0
457,271,1
518,520,1
362,325,0
395,566,0
518,307,0
483,522,0
548,827,1
432,353,0
496,946,1
50,234,0
526,348,0
490,237,0
455,928,0
363,396,0
198,1033,0
9,293,0
188,834,1
496,927,0
417,666,1
353,176,0
109,277,0
246,824,1
375,893,0
391,855,0
64,972,1
448,632,0
156,816,1
356,222,0
538,788,0
373,546,0
209,546,0
156,516,1
357,611,1
433,608,0
46,505,1
563,819,0
297,365,0
268,251,0
92,851,0
331,232,0
392,710,0
21,683,0
99,222,0
309,322,0
448,893,0
77,856,0
202,530,1
136,829,0
564,659,0
550,783,1
118,816,1
94,775,0
155,251,0
156,548,1
448,647,0
504,0,0
464,893,1
388,773,0
224,647,0
44,612,0
98,824,1
113,712,1
86,642,1
205,81,0
309,298,0
132,473,0
366,335,0
443,769,1
565,270,0
466,844,0
15,826,0
417,298,0
48,243,0
178,690,0
50,639,0
499,911,1
448,482,0
302,561,1
297,327,0
145,1013,1
386,772,0
7,294,0
206,908,0
496,334,0
328,754,0
560,251,0
124,278,0
256,418,0
565,576,1
56,655,1
386,874,1
316,240,0
515,253,0
64,168,0
522,536,1
59,248,0
9,921,0
266,852,0
0,151,0
56,867,0
272,121,0
33,309,0
475,788,1
191,359,0
99,298,0
318,242,0
156,743,0
319,505,1
521,235,0
319,113,0
134,828,1
189,779,0
18,852,0
353,121,0
251,81,0
180,523,0
6,274,0
452,536,1
356,124,0
517,667,0
400,282,0
400,722,0
395,665,1
328,526,1
546,245,0
357,112,0
313,1086,1
398,512,1
219,283,0
392,224,0
263,859,0
373,537,1
99,524,0
7,285,0
158,362,0
73,271,0
204,835,0
9,547,0
276,855,1
380,240,0
4,874,0
379,11,0
49,849,0
444,771,1
313,1041,0
329,740,1
110,561,0
8,914,0
526,565,0
564,322,0
343,780,1
154,274,0
43,852,0
119,283,0
98,967,1
313,224,0
395,861,0
448,367,0
95,631,0
374,880,0
9,776,1
352,259,0
236,709,0
257,235,0
88,24,0
362,990,0
448,93,0
467,419,0
469,227,0
387,156,0
363,1034,0
515,666,1
300,155,0
443,475,1
46,231,0
32,674,1
126,637,0
110,529,0
233,255,0
362,1029,0
31,164,0
18,677,0
177,325,0
77,558,1
361,530,0
374,780,1
233,896,0
400,776,1
530,432,0
475,828,0
110,528,0
219,287,0
419,49,0
272,707,1
392,315,0
526,787,0
95,576,1
417,468,0
156,636,1
154,151,0
366,914,0
7,480,0
251,954,1
216,256,0
500,605,0
272,776,0
314,823,0
141,170,0
390,345,1
363,857,1
506,827,1
569,775,1
274,276,0
159,326,0
156,561,0
5,778,0
187,556,1
55,199,0
178,777,1
273,266,0
395,25,0
544,651,1
293,309,0
379,221,0
9,353,0
219,844,0
346,39,0
225,894,0
81,303,0
239,220,0
395,329,0
386,253,0
147,613,1
159,305,0
521,661,0
257,236,0
387,227,0
156,537,1
412,284,0
276,935,0
345,222,0
424,83,0
386,578,1
341,1120,1
319,520,1
104,394,0
247,40,0
101,659,0
412,229,0
472,279,0
9,947,0
432,714,0
357,820,0
177,340,0
93,712,0
241,657,1
522,145,1
363,967,1
521,926,0
49,776,0
106,913,0
425,547,1
339,627,1
319,227,0
21,271,0
297,34,0
48,836,0
128,746,0
361,494,1
72,531,1
159,969,0
258,310,0
517,777,1
266,175,0
251,930,0
296,903,0
6,774,0
510,9,0
421,132,0
43,274,0
272,12,0
64,771,1
566,823,0
18,738,0
461,286,0
311,233,0
387,100,0
167,107,0
468,57,0
297,326,0
154,251,0
178,676,0
323,77,0
303,432,0
526,839,0
509,17,0
187,78,1
456,266,0
261,599,1
267,745,0
386,292,0
467,892,0
137,51,0
1,642,1
18,358,0
110,683,0
341,1186,0
191,338,0
150,271,1
415,237,0
276,241,0
38,223,0
508,713,0
395,561,0
17,699,1
565,187,0
341,1092,0
37,349,0
60,250,0
478,313,1
7,234,0
126,565,0
101,273,0
503,737,1
336,261,0
36,346,0
154,207,0
32,531,1
19,55,0
455,322,0
229,897,1
186,787,1
303,1155,0
15,823,1
560,845,1
190,449,0
335,256,0
397,641,1
16,251,0
518,103,0
297,903,1
496,298,0
330,259,0
4,515,0
101,503,1
425,771,1
16,315,0
18,676,1
165,524,0
417,1009,0
18,649,1
467,660,0
436,259,0
173,1145,1
526,928,0
137,221,0
436,11,0
307,1199,0
457,287,0
54,875,0
417,1049,0
276,197,0
80,52,0
292,779,1
313,910,0
19,273,0
291,654,1
563,310,0
90,923,1
13,776,1
276,348,0
145,922,0
210,908,0
101,818,0
138,292,0
308,51,0
533,259,0
339,752,1
483,476,1
126,887,0
445,666,0
523,648,0
98,292,0
170,895,1
101,479,0
30,227,0
147,523,1
328,48,0
395,576,0
261,759,0
555,824,0
227,549,0
483,221,0
451,275,0
171,249,0
260,854,1
240,227,0
263,889,0
8,149,0
72,277,0
313,851,0
48,312,0
32,54,0
77,515,0
108,776,1
282,654,1
345,225,0
36,228,0
464,892,1
319,752,0
336,253,0
537,1112,0
341,332,0
1,574,0
449,321,0
483,233,0
524,151,0
524,511,1
126,757,0
132,565,0
448,274,0
52,532,1
564,582,1
522,202,0
276,233,0
267,773,1
159,960,0
166,480,0
101,843,0
503,265,0
110,270,0
13,271,0
31,196,0
27,776,1
241,242,0
138,334,0
323,482,0
36,776,0
32,370,0
412,839,0
308,787,1
432,799,0
81,329,0
436,928,0
309,788,0
422,0,0
179,229,0
412,837,1
319,255,1
328,262,0
31,558,0
390,331,0
169,532,0
433,498,0
427,72,0
56,645,0
477,609,1
276,1009,0
487,531,1
180,752,0
555,169,1
328,22,0
469,229,0
299,894,1
109,255,0
173,453,0
467,1149,0
119,791,1
559,303,0
313,773,1
132,663,1
245,237,0
247,941,0
120,915,0
518,293,0
181,779,0
51,366,0
303,440,0
361,875,0
209,482,1
555,959,0
183,313,0
178,699,1
173,967,0
67,912,1
361,237,0
368,271,0
25,233,0
43,569,1
219,516,1
292,570,1
341,1020,0
571,670,0
84,642,1
297,129,0
478,558,1
395,1033,0
201,581,1
313,760,0
377,659,1
524,133,0
227,354,0
81,249,0
183,852,0
535,650,1
444,645,1
394,824,0
149,272,0
339,890,0
446,843,0
101,313,0
92,319,1
511,476,1
77,668,1
292,279,0
183,615,0
50,778,0
84,773,0
81,48,0
412,152,1
138,771,1
436,502,1
198,392,0
480,894,1
187,151,0
412,472,0
180,782,0
332,819,0
442,119,0
158,1188,0
327,432,0
247,482,1
448,777,0
137,281,0
297,288,0
231,776,1
408,293,0
141,531,0
138,922,1
266,476,1
223,768,0
297,645,0
173,1156,0
172,911,0
425,632,0
8,646,1
568,300,0
0,531,1
395,567,0
114,233,0
23,625,0
93,653,0
213,311,1
59,505,0
95,552,0
267,513,1
185,252,0
417,904,0
549,223,0
56,155,1
201,197,0
357,185,0
371,896,1
439,870,0
573,172,1
544,242,0
23,564,0
11,250,0
104,0,0
353,54,0
533,565,1
266,129,0
13,334,0
339,885,0
159,867,0
22,120,0
56,177,0
251,1111,1
467,527,1
7,269,0
496,351,0
214,132,0
43,74,0
0,522,1
349,13,0
59,257,0
313,918,0
108,482,1
362,845,0
319,95,1
283,650,0
201,914,1
100,637,1
329,255,0
521,928,0
126,537,1
421,514,1
491,653,0
448,110,0
361,264,0
251,828,1
0,316,0
448,773,1
291,512,1
353,255,0
37,278,0
43,568,1
432,253,0
297,266,0
412,271,0
547,648,0
173,1065,0
266,854,0
137,609,0
276,510,1
329,862,0
178,691,0
467,777,0
389,928,0
368,769,0
159,711,1
531,768,0
563,735,1
373,502,1
1,402,0
9,315,0
165,479,1
559,314,0
104,382,0
417,928,0
571,255,0
250,0,0
7,220,0
113,249,0
386,193,0
243,583,0
316,659,0
571,273,0
449,954,0
524,237,0
259,895,1
320,225,0
4,569,0
501,224,0
56,307,1
91,655,0
165,631,0
107,779,0
97,462,0
467,1122,0
350,238,0
564,835,1
295,802,0
165,310,0
520,228,0
145,985,1
395,859,0
214,328,0
332,823,0
227,280,0
18,351,0
419,474,0
327,427,0
491,232,0
351,583,1
132,601,0
235,556,0
388,775,1
113,655,1
183,171,0
138,946,1
427,670,0
373,317,0
320,260,0
110,826,0
95,333,0
267,334,0
23,580,0
518,530,0
43,844,0
564,547,0
433,496,0
342,645,0
374,717,1
345,634,0
417,186,0
336,657,0
475,295,0
27,276,0
19,722,0
356,636,0
309,205,0
524,336,0
196,614,1
165,315,0
84,299,0
1,232,0
251,364,0
158,388,0
66,779,0
72,177,0
363,860,0
524,773,0
32,374,0
456,728,0
154,221,0
442,533,0
563,309,0
271,245,0
254,751,0
448,358,0
448,1095,0
54,728,0
132,664,0
8,834,0
95,222,0
456,844,1
91,210,0
137,241,0
343,12,0
362,413,0
155,665,0
43,554,0
428,572,1
521,521,1
213,220,0
413,256,0
561,255,0
272,576,0
150,334,0
1,1008,0
363,941,0
10,482,1
248,901,0
126,561,0
130,660,1
266,74,0
522,524,0
13,1028,0
222,259,0
328,271,0
447,242,0
430,610,1
519,476,1
243,57,0
362,561,0
314,824,0
446,256,0
379,558,0
7,865,0
120,862,0
128,689,0
362,768,0
310,768,0
13,941,0
209,652,1
138,825,0
517,642,0
104,468,0
60,196,0
154,516,1
156,672,1
158,1011,1
524,778,1
425,743,1
392,505,1
135,315,0
555,973,1
286,267,0
339,536,1
336,332,0
362,426,0
343,567,1
313,188,0
158,941,0
308,847,0
395,269,0
77,10,0
528,562,0
466,736,0
194,744,0
23,572,1
216,638,0
184,773,0
556,824,1
549,220,0
467,1111,0
66,775,1
207,667,1
260,843,1
202,492,1
1,515,1
60,652,1
518,156,0
0,511,0
387,576,1
99,640,1
125,234,0
56,768,0
45,427,0
263,843,0
426,900,0
309,559,0
428,169,0
555,383,0
389,378,0
452,526,1
302,175,0
341,358,0
473,251,0
251,1181,0
44,571,1
219,37,0
128,285,0
442,511,1
235,472,0
443,511,1
56,775,0
473,547,0
389,399,0
386,313,0
556,295,0
35,278,0
5,249,0
487,660,0
313,298,0
16,252,0
564,787,0
224,222,0
443,228,0
508,659,1
559,719,0
309,712,0
341,426,0
49,824,0
339,295,0
423,252,0
72,174,0
447,671,1
125,723,0
395,731,1
417,234,0
283,230,0
363,275,0
59,729,0
251,1089,1
271,257,0
173,1195,0
507,852,0
188,263,0
386,499,1
249,230,0
216,236,0
101,532,0
120,926,0
17,252,0
36,535,1
452,560,0
419,55,0
108,669,0
18,972,0
9,953,0
267,0,0
397,237,1
514,876,0
392,225,0
118,351,0
291,662,0
173,439,0
431,516,1
313,275,0
460,230,0
224,769,0
427,191,0
198,1039,1
201,778,0
303,921,0
514,879,0
272,866,0
18,177,0
446,688,0
101,235,0
313,953,0
126,862,0
110,713,0
522,530,0
130,671,0
475,231,0
436,295,0
222,668,0
249,780,0
563,260,0
157,191,0
573,148,0
544,257,0
436,830,0
343,774,1
467,921,0
571,233,0
77,632,0
130,256,0
159,785,1
331,237,0
261,777,1
108,707,1
445,636,0
126,709,0
209,251,0
483,510,0
510,829,0
243,783,1
467,996,0
510,126,0
571,678,0
95,967,0
297,333,0
8,865,1
311,635,0
386,944,0
503,663,0
205,47,0
349,54,0
154,775,0
365,179,0
436,15,0
535,315,1
138,670,0
161,820,0
169,751,0
398,282,1
558,612,0
398,646,1
46,42,0
387,495,1
571,256,0
526,1117,0
392,324,0
297,984,1
398,294,0
421,520,1
342,262,0
19,335,0
27,710,1
166,699,0
491,292,0
58,659,0
443,299,0
319,325,1
544,657,0
197,895,1
443,666,1
30,246,0
18,856,0
264,124,0
32,969,0
158,954,0
48,822,0
443,322,0
513,652,1
472,281,0
43,479,0
355,0,1
245,673,0
330,246,1
257,661,1
491,571,0
142,186,0
223,525,1
94,268,1
46,553,0
395,261,1
292,827,0
336,226,0
166,555,0
158,435,0
37,329,0
158,1203,0
272,198,0
230,1035,0
4,873,0
509,225,0
251,691,0
137,249,0
64,582,0
132,777,0
565,108,0
120,848,0
219,333,0
388,708,0
137,840,1
522,554,1
0,310,0
126,850,0
201,921,0
272,26,1
4,169,0
297,685,0
282,232,0
101,845,0
268,895,1
395,856,0
227,940,1
98,825,1
223,651,1
251,387,1
209,660,1
101,670,0
491,849,0
319,321,1
267,768,0
336,682,0
381,229,0
436,526,1
119,927,0
544,714,0
317,0,0
518,859,0
77,710,0
132,918,0
467,1124,0
132,974,0
385,310,1
224,770,0
36,174,1
555,482,1
514,830,0
522,663,0
297,305,0
444,654,1
448,464,0
328,39,0
489,716,0
81,719,0
120,768,0
379,291,0
336,264,0
477,473,0
50,780,0
171,857,0
91,235,0
64,709,1
8,241,0
261,558,0
249,277,0
18,250,0
183,221,0
427,567,0
565,633,0
143,532,1
166,677,1
389,328,0
511,727,0
185,262,0
432,776,1
483,244,0
365,315,0
18,312,0
158,1119,0
448,332,0
439,850,1
343,45,0
216,645,0
143,517,0
95,650,0
209,713,0
347,611,0
297,311,0
132,713,0
546,663,0
183,822,0
517,659,0
295,308,1
412,294,0
192,278,0
154,707,1
300,192,0
468,81,0
397,1037,0
425,54,0
319,670,1
138,328,0
292,577,1
249,236,0
371,258,0
361,777,0
467,472,0
517,778,0
365,498,1
329,504,1
346,577,1
266,846,0
421,502,1
467,114,0
60,709,0
36,641,0
159,547,0
274,260,0
261,249,1
201,515,1
226,353,0
81,837,1
81,729,0
271,769,0
339,837,0
315,880,1
166,254,0
36,816,1
32,547,0
139,907,0
234,328,0
169,171,0
36,708,0
257,237,0
64,770,0
353,733,0
267,531,1
503,472,0
491,233,0
432,1009,0
439,560,1
421,70,0
565,132,0
267,482,1
193,146,0
118,845,1
152,261,0
563,523,1
386,647,0
46,106,0
229,895,1
224,855,0
522,717,0
138,482,0
18,208,0
7,559,0
362,511,1
486,641,0
98,921,0
411,861,0
526,554,1
539,615,0
563,656,0
434,907,1
4,819,1
183,293,0
177,293,0
491,787,0
101,547,0
313,852,0
266,662,0
363,373,0
18,526,1
436,324,0
467,1029,0
113,881,1
544,270,0
276,321,0
511,496,1
526,559,0
68,801,1
18,494,1
68,775,1
522,709,1
398,755,0
155,275,0
503,785,0
563,859,0
378,346,0
149,669,0
417,1130,0
222,692,0
29,195,0
56,661,1
7,565,0
515,259,0
36,311,0
64,337,0
388,770,0
219,251,0
141,552,0
312,430,0
488,892,1
162,950,0
169,129,0
524,655,0
26,276,0
188,759,0
297,381,0
242,528,1
110,853,1
417,225,0
68,331,0
464,901,1
180,662,1
568,557,1
461,254,0
132,1,0
243,309,0
571,648,0
114,565,1
397,224,0
60,663,0
279,899,0
114,793,1
4,321,0
301,228,0
219,319,1
568,112,0
412,638,1
219,472,0
309,106,0
411,259,0
95,56,0
319,768,0
214,252,0
30,243,0
403,909,1
243,295,0
356,9,0
138,473,0
308,845,1
18,511,1
343,843,1
537,1150,1
156,708,0
357,894,1
411,285,0
209,472,1
370,641,1
159,815,1
452,211,0
343,284,0
318,642,0
132,899,1
329,761,0
297,239,0
476,819,1
308,179,0
336,768,0
93,570,1
333,905,0
567,124,0
397,777,0
397,560,1
539,317,0
9,328,0
427,317,1
427,481,0
180,134,0
386,680,0
362,422,0
156,611,0
491,284,0
59,645,0
401,513,1
483,152,0
95,536,0
180,504,1
92,750,1
251,834,1
341,900,1
397,929,0
43,778,0
317,100,0
563,582,1
287,495,1
468,556,0
448,906,1
43,319,0
37,279,0
310,777,0
49,847,1
155,682,0
235,178,0
110,822,0
236,583,1
480,134,0
158,1133,0
292,83,0
274,258,0
81,349,0
155,926,1
108,83,0
309,249,0
368,717,0
39,57,0
116,658,0
297,780,1
452,68,0
447,640,1
379,329,0
448,240,0
148,258,0
236,237,0
341,786,1
17,677,0
116,257,0
443,109,1
68,931,0
309,836,0
162,951,0
224,743,1
198,353,0
137,637,0
44,535,1
26,651,1
49,668,0
267,289,0
357,324,0
357,560,0
515,773,0
155,151,0
568,321,0
467,562,0
363,394,0
373,495,0
343,642,0
164,669,1
478,299,0
398,54,0
297,31,0
378,816,0
249,826,0
59,23,0
297,283,0
533,268,0
9,366,0
60,776,0
159,258,0
272,259,0
282,646,0
526,292,0
518,565,0
56,715,0
43,816,0
439,194,0
9,481,0
443,825,1
319,60,0
514,785,0
54,834,0
306,287,0
99,664,1
143,52,0
201,645,1
433,482,1
233,892,1
303,442,0
563,662,0
515,326,0
561,107,0
436,535,1
569,728,0
296,267,0
282,313,0
0,521,0
362,979,0
260,857,1
235,560,0
292,481,0
477,104,0
149,650,1
560,829,1
511,238,0
13,979,0
362,363,0
251,305,0
288,259,0
289,235,0
141,497,1
224,133,0
387,535,0
397,1031,0
166,770,0
451,662,0
250,107,0
101,753,0
519,482,0
535,642,1
568,654,1
299,133,0
201,220,0
436,279,0
466,834,0
65,299,0
132,322,0
555,904,0
522,637,1
227,567,0
329,311,0
425,846,0
99,258,0
94,262,0
263,668,0
81,650,0
517,656,0
330,646,0
165,512,1
223,18,0
397,1012,0
472,272,0
100,238,0
467,1116,0
313,654,1
487,222,0
414,482,0
487,637,1
347,200,1
36,129,0
110,150,0
477,536,1
251,1205,0
59,270,0
32,482,0
104,894,1
162,912,0
401,528,0
562,303,0
521,42,0
532,129,0
0,515,0
56,47,0
555,935,0
539,571,0
59,846,0
448,547,1
521,963,1
104,421,0
442,558,0
294,0,0
138,362,0
565,864,0
168,475,1
278,976,1
428,516,0
301,641,1
568,172,0
18,548,0
439,765,0
272,614,1
24,910,1
192,288,0
124,322,0
132,822,0
456,267,0
77,504,1
432,330,0
478,295,0
164,640,1
526,1176,0
424,250,1
515,270,0
453,712,0
469,232,0
336,237,0
467,479,0
272,565,0
297,652,1
509,152,0
223,731,1
517,241,0
519,572,1
467,1174,0
467,0,0
227,850,0
526,331,0
369,417,0
518,848,0
448,276,0
147,32,0
18,914,0
53,904,0
270,960,0
292,655,0
132,820,0
101,920,0
386,966,0
511,758,0
132,536,1
282,710,1
319,177,0
16,656,0
73,838,1
483,479,0
431,535,1
7,109,0
151,861,0
522,315,0
64,546,0
56,547,1
570,633,0
18,698,0
57,317,0
77,505,1
487,316,1
46,659,0
266,152,0
71,262,0
274,712,1
157,14,0
95,836,1
453,711,0
422,854,0
336,825,0
421,523,1
156,658,1
227,112,0
214,311,0
18,569,1
193,895,1
137,721,0
366,937,0
515,499,1
330,244,0
1,482,0
247,224,0
292,229,0
457,923,1
224,473,1
50,713,0
123,305,0
568,844,1
226,923,0
132,379,0
443,337,0
19,270,0
88,573,1
247,282,0
503,272,0
219,321,0
95,521,1
204,321,0
563,530,1
478,561,0
64,335,0
316,779,0
72,166,0
491,184,0
9,904,0
397,972,1
556,788,0
473,655,1
555,313,1
307,1134,1
292,574,1
392,751,1
51,983,0
156,786,1
339,935,0
231,771,1
555,316,0
295,755,0
507,746,0
72,266,0
483,633,0
8,224,0
368,255,0
339,839,1
18,168,0
43,262,0
176,709,1
328,714,0
91,240,0
251,634,0
49,503,0
313,913,0
227,572,0
304,220,0
322,816,0
101,525,1
187,227,0
19,654,1
299,251,0
251,550,0
469,234,0
515,504,1
36,819,1
524,325,0
314,829,0
81,829,0
368,726,0
77,211,0
124,629,0
564,671,0
313,218,0
390,819,1
278,959,0
56,856,0
563,818,0
214,815,1
476,348,0
108,254,0
328,668,0
247,816,0
359,830,0
276,230,0
146,110,0
154,829,0
249,722,0
392,252,0
362,976,0
473,532,1
475,651,1
159,962,0
297,38,0
126,482,0
92,495,1
362,838,1
313,1125,0
126,475,1
563,633,0
1,852,0
26,270,0
425,244,0
164,644,1
1,387,1
363,908,0
362,16,0
149,774,1
565,497,0
159,113,0
159,726,0
101,321,0
173,955,0
431,125,0
328,311,0
46,560,0
387,657,0
221,893,0
154,476,1
187,313,1
524,339,0
207,758,0
263,669,1
13,906,0
214,583,1
460,168,0
249,815,0
520,238,0
373,295,0
292,267,0
457,279,0
535,47,0
309,821,0
7,500,0
397,297,0
207,777,1
1,379,0
434,895,1
209,863,0
243,610,1
361,785,1
26,285,0
126,312,0
106,421,0
267,869,0
559,221,1
500,625,0
162,928,0
507,295,0
267,533,1
141,110,0
19,643,0
313,822,0
555,761,1
93,257,0
511,70,0
254,784,0
219,311,0
483,310,0
390,326,0
553,691,0
32,978,1
195,560,0
84,272,0
398,567,0
524,249,0
488,911,1
223,482,1
143,479,0
412,633,0
483,515,0
198,371,1
426,473,0
515,847,1
188,821,1
487,95,1
386,834,0
93,20,0
362,921,0
329,151,0
68,711,0
1,639,1
56,643,0
95,927,0
209,707,0
84,768,0
544,768,0
207,848,0
557,906,0
526,152,1
411,840,1
431,561,1
178,251,0
559,310,0
526,330,0
101,636,0
571,665,0
342,712,1
297,222,0
92,259,0
419,552,0
84,231,0
411,249,0
59,722,1
392,480,0
509,315,0
166,473,1
562,327,0
297,291,0
379,334,0
351,632,0
567,101,0
114,789,0
398,500,0
329,744,0
467,657,0
171,671,0
156,820,0
1,255,0
155,836,0
19,3,0
361,321,0
71,265,0
398,667,0
44,168,0
533,655,0
92,650,1
307,352,0
565,563,0
124,657,1
273,535,1
526,1085,0
500,560,0
403,899,1
247,547,0
521,564,0
559,49,0
379,921,0
72,310,0
60,519,0
257,710,1
339,642,1
313,779,0
166,127,0
564,517,0
47,119,0
163,255,0
8,475,0
292,773,0
319,566,0
313,126,0
223,569,0
285,154,0
357,558,0
219,871,1
521,855,0
573,162,0
443,660,1
9,855,1
78,133,0
191,961,0
113,859,0
219,759,1
346,133,1
468,553,0
67,909,0
395,554,0
307,900,1
313,892,1
395,107,0
188,708,0
565,148,0
245,647,0
399,312,0
410,73,0
44,59,0
128,289,0
434,265,0
227,635,1
526,548,0
420,419,0
398,855,0
313,1020,0
473,570,1
48,609,0
78,896,1
563,757,0
165,221,0
380,669,0
526,721,0
297,1010,1
443,823,1
478,853,0
159,743,0
178,839,1
403,907,1
341,1013,1
449,375,0
426,906,1
43,283,1
113,530,1
439,10,0
368,858,0
184,686,0
51,975,1
110,169,0
187,666,0
468,512,1
448,640,1
56,57,0
110,848,0
379,773,0
18,154,1
95,712,0
313,49,0
207,655,0
461,779,0
15,1021,1
191,358,0
72,547,0
460,156,0
569,773,0
91,234,0
475,843,0
291,112,0
48,201,0
398,650,1
320,255,0
132,568,1
339,849,0
496,821,0
373,551,0
463,256,0
524,187,0
511,677,1
303,356,0
1,837,1
84,286,0
432,850,0
138,337,0
247,355,0
51,331,0
18,530,1
361,513,1
159,782,1
101,561,1
167,20,0
116,651,0
557,898,1
150,326,0
490,248,0
183,496,1
263,690,0
559,255,0
242,908,0
132,265,0
158,403,0
363,974,1
219,565,1
563,856,0
128,656,1
169,235,0
447,675,0
347,354,0
547,224,0
227,520,0
36,684,1
157,568,1
279,907,0
526,923,0
292,841,0
104,962,0
484,576,1
19,235,0
46,654,0
188,709,0
560,707,0
388,660,1
564,523,0
379,293,0
380,779,1
569,650,1
73,732,0
137,716,0
483,481,0
240,236,0
7,580,1
73,279,0
43,708,0
92,278,0
368,221,0
329,522,1
158,965,1
417,709,0
180,663,0
205,495,1
435,522,1
397,349,0
412,279,1
439,822,1
207,231,0
304,633,0
4,679,1
230,1017,0
9,710,0
341,965,0
101,312,0
448,769,1
59,836,0
169,270,0
328,9,0
433,223,0
60,265,0
198,918,0
483,205,0
395,951,0
19,311,0
526,773,0
1,924,0
0,572,0
49,537,0
16,578,1
94,254,0
81,925,0
526,917,0
223,277,0
56,511,1
132,775,0
529,55,0
19,660,1
328,820,0
218,259,0
379,776,0
559,251,0
347,612,1
307,18,0
138,921,1
18,578,1
559,560,1
249,50,0
425,686,1
339,275,0
379,738,0
313,523,1
156,815,0
59,857,0
95,324,0
391,711,0
84,645,0
11,913,0
517,668,0
266,534,1
101,244,0
18,609,0
380,643,1
55,500,1
180,560,0
357,162,0
99,299,0
116,642,0
523,651,1
180,863,0
461,270,0
507,709,0
417,954,0
247,502,1
456,775,1
425,532,0
467,1170,0
339,852,1
387,845,1
251,242,0
4,632,0
260,787,0
272,4,0
207,851,1
499,427,0
361,249,0
243,530,1
81,233,0
9,242,0
292,272,0
354,270,0
52,0,0
401,146,0
339,680,0
32,646,1
180,884,0
339,229,0
94,773,0
189,258,0
522,672,0
4,249,0
392,278,0
433,708,0
251,71,0
487,52,0
478,46,1
110,244,0
380,709,1
291,0,0
433,274,0
137,242,0
436,904,0
23,631,0
356,671,0
467,833,0
526,651,1
329,840,0
102,9,0
565,183,0
409,249,1
120,375,0
243,638,0
475,851,1
491,113,0
15,1022,0
7,518,0
291,655,1
448,260,0
398,524,1
0,561,0
314,820,0
292,650,0
395,274,0
292,299,0
32,826,0
487,223,0
114,818,1
84,684,0
397,223,0
247,533,1
35,282,0
432,946,0
150,890,1
445,253,0
404,647,0
564,569,1
276,337,0
155,723,0
108,253,0
7,843,0
251,963,0
526,777,1
373,316,1
36,211,0
120,390,0
341,377,0
357,714,0
64,291,0
379,472,0
241,654,1
431,204,0
436,566,0
171,739,0
147,537,1
8,15,0
559,249,0
541,482,0
229,262,0
432,838,1
455,938,0
162,903,0
555,535,1
114,665,1
344,716,0
32,1022,1
206,253,0
211,257,0
243,237,0
257,245,0
132,512,1
411,665,1
417,527,1
535,535,1
120,993,0
491,255,0
227,779,0
292,851,0
130,776,0
219,252,0
431,220,0
412,101,0
565,13,0
185,839,1
425,768,1
36,707,0
135,126,0
95,582,0
140,650,1
247,537,1
132,567,0
373,861,0
219,928,0
555,927,0
149,675,0
339,782,1
501,314,0
36,920,1
13,946,0
205,502,1
515,760,0
392,637,1
11,911,1
329,513,1
35,322,0
183,298,0
158,1175,0
154,608,1
169,659,0
503,684,0
4,839,0
113,565,0
225,251,0
341,344,0
138,184,0
43,881,0
209,276,0
165,476,1
189,674,0
120,292,0
515,292,0
31,631,0
126,661,0
468,227,0
126,58,0
521,829,1
251,404,0
568,316,1
489,774,0
124,335,0
243,326,0
556,799,0
137,825,0
148,104,0
223,501,1
223,293,0
75,567,0
328,567,0
223,611,1
19,249,0
559,779,0
521,101,1
180,743,0
361,101,0
398,315,0
478,266,0
292,295,0
430,557,0
309,938,0
234,828,0
313,759,0
542,252,0
496,302,0
285,178,0
337,53,0
72,633,0
174,77,0
162,821,0
313,546,0
352,671,0
132,267,0
392,559,0
251,328,0
508,674,0
392,785,1
395,482,0
95,614,0
138,225,0
366,307,0
173,961,0
361,305,0
300,567,1
209,480,1
107,776,1
313,297,0
77,671,0
214,770,0
533,769,1
54,859,0
544,779,1
13,1037,0
357,750,1
276,923,0
395,712,0
491,502,1
100,821,0
361,315,0
72,732,0
227,157,0
448,251,0
524,505,1
21,647,0
526,1027,0
309,568,0
453,840,0
59,834,0
276,225,0
443,282,0
339,248,1
251,847,1
431,511,1
565,243,1
524,257,0
121,667,1
417,577,1
81,49,0
425,312,0
49,40,0
108,481,1
278,1015,0
271,768,0
273,505,1
246,822,0
475,560,0
95,778,0
401,101,0
473,670,0
568,257,1
536,184,0
36,662,1
166,772,0
5,707,0
300,561,0
64,271,0
132,474,0
77,778,0
4,311,0
126,869,0
365,502,0
521,1031,0
526,1182,0
521,638,1
13,949,0
386,82,0
503,220,0
343,117,0
401,521,0
387,480,1
467,473,1
357,515,1
181,838,0
77,513,1
361,732,1
18,186,0
56,303,0
392,311,0
214,708,0
157,535,1
251,909,1
460,12,0
118,275,0
154,845,1
285,573,0
142,210,0
82,505,1
48,474,0
223,243,0
7,228,0
387,713,0
563,186,0
328,321,0
417,1172,0
491,667,0
555,767,1
249,665,0
209,39,0
11,511,1
222,751,0
448,355,0
323,913,0
108,566,1
556,938,0
419,47,0
436,516,0
446,676,0
541,178,0
235,119,0
543,98,0
524,518,1
303,924,1
397,899,0
59,724,0
162,954,0
388,772,1
9,128,0
417,535,1
198,1169,0
93,552,0
21,691,0
89,645,0
303,1161,0
492,816,1
470,712,0
93,192,0
460,565,0
309,258,0
227,50,0
339,241,0
209,174,0
309,263,0
72,473,0
222,758,0
272,641,1
416,3,0
180,713,0
395,614,1
128,765,1
511,648,0
93,549,1
443,923,1
332,813,0
137,227,0
292,227,0
461,283,0
487,564,1
313,699,0
565,476,0
526,450,0
223,553,0
138,495,1
313,649,1
328,162,0
521,150,0
564,333,0
503,334,0
389,421,0
222,662,0
64,473,0
7,482,0
23,559,1
72,836,0
344,734,1
524,514,0
56,102,0
276,770,0
468,168,0
4,274,0
489,714,0
336,256,0
445,246,0
322,822,0
336,649,1
379,288,1
124,550,0
417,1050,0
125,251,0
507,275,0
395,549,0
249,515,0
123,303,0
250,44,0
110,583,1
32,331,0
447,639,0
2,826,0
397,536,1
262,498,1
101,927,0
565,10,0
116,662,0
417,1159,0
467,1184,0
188,743,0
94,235,0
37,778,0
526,855,0
171,777,0
126,267,0
387,220,0
511,309,1
58,653,1
55,495,0
400,768,0
274,756,0
155,299,0
272,65,0
84,192,0
339,523,1
161,787,0
99,862,0
243,631,0
155,228,0
521,273,1
346,559,0
101,763,0
370,655,0
313,131,0
503,290,0
178,285,0
93,654,1
212,513,1
379,316,0
158,922,0
503,723,1
173,898,0
289,231,0
104,324,0
243,1018,1
198,926,0
500,185,0
8,583,0
346,630,0
272,272,0
59,610,0
158,1108,0
159,127,1
251,1200,0
509,480,0
417,1040,0
23,504,0
535,160,0
514,321,0
469,233,0
392,916,0
68,275,0
33,223,0
29,256,0
36,249,0
240,241,0
524,337,0
251,840,1
109,272,1
555,656,0
132,758,1
362,379,0
44,556,0
57,318,1
127,558,0
21,276,0
261,229,0
180,178,0
560,849,0
386,505,1
249,505,0
390,926,0
276,293,0
331,672,0
200,576,1
327,442,0
530,418,0
447,278,1
262,499,1
279,472,0
455,828,0
174,265,0
81,654,1
104,1202,0
18,360,0
164,826,0
526,909,0
224,648,0
473,497,0
541,534,0
529,132,0
224,249,0
180,495,1
363,892,1
92,635,0
238,786,1
100,234,0
439,114,0
348,846,1
433,758,0
35,824,0
13,300,0
352,672,1
126,593,0
198,1146,0
467,516,1
251,326,0
421,516,0
110,655,0
162,970,0
562,323,0
77,225,0
573,548,1
88,168,0
568,819,1
328,547,0
95,817,1
219,503,0
92,12,0
59,503,1
303,893,0
314,830,0
484,215,0
366,822,0
310,279,0
517,662,0
311,221,0
192,321,0
183,629,0
511,660,0
116,661,1
113,279,0
508,825,0
366,823,0
521,609,0
0,607,0
309,857,0
124,515,0
310,710,1
168,110,0
475,311,1
524,838,1
378,859,0
554,223,0
49,170,0
395,562,1
274,721,0
81,890,0
522,472,0
116,252,0
526,443,0
75,608,1
29,674,0
524,654,1
9,180,0
26,230,1
431,319,0
4,522,0
336,641,1
187,482,0
425,235,0
433,500,0
433,311,0
155,128,0
35,287,0
255,653,0
411,253,0
171,727,1
266,84,0
32,258,1
361,819,0
395,733,0
395,656,0
425,533,1
342,708,1
362,851,0
343,0,0
363,984,0
101,996,0
267,476,1
292,323,0
29,837,0
389,350,0
88,118,0
19,529,0
443,562,1
477,101,0
77,777,1
49,722,1
303,895,1
19,258,0
274,255,0
417,245,0
555,194,0
349,50,0
436,953,0
354,716,0
191,322,0
171,666,0
89,852,0
395,934,0
266,284,0
156,315,0
541,238,0
118,827,0
277,893,1
282,733,1
432,255,0
132,951,0
362,119,0
138,316,1
1,324,0
169,221,0
374,857,1
467,225,0
49,238,0
563,500,1
120,383,0
341,391,0
92,822,0
499,426,0
435,257,0
491,588,1
381,237,0
113,228,0
558,608,1
568,658,0
388,644,0
361,938,0
180,156,0
564,103,0
268,412,0
352,230,0
550,872,0
289,652,1
329,645,0
1,610,1
60,244,0
13,853,0
25,267,0
554,28,0
247,229,0
50,750,1
338,897,1
180,817,0
515,856,0
526,914,0
7,780,1
491,771,0
541,653,1
467,1151,0
541,48,0
167,502,0
390,921,0
8,844,1
274,267,1
449,916,0
227,338,1
524,56,0
84,315,0
29,579,1
173,972,1
297,257,0
141,162,0
155,324,0
164,678,0
475,775,1
60,615,0
29,608,1
84,664,0
267,720,0
393,269,0
157,198,0
81,223,0
64,565,0
555,854,0
64,648,0
292,727,0
29,636,1
412,245,0
461,256,0
162,342,0
518,825,0
84,277,0
251,1044,0
132,938,0
565,528,0
270,321,0
6,773,0
180,865,1
156,286,0
362,581,0
267,278,0
309,828,0
390,914,0
201,118,0
521,942,1
16,230,0
155,322,0
317,170,0
506,855,0
427,679,1
13,349,0
452,163,0
511,259,0
150,799,0
36,653,1
4,310,0
94,768,0
91,257,0
468,582,1
65,890,0
171,769,0
138,17,0
401,512,1
189,780,1
460,190,0
59,275,0
54,298,0
451,670,0
119,916,1
132,405,0
72,34,1
467,652,0
194,117,0
309,324,0
309,124,0
328,295,0
166,546,0
162,956,0
64,116,0
274,245,0
467,671,0
431,529,0
88,143,0
274,762,1
29,675,1
353,773,0
120,275,0
262,530,0
526,309,0
98,819,0
234,787,1
526,222,0
556,331,0
411,257,0
13,900,1
216,774,0
173,1030,0
341,415,0
417,1122,0
21,238,0
177,358,0
403,896,1
379,836,1
32,906,0
219,504,1
288,707,0
342,751,0
190,419,0
155,176,0
45,412,0
276,768,0
198,1201,0
266,840,0
58,642,0
364,913,1
473,630,1
209,565,1
420,892,0
183,119,0
180,531,1
492,820,1
75,578,1
130,240,0
99,101,0
425,668,1
519,193,1
476,938,0
298,644,0
526,318,0
230,355,0
386,565,0
155,859,0
341,384,0
101,562,1
254,785,1
251,843,0
297,352,0
472,780,0
29,287,0
95,325,0
356,230,0
304,311,0
32,666,1
120,903,0
95,510,1
546,652,0
209,134,0
511,860,0
97,434,0
123,928,0
113,853,0
234,852,1
77,244,0
412,632,0
247,298,0
342,247,0
25,663,1
388,768,0
395,760,0
7,227,0
137,711,0
363,838,1
287,897,0
436,918,0
155,512,1
335,243,0
379,714,0
353,575,1
155,921,1
222,249,0
356,69,0
77,115,0
358,902,1
7,520,0
157,19,0
531,843,0
436,650,0
295,292,0
313,311,0
167,526,0
467,928,0
363,979,0
73,864,0
93,252,0
163,418,0
46,529,1
539,309,0
234,856,1
573,614,1
448,673,1
1,184,1
202,95,0
37,273,0
94,647,0
297,713,0
409,905,1
373,101,0
180,41,0
57,568,1
73,718,0
356,771,1
478,279,0
297,775,1
417,567,1
519,528,1
219,359,0
417,1127,1
325,326,0
156,639,1
19,520,1
467,612,0
503,193,0
235,553,1
32,339,0
345,653,0
565,822,1
147,500,1
475,228,0
104,928,0
421,158,0
363,907,0
188,715,0
573,529,1
559,664,0
91,264,0
158,1141,1
569,672,1
313,504,1
373,640,1
369,260,0
35,827,0
472,661,0
59,242,0
362,394,0
307,907,0
343,55,0
433,234,0
339,714,0
25,707,1
72,567,0
224,839,0
526,821,1
8,482,0
378,297,1
331,234,0
180,651,0
448,1105,0
145,918,0
243,634,0
150,275,0
330,674,1
177,800,0
224,282,1
332,830,0
428,569,1
342,771,1
346,521,1
19,293,0
227,512,1
48,249,0
295,872,0
519,206,0
362,101,0
116,655,1
386,614,0
223,225,0
21,638,1
198,0,0
421,39,0
13,336,0
417,1045,0
120,828,0
371,253,0
243,662,0
104,975,1
183,726,0
233,265,0
389,1021,1
143,93,0
286,249,0
295,789,0
392,260,0
78,262,0
347,349,0
273,566,0
180,558,0
313,83,0
4,631,0
183,531,0
309,561,1
18,8,0
60,245,0
518,615,0
82,547,0
297,638,1
104,1092,1
388,776,0
359,326,0
77,650,1
5,644,1
525,734,0
555,634,0
122,583,1
466,859,0
91,567,0
184,752,0
515,767,0
475,647,1
425,505,1
174,269,0
195,583,0
392,141,0
276,973,1
7,0,0
43,305,0
1,546,0
447,692,1
72,566,0
29,852,0
472,718,1
503,631,0
132,709,1
219,139,0
493,60,0
357,1034,0
515,256,0
164,646,1
573,312,0
341,453,1
411,292,0
313,43,0
98,297,0
460,124,0
173,1193,0
32,1034,0
353,739,0
449,928,0
194,758,0
180,640,1
555,76,0
43,279,0
88,533,1
482,828,1
118,332,0
493,46,0
291,197,0
186,818,1
526,193,0
247,319,0
511,244,1
243,963,0
307,905,0
453,713,0
395,914,0
184,712,0
183,836,0
568,251,1
131,769,0
276,709,1
526,522,1
412,853,0
23,129,0
222,760,0
469,244,0
154,295,0
339,774,1
442,536,1
439,852,0
398,728,0
436,631,0
1,822,0
243,132,0
303,900,1
352,260,0
472,277,0
11,505,1
266,562,0
268,254,0
174,895,1
491,774,0
26,711,1
303,419,0
564,336,0
154,839,1
230,964,1
88,480,0
468,660,1
467,1063,0
439,179,0
254,273,0
417,612,0
347,535,1
187,633,0
556,839,0
5,239,0
36,270,0
276,880,0
48,828,0
483,577,1
230,0,1
81,529,1
398,253,0
48,840,1
0,622,0
391,713,0
363,782,1
73,724,0
180,151,0
564,653,1
373,226,0
430,568,0
388,262,0
397,474,1
159,776,1
81,143,0
113,771,1
313,418,0
329,266,0
19,274,0
249,787,0
362,823,0
526,532,0
319,634,0
563,779,0
201,282,0
36,565,0
64,776,0
417,939,0
95,733,0
399,41,0
392,631,0
533,233,0
431,29,0
379,323,0
36,352,0
526,440,0
156,480,0
389,331,0
172,905,0
541,266,0
1,637,1
297,613,0
315,853,0
36,558,0
104,1039,0
272,708,0
272,775,1
49,646,0
328,552,1
197,909,0
9,374,0
2,821,1
525,719,0
287,520,0
491,779,0
425,267,0
215,29,0
36,632,0
56,771,1
8,645,0
55,481,1
261,737,0
214,222,0
64,328,0
41,267,0
448,837,1
219,566,0
177,782,1
503,135,0
563,81,0
555,356,0
236,513,1
176,257,0
341,419,0
526,498,0
222,669,0
323,254,0
395,994,0
309,316,0
380,256,0
568,1030,0
526,896,0
243,268,0
342,646,1
15,328,0
159,549,0
73,292,0
177,1034,0
491,280,0
524,770,0
417,583,1
149,816,1
81,103,0
132,482,0
95,775,1
36,297,0
513,774,0
563,784,0
48,226,0
488,904,1
531,769,0
508,819,1
251,21,0
555,197,0
524,560,1
443,29,1
154,640,0
249,656,0
513,640,1
313,363,0
357,518,1
216,648,1
556,334,0
541,615,0
207,708,0
232,903,0
192,826,0
54,284,1
460,150,0
13,348,0
392,820,0
213,319,0
556,713,0
560,807,1
414,136,0
59,777,0
487,319,0
154,475,0
379,479,0
395,944,0
503,657,0
68,824,1
110,524,1
564,323,0
227,309,0
417,1145,0
122,612,1
81,874,0
13,357,0
11,260,1
270,338,1
390,352,0
212,908,0
504,97,0
380,276,0
169,815,0
418,897,1
99,656,1
81,326,0
499,436,1
387,614,0
158,359,0
219,632,0
171,670,0
255,651,1
272,133,0
345,662,1
291,314,0
194,7,0
467,1043,0
118,297,0
262,253,0
18,278,0
293,315,0
393,260,1
137,209,0
207,666,0
556,272,0
194,864,0
202,59,0
159,279,0
13,1013,1
559,777,0
184,770,0
313,198,0
388,267,0
207,838,1
219,707,0
387,292,0
368,848,0
362,171,0
511,324,0
48,649,1
209,272,0
64,253,1
90,823,1
468,191,0
563,505,1
110,516,1
261,713,0
461,276,0
8,281,0
310,662,0
154,642,0
9,249,0
518,128,0
32,1033,0
466,846,0
64,125,0
521,344,1
417,1168,0
526,1009,1
282,225,0
401,59,0
18,259,0
568,550,1
46,558,0
309,920,0
185,680,1
291,643,0
201,297,0
524,570,1
281,268,1
93,475,0
243,495,1
266,283,0
29,609,1
91,227,0
202,608,1
120,400,0
1,667,0
8,640,0
448,573,1
413,642,1
113,868,0
412,735,0
13,1024,1
515,777,0
357,41,0
503,938,0
384,644,0
209,47,0
343,127,1
339,769,0
518,526,0
56,847,1
299,898,0
373,654,1
316,661,0
368,712,1
60,229,0
174,259,0
13,972,0
266,668,0
19,860,1
124,294,0
273,631,0
398,560,0
266,861,0
147,61,0
316,769,0
113,532,1
1,948,0
147,530,1
303,896,1
356,838,1
310,274,0
263,273,0
389,435,0
417,432,0
384,646,1
569,740,0
76,0,0
276,881,1
132,519,0
373,709,0
467,860,0
101,365,0
317,28,0
101,757,0
492,819,1
362,579,1
518,676,0
329,312,0
25,658,1
342,249,0
417,256,0
475,331,0
509,571,1
132,534,0
432,816,0
334,913,1
95,669,0
274,270,0
243,139,0
304,560,0
95,351,0
503,295,0
555,256,0
452,634,0
564,0,0
353,649,1
344,731,0
187,653,1
155,768,0
389,967,1
1,537,0
338,904,0
392,838,1
126,860,0
113,887,1
123,782,1
404,251,0
503,27,1
373,280,0
227,194,0
533,713,1
357,338,1
476,798,0
99,227,0
4,785,1
417,656,1
202,474,1
81,821,1
72,317,0
508,252,0
64,1030,0
5,242,0
266,552,0
113,519,1
119,794,1
44,609,1
468,562,0
456,253,0
373,770,0
214,667,0
377,688,1
276,555,0
395,931,0
101,756,0
165,656,0
150,829,1
198,1108,0
21,769,0
227,299,0
464,256,0
449,952,0
449,914,1
56,568,1
362,729,1
457,788,0
515,772,1
546,240,0
457,280,0
398,537,1
43,293,0
539,561,0
251,758,0
8,959,0
339,859,0
137,472,0
13,909,0
247,637,0
467,864,0
46,574,1
223,473,1
378,333,0
247,317,0
361,270,0
436,937,0
16,235,0
535,256,0
19,847,0
555,354,0
443,533,1
7,652,1
226,329,0
241,645,0
183,860,0
191,950,0
155,298,0
522,80,0
432,336,0
328,578,1
101,297,0
490,645,1
526,1109,1
247,914,0
186,916,0
319,526,1
563,820,0
151,764,0
309,852,0
88,14,1
171,848,1
357,730,0
166,0,0
272,43,0
100,780,0
362,956,0
110,264,0
379,559,0
188,853,0
398,657,0
433,270,0
297,651,0
29,742,1
313,955,0
143,28,1
515,671,0
300,574,0
439,559,0
272,884,0
526,299,0
442,126,0
205,632,0
436,284,0
274,778,1
89,661,0
328,666,0
328,842,0
357,980,1
328,268,0
343,710,1
452,159,0
425,570,1
568,108,0
473,141,0
313,534,0
292,230,0
95,726,0
1,650,0
526,1160,0
380,748,1
155,315,0
432,717,1
253,75,0
235,82,0
526,649,1
361,16,1
104,1009,0
110,717,0
164,661,0
0,629,0
255,244,0
138,711,1
535,230,0
339,713,0
59,246,0
524,636,0
309,535,0
236,708,0
114,294,0
27,282,0
84,316,0
194,766,0
50,264,0
227,914,0
387,853,0
52,522,1
156,838,1
68,278,1
173,962,0
104,936,0
569,240,0
313,948,0
518,110,0
315,777,0
120,357,0
119,928,0
397,311,1
343,651,1
368,850,0
436,575,1
447,282,0
155,959,1
343,643,1
4,476,0
0,309,0
318,228,0
391,744,0
446,774,0
473,651,0
343,274,0
387,708,1
433,653,1
274,265,0
318,653,1
554,312,0
346,473,1
2,822,0
188,724,0
514,5,0
36,860,0
341,935,0
171,278,0
276,712,0
563,642,1
155,11,0
565,780,0
165,522,1
126,634,0
511,233,0
421,474,1
141,535,0
1,272,0
171,663,1
319,856,1
307,1187,0
147,105,0
159,566,0
35,712,0
319,257,1
158,365,0
219,220,0
330,708,0
336,322,0
1,663,1
120,709,0
534,608,1
98,823,0
150,281,0
400,710,0
150,872,0
177,1038,0
362,191,0
503,294,0
180,691,0
154,261,0
158,399,1
84,475,0
378,757,0
336,653,1
346,568,1
15,355,0
276,914,0
184,680,1
524,867,1
165,561,1
455,363,0
241,223,0
449,388,0
270,1024,1
481,85,1
247,631,0
9,657,0
59,472,0
64,574,1
60,161,0
556,823,0
513,258,0
409,480,1
276,530,1
397,829,1
535,312,0
535,612,1
297,872,0
307,1119,0
564,642,0
99,721,1
89,230,0
361,479,0
272,237,0
353,505,1
531,718,0
188,640,1
94,258,1
101,645,0
417,482,1
556,828,0
130,771,1
13,830,1
204,322,0
216,711,1
555,962,0
64,537,0
32,784,0
541,654,0
402,895,1
350,562,0
113,474,1
473,504,1
113,569,0
564,837,0
357,0,0
377,242,0
315,779,1
568,503,1
417,569,1
262,503,1
344,847,1
393,897,0
210,904,0
320,233,0
571,223,1
240,233,0
328,553,0
282,653,0
111,561,0
319,253,1
379,274,0
373,476,1
113,505,1
254,282,0
475,830,0
443,650,1
309,773,0
491,640,0
524,719,0
119,898,1
347,321,0
392,539,0
280,561,1
186,864,1
226,997,0
32,6,0
219,644,1
274,668,0
106,413,0
51,905,0
500,190,0
241,649,1
141,530,1
313,1009,0
202,535,1
77,773,0
49,529,1
362,567,0
240,235,0
292,603,0
468,198,0
392,216,0
416,20,0
126,528,1
271,260,0
553,267,0
273,135,0
353,315,0
51,931,0
189,274,0
468,608,1
415,234,0
110,682,0
194,836,1
255,240,0
526,405,0
36,302,0
392,325,0
31,189,0
335,244,0
329,119,0
145,349,0
137,699,0
185,243,0
267,671,0
326,18,0
245,224,0
266,269,1
155,560,0
238,877,1
339,658,0
325,332,0
359,328,0
555,496,1
473,11,0
50,717,0
48,749,0
362,631,0
566,822,1
339,336,0
357,1018,1
448,851,0
305,281,1
357,311,0
175,32,0
6,277,0
393,259,0
6,757,0
155,334,0
113,305,0
568,548,1
526,966,1
389,914,0
279,251,0
508,823,1
195,582,0
156,474,1
380,664,1
491,777,0
189,709,1
436,892,0
141,522,1
19,266,0
93,565,0
313,964,0
556,672,0
72,232,0
126,554,0
249,632,0
449,893,0
487,562,1
307,1201,0
357,30,0
417,672,0
555,510,1
389,941,0
243,582,1
373,211,0
521,330,0
483,530,1
101,711,0
437,139,0
487,220,0
523,272,1
141,520,0
159,63,0
518,521,0
392,511,0
1,565,0
242,522,0
507,756,0
499,258,0
227,295,0
555,631,0
487,769,0
361,234,0
491,101,0
468,576,1
1,352,0
222,252,0
223,273,0
95,782,1
4,356,0
541,169,0
297,567,0
46,153,0
56,312,0
521,1021,1
26,650,1
313,777,0
247,929,1
104,1133,0
417,649,1
143,562,0
387,298,0
249,107,0
276,746,0
297,260,0
564,848,0
491,672,0
132,572,0
475,822,0
346,474,0
443,675,1
362,578,0
143,574,1
272,255,0
227,632,0
37,731,0
126,56,0
19,221,0
503,661,0
511,515,1
201,771,1
336,285,0
66,251,0
347,513,1
173,418,0
487,101,0
205,74,0
159,642,0
452,220,0
223,567,0
370,667,0
526,303,0
476,825,0
521,825,0
123,927,0
84,564,0
242,906,1
165,309,1
487,144,0
247,42,0
187,118,0
515,774,0
524,569,0
339,699,0
21,280,0
398,316,0
205,101,0
81,828,0
64,356,0
81,51,0
59,551,0
316,245,0
180,843,0
155,513,1
8,657,1
563,862,0
357,675,0
449,1036,0
71,863,1
395,633,0
467,426,0
251,1203,0
303,967,1
452,482,0
478,816,0
468,665,1
341,1043,1
1,937,0
273,265,0
556,677,1
15,975,1
573,227,0
125,249,0
1,935,0
291,318,0
98,826,0
335,646,1
491,5,0
539,227,0
92,686,0
166,230,0
4,851,1
449,920,0
469,649,1
4,226,0
347,520,1
230,1011,1
32,163,0
515,316,0
354,730,1
417,1028,1
274,666,1
120,273,1
273,664,1
205,225,0
198,897,0
395,552,0
467,1179,0
535,536,1
411,642,1
125,220,0
344,746,1
559,0,1
341,434,0
230,334,0
273,771,1
399,61,0
94,261,0
526,661,1
37,343,1
477,577,1
510,133,0
309,800,1
247,710,0
386,355,0
36,979,0
219,827,1
303,909,0
363,323,0
59,224,0
556,329,0
95,829,0
214,494,1
169,252,0
565,609,0
36,709,0
519,511,1
101,113,0
556,711,0
391,852,0
64,963,0
391,889,0
307,1040,1
270,821,0
395,256,0
573,573,1
436,947,0
251,354,0
331,669,0
233,256,0
467,978,0
124,631,1
262,502,0
527,826,0
70,790,0
101,323,0
548,822,1
124,635,0
295,834,0
292,558,0
319,221,0
183,849,0
145,938,0
412,732,0
56,554,0
467,1040,0
125,569,1
110,650,1
292,330,0
436,547,0
504,16,0
499,912,0
373,128,0
515,241,0
329,550,0
561,268,0
72,787,1
157,49,0
201,210,0
353,707,1
251,480,0
15,1035,0
205,482,0
346,171,0
329,682,1
166,667,0
554,147,0
397,478,0
301,239,0
356,863,0
510,827,0
319,267,0
251,655,1
526,1093,1
243,730,0
9,356,0
491,475,0
49,819,0
126,668,0
13,335,0
104,913,0
397,534,1
560,738,1
113,634,0
555,202,1
194,14,0
25,251,0
17,651,1
49,0,0
99,242,0
509,576,1
544,646,0
81,519,0
162,382,0
526,767,0
183,242,0
363,406,0
165,533,1
226,930,0
343,858,0
357,953,0
119,988,0
230,1018,1
101,895,1
292,522,1
563,151,0
243,633,0
81,257,0
187,315,1
119,1010,1
8,220,0
251,1099,1
332,785,1
114,669,0
147,608,0
305,254,0
410,77,0
521,358,0
556,660,1
564,634,0
443,473,1
473,77,0
560,339,0
120,1033,0
353,160,0
515,756,0
108,20,0
68,939,0
205,72,1
64,956,0
292,126,0
555,57,1
342,774,1
266,205,0
19,165,0
236,312,0
107,710,0
118,276,0
159,475,1
266,688,0
46,479,0
433,152,0
223,840,1
313,577,1
395,1012,0
158,1159,0
84,339,0
16,569,0
291,119,0
219,749,0
155,863,0
207,258,0
353,16,0
137,9,0
92,631,0
72,529,1
56,233,0
503,97,0
563,123,0
56,688,0
467,1166,0
565,145,0
524,772,1
101,495,1
536,615,0
251,352,0
114,260,0
59,221,0
467,1127,0
289,650,1
398,194,0
173,1113,0
389,916,0
486,642,0
120,437,0
1,278,0
519,634,1
374,728,1
511,770,0
213,203,0
135,227,0
362,1025,0
395,360,0
565,815,0
553,670,0
360,896,1
463,768,1
43,780,0
482,817,1
81,285,0
81,502,1
325,278,0
448,211,0
277,908,0
209,221,0
436,357,0
262,896,0
412,768,0
137,224,0
249,578,1
114,73,1
561,266,0
319,22,0
236,683,0
48,576,1
363,824,0
8,321,0
159,558,1
247,272,0
104,916,0
421,537,1
225,911,0
331,643,1
27,821,0
13,1023,0
7,868,0
159,334,0
398,655,1
562,861,0
19,326,0
303,892,1
475,558,0
339,221,0
95,258,0
397,663,1
44,110,0
188,256,0
357,703,0
165,173,1
18,229,0
55,559,1
183,507,0
351,582,1
555,908,0
417,771,1
555,271,0
126,315,0
155,845,0
165,633,1
398,302,0
568,648,0
201,572,1
436,894,1
223,788,1
94,652,1
449,400,0
158,833,0
297,319,0
209,177,0
521,862,0
300,317,0
243,332,0
318,641,1
329,518,1
267,548,1
18,313,0
64,505,1
341,418,0
377,259,0
135,817,1
555,633,1
491,218,0
519,196,0
104,364,0
521,662,0
7,254,0
114,651,1
519,219,0
525,51,0
23,184,0
132,496,0
257,679,0
428,504,1
491,230,0
149,783,1
11,537,1
243,200,0
449,895,1
128,738,1
357,274,0
18,265,0
276,194,0
120,324,0
291,235,0
521,575,0
267,567,0
212,255,0
101,851,0
309,24,0
448,250,0
339,730,0
329,774,0
377,645,1
43,889,0
317,127,0
266,528,0
64,841,0
138,533,1
95,640,1
251,833,1
475,659,1
473,259,0
320,220,0
273,511,1
565,166,0
357,712,0
72,516,0
537,1164,1
223,251,0
261,278,0
313,537,1
92,658,1
397,635,0
541,669,0
9,251,0
140,668,0
12,773,1
124,733,1
59,720,0
72,480,0
412,639,1
303,832,0
173,373,0
467,837,0
521,351,1
201,286,0
247,720,0
65,856,0
155,732,0
297,336,0
19,101,0
486,650,1
155,819,1
573,569,1
339,280,0
93,708,0
362,995,0
266,493,0
120,1036,0
536,632,0
56,779,0
249,821,1
19,332,1
555,701,0
18,692,0
568,969,1
214,476,1
54,867,0
467,711,0
405,233,0
442,548,0
102,25,0
214,228,0
461,274,0
391,844,0
164,824,0
356,238,0
566,819,1
346,553,1
478,232,0
436,123,0
95,662,1
251,48,0
377,663,1
395,843,1
273,550,0
110,222,0
513,707,0
379,313,0
75,615,0
166,178,0
447,706,0
196,631,0
508,787,1
354,752,0
397,851,1
92,560,0
425,834,0
31,615,0
405,220,0
223,226,0
48,564,0
18,830,0
181,273,0
339,323,0
386,785,0
379,211,0
339,15,0
417,461,0
271,230,0
362,205,0
511,482,0
162,298,0
243,330,0
387,199,0
511,652,1
113,226,0
121,656,0
32,713,0
341,466,0
181,712,0
23,542,0
151,865,0
249,324,0
448,9,0
196,559,1
357,787,1
1,834,0
46,564,0
392,851,0
64,107,0
469,573,1
100,671,1
514,870,0
307,1185,0
56,227,0
297,387,1
223,574,0
169,728,1
318,233,0
395,516,1
82,550,0
370,649,1
57,631,0
380,699,1
478,564,0
48,258,0
173,923,0
223,298,0
286,896,1
546,658,0
158,393,0
499,413,0
467,1072,0
60,672,0
303,941,0
183,787,0
433,559,0
371,256,0
255,660,1
36,714,0
272,268,0
537,1122,1
506,863,0
169,233,0
9,185,0
71,714,0
48,523,1
320,663,0
46,502,1
362,324,0
64,313,0
95,776,0
395,537,1
251,412,0
392,336,0
226,1010,1
91,319,0
201,46,0
386,696,0
303,919,0
60,511,0
397,250,0
99,642,0
521,756,1
124,778,0
224,579,1
348,852,0
475,510,1
327,435,0
81,226,0
9,877,1
162,782,1
251,432,0
159,777,0
178,288,1
59,312,0
120,348,0
14,735,0
356,860,0
58,656,0
145,927,0
411,778,0
521,633,0
507,722,0
59,657,0
243,550,0
149,280,0
361,203,0
114,837,1
362,646,0
353,658,1
201,55,0
443,636,1
338,903,0
109,778,0
59,650,1
292,561,0
36,321,0
51,920,0
231,735,1
27,722,0
159,107,0
467,632,0
276,10,0
99,560,1
84,672,0
243,260,0
313,1119,1
159,657,0
449,832,1
397,295,0
562,350,0
488,896,1
519,577,1
156,275,0
154,335,1
400,715,0
178,706,0
417,1016,1
392,532,0
72,182,0
356,328,0
541,4,0
329,661,0
305,267,1
476,928,0
180,304,0
227,938,0
223,271,0
356,843,1
95,281,0
362,924,0
309,639,1
267,645,0
204,278,0
467,1068,0
356,505,1
219,480,1
448,329,0
60,718,1
432,819,0
1,564,0
110,643,1
290,225,0
508,658,1
362,855,0
352,235,0
491,663,1
99,661,0
467,929,0
263,707,1
211,135,0
346,4,1
32,898,1
535,578,1
329,759,1
173,1084,1
50,714,0
468,668,0
286,262,0
456,779,0
563,753,1
166,581,1
568,280,0
361,720,0
60,638,0
530,427,0
81,879,0
353,661,1
548,815,0
67,911,1
433,41,0
275,828,0
259,250,1
173,904,0
362,234,0
373,959,0
187,125,0
137,714,0
86,222,0
361,546,0
374,874,0
225,256,0
68,940,0
177,306,0
392,650,0
379,736,0
171,259,0
443,570,1
386,47,0
58,234,0
511,312,0
386,243,0
227,645,0
44,553,0
61,819,0
69,259,0
395,935,0
251,1136,0
212,259,0
476,935,0
555,239,0
113,524,1
32,636,0
413,234,0
443,820,1
282,223,0
95,503,0
43,245,0
350,614,0
132,163,0
333,896,1
339,640,1
198,357,0
154,524,0
51,961,0
304,315,0
473,565,1
354,740,0
448,421,1
16,771,1
158,445,0
307,947,0
266,774,0
341,363,0
165,231,0
397,853,0
214,640,0
158,1100,1
266,653,0
507,257,0
110,861,0
357,892,1
49,861,1
137,265,0
491,505,1
230,1026,1
535,659,0
159,352,0
180,329,1
436,300,0
463,254,0
568,719,1
374,719,0
287,253,1
71,267,0
59,169,0
88,501,1
77,250,0
323,912,1
297,171,0
206,913,0
401,472,0
72,475,1
145,327,0
413,656,0
417,833,0
202,632,0
51,911,0
1,995,1
54,713,0
161,828,0
243,312,0
276,777,1
468,564,0
313,531,1
386,822,1
386,651,1
442,521,1
124,828,0
49,857,0
514,836,0
398,761,1
194,827,0
77,221,0
436,292,0
154,526,1
266,582,1
278,916,1
81,231,0
276,570,1
141,553,0
391,835,0
565,537,0
27,777,0
114,836,0
164,771,0
263,885,0
448,312,0
427,562,0
297,395,0
276,286,1
442,565,0
166,553,1
362,409,0
409,893,1
100,787,1
386,106,0
257,776,0
0,548,0
57,311,0
389,958,0
359,279,0
318,649,1
234,821,1
573,514,1
309,929,0
363,1024,1
173,1151,1
348,712,0
292,474,0
251,10,0
522,771,1
374,865,0
23,579,0
223,780,1
539,572,1
18,333,0
368,655,1
110,872,1
387,775,1
150,821,0
72,255,0
524,294,0
541,237,0
173,1077,0
293,230,0
214,781,1
448,324,0
49,779,0
10,131,0
365,495,0
71,771,1
39,4,0
84,31,0
515,536,1
311,234,0
23,15,0
159,915,0
555,659,1
32,548,0
222,712,1
313,751,1
169,529,1
169,101,0
476,923,0
555,231,0
25,253,0
518,776,1
164,240,0
507,844,0
379,348,0
448,362,0
559,725,0
276,501,0
114,230,0
524,278,0
187,635,1
433,271,0
563,250,0
249,100,0
267,677,1
104,1152,0
71,266,0
226,935,0
329,482,0
151,755,0
245,232,0
204,764,0
386,930,0
571,709,1
155,770,0
443,656,1
470,777,0
514,737,0
262,124,0
428,537,1
559,504,1
124,283,0
330,668,0
478,583,1
448,331,0
307,405,0
201,344,1
412,194,0
564,303,0
267,577,1
449,366,0
511,645,1
392,568,1
480,251,0
65,846,0
37,271,0
455,937,0
503,268,0
496,922,0
315,770,0
372,312,0
314,42,0
456,768,0
169,131,0
365,561,0
359,713,1
165,235,0
138,30,0
113,119,0
499,430,0
217,714,0
346,48,0
270,829,1
251,760,0
482,786,0
393,892,0
146,125,0
390,918,0
568,118,0
487,640,1
533,564,1
159,329,0
51,403,0
177,343,0
236,482,1
137,258,0
113,611,1
496,820,1
166,669,1
169,852,1
272,179,0
92,235,0
555,282,0
522,712,0
507,759,0
379,335,0
521,326,0
11,254,0
204,820,1
390,823,1
84,660,0
268,252,0
251,1193,0
209,837,1
299,128,1
110,321,0
99,293,0
189,272,0
224,846,0
336,231,0
251,786,1
243,789,0
223,535,1
523,652,1
554,311,0
18,227,0
142,172,0
110,658,0
508,284,1
169,202,0
511,697,0
293,316,0
422,786,1
353,239,0
226,322,0
316,250,0
361,502,1
318,226,0
158,900,1
169,495,1
509,133,0
347,575,1
61,822,0
214,501,0
434,903,1
514,861,0
58,645,0
227,787,1
426,894,1
362,77,0
219,153,0
472,847,0
132,77,0
468,35,0
267,118,0
553,655,0
363,274,0
243,843,0
439,8,0
210,909,0
251,275,0
121,253,0
57,565,0
521,0,0
267,854,0
352,239,0
84,332,0
192,778,0
343,548,0
209,569,1
25,637,1
292,547,1
1,474,0
526,496,1
469,650,1
539,320,0
88,163,0
178,655,1
158,1163,0
433,17,0
13,850,0
528,553,1
214,655,1
526,906,0
511,58,0
108,633,1
357,234,0
213,204,0
223,785,0
556,339,0
36,884,0
155,672,0
156,727,1
316,239,0
330,656,1
541,480,1
113,316,0
55,536,1
50,738,0
555,733,1
96,230,0
51,367,0
343,481,0
19,638,0
247,656,0
524,845,1
120,865,0
154,287,0
267,654,1
116,255,0
55,557,0
478,649,1
511,712,0
154,226,0
137,66,0
37,724,0
64,1024,1
573,537,1
433,771,1
353,561,0
313,1129,0
171,640,0
191,926,0
530,434,0
37,330,0
235,477,0
446,682,0
442,114,0
9,295,0
20,243,0
375,904,1
487,177,1
404,241,0
307,1126,0
261,675,1
392,863,0
16,774,0
379,267,1
158,1059,0
177,941,0
276,710,1
427,674,0
202,111,0
412,474,1
515,191,0
417,929,0
36,670,0
503,115,0
276,295,0
343,534,1
154,574,0
448,223,0
185,638,1
32,615,0
193,897,1
183,634,0
508,778,0
36,1014,0
113,891,0
209,845,1
251,650,1
309,647,0
349,9,0
251,98,0
421,170,0
362,344,0
58,637,0
249,566,0
180,701,0
356,609,1
180,890,0
478,235,0
453,779,0
243,788,0
467,1121,0
223,637,0
392,309,0
261,756,0
81,474,1
313,696,1
417,230,0
313,450,0
478,861,0
466,861,0
1,337,0
180,236,0
373,636,0
135,20,0
209,643,0
329,750,1
560,785,1
487,615,0
465,171,0
436,929,0
559,305,0
409,253,0
522,512,1
448,388,0
328,517,1
225,896,1
467,568,1
347,916,0
522,546,0
564,255,0
387,262,0
48,319,0
247,853,0
104,1040,0
9,358,0
92,742,1
263,835,0
201,295,0
94,236,0
84,521,0
169,253,0
460,25,0
147,53,0
156,723,0
390,346,1
386,847,0
26,768,0
114,500,1
445,667,1
362,503,1
308,119,0
180,294,0
409,909,1
59,779,0
569,241,0
432,929,0
339,473,0
392,230,0
478,714,1
238,783,1
497,250,0
60,221,0
348,834,0
511,479,0
345,651,1
473,575,1
48,279,0
491,666,1
254,280,0
515,266,0
472,734,1
257,771,0
26,780,1
267,853,1
533,707,0
114,221,0
478,785,1
395,778,1
51,332,0
9,641,0
554,564,0
461,675,0
236,475,1
319,323,1
555,558,0
159,511,1
4,55,0
247,772,0
29,738,1
511,865,0
442,482,0
314,10,0
25,656,1
445,251,0
99,119,0
318,563,0
339,659,0
572,316,0
156,157,0
373,338,0
227,650,0
560,824,0
94,270,0
198,1205,0
72,843,0
51,783,1
547,663,0
286,124,0
344,850,1
46,501,0
526,83,0
180,481,0
49,481,1
57,225,0
154,138,0
467,1088,1
32,774,1
19,668,1
336,223,0
499,256,0
214,710,1
341,1132,0
266,194,0
374,879,0
292,713,0
343,839,1
201,855,1
81,334,0
171,282,0
521,360,0
13,286,0
158,373,0
425,112,0
132,228,0
378,851,0
19,573,1
467,849,0
138,668,0
521,25,1
121,258,1
27,652,0
6,278,0
39,6,0
308,827,1
398,245,0
503,632,1
10,84,0
154,239,0
202,101,0
475,156,0
432,801,0
81,823,0
291,151,0
168,481,1
343,549,0
99,4,0
125,259,0
13,967,0
524,476,1
142,198,0
373,300,0
1,336,0
568,320,1
559,682,0
401,480,0
205,624,1
403,367,0
1,222,0
23,560,0
547,234,0
325,265,0
368,316,0
0,500,0
392,74,0
449,389,1
565,279,0
526,1185,0
289,255,0
475,820,0
251,193,0
422,857,0
313,824,0
353,770,0
251,327,0
173,393,0
32,851,1
392,865,0
159,824,0
110,553,0
36,281,0
443,787,1
386,914,0
156,567,0
328,851,0
313,938,0
427,614,1
343,482,0
81,141,0
164,643,0
358,415,1
171,711,0
162,943,0
361,707,0
397,776,0
279,267,1
204,837,1
107,662,0
49,817,1
99,778,0
565,121,0
504,25,1
518,151,0
336,667,0
238,821,0
564,578,1
65,864,0
524,582,1
427,228,0
460,562,0
183,660,0
436,843,0
149,680,1
273,196,0
77,204,0
491,659,0
126,505,1
571,768,0
110,300,0
526,311,0
343,864,0
154,725,0
230,1033,1
467,964,0
329,850,0
180,127,0
555,251,0
353,262,0
10,111,0
266,313,0
417,131,1
289,221,0
518,871,0
444,663,1
150,294,0
361,228,0
99,190,0
522,494,1
345,633,0
114,656,1
198,1190,0
224,221,0
7,125,0
303,1023,1
120,394,0
180,243,0
556,293,0
154,219,1
37,742,1
414,14,1
389,418,0
362,566,0
491,231,0
21,775,1
177,959,0
59,549,0
181,847,0
384,247,0
9,1029,0
483,503,1
401,194,0
315,267,0
526,567,0
66,661,0
417,1139,0
275,826,0
276,282,0
336,817,1
236,238,0
158,903,0
526,469,0
198,440,0
72,548,0
379,294,0
379,285,0
319,55,0
569,778,1
138,562,0
101,520,0
362,770,0
388,648,0
521,712,0
267,666,0
563,858,0
155,645,0
313,1108,0
243,473,1
4,575,1
417,918,0
242,898,1
519,203,0
22,0,1
524,504,1
392,639,0
522,481,1
267,226,0
487,495,1
318,239,0
411,664,1
263,663,1
309,918,0
526,730,1
59,640,0
559,631,0
125,269,0
94,227,0
460,579,1
387,656,0
417,512,1
425,481,1
397,775,0
169,256,0
297,1017,0
114,228,0
1,151,0
198,467,0
97,437,0
563,194,0
319,650,1
84,820,0
564,770,0
155,482,0
395,557,0
337,0,0
398,849,1
106,903,1
169,273,1
51,950,0
398,768,0
380,714,1
362,630,0
266,113,0
7,529,0
508,670,1
449,335,0
158,1202,0
162,1037,0
1,714,0
177,323,0
128,224,0
36,235,0
309,267,0
386,976,0
1,370,0
374,773,0
169,265,0
370,653,1
161,794,0
395,522,1
343,75,0
503,504,0
292,837,0
357,612,1
515,230,0
249,4,0
223,578,0
386,270,0
471,234,0
12,707,1
550,279,0
227,651,1
295,871,0
566,826,0
222,673,0
427,494,1
556,294,0
559,686,0
313,1151,0
29,238,0
207,671,0
391,754,0
511,119,0
475,678,0
150,792,1
46,597,1
433,45,0
47,127,1
402,894,1
568,477,1
517,267,0
484,567,1
541,249,0
417,324,1
386,674,0
257,714,0
564,666,0
198,906,0
398,530,1
475,846,0
68,935,0
291,646,0
1,260,0
436,510,1
386,124,0
27,707,1
386,536,1
201,519,0
84,643,0
56,733,0
18,769,0
205,78,0
84,295,0
297,714,0
154,771,1
130,267,1
273,644,0
13,713,0
510,17,0
77,709,0
364,908,0
188,644,1
4,657,0
180,614,0
184,265,0
530,905,0
118,278,0
453,776,0
306,274,0
224,476,1
229,264,1
247,615,0
36,278,0
427,529,0
216,732,0
123,823,0
155,237,0
559,476,0
526,926,0
132,280,0
209,319,0
18,101,0
180,742,0
128,245,0
48,472,0
353,23,0
72,759,0
417,531,1
524,310,0
180,255,0
395,635,0
417,252,0
362,56,0
32,293,0
101,860,0
282,224,0
88,132,0
84,18,0
417,834,0
329,220,0
201,322,0
503,335,0
63,236,0
165,560,1
249,43,0
13,905,0
436,514,1
18,560,0
183,619,0
363,390,0
4,640,0
64,971,1
388,658,1
224,502,1
122,566,0
243,923,0
390,923,0
559,649,1
373,528,1
421,13,1
180,292,0
46,576,1
8,570,1
276,780,1
395,339,0
467,1158,0
306,778,1
108,552,1
267,826,0
230,357,0
448,537,1
328,874,0
147,480,1
130,258,1
205,529,0
345,681,0
524,751,0
157,475,1
388,268,0
503,823,0
211,893,0
187,636,1
37,822,0
106,908,0
554,33,0
553,252,0
361,774,0
436,289,0
104,1019,0
503,946,0
351,571,1
412,43,1
6,273,0
234,331,0
247,711,1
19,533,0
260,862,1
111,632,0
392,837,0
116,708,1
126,228,0
541,49,0
432,363,0
171,655,0
198,418,0
508,643,1
342,834,0
477,475,1
19,714,1
150,330,0
514,874,0
89,224,0
448,1016,0
191,330,0
59,647,0
526,851,0
191,962,0
432,277,0
120,947,0
46,519,1
223,332,0
169,329,0
1,911,0
219,335,0
477,537,1
251,1163,0
436,475,1
564,533,0
8,163,0
113,230,0
509,129,0
555,843,0
452,316,0
467,289,0
94,774,0
17,680,0
1,548,1
339,533,1
19,561,0
398,313,0
138,293,0
267,260,0
424,113,0
292,714,0
20,240,0
525,844,0
555,254,0
395,515,1
110,774,0
109,274,0
365,511,1
17,260,0
10,897,1
397,548,1
395,472,1
366,921,0
32,355,0
29,666,1
262,898,1
89,772,0
301,226,0
427,661,0
219,521,0
43,276,0
92,266,0
51,785,1
379,569,1
373,561,1
108,268,0
120,1037,0
503,278,0
1,904,0
5,666,1
283,659,1
84,855,1
528,551,0
297,273,0
504,72,0
303,1183,0
442,101,0
315,275,0
150,817,1
323,893,0
511,474,1
511,686,0
553,686,1
36,857,0
339,926,0
43,101,0
565,827,0
573,223,0
413,230,0
419,526,1
382,268,0
386,503,0
99,850,1
271,251,0
272,252,0
400,773,0
313,417,0
64,250,0
397,177,1
173,16,1
556,649,1
169,121,0
173,1025,0
25,315,0
51,929,0
43,294,0
395,298,0
236,684,0
114,714,0
571,669,0
280,577,1
460,496,1
478,19,0
108,13,0
537,1045,0
165,220,0
157,227,0
165,668,1
392,328,0
460,245,0
521,523,1
72,786,0
511,526,1
500,173,0
524,287,0
155,155,0
19,650,1
526,240,0
491,644,0
522,225,0
57,564,0
361,527,1
224,664,1
56,278,0
155,481,0
59,254,0
353,532,0
386,700,0
417,502,1
101,528,0
521,350,0
154,499,1
478,311,0
186,356,0
313,392,0
77,670,0
491,537,1
315,774,0
362,203,0
154,677,1
243,548,0
243,639,0
517,652,1
484,225,0
8,527,1
193,893,0
243,1024,0
385,318,1
249,31,0
198,921,0
328,635,0
463,710,1
448,553,1
78,257,0
546,664,1
443,715,1
177,270,0
517,242,0
118,337,0
263,771,1
178,275,0
521,510,1
353,485,0
467,953,0
171,714,0
432,348,0
483,231,0
254,271,0
95,826,0
405,313,0
7,860,0
431,228,0
6,270,0
523,655,0
189,771,1
398,311,0
7,151,0
511,673,0
194,789,0
556,271,0
344,711,1
35,782,1
49,259,0
153,220,0
243,259,0
395,313,1
521,669,0
176,294,0
563,738,1
339,700,1
415,226,0
466,838,0
257,639,1
309,280,0
357,13,0
329,548,0
398,225,0
154,321,0
81,710,0
309,839,0
467,856,0
88,151,0
432,712,0
319,836,0
226,1017,0
401,517,0
18,645,0
125,780,1
425,662,0
563,242,0
310,714,0
276,711,0
329,252,0
155,500,0
95,822,1
0,481,0
432,270,0
14,857,1
443,256,0
77,532,1
568,990,0
109,275,0
491,857,0
216,250,1
417,439,1
518,712,1
201,528,0
36,284,0
180,659,1
336,709,0
243,168,0
180,479,0
92,273,0
56,234,0
143,512,1
436,713,0
353,576,1
460,244,0
397,505,1
443,852,1
249,664,0
72,316,0
565,635,0
132,1027,1
320,674,1
154,768,1
460,501,0
541,311,0
101,908,0
6,778,0
1,985,0
227,312,0
443,221,0
230,326,0
565,221,0
435,903,0
476,827,1
92,308,0
395,666,0
531,254,0
272,283,0
104,462,1
382,262,0
36,885,0
48,300,0
19,322,0
251,554,0
448,363,0
467,926,0
119,848,1
128,708,1
137,548,0
272,670,1
467,474,0
451,780,0
443,300,0
173,960,0
341,1130,0
33,310,0
511,639,0
476,328,0
397,650,1
32,325,0
564,853,0
392,229,0
336,680,0
427,480,1
71,776,1
341,928,1
559,311,0
92,513,0
50,777,0
156,256,0
452,547,0
81,196,1
251,1175,0
224,851,0
166,634,0
92,726,0
276,784,1
4,935,0
187,23,0
302,196,0
138,785,1
386,226,0
421,88,0
26,671,0
72,514,1
19,229,0
491,524,0
313,933,0
310,746,1
292,329,0
521,255,0
177,964,1
223,221,0
9,821,0
120,389,0
452,476,0
448,325,0
363,383,0
23,577,0
443,278,1
432,773,0
279,258,0
515,357,0
247,740,0
313,911,0
568,266,1
179,220,0
365,569,0
325,325,1
332,806,0
56,15,0
504,101,0
116,768,0
113,298,0
336,789,0
141,309,0
374,822,1
503,297,0
436,909,1
302,582,1
116,664,1
534,179,0
329,713,1
172,894,1
104,977,0
165,194,0
186,290,0
565,222,0
468,243,0
124,535,0
266,683,0
154,273,0
475,149,0
110,757,0
260,791,0
411,254,0
309,826,0
4,224,0
463,904,0
202,234,0
81,931,0
517,650,1
313,1123,0
110,252,0
219,173,0
412,654,0
266,642,0
263,872,1
92,785,0
98,977,1
453,854,0
267,284,0
534,631,0
329,12,0
473,635,0
241,650,1
356,309,0
29,776,1
32,499,0
391,867,0
43,631,0
37,323,0
32,319,0
313,854,0
373,661,0
390,821,0
474,227,0
387,177,0
480,254,0
477,149,0
245,230,0
15,827,0
132,298,0
362,293,0
141,6,0
369,259,0
150,284,0
46,35,0
183,714,0
475,671,0
81,102,0
356,546,1
124,655,1
432,331,0
373,250,0
81,230,0
219,228,0
204,324,0
273,635,0
144,225,0
84,666,0
223,173,0
69,906,1
150,305,0
77,693,1
123,327,0
292,762,0
555,1020,0
158,908,0
9,321,0
467,151,0
433,724,0
397,274,0
242,251,0
164,267,0
297,106,0
560,776,1
522,642,0
143,612,1
155,712,1
387,777,1
257,249,0
93,642,0
173,358,1
101,771,1
343,256,0
386,252,0
267,253,0
291,319,0
443,708,1
449,953,0
392,918,0
11,912,0
270,334,0
159,194,0
223,708,0
4,161,0
150,304,0
380,740,1
361,254,0
467,234,0
567,128,1
392,338,0
154,777,0
361,326,0
470,280,0
165,54,0
132,903,0
101,260,0
251,274,0
251,385,0
147,528,0
224,652,1
486,649,1
174,256,0
120,364,0
8,251,1
467,844,0
263,691,0
147,472,1
353,521,1
511,502,1
468,476,1
18,848,0
478,337,0
141,562,0
403,900,1
524,666,1
56,277,0
16,657,1
436,1,0
389,422,0
266,691,0
104,339,0
243,864,0
332,321,0
197,708,0
132,511,1
4,577,0
539,567,0
336,778,1
159,646,0
163,265,0
106,431,0
65,820,0
563,609,0
397,785,1
198,952,0
373,941,0
60,522,1
132,928,0
478,220,0
202,312,0
125,270,0
276,237,0
442,51,0
205,315,0
484,311,0
122,565,0
254,277,0
432,951,0
8,479,0
235,614,1
8,775,1
379,101,0
550,298,0
468,528,0
184,716,0
31,630,1
180,201,0
77,280,0
513,651,1
169,581,1
467,468,1
343,852,1
528,556,0
151,723,0
159,231,0
472,253,0
101,648,0
95,482,1
159,273,0
32,843,0
526,365,0
564,299,0
392,843,0
433,636,0
59,228,0
322,786,1
214,773,0
84,137,0
565,553,0
267,815,0
291,528,0
124,135,1
230,946,0
154,240,0
496,972,1
193,138,0
496,916,0
114,170,0
1,998,0
18,126,0
329,848,1
303,831,0
13,354,0
357,532,0
564,504,1
18,226,0
433,112,0
389,402,0
296,895,1
36,312,0
91,670,0
373,530,1
331,770,0
37,838,0
154,570,1
524,311,0
111,583,1
478,0,0
266,640,0
18,710,0
292,815,0
32,862,0
473,557,0
99,310,0
496,781,0
27,655,0
141,212,0
84,252,0
64,198,1
27,768,0
343,838,1
89,708,0
207,276,0
227,347,1
503,559,0
431,223,0
475,773,0
95,531,1
219,568,0
55,61,0
483,222,0
141,632,0
311,222,0
43,238,0
491,527,0
387,297,0
32,691,0
60,169,0
370,661,0
154,655,0
319,135,0
445,652,1
412,777,0
329,551,0
366,332,0
201,644,1
138,1028,1
266,280,0
108,632,1
555,658,0
9,768,0
475,55,0
124,530,0
526,1127,1
303,1197,0
309,926,0
427,192,0
8,710,1
58,641,0
72,862,0
261,736,0
483,567,0
8,712,1
200,562,0
443,770,0
532,536,1
507,752,1
472,254,0
548,787,1
267,294,0
213,162,0
522,774,1
408,326,0
150,789,1
463,262,0
210,258,1
46,522,1
315,858,0
417,1113,0
137,205,0
169,283,0
224,233,0
37,816,1
398,480,0
257,244,0
49,681,1
166,657,1
159,964,0
77,580,1
530,908,0
251,332,0
368,815,0
339,115,0
497,893,1
258,319,0
19,294,0
304,569,1
183,773,0
91,651,1
8,977,1
101,658,0
26,645,0
165,565,0
563,479,1
126,532,0
555,644,0
508,269,0
113,221,0
1,376,0
573,632,1
511,252,0
64,1010,1
157,522,1
357,1021,1
4,319,0
518,568,1
81,851,0
395,512,1
379,922,0
21,682,1
135,52,0
166,221,0
555,649,1
507,267,0
171,287,1
560,817,1
192,333,0
397,893,0
243,921,0
260,828,0
21,267,0
365,612,0
309,533,1
119,826,0
346,135,0
455,918,0
553,662,1
18,256,0
30,233,0
425,169,0
555,906,0
236,707,0
511,721,0
468,201,0
560,731,0
313,294,0
467,412,0
555,106,0
90,941,0
15,946,0
300,560,1
313,475,0
535,200,1
294,578,1
569,717,0
461,851,1
21,768,0
475,237,0
368,664,0
387,230,1
68,337,0
165,225,0
436,938,0
532,510,1
526,1193,0
110,501,1
443,549,0
207,770,0
417,355,0
310,670,1
417,937,0
392,495,1
132,935,0
292,223,0
503,320,0
267,332,0
59,664,1
19,194,0
185,774,0
518,652,1
341,1112,0
339,245,0
187,107,0
297,672,0
541,561,1
154,106,0
526,468,1
515,151,0
124,516,1
108,659,0
412,242,0
150,283,0
491,658,0
507,738,0
276,111,0
242,258,0
476,921,0
109,824,1
114,828,0
449,905,0
412,710,1
110,788,0
46,235,0
172,436,0
154,774,1
285,564,0
93,101,0
223,577,0
240,239,0
110,674,1
489,733,0
320,253,0
51,954,0
68,919,0
515,355,0
298,258,0
236,558,0
370,637,1
456,852,1
341,356,0
572,315,0
297,577,1
267,292,0
412,317,0
36,846,0
219,322,0
183,817,0
436,670,0
72,520,0
241,636,1
470,273,0
48,558,0
562,845,1
7,856,1
119,345,0
207,650,0
412,118,0
260,219,0
1,865,1
56,772,0
417,1114,0
101,94,0
266,267,0
44,151,0
25,266,0
282,665,0
7,239,0
475,316,0
559,288,0
114,654,1
128,244,0
188,277,0
362,609,1
59,238,0
84,552,0
25,226,0
266,529,0
243,193,0
235,479,0
266,647,0
297,380,0
508,664,0
167,499,0
308,231,1
421,528,0
339,777,1
150,871,1
7,232,0
523,636,1
328,503,1
180,879,0
328,283,0
154,503,1
9,257,0
89,221,0
565,134,0
156,135,0
565,580,0
373,513,1
7,633,0
313,473,1
563,562,0
80,0,0
58,249,0
116,769,0
249,331,0
562,333,0
503,329,0
328,176,0
445,677,0
422,848,0
496,915,0
26,282,0
1,823,0
1,862,0
174,419,0
95,277,0
164,768,0
126,727,0
496,969,1
446,687,1
475,824,0
1,867,0
400,779,0
328,775,1
395,348,0
439,860,1
293,311,0
101,838,0
519,531,1
4,918,0
568,641,1
70,785,1
526,389,1
331,230,0
309,835,0
155,777,0
154,649,1
341,821,1
478,872,1
537,1125,0
81,572,1
81,243,0
476,349,0
138,266,0
266,551,0
555,748,1
284,3,0
468,552,0
159,358,0
307,1103,1
417,655,0
10,118,0
366,355,0
18,683,0
389,952,0
563,829,0
120,853,0
84,476,1
110,258,0
216,234,0
447,680,1
384,656,1
141,524,1
448,905,1
555,920,0
230,335,0
49,283,0
183,650,1
116,264,1
386,497,1
19,568,1
289,257,0
44,502,1
159,228,0
102,1,0
132,612,0
251,938,0
249,234,0
151,821,1
44,317,0
361,714,0
463,251,0
223,256,0
243,151,0
497,894,1
238,865,0
445,658,1
356,862,0
404,657,1
155,944,0
267,259,0
467,65,0
247,818,0
390,928,0
296,254,0
342,707,0
187,552,1
170,904,1
176,834,0
428,576,0
285,613,1
159,664,0
363,1021,1
88,226,0
496,783,0
247,787,1
162,786,0
172,901,1
368,266,0
449,398,0
209,295,0
341,469,0
84,921,0
59,225,0
276,313,0
526,6,1
397,336,0
386,334,0
107,643,0
468,37,0
387,651,0
214,830,1
158,920,0
491,628,1
135,799,0
222,703,0
84,679,0
110,742,1
526,1058,0
223,865,1
32,632,0
56,612,0
460,161,0
436,789,1
13,340,0
524,497,1
448,574,1
114,649,1
353,204,0
64,710,1
451,258,0
417,436,1
1,894,1
267,551,0
266,317,0
475,633,0
158,426,0
32,680,0
503,197,0
92,295,0
573,474,1
507,876,0
539,565,0
386,501,0
202,631,0
84,221,0
166,567,0
183,153,1
431,548,0
397,175,0
21,659,1
478,108,0
486,645,1
432,333,0
251,708,1
25,244,0
508,732,1
188,842,0
379,780,0
452,221,0
373,979,0
503,583,0
169,918,0
395,916,0
563,1,0
546,673,1
446,771,1
7,644,0
499,262,0
339,716,0
49,279,0
72,274,0
202,309,0
363,827,0
503,534,0
13,771,1
361,660,0
433,315,0
317,79,0
297,900,1
439,154,1
517,770,1
329,758,0
101,941,0
379,609,1
82,526,1
169,255,0
556,859,0
342,728,0
201,577,0
564,326,0
150,828,0
152,901,1
541,479,0
132,644,1
397,323,0
555,379,0
303,1018,0
81,130,0
297,547,1
319,669,0
56,840,1
362,83,0
300,569,0
348,769,1
18,916,0
227,109,0
132,522,0
368,303,1
64,71,0
392,148,0
154,671,0
400,848,0
4,46,0
568,270,1
539,233,0
297,649,1
417,848,0
509,159,0
563,653,0
166,703,1
126,645,0
328,294,0
9,626,0
473,255,0
92,312,0
205,211,0
50,769,0
189,680,1
72,515,0
128,255,0
565,634,0
266,844,0
260,151,0
132,392,0
93,644,0
97,461,0
417,1118,0
194,852,0
108,774,0
108,537,1
365,517,0
173,1133,0
389,831,0
342,840,1
547,651,0
187,219,0
368,714,0
75,562,0
414,472,0
120,823,0
313,915,0
313,252,0
335,249,0
124,845,1
313,316,0
176,711,1
362,40,0
417,912,0
19,640,1
132,533,0
417,335,0
555,226,0
433,251,0
137,712,0
219,747,1
313,909,0
328,480,1
518,107,0
417,559,0
48,175,0
266,559,0
31,581,0
433,577,0
89,651,0
504,19,0
84,838,0
395,1002,0
173,916,0
417,1163,0
362,225,0
180,321,0
51,386,0
362,926,0
394,785,1
312,443,1
417,176,0
91,258,0
23,608,0
307,1121,0
397,947,0
114,241,0
387,253,0
214,278,0
522,168,0
154,531,1
511,64,0
412,578,1
251,499,1
9,863,0
487,560,1
267,850,1
25,698,0
472,273,0
356,632,1
555,177,0
227,844,0
192,281,0
372,311,0
426,254,0
200,211,0
375,911,0
104,950,0
329,233,0
190,417,0
202,120,0
243,273,0
166,111,0
154,684,1
100,652,1
56,572,1
107,655,1
442,566,0
508,245,0
524,709,0
292,202,0
81,171,0
525,124,0
386,580,0
267,827,0
432,1017,0
249,829,0
261,775,0
227,569,0
227,40,0
236,639,1
560,260,0
251,251,0
562,300,0
524,583,1
145,960,0
110,251,0
116,249,0
188,761,1
108,536,1
104,1021,0
563,839,1
357,151,0
292,865,0
35,271,0
49,41,0
405,228,0
519,558,0
9,576,1
132,365,0
564,769,0
526,329,0
511,328,0
526,505,1
559,275,0
520,223,0
13,821,1
156,770,0
243,231,0
95,723,0
226,946,0
6,770,0
70,823,1
454,16,0
313,379,0
241,637,0
32,780,0
341,360,0
387,49,0
138,519,1
21,256,0
571,679,0
309,776,0
137,664,0
573,567,0
4,565,0
515,354,0
419,197,0
508,861,1
392,528,1
91,638,0
397,644,1
48,315,0
75,565,0
46,220,0
436,50,0
18,778,0
243,325,0
266,287,0
35,722,1
43,82,0
356,566,0
449,349,0
191,339,0
313,849,0
320,563,0
452,11,0
565,179,0
354,721,1
82,501,1
9,296,0
201,342,1
113,310,1
64,548,1
56,482,0
398,846,0
559,256,0
311,227,0
273,520,1
3,228,0
307,1023,1
442,36,0
201,772,1
346,24,0
188,840,1
503,497,0
436,56,0
428,558,0
18,772,0
398,0,0
341,905,0
1,292,0
524,260,0
107,649,1
325,280,0
310,765,1
339,335,0
93,496,1
278,331,0
496,936,0
227,255,0
569,769,0
95,356,0
482,826,0
251,523,1
357,650,1
432,857,0
373,193,0
9,379,0
29,174,1
475,236,0
427,55,0
48,655,0
183,157,0
27,824,1
468,193,0
555,923,0
299,892,0
231,707,1
361,272,0
155,960,1
55,480,0
341,904,0
426,895,1
36,230,0
315,265,0
357,559,1
523,710,1
113,53,0
360,893,1
249,791,1
84,501,1
521,850,0
494,253,0
267,559,1
563,321,0
473,319,0
515,742,1
151,741,0
257,769,0
378,325,0
555,947,0
156,651,1
491,258,0
77,885,0
328,826,0
341,367,0
521,718,0
398,111,0
103,427,0
536,152,0
515,255,0
251,430,0
70,824,0
251,466,0
518,566,0
132,504,0
110,636,0
77,510,1
467,967,0
467,1047,0
137,83,0
297,656,0
386,829,0
185,709,0
205,319,0
196,563,0
131,704,0
104,367,0
559,667,1
184,729,1
4,856,0
192,285,0
392,238,0
392,326,0
108,609,1
126,49,0
267,565,0
35,714,1
417,1185,0
184,721,0
95,664,0
178,645,0
159,336,0
137,518,1
176,295,0
91,707,1
343,236,0
59,769,0
90,328,0
515,78,0
556,851,0
9,246,0
159,753,1
524,769,0
94,662,0
52,472,0
387,472,1
395,901,1
297,910,0
359,271,0
345,660,1
119,814,0
308,864,0
132,680,1
310,755,1
432,259,0
374,883,0
526,294,0
331,645,0
545,900,1
399,58,0
555,548,1
49,232,0
568,481,1
36,232,0
114,251,0
101,250,1
18,273,0
157,500,1
430,552,0
392,778,0
512,525,1
478,837,1
81,570,1
292,853,0
564,858,0
236,527,0
522,566,1
251,505,1
91,674,0
327,446,0
412,570,1
542,905,0
43,713,0
132,309,0
27,728,1
50,773,1
155,236,0
59,691,0
243,474,1
120,972,0
353,574,1
343,582,1
315,877,1
227,324,1
72,535,0
433,777,0
110,755,1
564,714,0
392,530,0
189,651,0
49,535,0
390,824,1
19,669,0
512,481,0
425,226,0
114,518,1
452,125,0
159,821,0
257,233,0
272,771,1
64,547,1
368,854,0
446,277,0
125,655,1
243,47,0
110,559,0
373,652,0
224,251,0
19,537,0
92,202,0
251,246,0
114,854,1
99,709,1
521,854,0
102,40,0
380,653,1
397,820,1
190,421,0
155,256,0
227,537,1
524,333,0
183,788,0
369,252,0
104,1120,0
292,550,0
18,11,0
207,755,0
424,76,1
268,896,0
475,845,0
447,770,1
341,828,1
92,196,0
235,548,1
32,935,0
81,526,0
196,564,0
313,1117,0
407,24,0
113,273,0
273,496,1
472,655,1
366,935,0
81,834,0
323,905,1
84,554,1
23,529,0
526,551,0
345,311,0
347,569,1
206,256,0
307,402,0
59,630,0
522,609,0
475,227,0
317,826,0
412,280,0
568,553,1
92,724,1
522,568,1
320,231,0
84,674,1
448,786,1
98,348,0
36,711,1
397,583,1
455,927,0
64,228,0
10,250,0
299,899,1
475,639,1
427,565,0
168,513,1
156,560,0
84,655,0
448,226,0
467,918,0
49,709,1
230,323,0
59,721,0
287,535,1
164,260,0
5,266,0
309,572,1
512,533,1
93,260,0
198,1149,0
109,250,0
93,561,1
299,112,0
113,685,0
341,439,0
35,288,0
242,266,1
0,549,0
412,111,0
487,474,1
353,243,0
188,297,0
36,871,0
431,476,1
468,228,0
156,649,1
279,903,1
571,645,1
240,228,0
473,564,1
239,221,0
432,325,0
183,240,0
32,337,0
325,772,1
368,770,0
356,570,1
93,547,0
151,739,0
428,482,1
354,295,0
439,857,0
443,481,1
137,682,1
467,418,0
410,136,1
386,275,0
88,55,0
452,578,0
303,379,0
18,501,0
306,713,0
257,658,1
142,477,0
214,330,0
293,313,0
289,641,0
469,560,0
509,311,0
18,714,0
251,462,1
353,129,0
266,665,0
97,420,1
101,651,1
29,559,0
23,530,0
169,568,0
273,249,0
357,297,0
361,968,1
9,511,1
36,870,0
353,759,0
81,332,0
263,664,1
71,270,0
159,651,0
181,775,1
433,741,0
8,709,1
65,841,0
332,820,0
101,259,0
425,705,1
534,165,0
93,266,0
386,867,0
386,963,0
9,708,0
130,262,0
356,856,0
68,920,0
534,583,0
438,631,0
475,530,1
78,900,1
491,824,0
99,251,0
188,710,0
346,531,1
141,313,0
192,779,0
132,131,0
357,754,0
183,255,0
343,270,0
67,893,0
564,512,1
425,195,0
467,333,0
263,888,0
531,270,0
354,760,1
488,908,0
267,735,0
113,270,0
555,898,0
460,46,0
387,184,0
397,220,0
357,900,1
58,651,1
13,861,0
49,52,0
44,119,0
448,370,0
148,255,0
295,744,0
150,889,1
18,251,0
81,328,0
24,895,1
412,524,1
373,249,0
323,473,1
335,259,0
65,879,0
361,558,0
526,552,0
60,151,0
169,725,0
223,217,0
32,955,0
149,262,0
84,816,0
511,849,1
526,759,0
377,683,0
303,907,0
394,823,1
32,501,0
560,331,0
307,1184,1
272,227,0
99,708,1
526,1156,0
353,312,0
36,922,0
489,711,1
526,656,1
475,644,1
49,716,1
555,224,0
152,908,1
167,530,0
379,534,1
77,20,0
467,1085,0
235,161,0
116,646,0
18,315,0
448,643,1
166,775,1
259,259,0
10,896,0
120,407,0
176,275,0
397,665,0
526,533,1
387,195,0
110,710,0
433,312,0
292,260,0
27,774,0
425,872,0
19,822,1
303,366,0
219,918,0
81,323,0
263,679,0
247,565,0
49,580,1
87,15,0
353,708,0
526,326,0
554,532,0
328,313,0
116,237,0
309,39,0
32,655,1
201,258,0
249,250,0
379,284,0
114,242,0
390,770,0
357,862,1
137,864,0
386,635,0
71,732,0
165,242,0
568,826,1
357,577,1
470,663,1
251,851,1
118,825,1
344,736,0
359,737,1
508,247,1
386,776,1
504,51,1
461,761,0
185,238,0
1,922,0
291,521,1
354,709,1
555,400,0
236,223,0
422,823,1
313,778,0
463,908,0
329,575,1
563,473,0
201,311,0
125,653,1
19,138,0
328,648,0
356,650,1
427,609,0
555,680,0
21,726,0
108,770,1
365,530,0
1,309,1
91,224,0
315,771,1
80,36,0
106,909,0
331,255,0
397,900,0
467,898,0
398,648,0
339,711,1
353,580,1
373,0,1
444,769,1
227,609,1
387,296,1
227,505,0
518,482,0
218,893,0
55,119,0
49,658,1
372,634,0
524,575,1
436,1032,0
65,876,0
108,583,1
89,858,0
120,430,0
491,262,0
362,570,1
273,548,0
545,896,1
174,119,0
329,278,0
301,231,0
48,734,0
51,325,0
198,455,0
515,769,1
92,271,0
32,649,1
81,271,0
13,862,0
22,43,0
292,515,1
66,636,1
564,193,0
43,777,0
315,864,0
169,323,0
379,916,0
139,906,0
100,288,1
138,178,0
526,456,0
118,324,0
503,254,0
379,342,0
555,1009,0
565,645,0
449,393,0
558,582,1
214,235,0
343,258,0
1,479,0
110,234,0
104,940,0
59,512,0
339,927,0
249,850,0
235,554,1
386,494,0
433,514,0
227,259,0
511,330,0
295,298,0
444,656,1
1,374,0
19,632,0
81,501,1
137,652,1
4,503,0
309,844,1
168,503,1
315,859,0
159,773,1
343,177,0
447,260,0
379,934,0
56,530,1
478,847,1
313,939,0
555,969,0
511,689,0
297,913,0
132,838,1
356,512,1
320,639,1
172,903,1
201,922,0
397,363,0
201,11,0
328,258,0
180,828,0
534,614,0
509,533,0
379,741,1
205,157,0
272,874,0
169,823,1
446,836,1
201,503,1
398,652,1
41,768,0
467,252,0
160,565,0
32,849,0
476,914,0
328,272,0
354,877,0
137,769,0
158,1191,0
449,941,0
564,566,0
292,257,0
361,325,0
0,31,0
7,558,0
373,572,1
72,865,0
425,670,0
395,851,0
1,249,0
108,267,0
496,297,0
416,54,0
491,548,1
19,708,0
77,553,1
483,574,0
52,111,0
509,119,0
81,741,0
35,859,1
104,967,0
32,664,0
104,953,0
292,277,0
325,329,0
59,220,0
110,232,0
503,561,0
4,221,0
36,850,1
64,268,0
74,15,0
492,825,0
188,652,1
154,523,0
503,111,0
173,402,0
365,564,0
60,7,0
395,714,0
156,667,1
81,69,0
511,275,0
496,828,0
126,640,0
468,109,0
379,262,0
104,897,0
173,422,0
125,228,0
380,257,0
448,440,0
536,221,0
436,0,1
211,910,1
357,126,0
519,171,0
343,634,0
448,339,0
526,285,0
9,272,0
60,262,0
249,334,0
108,612,1
192,329,0
357,756,0
158,371,0
205,476,0
273,665,1
541,512,1
35,710,1
526,782,1
7,671,0
478,69,0
178,647,0
185,778,0
530,433,0
272,639,1
503,709,0
425,755,1
318,652,1
503,289,0
75,161,0
272,665,1
563,532,0
177,895,1
188,772,1
461,679,0
247,785,1
395,1026,0
29,858,1
122,614,1
130,711,1
32,253,0
154,169,0
167,48,0
395,945,0
138,1018,1
323,101,0
533,574,1
422,742,1
559,495,1
119,1037,0
251,640,1
95,710,1
386,229,0
118,329,0
417,1178,1
198,1116,0
368,774,0
28,16,0
132,404,0
298,651,1
509,494,1
284,41,0
511,292,0
315,868,1
251,821,1
467,1070,0
522,52,0
559,815,0
510,820,1
138,937,1
234,285,0
95,843,1
529,21,0
296,265,0
68,285,0
362,317,0
224,220,0
15,336,0
25,691,0
124,472,0
169,511,1
478,326,0
4,926,0
357,763,0
477,505,1
328,298,0
309,576,1
214,515,1
114,273,0
132,768,1
104,917,0
263,266,0
515,664,1
180,636,0
156,49,0
1,943,0
475,667,0
9,316,0
400,270,0
224,204,0
362,285,0
361,937,1
212,104,0
531,779,1
362,365,0
72,820,1
422,840,1
101,979,0
13,860,1
456,853,0
60,319,0
32,822,0
555,961,0
68,929,0
273,571,1
487,526,1
563,316,0
154,827,0
26,774,0
267,475,1
44,17,0
202,547,1
323,140,0
95,789,0
303,467,0
94,234,0
157,473,1
142,534,1
59,533,0
386,335,0
345,674,0
475,844,0
274,755,0
401,511,1
223,849,0
291,32,0
362,474,0
526,631,0
223,228,0
373,924,1
273,523,1
36,482,0
138,789,1
272,852,0
107,709,0
373,352,0
478,110,0
95,638,1
336,274,0
412,313,0
101,1032,0
174,253,0
209,709,0
72,825,0
535,51,0
541,570,1
249,255,0
213,151,0
145,331,0
130,768,1
155,708,1
363,937,0
514,1,0
531,872,0
43,5,0
81,928,0
329,670,0
200,159,0
81,845,0
317,94,0
271,242,0
209,649,1
247,945,0
467,644,0
526,1022,0
559,287,0
236,770,0
535,225,0
1,366,0
223,682,0
329,646,0
353,755,0
475,840,0
315,285,0
565,670,0
56,256,0
155,747,1
524,843,0
180,755,0
307,1116,0
169,633,0
362,660,0
487,559,0
95,938,0
155,1013,1
180,279,0
467,254,0
515,226,0
339,351,0
84,526,1
184,714,0
448,503,1
560,669,0
525,116,0
89,310,0
287,133,0
249,9,0
313,966,0
501,225,0
410,16,0
373,639,0
161,817,1
357,133,0
51,344,0
19,315,0
36,959,0
507,847,1
104,1192,0
377,249,0
436,512,1
19,721,0
373,531,1
473,315,0
289,656,0
564,646,0
251,325,0
303,1174,1
503,299,0
329,475,1
342,665,1
277,894,1
568,1003,0
497,892,1
448,189,0
303,1189,0
107,670,0
563,643,1
313,160,0
409,501,1
330,641,1
266,2,0
202,65,1
361,828,0
154,101,0
425,315,0
419,529,1
518,272,0
120,1006,0
539,239,0
467,927,0
356,848,0
467,956,0
397,770,0
116,638,1
178,768,0
279,473,0
159,33,0
329,535,0
357,916,0
331,242,0
60,257,0
448,965,0
143,632,0
9,277,0
518,234,0
343,271,1
282,636,0
169,920,0
564,656,0
526,960,0
214,236,0
417,958,0
354,764,0
144,224,0
270,786,1
266,190,0
499,418,0
374,838,1
447,780,1
101,984,1
243,938,0
270,963,0
248,263,0
378,753,0
124,647,0
104,927,0
143,64,0
15,1028,1
330,677,1
361,849,0
478,825,1
272,231,0
69,909,1
21,639,0
276,273,0
373,768,0
25,250,1
278,924,0
346,476,1
56,253,0
266,612,0
51,397,0
328,712,1
547,647,0
297,905,0
7,104,0
325,279,1
297,609,1
186,935,0
425,224,0
412,30,0
84,707,1
4,773,0
110,84,0
261,669,0
173,1190,0
358,909,1
56,863,0
356,643,0
8,313,0
276,647,0
560,944,0
267,713,0
88,562,1
14,727,1
447,712,1
178,769,1
111,575,1
159,559,1
468,511,1
414,110,0
244,249,0
9,1014,1
318,309,0
533,261,1
49,827,0
73,740,0
422,1,0
132,358,0
387,479,1
476,823,1
526,641,0
169,317,1
388,265,0
313,922,0
49,34,0
124,505,1
560,851,1
55,525,0
321,59,0
514,817,0
173,935,0
85,824,0
167,136,0
277,258,0
565,828,0
27,249,0
272,530,0
16,644,0
236,710,0
266,710,0
330,685,1
472,672,1
452,564,0
432,937,0
344,283,0
183,648,0
145,329,0
323,255,0
411,250,0
267,742,0
442,503,1
388,240,1
535,661,0
379,876,1
276,271,0
503,234,0
113,309,1
341,1180,0
183,865,0
356,326,0
297,576,1
313,60,0
92,531,1
478,277,0
271,650,1
77,870,0
472,663,0
297,389,1
565,501,0
439,151,0
329,107,0
472,656,1
14,759,0
276,537,1
209,293,0
101,633,0
143,203,0
25,258,0
14,712,0
46,66,0
164,652,1
313,962,0
327,471,0
433,737,0
15,968,0
191,954,0
368,680,1
358,904,1
313,914,0
249,560,0
99,256,0
443,639,1
104,334,0
356,331,0
483,576,1
72,719,1
521,649,1
278,1008,0
231,271,0
524,855,0
194,33,0
263,834,0
72,827,0
442,104,0
200,552,0
559,260,0
114,151,0
417,779,1
414,1,0
223,46,0
374,866,0
397,225,0
561,257,0
303,422,0
452,553,0
336,278,0
518,663,1
278,308,1
84,633,0
219,528,0
178,244,0
343,845,1
101,510,1
37,337,0
245,668,1
43,771,1
419,527,1
179,225,0
358,908,0
571,652,1
180,731,1
55,102,0
18,268,0
189,775,1
101,324,1
526,455,0
272,661,1
231,773,0
167,475,0
392,176,0
339,631,0
419,536,0
104,406,0
467,850,0
412,532,1
91,316,0
325,283,0
368,843,0
98,326,0
272,260,0
419,551,1
249,820,0
313,639,0
191,914,0
267,206,0
8,560,0
21,275,0
1,377,0
343,163,0
271,658,0
128,260,0
219,240,1
301,653,1
293,224,0
503,281,0
547,662,0
397,903,0
219,653,1
392,658,1
43,235,0
119,1036,0
297,684,1
343,480,0
520,225,0
212,546,0
162,942,0
104,447,1
180,250,0
332,797,1
95,278,0
176,771,1
392,566,0
417,996,0
568,1035,0
487,558,1
386,802,0
397,846,1
521,830,1
257,656,1
467,893,1
541,473,1
309,225,0
386,667,0
77,840,0
267,193,0
510,111,0
373,311,0
95,848,0
292,724,0
527,821,1
37,847,0
302,176,0
311,660,0
32,661,1
29,285,0
178,750,0
347,515,1
126,169,0
530,437,0
267,549,0
391,890,0
568,613,1
417,823,1
223,504,1
271,645,0
251,631,0
51,959,0
379,715,0
525,776,0
166,114,0
297,887,0
172,897,1
343,237,0
148,256,0
341,468,0
297,951,0
380,648,0
223,547,0
95,976,1
565,848,1
362,1011,0
425,758,0
276,929,0
116,267,0
357,717,1
370,656,0
48,846,0
351,229,0
368,709,0
1,984,0
559,559,1
164,679,0
444,668,0
433,59,0
132,31,0
392,636,0
397,293,0
72,838,1
489,710,1
99,776,1
137,562,0
467,950,0
154,863,0
452,228,0
519,473,1
201,844,1
379,287,0
236,641,0
197,902,1
526,234,0
343,311,0
159,707,0
251,637,1
4,352,0
4,220,0
159,355,0
98,789,1
328,472,1
183,270,0
503,474,0
99,655,1
186,825,1
476,800,1
155,326,0
571,708,1
36,315,0
10,257,0
48,664,1
292,842,0
559,546,0
523,246,0
563,298,0
353,664,1
308,146,0
392,255,0
303,434,0
292,475,0
563,574,1
346,633,0
173,420,1
503,686,0
346,549,0
227,918,0
95,200,1
310,278,0
564,521,0
155,996,0
533,652,1
346,560,0
37,823,0
524,531,1
49,21,0
88,513,1
508,654,1
214,146,1
207,846,0
413,268,0
280,560,0
201,223,0
356,179,0
521,820,0
243,161,0
18,558,1
173,356,0
155,319,0
509,474,1
169,310,1
386,256,0
555,825,0
276,761,1
395,728,0
565,642,0
222,707,0
315,735,1
43,28,0
473,562,1
15,1032,0
419,202,0
261,270,0
311,642,1
263,662,1
196,632,0
113,693,0
313,1037,0
539,560,0
8,774,0
413,241,0
227,190,0
171,660,0
546,645,0
41,253,0
342,260,0
53,909,0
369,909,0
71,847,0
124,259,0
141,633,0
467,979,0
537,1127,1
257,686,0
522,778,1
229,150,1
344,845,1
177,896,1
535,649,1
180,656,0
146,133,0
419,195,0
487,657,1
475,658,0
334,255,0
276,310,1
313,1010,0
392,242,0
397,843,0
378,273,0
339,827,1
236,520,0
477,552,0
110,887,0
44,547,0
110,295,0
307,374,0
145,1026,0
114,822,1
425,178,0
132,263,1
223,322,0
77,838,1
13,908,0
32,22,0
447,769,1
464,249,0
518,570,0
21,257,0
189,711,1
400,860,0
108,657,0
43,787,1
243,975,0
470,258,0
313,114,0
503,482,0
48,638,1
507,835,0
319,653,1
356,852,0
339,850,0
219,633,1
113,675,0
64,660,1
110,267,0
559,862,0
251,568,1
519,159,1
289,225,0
361,788,0
395,857,0
491,559,0
251,1202,0
554,523,0
77,863,0
560,357,0
432,711,1
77,561,1
335,776,1
52,510,0
534,580,1
226,919,0
219,826,1
476,300,0
101,332,0
555,963,0
560,329,0
466,877,0
36,874,0
159,737,0
126,843,0
565,786,1
137,313,0
292,65,0
251,348,0
116,234,0
101,275,0
422,841,0
227,936,0
341,964,0
73,274,0
369,268,0
56,532,1
397,769,0
82,557,0
380,707,1
157,311,0
114,785,1
507,255,0
251,49,0
243,566,0
178,671,1
156,710,0
155,191,0
356,535,1
21,243,0
448,82,0
476,324,1
166,235,0
110,714,0
154,632,0
343,227,0
541,158,0
108,530,1
461,275,0
389,921,0
331,649,1
18,283,0
267,290,0
315,780,1
468,257,1
113,564,0
141,513,1
171,863,0
428,77,0
518,534,1
126,775,1
448,6,0
503,651,0
522,531,1
262,527,0
537,1110,0
9,474,1
251,373,0
125,253,0
564,316,0
188,264,0
303,1095,1
109,781,1
191,928,0
428,82,0
138,536,1
137,660,0
110,879,0
101,353,0
341,1145,0
467,101,0
313,673,1
13,970,1
373,324,0
526,260,0
249,662,0
276,554,1
143,204,0
101,977,1
156,476,1
435,503,1
526,1165,0
564,614,0
227,929,0
388,710,0
209,234,0
341,1128,1
518,474,0
214,13,0
18,664,0
434,892,1
109,827,0
373,4,1
282,237,0
379,266,0
346,548,0
279,142,0
559,235,0
345,224,0
43,51,0
292,820,0
36,974,0
503,353,0
223,552,0
29,640,0
230,950,0
448,980,1
310,759,0
386,32,0
17,669,1
329,562,1
524,535,1
177,916,0
84,346,0
111,558,0
101,180,0
1,889,0
205,132,0
183,220,0
251,1201,0
180,300,0
551,18,0
526,1032,0
395,649,1
319,259,0
110,530,0
363,1023,0
394,815,1
428,159,0
357,20,0
81,770,0
197,905,0
436,169,0
389,389,0
526,515,0
201,275,0
179,224,0
361,179,0
362,833,0
43,19,0
191,348,0
388,637,1
2,818,0
276,978,0
150,324,0
91,653,1
81,847,0
568,774,0
59,851,0
297,658,0
27,288,0
313,775,1
515,511,0
15,1031,0
224,649,1
128,681,1
270,329,0
539,232,0
491,0,0
449,955,0
220,226,0
251,682,1
113,197,0
468,315,0
297,472,0
500,576,0
25,643,1
166,49,0
81,276,0
156,670,1
343,867,1
105,815,0
347,578,1
519,151,0
122,561,0
95,772,0
277,259,0
560,865,0
84,519,0
222,694,0
523,711,0
48,786,0
518,653,0
227,330,0
313,353,0
374,871,0
356,252,0
206,912,0
101,714,0
483,475,1
546,670,1
173,1178,1
512,475,1
101,237,0
518,529,1
347,170,1
373,665,1
193,892,1
247,642,1
555,691,0
490,243,0
243,266,0
303,947,0
431,537,1
374,820,0
18,650,1
209,499,1
488,893,0
198,901,0
227,328,1
363,331,0
58,243,0
427,682,0
526,1154,0
251,861,0
77,877,0
467,1187,0
224,227,0
286,103,0
555,574,0
176,860,0
309,707,0
7,238,0
224,504,1
467,443,0
59,641,0
94,663,0
309,275,0
426,462,0
11,909,0
409,256,0
385,229,1
142,547,1
251,1024,0
155,822,0
302,203,0
390,341,0
496,785,1
447,240,0
267,231,0
251,536,1
73,855,0
98,961,1
114,293,0
473,665,0
23,41,0
387,639,1
188,750,1
357,959,1
132,650,0
35,836,1
132,169,0
436,964,0
448,550,0
427,30,0
292,22,0
309,252,0
249,819,1
449,1017,1
251,300,0
573,560,0
478,769,1
519,168,0
448,995,1
227,671,1
214,315,0
478,243,0
520,231,0
329,714,0
209,124,0
32,234,0
386,555,1
431,210,0
183,81,0
389,1017,0
526,537,1
292,2,0
174,366,0
52,530,1
379,530,1
467,963,0
125,262,0
56,473,0
433,494,0
391,723,0
527,827,1
328,861,1
373,334,0
198,387,0
48,532,0
71,263,0
455,351,0
257,681,0
113,562,0
297,293,0
207,254,0
448,686,0
455,357,0
104,1113,0
336,823,0
509,101,0
272,319,0
214,846,0
276,610,1
533,633,0
460,22,0
46,571,0
508,693,1
72,500,1
54,863,0
339,326,0
361,280,0
384,775,1
92,850,0
236,268,0
336,282,0
569,653,1
196,309,1
525,8,0
27,654,1
530,904,0
493,17,1
9,951,0
544,252,0
387,171,1
541,562,1
162,294,0
51,328,0
43,879,0
169,225,0
475,564,0
249,476,1
467,647,0
124,251,0
347,151,0
343,559,1
230,914,1
331,238,0
412,318,0
388,263,0
233,58,0
510,821,0
53,903,0
95,534,1
503,822,0
491,293,0
13,710,0
29,760,0
339,255,0
395,926,0
336,234,0
383,235,0
546,665,0
1,734,0
573,482,1
19,872,1
15,1016,0
249,321,0
229,120,0
97,440,0
266,615,0
309,494,1
386,262,0
343,283,0
56,262,0
4,684,0
166,58,0
37,781,1
291,59,0
274,759,0
297,238,0
169,827,1
254,764,1
205,566,1
9,656,0
309,860,0
219,946,0
422,747,0
187,559,0
226,355,0
156,281,0
43,273,0
276,651,1
198,910,0
568,666,1
480,482,1
515,112,0
328,717,1
568,505,1
124,319,0
173,435,0
9,473,1
223,259,0
308,823,1
251,547,0
507,839,1
491,151,0
387,321,0
328,256,0
443,267,0
316,665,1
363,294,0
219,222,0
389,1010,1
541,259,0
373,993,1
328,708,1
449,383,0
13,712,1
9,895,1
373,922,0
363,899,1
511,863,0
84,661,0
251,561,1
119,998,0
353,720,0
411,652,1
50,715,0
478,270,0
325,776,0
341,893,0
503,959,0
563,474,0
1,890,0
169,312,0
156,515,0
59,204,0
101,279,0
292,265,0
119,984,0
564,613,0
397,113,0
198,1011,1
448,441,1
60,232,0
36,768,0
48,210,0
9,837,1
353,650,1
120,331,0
491,265,0
95,42,0
507,274,0
564,846,0
412,650,1
224,853,0
526,125,0
278,334,0
503,523,1
165,475,1
563,860,0
9,780,1
94,686,0
216,665,1
100,823,1
155,280,0
159,717,0
209,277,0
393,265,0
156,479,0
532,114,0
495,482,0
58,256,0
526,666,0
563,152,0
4,865,0
183,54,0
64,853,0
95,845,0
183,191,0
81,237,0
89,286,0
119,935,0
563,665,0
169,822,0
321,125,0
211,909,1
19,252,0
306,734,0
251,680,0
60,633,0
195,558,0
108,610,0
209,852,0
4,647,0
111,565,1
464,895,1
373,287,0
138,780,1
527,822,1
309,855,0
81,777,0
227,642,1
183,570,0
243,534,1
107,768,1
475,325,0
198,1198,0
448,1002,0
307,1123,0
227,298,0
46,226,0
525,834,0
126,853,0
234,825,1
386,843,0
328,841,0
81,779,1
473,659,1
60,479,1
346,104,0
92,101,0
92,558,0
276,329,0
297,384,0
554,498,1
397,477,0
356,707,0
254,270,0
511,116,0
309,937,0
562,786,1
72,295,0
101,1031,0
379,511,1
446,664,1
310,713,1
503,226,0
23,172,0
278,969,1
267,699,0
469,247,0
297,777,1
448,568,1
519,564,1
104,398,0
386,42,0
366,333,0
176,278,0
247,309,0
243,726,0
392,243,0
113,503,1
184,726,0
158,430,0
1,946,0
460,474,1
526,550,0
378,798,1
323,251,0
19,560,0
392,286,0
340,98,0
422,782,1
103,417,1
397,19,0
517,250,0
32,748,0
278,943,0
114,774,0
571,642,1
69,912,0
9,350,0
282,312,0
52,108,0
43,200,0
522,775,1
555,582,1
436,297,0
145,789,0
101,280,0
263,257,0
236,638,0
155,563,0
417,1156,0
336,787,1
313,714,0
7,158,0
341,405,0
155,751,1
159,480,1
515,333,1
48,711,0
118,836,1
109,819,1
288,250,0
66,247,1
565,278,0
1,955,0
159,740,0
392,0,0
159,734,0
354,276,0
291,479,1
373,914,0
56,245,0
515,346,0
155,495,0
563,282,0
491,707,0
59,525,0
309,916,0
468,110,0
224,252,1
443,196,1
106,411,0
168,535,1
362,644,0
121,676,0
526,439,1
157,116,0
251,967,0
417,174,0
341,333,0
159,481,0
223,521,1
235,632,0
36,933,0
559,769,0
319,633,0
201,224,0
421,473,0
19,226,0
484,314,0
16,575,1
91,269,1
544,672,0
95,501,1
60,526,1
64,494,1
207,243,0
104,1103,1
436,825,0
114,640,1
427,664,1
303,1130,0
569,670,1
412,277,0
252,631,0
92,819,1
487,642,1
435,908,0
478,523,1
328,608,0
521,835,0
188,280,0
130,266,0
223,636,0
369,907,0
257,709,1
144,234,1
524,671,1
101,945,0
542,422,0
569,770,0
560,916,0
564,178,0
313,825,0
303,915,0
7,561,0
478,874,1
100,286,0
155,316,0
273,534,1
205,50,0
158,396,0
132,103,0
192,783,1
456,776,1
298,646,0
397,680,1
104,1115,1
64,638,0
550,294,0
7,568,1
440,143,0
236,646,0
95,59,0
95,825,1
207,712,0
555,382,0
9,294,0
308,816,0
521,19,0
181,852,0
292,296,0
91,662,1
267,325,0
183,579,1
380,773,1
320,221,0
460,510,1
436,950,0
314,821,1
329,638,1
143,510,1
526,367,0
487,233,0
46,313,0
185,272,1
343,639,1
124,511,1
101,85,0
93,553,0
568,708,0
216,244,0
535,83,0
173,1021,1
198,894,1
296,125,0
520,227,0
90,321,0
229,768,0
307,1191,1
272,648,0
345,256,0
267,514,0
467,302,0
4,284,0
555,565,0
535,648,0
353,565,0
445,639,0
361,110,1
467,325,0
27,773,0
69,249,0
27,760,0
31,566,0
260,846,0
70,829,0
350,233,0
483,482,0
110,273,0
169,770,0
336,769,0
9,575,1
126,576,1
120,391,0
201,667,1
460,534,1
467,1086,0
276,338,0
559,780,0
137,843,1
468,530,1
99,755,1
99,714,1
169,275,0
288,253,0
48,224,0
128,692,0
309,721,0
132,636,1
362,914,0
243,660,0
180,671,0
398,850,1
522,728,1
178,840,1
64,302,0
569,237,0
361,789,1
12,647,1
155,157,0
240,245,0
19,328,0
112,44,0
336,255,0
422,16,0
515,634,0
118,936,0
8,249,0
209,666,1
378,791,1
15,926,0
564,650,0
227,282,0
292,225,0
254,739,1
19,927,0
77,708,0
451,775,1
341,903,0
511,9,0
511,665,0
92,713,0
173,370,0
533,636,0
64,614,1
155,4,0
518,255,0
383,639,1
36,608,0
120,944,0
194,12,0
2,820,1
309,649,0
59,780,0
487,652,1
339,502,1
372,635,0
17,656,0
368,275,0
298,234,0
132,406,0
392,233,0
272,647,1
126,663,0
23,473,0
157,10,0
573,169,0
95,178,0
198,364,0
271,233,0
526,437,1
185,667,0
467,511,1
48,599,1
272,769,1
123,304,0
188,262,0
126,177,0
508,257,1
362,629,0
387,536,1
521,768,1
16,647,0
155,311,0
46,634,0
339,847,0
2,840,0
180,876,0
392,232,0
189,668,0
124,250,1
131,768,0
155,853,0
417,363,0
395,1007,1
210,255,0
317,133,0
491,586,0
514,866,0
457,289,0
172,427,0
362,611,1
276,278,0
343,289,0
313,1113,0
269,903,0
427,310,0
191,907,0
555,274,0
36,1021,0
57,615,1
486,656,0
303,388,0
159,567,0
521,560,0
125,609,1
366,347,0
249,830,0
331,682,0
554,526,1
49,476,1
443,782,1
478,135,0
132,152,0
379,354,0
156,648,0
198,1155,1
224,658,0
491,780,0
392,69,0
313,459,1
568,926,0
173,1059,0
160,309,0
99,316,0
517,773,0
224,157,1
397,824,1
17,659,0
476,325,0
8,568,1
559,860,0
72,858,0
473,537,1
106,430,0
156,848,0
274,661,0
104,341,0
397,322,0
335,654,0
118,292,0
544,652,1
59,295,0
477,551,0
81,221,0
361,776,1
362,653,1
1,504,1
54,275,0
251,1169,0
110,523,0
140,255,0
466,755,0
292,653,1
202,609,1
359,280,0
339,820,1
132,577,1
88,481,0
36,836,0
60,71,0
64,640,0
72,260,1
51,1015,0
303,894,1
397,516,1
202,224,0
443,564,0
205,526,1
140,647,0
362,528,1
43,634,0
46,649,1
138,481,1
397,537,1
272,660,0
266,158,0
54,877,0
304,561,1
398,247,1
443,293,0
132,582,0
559,821,0
537,1113,0
159,847,0
56,27,1
460,229,0
387,555,0
1,326,0
88,316,1
113,223,0
132,364,0
4,227,0
180,564,0
19,733,1
18,659,0
552,634,0
417,1173,0
468,653,0
132,305,0
15,1029,0
511,764,0
554,623,0
243,839,0
442,610,0
395,838,1
247,843,0
422,836,1
108,476,1
19,246,0
201,532,1
100,252,0
155,125,0
526,224,0
88,31,0
113,768,0
251,426,0
471,222,0
84,926,0
448,912,0
352,640,1
32,285,0
145,1022,1
503,681,0
507,727,0
32,1038,0
21,260,0
503,501,1
254,825,1
446,673,0
511,301,0
32,537,1
48,577,1
308,861,0
508,637,1
433,551,0
341,334,0
554,559,0
249,856,0
232,894,1
436,849,1
181,707,0
88,512,0
534,561,1
357,764,1
325,827,0
287,150,0
427,510,0
326,0,0
353,583,1
467,1163,0
147,474,1
113,257,0
219,266,0
247,649,1
550,846,0
60,561,1
568,678,1
235,550,0
155,575,0
379,931,1
104,1127,1
362,993,0
526,732,1
165,536,1
432,731,1
78,897,1
153,234,0
110,773,0
564,821,0
36,303,0
357,929,0
329,227,0
233,259,0
562,334,0
398,711,1
151,863,0
159,754,0
84,217,0
329,170,0
54,876,0
48,865,0
114,779,1
536,564,0
91,230,0
119,872,1
154,293,0
427,224,0
177,897,1
344,836,1
526,723,0
554,182,0
226,973,1
32,852,0
251,560,1
48,773,1
185,772,1
503,929,0
313,557,1
354,887,0
167,498,1
436,914,0
448,69,0
49,29,0
276,239,0
361,657,1
166,528,1
104,327,0
227,57,0
25,254,0
138,333,0
138,938,0
457,827,0
397,562,1
219,770,0
446,834,0
191,893,0
297,281,0
417,499,1
56,555,0
152,904,1
23,545,0
276,661,1
173,926,0
411,658,1
539,234,0
521,660,0
359,729,0
467,421,1
387,780,0
92,179,1
84,75,0
429,14,0
362,383,0
449,386,0
92,826,1
247,338,0
412,230,0
84,650,1
569,768,0
108,520,1
65,297,0
466,860,0
276,266,0
177,963,0
389,367,0
307,445,0
270,326,0
29,682,0
205,561,0
515,516,1
524,830,0
35,830,0
185,650,1
273,638,1
113,661,0
555,204,0
19,23,0
380,652,1
385,227,0
468,17,0
43,329,0
553,676,0
358,898,0
36,769,0
99,667,1
436,840,1
359,730,1
16,313,0
457,824,0
522,529,1
110,533,0
234,280,1
373,780,0
109,820,1
417,326,1
374,770,1
92,772,1
417,711,0
524,348,0
294,583,1
19,785,1
564,565,0
104,1170,0
412,159,0
154,582,1
110,12,0
75,574,1
231,752,1
225,899,1
263,270,0
467,447,0
401,52,0
357,685,0
18,926,0
120,363,0
511,700,0
539,316,0
32,786,0
526,1023,1
48,575,0
503,9,0
518,268,1
278,348,0
30,222,0
319,583,1
168,133,0
425,727,1
132,494,1
177,908,0
123,935,0
227,222,0
267,494,1
448,447,0
19,20,0
380,672,0
108,513,1
546,237,0
342,735,1
309,564,0
36,472,1
329,730,0
18,829,0
491,842,0
412,140,0
467,275,0
201,304,0
532,22,0
559,674,0
32,966,0
411,284,0
386,236,0
323,907,1
37,321,0
9,221,0
518,667,0
467,298,0
386,478,0
351,221,0
435,912,0
455,337,0
517,657,0
179,237,0
244,260,1
101,536,1
198,895,1
98,938,0
194,39,0
273,779,0
346,79,0
467,937,0
36,787,1
56,720,0
448,1098,0
43,562,0
145,357,0
120,384,0
328,498,1
227,275,0
386,234,0
1,321,0
285,569,1
4,778,0
524,779,1
291,128,0
110,845,0
341,892,1
126,157,0
7,523,1
491,575,1
95,513,1
428,115,0
70,827,0
81,858,0
177,298,0
362,112,0
148,251,1
149,645,0
233,903,0
223,645,0
180,515,0
363,1028,1
425,658,1
296,897,1
571,651,1
564,817,0
267,691,0
432,269,1
145,354,0
363,278,0
183,573,0
48,39,0
198,375,0
444,266,0
448,669,1
251,4,0
99,151,0
82,556,0
276,127,0
544,778,1
386,561,0
79,556,1
1,839,0
155,225,0
118,347,0
292,747,0
306,843,0
361,830,0
532,528,0
198,1181,0
518,638,0
118,280,0
362,510,1
52,534,1
425,644,1
267,303,0
308,821,0
307,367,0
154,609,0
483,220,0
132,682,1
292,250,0
417,45,0
525,721,0
245,645,0
82,1,0
555,552,0
357,718,1
150,830,0
72,770,0
446,769,1
346,181,1
231,273,0
526,300,0
564,294,0
573,316,0
100,825,0
267,758,0
526,786,1
154,868,0
467,184,0
130,773,0
266,257,0
183,281,0
527,825,0
5,638,1
560,856,0
98,816,0
50,249,0
401,518,1
467,286,0
411,769,1
11,531,1
448,64,0
468,646,0
8,331,0
362,922,0
118,333,0
313,274,0
266,185,0
563,769,0
158,450,0
68,789,0
120,920,0
339,920,0
209,576,0
386,644,0
223,550,0
67,892,1
467,437,0
119,344,0
113,567,0
36,858,0
192,279,0
50,257,0
436,651,0
487,227,0
174,131,0
95,316,0
453,780,0
138,1033,0
93,501,0
151,15,0
102,5,0
379,707,1
491,578,1
555,173,1
539,568,1
379,220,1
408,830,1
223,247,0
378,729,0
125,568,1
464,260,0
456,769,0
510,822,0
417,1043,0
311,316,1
152,264,0
48,25,0
412,295,0
155,282,0
335,649,1
555,513,1
473,225,0
530,895,1
236,102,0
124,567,0
224,193,0
236,531,1
88,566,0
398,257,0
19,295,0
43,314,0
183,297,0
523,779,0
156,552,0
108,708,1
254,323,0
533,608,0
503,935,0
448,295,0
461,714,0
98,329,0
101,826,0
267,877,0
518,494,0
310,774,0
478,582,1
273,175,0
560,937,0
395,252,0
251,378,0
398,839,1
29,280,0
23,567,0
412,498,1
120,837,1
20,222,0
297,654,0
564,500,0
101,75,0
120,932,0
328,637,0
33,229,0
212,535,1
386,282,0
9,649,0
143,500,1
209,835,0
169,744,0
395,634,0
397,359,0
227,273,0
386,668,0
99,238,0
106,429,0
313,615,1
511,319,0
219,257,0
266,495,0
156,282,0
36,503,1
95,839,0
251,239,0
417,857,0
563,40,0
332,786,0
277,265,0
243,806,0
386,103,0
329,537,1
169,481,1
357,336,0
126,749,0
401,482,0
532,503,0
222,708,0
1,163,0
94,649,1
518,40,0
227,243,0
417,905,0
524,651,0
354,851,1
232,895,1
32,558,0
433,780,0
363,283,1
156,274,0
205,39,0
141,560,0
180,836,1
469,638,0
236,253,0
568,19,0
44,474,1
427,552,0
460,615,0
417,236,0
54,294,0
267,525,1
443,275,0
448,708,0
357,853,0
467,41,0
183,113,0
524,233,0
201,850,1
81,514,0
556,849,0
181,288,0
326,71,0
8,632,0
369,267,0
29,728,0
328,260,0
108,257,0
496,917,0
467,367,0
432,970,0
289,232,0
214,824,1
341,926,0
249,133,0
138,280,0
363,822,0
29,283,0
235,4,0
363,893,0
223,575,0
272,518,0
100,661,1
565,568,0
299,258,0
555,779,1
92,640,1
526,289,0
243,729,1
152,905,0
277,367,1
263,686,1
569,245,1
194,788,0
29,633,0
154,561,0
13,708,0
352,641,0
335,239,0
99,157,0
487,482,1
565,858,0
412,535,1
373,11,0
336,685,1
227,576,1
518,634,0
243,253,0
421,153,0
292,312,0
126,223,0
243,771,0
314,113,0
214,76,0
36,665,0
362,315,0
373,611,1
120,922,0
68,784,0
432,851,0
291,140,0
125,724,0
183,284,0
419,537,1
157,151,0
32,652,1
424,56,1
272,222,0
357,773,1
204,277,0
518,476,1
155,711,1
116,240,0
137,849,0
363,1029,0
555,964,0
397,522,1
169,295,0
84,479,0
429,30,1
137,611,1
64,520,0
483,190,0
444,259,0
313,978,0
500,158,0
379,659,1
309,313,0
295,749,0
32,612,1
503,154,0
36,262,0
84,281,0
223,6,1
202,173,0
513,241,0
507,760,0
569,641,0
473,226,0
313,1114,0
243,524,1
380,768,1
48,834,0
387,309,1
55,184,0
222,646,1
247,220,0
391,859,0
181,284,0
468,567,0
2,868,1
159,843,1
8,837,1
169,249,0
48,565,0
231,714,0
395,333,0
335,237,0
347,504,1
147,48,0
128,222,0
271,636,0
309,517,0
361,522,1
201,262,0
342,255,0
524,662,0
214,719,1
384,657,1
461,689,1
301,639,0
555,675,0
348,284,0
201,315,0
169,234,0
368,276,0
49,876,0
428,125,0
357,255,0
477,187,0
49,565,0
487,709,1
223,827,0
276,222,0
456,283,0
369,256,0
148,253,0
475,321,0
247,222,0
291,100,0
222,767,0
565,502,0
392,105,0
475,515,1
267,556,1
463,708,1
214,843,0
37,827,0
95,312,0
132,760,1
183,472,0
145,339,0
165,553,1
515,344,0
178,644,1
154,615,0
128,682,0
157,119,0
341,962,0
489,773,0
473,632,0
313,661,0
224,253,0
169,315,0
251,608,1
386,327,0
249,569,1
219,144,0
272,838,1
185,711,0
219,569,0
267,834,0
556,800,1
104,945,0
5,740,1
467,259,0
59,674,0
436,220,0
559,856,0
132,904,0
251,689,0
45,417,0
180,661,0
300,570,1
345,696,0
526,174,1
104,964,1
132,335,0
489,740,0
188,769,1
249,123,0
303,914,0
425,707,0
173,950,0
19,862,1
267,804,0
155,321,0
417,757,0
205,62,0
205,59,0
19,162,0
435,150,0
412,289,0
262,903,0
408,290,1
200,191,0
224,151,0
216,712,0
461,678,0
374,744,0
26,235,0
223,848,0
201,229,0
72,311,0
518,322,0
297,388,0
49,319,0
157,635,0
565,835,0
330,664,0
119,904,0
169,634,0
436,956,0
448,467,0
373,641,0
388,777,0
9,658,0
446,660,1
500,634,0
113,529,0
137,482,0
266,523,1
4,779,0
162,819,0
11,475,1
188,856,0
470,664,0
487,774,1
391,849,0
158,896,0
513,648,0
71,779,1
56,848,0
171,840,1
25,673,1
55,549,0
511,690,0
29,277,0
154,233,0
229,258,1
132,296,0
179,230,0
380,645,0
425,240,1
145,1012,0
560,773,1
341,1021,1
369,103,0
356,258,0
436,325,0
470,749,0
427,119,0
166,260,0
526,335,0
445,660,1
260,839,0
412,236,0
43,511,0
183,485,0
373,935,0
409,894,1
467,1148,1
478,298,0
32,560,0
247,510,1
90,333,0
507,861,0
432,976,0
448,641,0
452,473,0
119,838,1
389,954,0
104,469,0
339,2,0
266,771,0
262,535,1
100,773,0
180,318,1
564,260,0
15,914,0
183,160,0
308,851,0
156,54,0
379,938,0
192,267,0
56,548,0
328,101,0
380,666,1
243,927,0
81,583,1
267,851,1
366,338,0
76,789,0
92,638,1
99,155,0
417,1161,0
165,550,1
422,859,0
128,763,1
313,325,0
1,774,0
379,858,0
180,78,0
135,820,0
357,702,0
89,714,0
14,840,1
313,461,0
292,644,0
417,561,0
1,22,0
216,768,0
84,151,0
104,1191,0
535,655,1
375,267,0
508,657,1
361,235,0
397,546,0
202,525,1
64,354,0
137,615,1
565,292,0
56,780,0
56,846,1
23,533,0
32,476,0
564,286,0
330,654,1
16,255,0
310,260,0
95,9,1
517,636,0
245,646,0
392,518,0
141,316,0
386,531,1
0,506,0
110,703,0
506,853,0
397,373,0
491,863,0
18,303,0
84,260,0
518,301,1
511,81,0
44,319,0
81,665,1
417,849,0
124,561,0
343,310,0
392,651,1
476,929,0
378,348,0
274,771,1
533,229,0
524,515,0
496,301,0
468,223,0
114,776,1
417,775,1
249,559,0
397,838,1
126,14,0
433,516,0
11,480,0
287,529,1
187,566,1
183,224,0
173,407,0
95,220,1
210,903,0
555,494,1
307,1153,1
128,754,0
150,861,0
443,15,1
269,905,0
37,332,0
526,553,0
71,713,0
386,524,1
126,741,0
276,44,0
559,728,0
368,298,0
411,256,0
130,652,0
468,480,0
178,254,0
350,615,1
313,907,0
120,916,0
377,668,1
180,732,0
503,285,0
101,965,1
456,836,1
483,531,1
57,229,0
32,536,0
251,559,0
195,562,0
169,768,0
345,691,0
518,574,0
362,548,0
98,295,0
130,651,1
356,280,0
381,224,0
18,44,0
379,55,0
518,505,0
365,632,0
193,133,0
447,699,0
108,645,1
559,313,1
4,872,0
313,295,0
18,836,0
188,725,0
397,533,1
443,768,0
357,689,0
120,329,0
297,836,1
223,649,0
455,826,1
444,254,0
1,514,0
271,222,0
344,837,0
499,909,1
300,559,1
439,836,0
448,239,0
224,163,0
524,230,0
357,1032,0
177,330,0
345,701,0
402,912,0
511,756,0
160,311,0
30,236,0
23,525,0
515,279,0
270,336,0
536,190,0
359,275,0
395,477,1
132,67,0
1,566,0
7,274,0
524,481,0
84,889,1
373,292,0
266,557,0
270,343,0
503,752,1
64,1023,1
564,524,0
348,777,1
113,307,1
521,237,0
110,551,0
561,267,0
509,550,0
553,771,0
138,349,1
433,257,0
449,1029,0
503,758,0
214,575,1
515,109,0
541,582,1
444,648,1
331,677,0
249,547,0
356,127,0
91,666,0
317,193,0
460,138,0
56,678,0
568,359,0
378,760,0
443,241,0
491,270,0
272,564,0
64,957,0
67,259,0
374,852,1
0,165,0
341,956,0
417,498,0
467,504,1
92,847,0
9,237,0
43,876,0
395,547,0
196,560,1
431,203,0
500,628,0
389,956,0
106,904,0
154,834,0
354,266,0
9,284,0
118,298,0
525,824,0
137,526,0
4,823,0
518,659,0
336,236,0
521,847,0
183,244,0
137,309,0
132,558,0
27,241,0
56,251,0
313,970,0
251,1039,1
521,513,1
59,665,1
154,220,0
19,786,0
309,665,1
108,649,1
518,858,0
173,1074,0
120,786,1
395,263,0
386,811,1
366,916,0
563,668,0
271,655,0
110,50,0
433,25,0
57,609,1
418,909,0
565,511,0
379,640,1
89,863,0
169,642,0
159,857,0
157,525,1
161,830,0
365,0,0
395,29,0
491,195,0
257,242,0
573,570,1
9,713,0
419,549,0
138,970,0
207,644,0
380,670,1
88,500,0
234,332,0
108,475,1
4,187,0
177,928,0
341,390,0
414,147,0
347,529,1
484,609,1
468,253,0
84,822,0
149,667,1
267,652,0
8,476,1
119,355,0
238,294,0
544,262,0
294,571,1
107,773,0
512,513,1
518,855,0
361,356,0
231,778,1
353,211,0
375,892,1
198,1192,0
200,570,1
272,520,0
183,568,0
56,816,1
126,778,0
214,496,0
151,743,0
477,18,0
461,766,0
73,750,1
46,583,1
64,636,0
235,113,0
424,254,0
1,68,1
156,262,0
412,548,0
95,663,1
467,494,0
138,254,0
387,558,1
373,56,0
59,233,0
466,867,0
323,252,0
491,649,1
489,778,0
223,235,0
251,407,0
4,889,0
379,260,0
191,1030,0
138,816,0
157,171,0
402,910,1
27,641,1
55,12,0
491,513,1
314,45,0
387,568,1
234,851,0
276,252,0
113,22,0
395,915,0
503,309,0
154,716,0
14,763,1
433,657,0
18,651,0
124,299,0
71,844,0
27,826,1
439,43,0
563,867,0
500,197,0
180,275,0
496,330,0
9,629,1
369,421,0
425,724,0
113,710,0
357,482,0
155,669,0
308,216,0
138,547,0
478,642,1
153,235,0
37,340,0
178,283,0
491,514,1
449,382,0
297,663,1
380,716,0
430,578,0
234,820,0
503,849,1
126,859,0
132,480,0
258,316,0
428,311,0
365,494,1
521,665,1
100,254,0
77,642,1
380,270,1
341,957,0
509,577,1
397,668,0
515,55,0
174,896,0
341,470,0
467,948,0
299,250,0
95,771,1
392,771,1
550,850,1
243,786,0
236,194,0
9,322,0
307,1182,0
379,242,0
329,249,0
156,235,0
132,151,0
467,1056,0
93,768,0
60,504,1
447,650,1
198,1024,1
9,383,0
555,954,0
573,633,0
559,855,0
92,262,0
92,227,0
132,266,0
59,687,1
201,250,0
453,842,0
77,699,0
113,235,0
65,292,0
92,687,1
319,562,1
278,1017,0
565,265,0
555,537,1
114,99,1
251,292,0
124,332,0
214,304,0
32,610,1
443,335,0
568,501,1
389,945,0
194,19,0
379,750,0
297,575,1
209,568,0
499,414,1
135,100,0
289,222,0
36,783,1
370,225,0
564,220,0
292,786,1
433,233,0
247,313,0
32,573,1
8,1029,0
95,567,1
448,315,0
173,1112,0
506,859,0
425,615,0
44,549,0
344,294,1
560,799,1
4,887,0
560,259,0
475,537,0
51,348,0
262,265,0
13,1031,0
386,709,0
9,634,0
291,224,0
89,657,0
379,243,0
272,778,0
362,820,0
178,740,0
427,318,0
473,228,0
126,198,0
287,502,1
373,840,0
9,82,0
313,549,0
366,918,0
535,549,0
149,657,1
555,975,0
26,670,0
161,827,0
309,151,0
363,376,1
339,876,0
223,234,0
301,648,1
392,202,0
27,778,0
43,661,1
190,470,0
218,254,0
487,475,1
158,1037,0
329,526,1
484,566,1
116,269,0
0,60,0
425,669,0
251,562,0
313,226,0
391,845,0
181,268,0
125,235,0
486,660,1
524,748,0
379,575,0
389,832,0
272,502,0
187,220,0
568,769,1
191,326,0
555,642,1
248,909,0
511,632,0
101,356,0
379,847,1
343,223,0
91,611,1
251,528,0
442,564,0
201,535,0
361,780,0
274,234,0
511,650,0
155,300,0
201,681,0
207,757,0
395,251,0
526,1173,0
84,282,0
60,254,0
297,313,0
58,643,0
361,23,0
295,761,0
46,566,0
470,730,0
118,282,0
487,228,0
43,560,0
56,107,0
99,558,1
137,672,0
366,787,1
357,920,0
183,307,0
249,837,0
436,903,0
128,758,0
4,496,1
560,725,0
467,1205,0
25,640,1
95,295,0
183,232,0
223,474,1
491,641,0
276,872,0
72,662,1
37,274,0
573,549,1
362,974,0
425,48,1
352,667,1
533,637,1
353,731,0
18,35,0
432,922,0
533,274,0
313,30,0
116,265,0
93,574,0
49,292,0
389,336,0
271,648,0
467,1095,1
52,87,0
495,112,0
276,495,1
185,641,1
147,550,0
141,569,1
427,497,1
206,900,0
361,503,1
119,917,0
313,403,0
36,329,0
282,650,1
132,481,0
195,570,1
8,293,0
425,313,0
13,711,0
108,650,1
119,858,1
36,654,0
29,659,0
390,931,1
94,224,0
397,41,0
51,953,0
95,311,0
291,524,1
243,574,1
377,699,0
311,224,0
166,780,1
9,248,0
207,275,0
362,416,0
180,188,0
555,472,1
227,504,1
99,309,0
398,59,0
93,156,0
158,1112,0
227,473,1
362,736,0
141,575,0
427,515,0
486,643,0
328,104,0
379,658,0
397,31,1
467,461,0
9,614,0
412,536,0
122,634,0
362,864,0
7,222,0
361,336,0
436,551,0
356,511,1
26,251,0
386,187,0
14,847,1
310,674,0
533,566,0
173,1123,0
470,759,0
104,347,0
471,227,0
158,1168,0
511,313,0
526,645,0
571,655,0
187,513,1
304,310,1
49,821,0
138,645,0
209,245,0
56,249,0
137,777,0
267,554,1
32,323,0
247,775,1
56,517,0
529,112,0
266,272,0
158,1201,0
370,235,0
571,258,1
214,198,1
309,511,1
143,0,0
523,274,0
360,904,0
182,417,0
23,2,0
521,667,0
467,227,0
460,521,0
16,571,0
104,336,0
387,772,1
266,57,0
66,651,1
309,502,1
32,959,0
443,859,0
55,113,0
285,575,0
272,494,0
526,642,0
132,711,0
436,187,0
214,111,0
373,645,0
515,301,1
313,840,0
78,907,0
362,236,0
173,1119,0
126,835,0
44,548,1
113,869,1
201,238,0
328,709,1
267,535,1
470,674,0
555,768,0
511,755,1
508,691,0
214,107,0
515,647,0
515,573,1
538,822,1
185,283,0
433,757,0
172,910,0
183,194,0
428,69,0
297,962,0
15,300,0
303,1108,1
467,924,0
491,546,0
9,918,0
253,16,0
531,280,0
32,251,0
292,776,0
303,833,0
187,523,1
446,691,0
219,714,1
339,251,0
249,328,0
174,250,0
19,779,1
329,559,0
386,547,0
535,577,0
32,922,0
65,781,1
263,278,0
171,652,1
556,298,0
564,253,0
553,665,1
180,856,0
307,1021,1
412,670,0
132,893,0
393,254,0
77,661,1
561,118,0
320,223,0
110,820,0
527,817,0
297,229,0
136,824,0
164,655,1
548,821,0
141,317,0
563,257,0
114,614,0
132,352,0
245,229,0
84,637,1
143,565,0
436,274,0
187,563,0
149,663,1
361,341,0
56,126,0
369,895,0
177,354,0
522,575,1
467,277,0
74,26,0
313,668,0
23,489,0
198,912,0
497,907,1
386,331,0
251,901,1
224,311,0
243,795,0
313,826,0
0,575,0
519,566,0
446,278,0
56,776,0
519,560,1
488,912,0
526,278,0
317,31,0
475,229,0
276,576,1
452,575,1
568,721,1
173,913,0
141,178,0
430,615,0
361,561,1
274,274,0
200,565,0
81,504,1
467,959,0
422,752,0
467,453,0
467,955,0
130,713,0
205,25,0
467,904,0
18,512,1
377,701,1
169,655,1
137,776,0
71,275,0
219,768,1
541,551,1
260,850,0
206,250,0
18,712,0
51,912,0
449,900,1
339,761,0
518,5,0
89,259,0
417,562,0
164,238,0
110,711,0
203,113,0
392,208,0
10,67,0
525,840,1
556,841,0
219,323,0
9,155,0
81,921,0
127,631,0
202,317,0
91,672,0
110,656,0
185,777,1
555,380,0
157,534,1
4,708,0
431,54,0
113,871,1
235,41,0
88,521,1
425,780,1
517,714,0
19,234,0
452,534,1
433,715,0
292,266,0
261,315,0
308,203,0
426,418,0
568,650,1
108,779,1
36,643,0
56,669,0
86,638,1
95,270,0
331,651,1
217,709,0
478,87,0
436,564,0
9,475,1
392,920,0
467,1161,0
439,855,0
386,337,1
109,257,0
345,687,1
124,254,0
197,893,0
56,574,0
89,713,0
475,771,0
189,773,1
88,517,1
88,496,1
560,351,0
410,106,0
357,245,0
276,665,0
569,776,1
7,502,0
189,662,0
113,778,0
309,331,0
126,866,0
186,336,0
36,640,0
98,963,0
388,672,0
101,662,1
104,929,0
162,328,0
101,54,0
436,239,0
180,724,0
260,788,1
163,253,0
274,722,0
100,241,0
559,8,0
88,313,0
138,775,1
467,838,0
249,312,0
206,422,0
4,71,0
202,532,1
417,922,0
114,312,0
448,919,0
141,521,1
297,926,0
223,511,1
300,566,0
241,660,0
141,13,0
467,128,0
81,511,1
276,260,0
249,637,0
373,357,0
60,230,1
335,653,1
65,882,0
236,682,0
99,301,0
209,265,0
526,761,0
276,255,0
9,276,0
110,639,0
550,847,0
243,808,0
157,315,0
522,707,0
560,326,0
417,128,1
403,892,1
289,236,0
18,174,0
26,662,1
448,954,0
267,846,0
535,653,1
189,712,0
386,293,0
477,553,0
321,78,0
194,859,0
559,295,0
313,1030,0
251,61,0
202,516,1
209,645,0
559,35,1
347,537,1
425,609,1
373,228,0
153,231,0
313,839,1
88,230,0
522,548,1
226,341,0
366,322,0
73,847,1
10,418,1
13,969,0
313,300,0
236,259,0
251,39,0
39,31,0
69,892,1
95,659,1
434,268,0
59,556,1
399,23,0
94,639,1
448,631,0
341,782,0
201,20,0
64,898,1
395,294,0
243,816,0
339,614,0
513,645,0
154,723,1
554,125,0
308,319,0
137,252,0
514,856,0
165,238,0
18,709,0
13,355,0
230,332,0
503,713,0
555,270,0
521,827,1
202,205,0
263,769,1
219,840,1
23,124,0
164,254,0
204,273,0
467,201,0
379,330,0
447,255,0
173,1172,0
249,768,0
472,255,0
65,842,0
285,609,1
555,849,0
521,646,0
64,786,1
432,778,0
4,547,0
9,361,0
361,331,0
214,224,0
427,511,0
72,572,1
411,770,1
276,564,0
16,711,1
491,851,0
186,292,0
521,615,1
353,577,0
114,83,0
313,465,0
417,850,0
339,299,0
522,199,1
156,858,0
537,1134,1
553,683,1
313,277,0
357,819,1
113,297,0
508,840,0
370,243,0
432,1036,0
251,741,1
301,224,0
563,708,0
4,870,0
309,848,0
156,222,0
49,822,0
1,929,0
573,513,0
151,759,0
238,863,1
81,125,0
23,51,0
81,637,0
315,856,0
362,446,0
37,834,0
443,496,0
98,971,0
309,761,0
140,665,0
362,905,0
308,1,1
113,821,1
569,656,1
81,775,1
224,274,0
242,255,0
531,711,0
177,958,0
72,203,0
523,641,0
379,764,1
132,355,0
361,523,1
36,0,0
251,906,0
263,660,1
71,853,1
500,631,0
99,246,1
515,201,0
84,669,0
288,909,0
33,311,0
412,582,1
397,278,0
564,151,0
541,236,0
263,287,0
103,415,1
292,850,0
432,322,0
230,954,0
166,226,0
341,407,0
156,253,0
46,504,0
483,561,1
436,661,0
8,927,0
236,249,0
287,515,1
297,114,0
81,649,1
177,979,1
132,11,0
437,249,0
397,532,1
219,298,0
313,472,0
36,553,0
555,972,0
535,500,1
478,52,1
512,479,0
555,664,0
205,473,0
271,661,0
210,907,0
297,482,0
362,242,0
184,656,0
267,786,1
18,495,0
463,895,1
532,524,0
313,476,0
251,931,0
317,82,0
387,238,0
478,529,0
214,686,1
154,581,1
98,784,1
309,473,1
287,145,0
56,762,0
66,645,0
251,1160,0
439,3,0
436,931,0
226,920,0
556,714,0
4,783,1
174,908,0
120,948,0
386,846,0
2,845,1
138,828,0
417,496,1
77,891,0
571,682,0
266,232,0
249,845,1
436,479,0
332,802,0
263,688,1
373,327,0
426,911,1
251,1159,0
447,768,1
560,267,0
541,107,0
254,283,0
9,636,0
442,131,0
101,774,0
554,521,0
412,475,1
535,210,0
52,494,1
120,904,0
308,850,1
292,821,0
173,374,0
120,937,0
13,929,0
328,614,1
339,770,0
378,827,0
186,927,0
560,846,1
201,332,0
395,480,1
533,313,0
198,956,0
392,661,0
282,231,0
93,502,0
49,276,0
32,266,0
395,921,0
475,666,0
108,250,1
267,511,1
51,951,0
141,59,0
343,309,0
544,658,1
567,113,0
55,224,0
475,836,1
226,926,0
0,559,1
109,779,1
8,854,0
137,0,0
393,903,0
564,874,0
469,652,1
421,4,0
247,536,1
559,289,0
555,333,0
496,929,0
251,293,0
77,192,0
521,230,1
443,756,0
81,708,0
125,649,1
518,273,0
417,938,0
295,849,0
267,282,0
468,224,0
289,659,0
104,1193,0
452,134,0
267,230,0
359,720,1
196,583,0
568,360,0
172,417,0
292,610,0
173,437,0
555,951,0
5,639,1
158,400,0
18,554,0
515,328,0
202,314,1
448,334,0
559,302,0
126,582,1
398,656,1
322,824,0
362,601,1
503,109,0
31,562,0
249,292,0
350,567,0
18,515,0
337,33,1
55,609,1
154,643,0
513,672,0
297,964,0
448,1104,0
18,296,0
126,2,0
518,837,0
149,270,0
35,273,1
443,745,1
268,899,0
245,255,0
303,1113,0
100,266,0
156,769,0
568,249,0
387,259,0
25,261,1
503,151,0
378,756,0
494,133,0
562,825,0
274,236,0
448,366,0
162,327,0
297,709,1
536,582,0
183,473,0
526,1130,1
315,717,0
37,287,0
155,277,0
236,261,0
64,57,0
0,473,0
154,786,1
448,1008,0
405,319,0
214,567,0
72,252,0
417,778,0
491,712,0
503,503,0
427,130,0
469,574,1
273,650,1
365,515,0
77,850,0
120,939,0
313,919,0
459,635,0
378,864,1
137,268,0
81,666,0
187,31,0
132,738,1
276,151,0
251,1189,0
219,17,0
319,313,0
297,938,0
328,560,1
292,835,0
471,221,0
379,341,0
307,953,0
17,256,0
288,896,0
307,355,0
242,501,1
183,279,0
93,224,0
361,821,0
254,786,1
398,474,0
0,514,0
329,222,0
506,845,1
159,223,0
524,533,1
93,479,1
380,682,0
36,333,0
472,843,1
518,308,0
16,254,0
81,292,0
518,295,0
104,935,0
272,860,0
455,794,1
72,537,1
433,118,0
201,349,0
109,330,0
1,952,0
408,828,0
236,222,0
183,583,1
272,876,1
461,655,1
378,283,0
554,109,0
539,562,1
531,849,0
521,272,0
124,534,1
279,254,0
32,284,0
244,256,0
313,278,0
448,359,0
372,633,0
499,435,0
442,212,0
555,1032,0
513,649,1
77,103,0
151,762,0
303,1009,0
508,785,1
149,824,1
159,226,0
23,547,0
223,479,1
448,443,0
8,937,0
388,250,0
535,656,1
158,358,0
526,535,1
467,273,0
461,847,1
559,615,0
35,283,0
374,259,0
162,823,0
225,255,0
555,533,1
32,227,0
487,473,1
506,834,0
59,161,0
101,229,0
249,316,0
362,773,0
154,255,0
243,565,0
449,357,0
13,896,1
93,223,0
174,435,0
36,110,0
155,224,0
352,654,1
101,997,0
343,254,0
522,88,0
328,157,0
261,773,1
1,267,0
499,434,0
365,182,0
15,825,1
467,280,0
379,768,0
178,259,0
563,241,0
559,861,0
536,312,0
373,81,0
560,666,0
138,829,1
329,678,1
184,732,0
202,228,0
392,521,1
419,24,0
467,336,0
392,531,0
242,482,1
397,768,0
267,336,0
26,667,1
209,513,1
503,300,0
51,405,0
229,894,0
50,707,0
328,280,0
212,249,0
339,667,0
37,821,0
500,170,0
154,277,0
379,222,0
433,193,0
351,635,0
195,579,0
329,228,0
191,899,1
168,482,0
357,322,0
384,650,0
183,280,0
524,284,0
545,892,1
431,565,1
267,116,0
29,655,0
251,1132,0
173,415,1
236,570,1
120,855,0
124,847,1
72,713,0
389,907,0
230,358,1
64,609,1
61,820,1
138,561,0
287,258,0
110,221,0
362,953,0
353,531,1
119,1020,0
529,15,0
532,534,0
218,253,0
290,227,0
361,564,0
272,125,0
415,232,0
223,523,0
276,775,1
302,562,1
293,223,0
92,481,0
276,763,0
307,1011,0
467,832,0
72,657,1
511,333,0
518,279,0
511,855,0
318,223,0
38,235,0
59,185,0
515,537,0
266,853,0
313,356,0
478,258,0
487,130,1
473,551,0
93,651,0
448,502,1
36,673,1
176,266,0
138,920,1
95,136,0
92,276,0
93,482,1
336,325,0
187,570,1
342,723,1
468,159,0
487,663,1
309,747,1
424,127,0
339,514,1
475,114,0
357,352,0
517,649,1
243,941,0
559,709,1
304,227,0
568,775,1
433,250,0
404,237,0
347,335,0
511,303,0
562,326,0
565,124,0
251,1107,1
475,664,0
276,23,0
84,844,0
391,840,0
191,355,0
100,784,1
176,708,1
132,61,0
9,568,0
508,276,0
236,177,0
362,322,0
260,840,1
336,249,0
123,321,0
266,26,0
65,302,0
440,249,0
398,254,0
124,724,0
447,636,1
113,472,1
177,921,0
109,286,0
105,818,1
113,224,0
309,558,0
135,30,0
425,565,0
470,746,0
251,903,0
48,236,0
81,297,0
118,355,0
72,815,0
304,313,0
44,225,0
276,332,0
436,632,0
102,119,0
379,751,0
251,1192,0
565,640,0
249,311,0
9,898,0
128,672,0
412,836,1
278,1010,0
137,646,0
339,238,0
73,736,1
123,938,0
554,227,0
181,272,0
521,960,0
319,480,0
7,56,0
36,289,0
56,639,0
2,874,0
449,1026,1
166,124,0
387,709,1
56,668,0
224,632,0
215,15,0
329,567,0
219,531,1
158,947,0
555,577,1
343,94,1
159,713,0
55,192,0
559,258,0
525,101,0
19,268,0
229,901,1
236,76,0
235,567,0
183,775,0
130,257,0
341,329,0
158,427,0
272,779,1
472,662,1
100,666,1
346,583,1
267,327,0
525,747,0
49,609,1
307,364,0
85,821,0
451,768,0
303,1030,0
84,227,0
397,1001,0
266,474,0
110,268,0
297,364,0
92,287,0
309,147,0
81,780,1
93,234,0
104,345,0
436,234,0
89,711,0
177,308,0
55,558,0
467,535,1
371,897,1
398,854,0
559,319,0
291,611,0
107,684,1
568,472,1
37,769,0
37,298,0
164,829,0
201,562,0
7,709,0
491,864,0
283,637,0
84,817,0
369,422,0
350,579,1
176,272,1
373,356,0
386,921,0
422,61,1
77,569,1
535,222,0
126,670,0
50,760,0
339,276,0
397,550,0
251,1150,1
564,781,1
18,783,1
1,220,0
472,727,0
397,1017,0
469,239,0
539,313,0
357,337,0
4,258,0
443,707,0
507,856,0
467,569,0
159,510,1
409,252,0
398,649,1
14,732,0
526,383,1
94,691,0
307,462,0
417,406,1
509,551,1
329,282,0
518,849,1
181,837,1
365,547,0
430,567,0
517,658,1
191,342,0
51,354,0
120,914,0
124,223,0
222,761,0
297,275,0
503,48,0
503,260,1
421,176,0
518,644,0
169,271,0
178,287,0
18,819,1
417,156,0
61,789,0
167,480,0
564,567,0
121,646,0
9,362,0
564,514,1
322,823,0
478,569,1
511,279,0
59,474,0
84,97,0
526,1174,0
556,251,0
41,268,0
500,315,0
8,352,0
425,522,1
297,292,0
202,151,0
180,259,0
18,845,0
177,331,0
350,231,0
297,223,0
564,564,0
25,249,0
443,652,1
94,650,1
511,760,1
81,21,0
433,519,0
541,262,0
7,284,0
18,319,0
113,714,0
292,759,0
95,354,0
507,719,0
125,226,0
299,893,0
568,497,1
1,739,0
102,101,0
101,893,0
412,660,0
26,777,0
227,564,0
290,224,0
192,787,0
238,851,0
272,580,1
536,313,0
515,755,0
524,650,1
156,853,0
91,610,1
517,239,0
512,522,1
6,780,1
188,665,1
472,856,1
310,664,0
373,473,1
569,707,0
515,848,0
535,2,1
366,321,0
110,874,0
249,229,0
9,364,0
526,162,0
568,274,0
564,775,1
473,260,0
94,250,0
194,858,0
373,560,0
209,225,0
10,252,0
92,157,0
180,869,1
251,555,1
126,839,0
325,262,0
173,1147,0
343,315,0
9,260,0
4,582,1
123,815,0
339,889,0
303,446,0
460,239,0
137,494,1
16,634,0
354,855,1
478,505,1
521,277,0
150,794,1
14,713,0
236,648,0
73,293,0
1,923,1
224,636,0
312,466,1
37,855,0
181,773,0
448,651,1
291,530,1
143,530,1
508,769,0
460,535,1
436,939,0
455,923,0
514,848,0
158,1155,0
75,189,0
119,284,0
254,327,0
356,295,0
339,649,1
9,245,0
32,677,0
108,266,1
227,285,1
32,909,0
393,911,0
531,278,0
7,857,0
373,864,1
401,54,0
158,898,1
518,889,0
205,0,0
447,275,0
154,297,0
330,691,0
93,504,0
560,644,1
37,748,1
339,310,1
102,109,0
417,446,1
92,610,1
353,651,1
274,763,0
36,282,0
267,52,0
412,234,0
71,252,0
169,613,0
271,239,0
295,846,1
108,500,1
292,712,0
461,755,0
99,514,1
521,126,0
521,1022,0
426,896,1
126,255,0
433,157,0
555,158,0
101,303,0
224,575,1
515,729,1
104,1189,0
487,650,1
361,835,0
401,140,0
114,502,1
270,788,0
395,768,0
470,720,0
425,748,1
526,638,0
126,71,0
568,261,0
452,69,0
491,269,0
116,654,1
198,1132,0
132,408,0
519,480,1
267,112,0
29,220,0
329,512,1
263,297,0
48,480,0
356,292,0
559,84,0
443,559,1
198,1117,0
345,671,0
7,311,0
100,824,1
524,529,1
72,2,0
428,608,0
362,520,0
81,872,1
342,276,0
379,510,1
398,776,1
491,865,0
43,4,0
240,663,1
184,253,0
107,636,0
116,653,0
4,922,0
141,494,1
447,711,1
125,558,0
448,445,0
251,1113,1
118,274,0
524,98,0
310,680,1
467,576,0
448,383,0
272,780,1
8,1036,0
395,475,1
565,255,0
467,1123,1
7,262,0
25,225,0
426,131,0
15,323,0
198,382,0
508,820,1
236,687,0
181,264,1
468,640,1
183,859,0
431,15,0
557,908,0
138,222,0
303,928,0
568,323,0
6,777,0
412,293,0
555,284,0
197,901,1
453,846,0
363,357,0
1,964,0
283,253,0
212,903,1
503,653,1
373,937,1
373,304,0
470,682,1
248,896,0
392,268,0
559,270,0
137,245,0
417,821,0
344,721,1
363,774,0
164,711,1
80,13,1
460,514,0
23,211,0
33,319,0
565,579,1
365,196,0
198,1196,0
380,777,1
563,271,0
113,845,0
469,561,0
65,888,0
80,62,0
169,332,0
435,475,1
119,322,0
467,300,0
467,307,0
67,908,0
18,479,0
93,554,0
291,234,0
4,610,0
180,252,0
564,230,0
363,839,1
330,637,0
194,860,0
339,928,0
559,119,0
397,253,0
378,838,1
4,272,0
261,774,1
13,280,0
313,481,0
98,978,0
159,788,0
521,504,1
261,720,0
274,641,1
66,637,1
141,532,1
257,652,1
544,251,0
397,664,0
100,248,0
99,639,1
46,222,0
249,58,0
563,661,0
184,780,0
328,535,1
84,560,1
339,840,0
21,645,0
395,81,0
7,481,0
224,49,0
110,480,0
518,326,0
150,332,0
169,561,1
564,332,0
329,561,1
8,284,1
404,249,0
302,564,0
124,270,0
245,652,1
227,571,0
338,908,0
436,824,1
346,55,1
239,309,0
466,751,0
149,661,1
236,505,1
448,472,1
447,642,0
198,1195,0
1,230,0
379,565,1
363,772,1
16,668,0
379,45,0
164,276,0
341,1036,0
94,708,0
387,311,0
10,91,1
19,571,0
417,333,0
198,1104,1
60,58,0
123,829,1
95,561,1
558,575,1
4,116,0
108,637,1
503,788,0
541,251,0
132,613,0
565,839,0
21,708,1
467,786,0
236,130,0
101,734,0
466,852,0
559,41,0
138,615,1
120,323,0
428,68,0
412,147,0
541,260,0
77,771,1
526,382,0
446,252,1
13,824,0
8,106,0
22,32,0
443,938,0
271,244,0
243,274,0
257,638,0
251,324,1
475,11,0
94,274,0
173,1173,0
113,76,0
363,422,0
154,133,1
93,776,1
319,9,0
140,636,0
89,280,0
19,713,0
251,241,0
4,293,0
360,897,1
137,46,0
375,249,0
110,855,0
119,1000,0
425,227,0
428,549,0
555,389,0
433,316,0
563,504,0
186,352,0
278,964,0
159,742,0
114,276,0
21,279,0
243,513,0
178,776,1
544,246,0
276,560,0
503,560,0
175,15,0
198,1112,0
297,770,0
451,672,1
336,636,0
378,714,1
48,824,1
560,827,1
216,708,1
59,848,0
159,357,0
526,1012,0
155,726,0
93,232,0
245,653,1
155,786,1
524,205,0
205,510,1
530,907,0
565,536,0
167,501,1
455,929,0
219,675,1
273,9,0
155,260,0
113,136,0
128,707,0
420,898,0
548,825,0
180,474,1
555,822,1
81,10,0
361,566,0
461,736,1
460,70,0
93,534,1
177,278,0
565,649,0
568,670,1
357,4,0
81,336,0
339,682,0
93,655,0
397,332,0
507,845,0
361,118,0
230,337,0
373,323,0
317,101,0
198,946,0
412,238,0
104,335,0
340,87,0
559,548,0
346,526,1
542,262,0
137,250,0
8,707,1
224,576,1
316,662,0
164,271,0
512,16,0
17,636,0
550,293,0
101,816,0
397,939,0
401,71,0
521,782,1
568,610,0
386,121,0
556,771,1
194,848,0
556,266,0
158,421,1
291,101,0
240,232,0
165,641,1
276,926,1
166,777,0
37,720,0
214,479,0
184,655,0
200,179,0
169,574,1
180,163,0
381,226,0
180,314,0
32,271,0
533,230,0
563,760,0
379,774,0
316,260,0
363,903,0
249,233,0
191,321,0
165,79,0
422,850,0
272,713,1
363,391,0
236,690,0
95,569,1
1,658,1
475,277,0
571,639,1
560,256,0
224,280,0
4,559,0
263,265,0
90,356,0
282,230,0
524,667,0
554,118,0
132,325,0
114,278,1
285,583,0
110,518,1
503,645,0
16,583,0
35,840,1
487,202,1
447,280,0
209,651,1
77,46,0
555,569,1
19,837,1
251,1174,0
254,827,1
183,16,1
145,333,0
79,551,0
398,289,0
316,776,1
137,674,0
353,18,0
357,638,1
46,101,0
142,207,0
452,502,0
409,473,0
315,279,0
120,895,1
316,258,0
159,609,0
81,720,1
201,301,0
84,355,0
460,174,0
283,648,0
8,941,0
202,562,1
535,666,0
461,284,0
512,534,1
214,654,1
86,229,0
343,608,1
101,978,0
503,565,0
417,480,0
126,672,0
4,784,1
535,309,0
257,668,1
36,260,0
56,839,1
251,918,1
449,992,0
141,561,0
120,710,0
328,837,0
310,839,1
15,334,0
1,570,1
563,650,0
348,865,0
155,550,0
159,51,0
124,549,1
268,898,1
357,570,1
473,568,1
477,196,0
50,766,0
135,202,0
23,571,1
270,333,0
43,567,0
0,591,0
138,927,0
392,649,0
343,297,0
166,152,1
362,407,0
113,558,0
94,772,1
475,662,0
44,481,1
297,687,0
507,867,0
81,560,1
472,836,1
430,565,0
7,777,0
379,652,1
503,569,1
457,768,0
69,251,0
263,292,0
556,661,0
309,235,0
308,125,0
463,774,1
380,758,1
563,300,0
380,778,1
19,105,0
397,358,0
132,771,0
101,481,0
165,495,1
60,639,0
568,921,0
443,567,1
159,968,0
526,1201,0
219,308,0
124,512,1
0,625,0
339,937,0
192,276,0
243,275,0
268,250,0
339,482,0
194,105,0
18,223,0
249,824,1
231,272,0
272,658,1
395,730,0
36,983,1
81,566,0
261,770,0
226,1036,0
180,230,0
417,481,1
389,332,0
219,772,1
312,453,0
406,415,1
356,858,0
138,657,0
313,71,0
154,562,0
119,363,0
113,303,0
375,265,0
428,631,0
486,230,0
95,514,1
361,820,0
176,284,0
100,707,1
339,887,0
92,475,1
169,937,0
571,243,0
568,558,1
92,680,1
339,554,0
141,55,0
528,549,0
95,331,0
113,703,0
568,58,0
13,323,0
7,152,0
386,228,0
64,938,0
243,154,0
557,892,0
36,872,1
309,792,0
70,818,1
183,864,0
104,333,0
189,264,0
432,355,0
196,315,0
467,394,0
411,846,1
261,748,0
567,69,0
473,494,0
568,211,0
313,986,0
524,664,1
473,528,1
483,527,0
180,632,0
171,238,0
192,272,0
295,287,0
188,261,0
555,576,0
311,312,0
472,664,1
320,669,1
273,256,0
518,233,0
247,779,0
519,141,0
104,938,0
155,821,0
301,238,0
108,251,1
207,769,0
9,273,0
36,101,0
363,382,0
145,926,0
132,657,1
167,519,0
219,328,0
35,285,0
140,640,0
137,666,0
309,277,0
564,641,0
247,206,0
1,733,0
16,650,1
417,900,1
88,225,0
36,479,0
243,915,0
274,639,1
214,525,1
184,260,0
508,282,0
328,112,0
119,834,0
130,707,1
245,259,0
48,863,0
417,1010,1
124,612,1
56,642,0
432,856,0
382,265,0
4,862,0
528,561,1
125,319,0
72,614,0
339,26,1
343,50,0
59,734,0
451,259,0
141,526,1
559,472,0
522,495,1
247,501,1
158,394,0
173,1009,0
155,710,0
368,297,0
272,526,0
21,670,0
43,537,1
487,479,1
363,823,0
447,686,0
81,273,0
442,505,1
520,232,0
475,727,1
273,531,1
201,331,0
467,532,0
515,559,1
266,236,0
514,827,0
386,698,1
209,646,0
466,767,0
123,332,0
137,822,1
101,760,0
261,711,0
273,228,0
16,652,1
178,661,0
236,554,0
433,164,0
249,568,1
509,575,1
154,344,0
254,819,1
178,253,0
503,521,0
449,918,0
314,109,0
101,298,0
268,907,0
51,347,0
357,822,1
521,961,0
526,257,0
565,707,0
395,19,0
446,714,0
319,659,1
417,1147,0
155,670,0
475,834,0
448,222,0
95,946,0
361,644,1
164,662,1
223,565,0
198,900,1
48,260,0
207,779,0
165,528,0
452,562,0
327,460,0
106,412,0
357,775,1
99,771,1
273,274,0
156,717,1
166,504,1
443,916,1
310,275,0
183,282,0
422,830,0
158,1189,0
541,253,0
99,110,0
23,501,0
417,1117,0
120,374,0
467,839,0
313,394,0
205,98,1
421,530,1
508,661,1
18,863,0
99,650,1
249,839,1
387,234,0
461,661,0
362,776,1
415,641,0
509,45,1
236,609,1
160,583,1
43,866,0
118,924,0
89,837,0
460,180,0
507,284,0
104,1182,0
390,337,0
329,284,0
524,0,1
56,257,0
249,301,0
55,555,0
448,1087,0
71,848,1
356,224,0
85,825,0
247,971,0
362,126,0
64,743,1
124,328,0
116,772,1
8,230,0
564,315,0
267,473,1
266,571,1
46,632,0
108,672,1
110,472,0
273,576,0
217,711,0
21,231,0
180,271,0
560,330,0
313,900,1
368,836,0
524,648,0
132,60,0
46,514,0
555,657,0
505,578,1
214,530,1
564,12,0
42,16,1
219,274,0
232,904,0
261,253,0
53,896,0
247,480,1
266,842,0
553,669,0
521,916,0
357,51,0
555,364,0
509,514,1
507,887,0
448,356,0
541,42,0
397,496,1
241,234,0
421,163,0
511,567,0
110,0,0
512,547,1
251,482,0
339,644,0
466,879,0
60,714,0
1,303,0
37,277,0
330,774,1
457,288,0
13,293,0
29,577,0
542,908,1
64,950,0
270,823,1
427,258,0
267,257,0
415,246,0
413,257,0
36,611,1
198,395,0
287,551,1
272,561,0
125,771,1
8,310,0
242,513,1
224,558,1
159,254,0
563,778,0
0,475,1
295,815,1
84,335,0
126,309,1
351,608,1
316,639,1
84,818,0
126,846,0
4,669,0
295,284,0
243,846,0
260,179,0
461,777,0
491,494,1
292,282,0
477,570,1
159,173,1
351,310,0
145,943,0
541,315,0
138,228,0
180,783,1
235,482,1
212,127,0
353,744,0
9,910,1
9,946,1
138,944,0
315,842,0
266,270,0
569,771,1
119,280,0
120,775,0
503,298,0
507,283,0
397,928,0
166,571,1
126,852,0
436,556,0
379,0,0
10,101,0
513,660,0
422,855,0
205,525,0
125,665,1
467,356,0
518,479,0
521,238,0
180,547,0
106,419,0
213,224,0
49,236,0
363,326,0
98,944,0
19,769,0
467,941,0
8,200,0
104,1122,0
48,301,0
251,615,0
29,313,0
219,22,0
361,837,1
263,298,0
180,75,0
99,710,1
183,567,0
325,322,1
527,782,0
113,684,0
568,773,0
48,859,1
291,546,1
4,781,0
155,1015,0
526,1081,0
476,321,0
84,274,0
101,270,0
180,716,0
428,533,0
49,311,0
417,415,1
320,312,0
511,649,1
19,312,0
18,642,0
6,750,1
132,770,1
442,162,0
214,643,0
155,210,0
276,280,0
5,780,0
108,0,0
398,236,0
267,530,1
392,106,0
562,335,0
357,656,1
99,780,1
400,846,1
467,383,0
187,52,0
573,512,1
425,665,1
565,256,0
430,613,0
180,530,0
525,730,0
32,640,1
119,285,0
221,903,0
472,747,1
555,696,1
92,776,1
245,662,1
267,637,0
207,250,0
119,1008,0
21,669,1
361,225,0
138,138,0
163,417,0
292,623,1
164,235,0
562,824,0
46,658,0
243,821,0
191,360,0
219,482,1
159,494,1
546,241,0
315,849,0
491,570,0
315,711,1
535,562,0
166,559,1
251,968,0
21,269,0
357,248,0
124,309,0
532,105,0
227,360,0
161,788,0
189,648,0
137,675,0
417,1165,0
511,862,0
120,864,0
247,634,0
219,744,0
36,671,0
503,787,0
397,906,0
15,830,0
56,760,0
404,243,0
319,275,0
509,521,0
156,2,0
226,1035,0
363,952,0
389,937,0
169,195,0
391,843,0
124,661,1
99,751,1
408,817,1
201,156,0
339,296,0
419,514,1
21,687,0
18,258,1
443,889,1
503,282,0
251,1049,1
198,355,0
43,874,0
245,239,0
386,504,0
288,908,0
522,537,1
128,639,1
365,11,0
511,566,0
428,199,0
260,756,0
177,272,0
433,474,1
386,13,1
352,253,0
128,760,0
59,279,0
101,852,0
43,505,1
444,650,1
50,732,0
159,635,0
163,419,0
554,4,0
120,1011,1
276,666,1
341,951,0
77,550,0
392,282,0
247,825,0
378,292,0
436,271,0
565,714,0
132,350,0
7,241,0
398,227,0
398,562,1
443,839,1
487,476,1
101,634,0
550,272,0
68,280,0
158,895,1
183,512,0
554,152,0
503,496,0
124,843,0
44,504,1
351,633,0
559,520,1
433,510,1
564,311,0
113,163,0
468,529,1
126,574,0
526,825,0
223,53,0
436,664,0
32,915,0
64,530,1
273,667,0
380,683,0
124,824,0
5,640,0
267,667,1
319,614,1
350,633,0
338,894,1
251,914,0
19,854,0
489,776,0
124,253,0
18,974,0
519,502,1
164,243,0
386,959,0
305,277,0
173,1111,0
352,638,1
59,627,1
386,319,1
339,329,0
171,779,1
149,817,1
328,315,0
155,771,1
227,331,0
281,256,0
365,475,1
397,480,1
297,648,0
114,267,0
526,415,1
309,253,0
101,823,0
126,101,0
448,683,0
379,874,1
362,708,0
425,608,0
92,578,1
417,246,0
325,282,0
1,820,0
176,777,1
113,850,0
573,547,0
320,636,0
113,312,0
535,547,1
317,71,0
417,259,0
101,99,0
142,193,0
432,260,0
183,646,0
467,1134,0
216,257,0
417,660,1
531,862,0
272,777,1
84,284,0
158,461,0
84,223,0
100,249,0
272,164,0
535,632,0
126,844,0
517,640,1
110,326,0
522,551,1
155,529,0
323,253,0
417,352,0
358,907,1
323,258,0
511,221,0
151,731,0
81,253,0
95,245,0
180,297,0
5,771,1
539,314,0
387,839,1
313,645,0
309,276,0
366,336,0
198,1194,0
180,710,0
328,203,0
433,530,0
443,834,0
109,284,0
506,858,0
559,259,0
77,845,1
155,220,0
77,871,0
480,473,1
441,237,0
198,405,0
448,664,0
55,512,1
93,770,0
573,504,1
568,717,0
110,547,0
449,921,0
428,577,0
227,644,0
46,631,0
519,562,1
515,244,0
43,871,0
13,836,0
563,569,1
189,776,1
539,576,0
398,47,0
565,775,0
169,667,1
521,709,1
13,358,0
565,480,0
159,518,1
65,825,0
555,16,0
283,668,1
363,957,0
313,895,1
564,536,0
32,168,0
151,785,1
555,834,0
114,234,1
378,291,1
449,984,1
448,546,0
2,829,0
58,669,0
339,55,0
48,639,0
32,233,0
331,638,0
556,636,0
436,330,0
286,898,1
505,312,0
472,660,1
18,770,0
460,151,0
162,963,0
356,658,0
266,289,0
201,938,0
331,239,0
60,223,0
568,711,1
198,379,0
12,563,0
343,232,0
398,310,0
354,260,0
36,224,0
238,280,0
201,612,1
341,941,0
508,689,0
307,470,0
126,234,0
84,638,0
166,547,1
291,316,0
380,280,0
247,286,0
245,671,0
461,759,0
93,512,0
60,645,0
412,494,1
442,474,1
132,332,0
473,74,0
436,823,1
10,76,0
550,858,1
180,518,1
169,279,0
51,346,0
119,1012,0
319,51,0
93,566,0
84,210,0
101,128,0
58,667,0
565,524,0
507,280,0
454,24,0
328,669,0
526,447,0
363,713,0
5,255,0
183,286,0
140,672,0
472,772,1
204,788,0
313,280,0
426,445,0
467,942,0
101,921,0
251,693,0
108,549,1
469,657,0
101,316,0
518,328,0
173,389,1
313,156,0
473,546,0
272,644,0
495,135,0
201,494,1
387,523,1
204,821,0
143,569,0
137,853,1
71,254,0
380,650,1
263,772,1
452,56,0
432,775,1
124,639,1
176,856,1
432,1018,0
362,771,1
118,307,1
484,312,0
443,920,1
568,478,1
297,675,0
379,315,0
303,935,0
183,577,1
390,922,0
93,262,0
455,799,1
184,749,0
493,30,1
6,284,0
94,252,0
559,550,1
48,860,0
573,479,1
378,765,1
154,292,0
317,57,0
328,641,0
386,779,1
544,731,0
514,875,0
154,565,0
309,781,1
366,325,0
565,852,0
362,371,0
467,1130,0
0,105,0
334,708,1
507,708,1
303,925,0
255,656,1
173,1122,1
14,848,1
411,648,1
263,264,0
272,181,0
169,530,1
155,709,0
56,629,1
473,222,0
555,295,0
534,558,0
207,654,1
345,648,0
92,496,1
448,689,1
509,316,1
48,298,0
471,228,0
205,615,0
296,255,0
368,300,0
343,496,1
4,782,0
84,474,0
50,729,0
518,709,0
395,947,0
397,859,1
262,475,1
362,473,1
180,666,0
511,864,0
559,680,1
353,750,1
413,640,1
475,330,0
389,335,0
436,351,0
267,781,1
224,534,0
11,908,1
214,481,1
95,639,1
341,406,0
356,714,0
503,262,0
522,576,1
200,553,0
276,550,0
25,671,0
313,319,0
114,283,0
205,109,0
108,651,1
420,895,1
51,352,0
137,651,0
130,636,0
297,194,0
124,713,0
135,75,1
16,13,0
162,1018,0
506,824,1
534,578,1
247,652,1
66,776,1
156,472,0
138,327,0
251,446,0
565,641,0
362,238,0
1,1000,0
247,316,0
314,76,0
214,787,1
503,315,0
343,631,0
478,230,0
328,768,0
104,972,0
58,235,0
25,224,0
448,354,0
527,786,1
565,220,0
162,898,0
55,631,0
447,254,1
356,17,0
8,514,1
228,15,1
525,128,0
358,900,0
505,608,0
518,785,1
238,854,1
484,559,0
313,676,1
77,315,0
64,651,1
417,1112,0
473,115,0
550,836,1
387,686,0
130,774,0
541,497,1
379,863,1
511,780,0
568,155,1
478,494,1
436,156,0
302,574,1
126,128,0
238,301,0
158,1117,0
29,768,0
491,670,0
436,774,0
116,260,0
19,574,1
150,328,0
55,309,1
21,261,0
110,852,0
82,516,0
524,472,1
158,1035,0
9,571,1
226,922,0
398,481,0
95,615,0
104,329,0
70,821,0
341,386,0
524,850,0
98,322,0
449,975,0
292,614,0
418,913,0
77,775,1
366,816,1
46,126,0
10,907,0
336,235,0
166,691,0
124,708,0
536,566,0
150,327,0
60,206,0
249,197,0
137,523,1
166,481,0
56,549,0
177,960,0
373,707,1
292,132,0
520,226,0
32,312,0
137,740,0
554,571,1
23,179,0
419,481,0
431,175,1
173,1188,0
356,2,0
266,848,0
503,302,0
187,176,1
526,562,0
219,223,0
223,240,0
263,670,0
362,64,0
249,861,0
251,368,0
137,583,0
313,254,0
545,262,0
491,671,0
389,929,0
169,357,0
99,193,0
183,647,0
522,100,0
219,640,0
243,773,0
94,664,1
177,835,0
338,907,1
521,790,1
7,173,1
292,253,0
198,1135,0
419,482,0
184,258,0
14,726,0
154,494,1
395,345,0
101,560,0
335,245,0
373,775,1
43,827,0
555,151,0
247,967,1
227,553,1
71,729,0
379,535,1
273,639,0
467,230,0
398,255,0
340,129,0
6,771,0
555,407,0
273,230,0
523,643,0
8,711,1
565,523,0
297,568,0
386,661,0
448,916,0
417,434,0
336,687,0
30,224,0
434,260,0
559,711,0
114,786,1
242,140,0
272,770,1
526,819,0
387,316,0
448,323,0
274,233,0
467,954,0
373,290,0
68,351,1
478,513,1
18,280,0
15,997,0
522,139,0
391,710,0
483,547,0
132,778,0
276,740,1
431,558,0
72,857,0
120,892,1
186,836,1
178,775,1
390,324,0
511,575,0
297,674,0
261,762,1
568,331,0
309,723,0
356,574,1
387,575,1
209,241,0
114,707,0
263,666,1
190,434,0
119,354,0
524,711,0
158,1145,0
448,816,1
1,951,0
357,1036,0
329,838,1
563,278,0
97,419,1
390,927,0
91,229,0
119,348,0
361,163,0
518,662,0
77,768,0
341,376,0
291,146,0
448,53,0
452,128,0
223,655,0
128,778,1
36,548,0
507,289,0
1,727,0
478,239,0
183,637,0
448,229,0
48,526,1
303,405,0
109,707,0
64,336,0
60,311,0
60,716,0
354,890,0
436,951,0
7,691,1
84,356,0
362,779,1
362,52,0
159,554,1
249,210,0
343,99,0
507,768,0
417,18,0
325,266,0
90,828,1
36,330,0
224,631,0
84,12,0
9,510,1
470,717,0
36,939,0
137,778,0
49,233,0
361,946,1
267,301,0
249,178,0
67,256,0
226,326,0
29,270,0
468,532,0
132,959,0
8,771,1
356,15,0
432,709,0
435,482,1
207,852,1
73,711,0
511,839,1
72,714,0
417,756,0
200,151,0
138,633,1
59,561,1
565,577,1
467,831,0
553,673,0
26,656,1
192,331,0
267,710,0
477,548,1
128,747,0
356,85,1
128,646,0
422,844,0
436,250,0
307,938,0
43,707,0
0,129,0
13,825,0
219,776,0
505,615,0
177,827,0
503,927,0
70,816,0
101,1038,0
559,846,0
44,577,0
81,82,0
65,872,0
436,243,0
247,255,0
52,546,0
159,557,1
541,549,0
428,128,0
535,574,0
328,119,0
1,389,1
439,834,0
568,571,1
521,755,0
212,521,0
467,220,0
167,25,0
49,560,0
138,271,0
94,642,0
392,827,0
143,117,0
116,650,1
49,500,1
173,1056,0
243,666,0
244,898,1
468,120,0
522,318,0
392,752,1
18,525,1
313,697,0
18,774,0
138,363,0
55,473,0
394,820,1
282,236,0
81,825,0
251,1135,1
173,907,0
49,839,0
271,238,0
243,615,1
475,480,1
500,632,0
95,929,0
49,533,1
515,759,0
0,494,0
102,48,0
475,821,0
263,276,0
509,320,0
565,769,0
126,546,0
483,319,0
304,576,1
251,1137,0
53,895,1
132,1012,1
230,1020,0
29,278,0
120,831,0
365,37,0
158,914,0
388,641,0
292,482,0
9,548,0
534,609,0
249,615,0
411,711,0
59,107,0
96,224,0
93,255,0
523,259,0
49,583,1
70,825,0
167,3,0
85,816,0
114,574,1
241,667,0
369,255,0
137,558,0
32,775,1
297,9,0
402,913,1
573,496,1
292,220,0
183,259,0
328,151,1
519,162,0
59,655,0
207,651,1
460,524,1
297,356,0
151,742,0
411,713,1
392,101,0
386,294,0
137,283,0
81,322,0
467,961,0
353,222,0
357,1026,0
23,101,0
386,936,0
565,851,0
37,857,0
212,537,1
400,854,0
373,838,0
342,643,1
158,384,0
369,133,0
524,316,1
353,775,1
512,511,1
313,1001,0
313,535,1
515,644,0
443,536,1
219,668,1
535,638,0
521,778,1
313,255,0
400,284,0
339,564,0
313,652,0
487,256,0
297,845,1
466,753,0
533,266,0
243,257,0
296,268,0
395,151,0
90,337,0
238,845,1
149,273,0
518,672,0
504,118,0
357,786,1
328,303,0
509,191,0
266,567,0
262,500,0
126,774,0
227,476,0
132,819,1
412,859,0
457,329,0
533,771,0
361,708,0
8,565,0
417,722,0
373,708,0
550,821,0
417,271,0
9,967,1
96,233,0
297,898,1
156,647,0
511,717,1
132,852,0
395,852,0
378,720,1
515,72,0
13,779,0
46,192,0
291,16,0
183,226,0
89,664,0
491,862,0
305,266,0
274,649,1
29,731,0
110,562,0
467,223,0
449,1021,0
43,40,0
274,256,0
357,639,0
19,848,0
365,529,0
436,714,0
448,636,0
507,710,0
56,649,0
155,363,0
165,534,1
476,940,0
491,481,0
276,641,0
7,845,0
266,672,0
569,709,0
468,670,1
155,848,1
104,1048,1
81,857,0
92,282,0
7,475,1
524,577,1
151,732,0
320,691,0
373,921,0
395,220,0
384,259,0
359,827,0
101,985,1
267,537,1
379,328,1
518,664,1
484,615,0
209,853,0
428,474,1
266,479,0
251,1014,1
526,908,0
556,772,1
126,734,0
43,259,0
236,656,1
297,657,0
360,907,0
81,927,0
141,583,1
9,233,0
165,566,0
64,893,0
173,970,0
433,733,1
417,276,0
433,769,1
19,639,1
155,257,0
67,257,0
236,256,0
178,280,0
113,90,0
229,249,0
363,855,0
46,232,1
169,292,0
221,904,0
4,280,0
56,787,0
395,203,1
74,309,0
46,666,0
524,328,0
556,280,0
344,724,0
272,53,0
475,30,0
81,642,0
236,655,0
230,321,0
100,653,1
19,843,0
467,974,0
323,42,0
397,230,0
507,748,0
107,255,0
224,843,0
31,578,1
72,222,0
442,151,0
556,916,0
238,824,1
362,780,0
356,234,0
287,892,1
255,658,0
386,934,0
260,785,1
9,280,0
400,257,0
157,549,0
538,786,1
165,313,0
30,320,0
512,57,0
4,665,0
319,713,0
329,283,0
51,330,0
541,255,0
321,118,0
272,666,1
285,184,0
436,548,0
223,657,0
276,853,0
173,971,1
104,354,0
328,189,0
186,928,1
212,500,0
379,880,1
272,656,1
272,107,0
313,925,0
214,823,0
398,14,0
554,579,1
198,929,0
2,872,1
247,638,0
251,574,1
544,648,0
511,553,1
7,231,0
180,754,0
147,560,0
556,648,0
36,106,0
511,713,0
361,294,0
467,390,0
473,243,0
43,557,0
56,195,0
362,10,0
461,771,1
534,155,0
555,1011,0
9,650,1
222,699,0
310,762,1
207,255,0
520,234,0
524,330,0
366,353,0
467,665,0
206,903,0
467,531,1
219,583,1
386,636,0
419,31,0
339,350,0
266,639,0
518,53,0
464,268,0
88,315,0
77,646,0
361,323,0
315,738,1
7,844,1
478,827,1
325,276,0
443,497,1
339,775,1
448,376,0
166,315,0
8,713,0
564,527,0
223,119,0
137,498,1
48,708,0
25,659,0
531,848,0
386,583,1
15,944,0
58,657,0
119,347,0
130,640,1
518,275,0
56,740,0
180,852,1
56,854,0
29,680,0
32,1024,0
361,233,0
43,12,0
154,265,0
544,713,0
432,977,0
125,229,0
565,504,0
508,777,1
201,660,0
43,320,0
521,713,0
48,559,1
13,360,0
368,249,0
395,722,0
227,786,1
223,117,0
173,831,1
32,59,0
185,682,1
483,170,0
509,57,0
169,351,0
526,833,0
386,330,0
125,223,0
119,343,0
442,514,1
59,560,0
166,646,0
463,711,1
427,475,1
172,428,0
318,310,0
183,319,0
130,769,1
222,697,0
243,258,0
496,976,0
288,249,0
511,583,1
19,719,1
569,644,1
137,774,0
141,32,1
475,233,0
395,105,0
392,664,0
36,252,0
518,553,0
143,216,0
114,582,1
346,216,0
487,104,0
51,787,0
346,562,0
251,846,1
409,908,0
113,650,0
555,1025,0
448,386,0
249,777,1
342,775,1
7,522,1
32,1031,0
59,292,0
139,905,0
500,583,1
224,577,0
77,67,1
105,824,0
90,331,0
510,781,1
8,280,0
398,654,0
123,334,1
475,281,0
52,512,1
185,642,1
266,203,0
230,1031,0
339,773,1
419,124,0
93,631,0
51,973,0
339,265,0
536,631,0
303,1112,0
100,274,0
72,660,1
480,897,1
564,277,0
282,311,0
159,644,0
224,480,0
386,650,1
273,546,0
318,660,1
177,937,0
165,14,0
515,512,1
467,1078,0
118,855,0
141,101,0
222,775,1
132,390,0
224,564,0
378,324,0
251,927,0
184,748,0
443,270,1
307,420,0
475,163,0
77,497,1
448,231,0
511,231,0
89,637,0
247,709,0
214,176,0
140,260,0
489,754,0
108,252,1
378,849,1
521,337,0
353,769,0
412,843,0
266,286,0
187,100,1
305,773,0
565,526,0
1,846,1
297,528,1
375,894,1
19,72,1
362,860,0
513,708,0
569,655,0
92,256,0
478,101,0
356,479,0
64,475,0
247,225,0
539,235,0
4,107,0
201,226,0
113,63,0
223,855,0
435,911,1
313,138,0
397,305,0
126,110,0
334,901,1
177,280,0
443,637,0
130,648,0
59,742,0
120,708,0
521,32,0
81,503,1
551,24,0
379,724,0
278,920,0
469,225,0
257,653,1
126,244,0
526,386,0
536,182,0
224,0,0
23,565,0
303,364,0
36,549,0
313,753,0
398,714,0
64,292,0
243,501,1
339,552,0
563,270,0
99,226,0
515,757,1
180,475,1
0,220,0
36,840,0
427,504,1
358,896,1
26,243,0
276,721,0
526,633,0
525,837,0
518,682,0
401,133,0
43,280,0
366,945,0
537,1147,0
163,261,0
425,514,1
448,557,1
417,945,0
281,266,0
296,906,0
357,231,0
526,946,0
307,356,0
7,12,0
236,481,0
160,314,0
448,371,0
153,232,0
409,707,0
307,1188,0
217,768,0
524,865,1
64,843,0
431,316,0
0,520,0
227,927,0
398,249,0
93,10,0
110,890,0
84,547,0
226,928,0
119,282,0
261,610,1
207,659,1
132,83,0
80,107,0
427,229,0
295,304,0
412,259,0
13,877,1
309,562,1
204,816,0
555,360,0
560,787,0
448,774,1
84,781,0
276,51,0
156,779,1
60,505,1
101,366,0
478,480,1
361,844,0
183,239,0
354,773,0
569,651,1
518,249,0
26,636,0
524,663,0
494,259,0
526,21,0
432,254,0
319,844,1
224,729,0
432,725,0
524,856,0
556,822,0
467,518,0
13,324,0
515,650,1
124,226,0
8,567,1
328,642,0
555,355,0
362,253,0
128,720,0
43,122,0
421,533,0
272,480,0
49,237,0
362,334,0
342,277,0
44,482,0
558,568,1
329,718,0
452,614,0
563,666,0
36,658,0
207,646,0
387,861,1
449,331,0
37,914,0
90,820,1
219,305,0
155,510,1
392,476,1
201,609,0
106,409,0
463,776,1
266,279,0
141,49,0
315,841,0
307,894,1
353,102,0
266,131,0
230,928,0
99,240,0
518,19,0
48,305,0
77,257,0
292,166,0
189,739,0
521,253,0
303,1173,0
568,561,1
167,132,0
9,537,1
91,613,1
101,1028,0
94,700,1
368,847,1
526,831,0
86,235,0
128,256,0
132,576,0
120,928,0
395,130,0
137,659,0
1,816,1
19,142,1
436,574,0
156,709,1
564,257,0
50,265,0
220,229,0
137,229,0
487,775,1
227,944,0
251,944,0
43,330,0
18,118,0
448,583,1
313,1144,0
138,314,0
97,466,1
32,137,0
291,232,0
272,889,1
226,323,0
99,712,1
231,770,1
467,206,0
101,862,0
380,636,0
491,668,0
249,270,0
375,255,0
554,222,0
214,256,0
173,432,1
320,316,0
377,235,0
527,321,0
4,844,0
417,877,0
447,251,0
60,773,0
259,892,1
183,855,0
449,417,0
330,672,0
88,222,0
180,874,0
361,826,0
467,228,0
263,260,0
431,170,0
187,234,0
354,707,0
49,725,1
563,222,0
194,857,0
158,1160,0
564,325,0
114,511,1
209,236,0
224,633,0
278,918,0
443,672,0
467,295,0
0,617,0
266,228,0
496,328,0
185,838,1
16,236,0
122,573,1
137,237,0
103,418,0
555,686,0
219,667,0
417,760,0
174,412,0
366,344,0
77,252,0
398,841,0
110,728,0
362,310,0
77,227,0
412,233,0
550,278,0
509,13,0
329,854,0
155,643,0
194,786,0
251,234,0
184,256,0
64,1017,1
88,523,1
384,275,0
141,501,1
247,780,1
439,562,1
236,649,0
150,274,0
287,146,0
198,14,1
324,533,1
257,773,0
43,310,0
274,770,1
48,593,1
474,316,0
128,736,0
555,821,1
535,564,0
357,609,1
497,898,0
176,251,0
77,721,0
363,368,0
461,266,0
357,1017,0
269,908,0
483,226,0
518,780,1
361,827,0
209,505,1
9,711,0
297,332,0
5,258,0
51,333,0
187,535,1
255,248,0
297,611,0
448,415,1
506,860,0
467,1106,0
169,731,1
473,3,0
78,251,1
188,282,0
169,713,0
164,822,0
157,634,0
560,768,0
23,546,0
329,30,1
198,930,0
249,661,0
386,796,1
555,840,1
307,1168,1
126,655,0
138,0,1
108,614,1
307,974,1
10,259,0
392,514,1
373,314,1
266,513,0
0,509,0
417,862,0
473,254,0
84,826,0
219,256,0
32,352,0
296,257,0
368,312,1
426,908,1
515,758,0
126,140,0
19,259,0
243,24,0
95,346,0
219,723,0
266,502,1
1,736,0
186,824,1
163,895,1
309,661,0
379,936,0
508,709,1
46,608,1
368,292,0
159,638,0
222,773,1
511,699,0
542,265,1
6,276,0
8,268,0
373,651,1
173,1117,0
374,826,1
503,158,0
568,309,1
72,238,0
155,857,0
119,328,0
512,473,1
27,658,0
219,682,0
544,666,0
357,57,0
132,394,0
559,650,1
511,533,1
475,566,0
247,516,1
121,679,0
446,820,0
183,257,0
231,760,1
169,274,0
379,645,0
72,257,0
448,513,1
525,850,0
125,707,0
242,502,1
192,775,1
36,582,1
466,869,1
361,107,0
341,375,0
345,229,0
339,472,1
387,258,0
101,593,1
262,504,1
242,894,1
88,18,0
431,551,0
19,303,0
102,71,0
207,260,0
101,789,0
380,717,0
275,825,0
503,502,1
118,823,1
95,249,0
191,968,0
56,712,0
417,565,0
318,645,1
560,636,0
130,253,0
13,852,0
51,903,0
503,119,0
362,945,0
521,976,1
50,718,0
67,251,0
32,665,1
51,365,0
105,825,0
214,560,1
313,328,0
138,650,1
88,577,0
521,937,0
313,575,0
425,504,1
316,707,0
72,299,0
207,773,1
363,896,0
291,558,0
443,778,1
101,473,0
457,274,0
193,412,0
158,1196,0
354,759,0
451,274,0
417,1179,1
99,647,1
342,274,0
214,69,0
108,768,1
309,133,0
27,642,0
137,214,0
23,574,0
156,277,0
81,124,0
218,145,0
467,663,0
343,553,1
192,286,0
533,640,1
132,294,0
565,45,0
549,234,0
180,645,0
379,237,0
27,747,1
568,787,1
478,339,1
4,623,0
222,768,1
72,839,1
91,772,1
162,293,0
480,249,0
137,203,0
373,631,0
107,666,1
132,366,0
209,282,0
7,531,1
36,277,0
526,512,1
469,642,1
361,653,1
461,775,1
482,823,1
235,151,0
352,646,0
515,710,1
521,516,1
555,234,0
166,56,0
164,657,0
1,821,0
36,825,0
315,775,1
432,938,0
154,331,0
32,186,0
511,0,1
156,165,0
443,156,1
452,550,1
159,639,0
417,331,1
361,316,0
417,707,0
19,263,1
75,193,0
110,859,0
295,300,0
271,235,0
16,316,1
243,707,0
565,494,0
313,299,0
223,278,0
320,705,1
90,330,0
325,771,1
158,408,0
288,893,0
9,342,0
156,642,0
348,768,1
119,329,0
157,558,0
95,530,0
526,472,0
8,614,1
368,649,1
301,222,0
194,816,0
397,1030,0
526,856,0
113,8,0
92,293,0
370,664,1
56,670,0
191,1038,0
543,73,0
448,178,0
243,278,0
362,614,0
21,731,0
514,33,0
95,649,0
517,779,0
309,495,0
44,475,1
475,770,0
169,820,1
417,193,0
346,625,1
439,35,0
245,643,0
169,560,0
343,14,0
18,547,0
424,78,0
162,974,0
452,114,0
13,920,0
138,315,0
143,83,0
119,977,0
171,745,0
120,927,0
201,926,0
449,833,0
524,19,0
165,472,1
555,652,1
518,498,1
388,261,1
92,0,0
107,244,0
293,233,0
81,33,0
535,583,1
417,11,1
309,126,0
5,719,0
328,715,1
132,759,0
36,253,0
417,337,0
526,394,0
412,266,0
84,109,0
72,482,0
18,224,0
72,721,1
555,941,0
92,221,0
251,789,0
310,733,0
443,534,1
364,910,1
448,1032,0
503,276,0
113,720,1
467,914,0
230,360,0
147,551,0
328,549,0
559,511,1
330,662,0
104,1111,0
443,519,1
247,283,0
475,818,1
294,17,0
72,523,1
17,671,0
395,710,1
526,225,0
313,512,1
171,743,1
522,659,1
353,776,0
522,562,1
48,12,0
435,907,1
517,671,1
154,269,0
126,258,0
205,518,1
169,562,1
397,845,0
206,427,0
421,521,1
531,732,1
524,479,0
363,338,0
443,522,1
292,503,1
159,0,0
155,774,0
30,230,0
155,136,0
104,457,0
156,60,0
299,85,0
532,14,1
555,759,0
346,546,0
49,312,0
467,533,0
448,668,0
517,246,0
159,505,1
460,520,0
511,568,1
353,721,0
247,840,0
15,1026,1
177,283,0
362,655,1
36,967,1
110,567,0
286,112,0
319,0,1
309,755,0
277,266,0
330,768,1
304,316,0
60,233,0
180,522,1
140,651,1
419,111,0
299,249,0
356,861,0
297,151,0
432,852,0
81,830,0
521,819,1
155,358,0
43,782,1
223,650,0
114,505,1
267,477,1
55,30,0
126,275,0
276,732,0
224,615,0
120,355,0
370,224,0
36,847,0
172,424,1
563,716,0
316,270,0
251,322,0
155,979,1
345,649,1
475,170,0
116,667,1
145,359,0
19,580,1
92,502,1
448,838,1
19,319,0
448,959,0
397,258,0
1,169,0
18,335,0
185,844,0
519,533,1
267,682,0
247,834,0
449,1016,0
503,324,0
515,300,0
509,49,0
392,261,0
427,100,0
361,656,0
423,250,0
92,615,1
537,1171,0
226,339,0
154,296,0
166,560,1
90,357,0
378,749,1
249,842,0
550,762,0
206,262,1
64,678,0
425,568,1
243,614,0
521,178,0
389,908,0
72,771,1
272,211,0
178,708,0
50,775,0
209,624,1
77,312,0
117,81,1
334,250,0
159,330,0
535,118,0
568,237,0
571,237,0
36,324,0
89,266,0
261,761,0
142,160,0
478,522,1
345,675,0
541,510,1
57,567,1
155,175,0
379,502,1
138,504,1
432,822,0
4,323,0
209,547,1
436,787,1
49,669,0
223,782,0
194,781,1
536,316,0
288,912,1
9,368,0
224,650,1
138,278,0
21,258,0
7,495,0
7,190,0
266,276,0
9,2,1
436,339,0
32,356,0
201,338,1
205,309,0
219,915,1
249,849,0
187,222,0
397,652,1
279,900,1
53,906,0
526,650,1
559,223,0
77,687,1
427,49,0
1,856,0
104,1167,0
77,609,1
387,293,0
126,0,0
377,227,0
233,55,0
568,612,0
189,665,1
23,206,0
297,287,1
59,745,0
59,276,0
169,714,0
554,160,0
219,820,1
507,266,0
555,547,0
533,265,0
251,481,0
432,249,0
467,422,0
19,834,0
343,224,0
555,828,0
77,889,0
180,233,0
89,768,0
362,279,0
493,43,1
363,324,0
4,613,0
361,261,0
56,503,1
343,562,1
397,365,0
521,267,0
56,132,0
348,773,1
524,787,1
419,169,0
243,564,0
546,672,0
266,546,0
99,266,0
309,787,0
18,655,1
395,986,0
19,151,0
362,362,0
46,562,0
451,268,1
169,780,1
142,553,0
124,190,0
292,780,0
467,577,0
283,667,1
353,659,1
392,310,1
515,271,0
267,323,0
9,269,0
313,935,0
357,583,1
187,233,0
568,944,0
522,668,1
353,503,1
529,473,1
564,329,0
29,654,1
101,571,0
32,313,1
101,282,0
524,295,0
521,636,1
357,986,1
151,730,0
528,558,0
471,229,0
95,294,0
564,341,0
283,651,1
267,871,1
558,632,0
417,1024,1
568,675,1
84,941,0
425,108,0
132,715,1
84,348,0
99,474,0
51,343,0
219,354,0
4,481,0
138,273,0
341,1114,1
468,309,0
339,704,0
137,481,1
207,241,0
425,682,0
434,893,1
173,1057,0
341,946,0
104,1197,0
251,367,0
132,389,0
138,520,1
272,274,0
101,736,0
379,336,0
2,824,0
559,266,0
71,857,0
395,776,1
23,535,0
138,360,0
48,775,0
386,162,0
384,273,0
7,237,0
248,904,0
18,325,0
343,235,0
401,128,0
162,351,0
276,546,0
475,768,0
209,769,0
29,719,0
19,569,0
48,169,0
118,782,1
194,763,0
515,352,0
145,326,0
346,535,1
387,221,0
110,881,0
50,232,0
243,727,0
467,709,0
511,691,0
524,334,0
559,710,0
432,716,0
378,323,0
468,251,0
395,927,0
154,787,1
155,753,1
202,15,0
386,609,1
564,210,0
156,640,1
475,495,1
529,117,0
560,726,1
201,862,0
292,857,0
138,168,0
433,750,0
398,862,0
545,897,0
361,652,0
159,533,1
243,655,1
219,635,0
150,286,0
163,258,1
564,839,0
431,577,1
313,712,0
477,158,0
357,567,0
56,305,0
478,768,1
104,1158,1
158,909,0
468,534,0
185,237,0
521,322,1
128,757,0
101,367,0
266,520,0
460,577,0
126,744,0
491,207,0
492,827,0
98,352,0
42,30,1
483,167,0
126,132,0
15,928,0
257,650,1
158,1204,0
231,768,1
445,257,0
555,66,1
526,1072,0
32,847,0
521,533,0
44,552,1
224,611,1
272,100,0
156,777,0
163,268,0
272,858,0
222,770,0
36,298,0
549,229,0
467,376,0
132,374,0
345,636,0
426,420,0
433,534,1
126,556,1
475,264,0
347,615,1
467,1155,0
536,228,0
475,847,1
392,739,0
379,512,1
156,501,1
511,669,0
303,441,0
19,583,1
49,316,0
554,178,0
433,501,0
26,287,0
273,554,0
341,394,0
374,781,1
201,255,0
368,237,0
243,11,0
46,482,0
565,481,0
300,633,0
518,298,0
43,313,0
328,284,0
493,16,0
243,782,0
368,252,0
363,1013,1
422,719,0
467,198,0
177,939,0
421,531,1
101,234,0
568,304,0
328,529,1
446,731,0
17,639,0
270,335,0
19,174,1
413,653,0
74,6,0
16,638,0
391,854,0
37,858,0
565,517,0
191,323,0
555,844,0
171,637,0
354,889,0
249,348,0
209,270,0
328,729,0
568,771,1
332,795,0
419,137,0
556,273,0
64,323,0
433,168,0
354,758,0
214,789,1
162,350,0
50,730,0
526,451,0
124,653,0
524,234,0
120,435,0
427,547,0
48,313,0
276,571,1
339,760,0
267,829,0
8,311,0
187,41,0
155,823,0
276,74,0
114,664,1
483,523,0
122,562,1
496,959,0
202,8,0
138,926,0
459,632,0
165,127,0
156,266,0
356,282,0
365,583,0
518,777,1
524,347,0
466,737,1
143,22,0
249,775,0
235,633,0
565,479,0
467,1050,0
467,1046,0
3,236,0
523,665,1
198,937,0
449,906,1
425,60,0
395,224,0
544,772,0
159,775,1
240,226,0
386,916,0
155,18,0
158,1205,0
310,669,0
353,232,0
181,708,0
573,226,0
526,270,0
266,657,0
523,707,1
436,640,0
448,771,1
332,825,0
473,160,0
526,713,0
113,819,1
43,643,1
343,211,0
177,301,0
560,337,0
341,1111,0
44,479,1
461,691,0
467,971,0
145,337,0
120,833,0
395,732,0
276,976,0
390,323,0
172,902,0
526,237,0
466,840,0
341,1178,0
266,255,0
511,323,0
426,909,1
342,725,0
26,646,0
336,266,0
408,795,1
485,944,0
508,266,1
500,316,0
568,194,0
61,824,0
468,255,0
88,561,0
178,684,1
201,858,0
467,613,0
251,356,0
475,827,0
393,258,0
319,655,1
392,263,0
467,255,0
171,721,0
469,562,0
398,239,0
137,862,0
301,640,0
196,311,0
94,266,0
260,156,0
201,284,0
305,265,0
307,468,0
118,303,0
379,837,1
353,609,1
156,510,1
456,777,0
313,998,0
417,838,0
68,825,0
432,836,1
444,768,0
7,45,0
43,559,0
400,252,0
91,312,0
64,845,1
9,923,0
467,1091,1
52,101,0
297,226,0
151,846,1
227,838,1
395,536,1
451,734,1
297,846,1
362,626,1
524,631,0
226,939,0
417,495,1
467,547,0
128,725,0
104,1012,0
169,559,0
339,845,1
343,855,0
251,664,1
380,711,1
341,373,0
41,707,1
214,565,0
216,776,0
99,314,0
226,338,0
1,252,0
526,1076,0
198,1013,1
476,293,0
78,911,0
389,959,0
19,734,0
392,862,0
4,731,0
526,852,0
338,895,1
125,233,0
132,270,0
267,1,1
448,353,0
503,712,1
37,334,0
521,824,0
315,730,1
309,101,0
49,610,1
209,312,0
398,721,0
132,357,0
104,895,1
392,269,0
187,573,1
59,567,0
448,582,1
12,771,1
365,516,0
247,549,0
445,651,1
99,245,0
417,1166,1
72,315,0
525,727,1
243,280,0
319,265,0
113,241,0
563,315,0
59,608,0
266,778,0
417,465,0
159,844,0
505,635,0
519,474,1
59,679,0
275,788,0
95,656,1
59,502,1
518,227,0
216,249,1
196,216,0
309,769,0
357,356,0
7,861,0
539,224,0
339,205,0
363,388,0
93,259,0
315,712,1
328,236,0
101,926,0
119,914,0
495,480,0
377,670,1
0,313,0
158,959,0
573,473,1
398,712,0
247,558,0
427,520,0
223,666,0
164,239,0
188,251,0
267,30,0
507,260,0
66,644,1
357,777,1
166,316,0
370,660,0
449,364,0
225,900,0
64,649,0
375,906,0
398,240,0
515,709,1
159,975,0
171,668,0
71,858,0
292,718,0
220,230,0
88,634,0
565,315,0
319,311,0
469,309,0
202,202,1
145,947,0
100,259,0
568,733,0
211,892,1
68,349,0
362,249,0
328,548,0
29,250,0
35,838,0
460,205,0
159,268,0
114,24,0
125,634,0
426,138,0
342,721,1
475,298,0
72,512,1
313,228,0
443,201,1
386,918,0
243,847,0
108,57,1
329,112,0
71,271,0
347,938,0
7,49,0
334,260,0
20,231,0
522,253,0
368,856,0
19,245,0
379,476,1
120,816,0
475,865,0
507,777,0
137,324,0
186,921,0
181,836,0
132,684,1
91,237,0
126,278,0
113,46,0
4,821,0
35,834,0
201,522,1
362,124,0
443,225,1
197,911,0
32,675,0
565,787,0
467,105,0
205,192,0
214,283,0
158,904,0
357,955,0
554,610,0
267,673,0
361,104,0
171,853,0
119,1024,1
491,553,0
305,714,1
166,664,1
1,721,0
191,896,1
32,519,1
373,309,0
535,474,1
555,916,0
128,287,0
475,278,0
110,871,0
487,219,0
243,641,0
526,1047,0
511,550,0
535,558,0
183,17,0
412,854,0
73,848,0
60,656,1
284,48,0
116,663,1
17,657,0
185,264,0
448,1039,0
319,708,0
98,923,1
433,531,0
386,979,0
339,499,1
439,817,1
411,245,0
236,229,0
93,474,1
563,48,0
368,772,0
72,322,0
158,455,0
519,529,1
216,254,0
56,529,1
508,827,1
391,719,0
154,720,1
113,642,0
43,651,1
417,759,0
297,772,0
545,269,0
73,275,0
81,867,0
362,560,1
431,550,0
428,121,0
251,479,0
568,263,0
261,671,0
329,644,1
472,858,1
173,1196,0
503,652,0
291,645,1
460,225,0
483,609,0
9,555,1
395,505,1
169,778,0
104,328,0
563,613,0
13,780,0
159,919,0
266,102,0
535,128,0
157,185,0
4,304,0
225,159,0
59,686,0
261,568,1
266,773,0
92,504,1
24,903,1
521,561,0
149,266,0
154,45,0
84,686,0
219,562,1
379,482,1
272,235,0
563,533,0
64,552,0
267,660,0
35,823,0
138,570,1
302,631,0
183,9,0
64,947,0
159,670,0
468,639,1
489,274,0
282,221,0
534,559,0
13,826,0
54,870,0
92,669,0
29,634,0
19,251,0
428,535,1
231,274,0
409,896,1
357,1020,1
559,675,1
191,929,0
461,742,1
249,641,1
288,255,0
72,664,0
247,823,0
329,288,1
395,275,0
272,855,0
156,559,1
300,634,1
124,852,1
126,889,0
478,204,0
341,1085,0
313,1005,0
473,533,1
18,500,1
44,550,1
524,819,1
74,310,0
382,261,0
318,650,1
91,609,1
313,270,0
169,197,0
436,253,0
235,473,0
188,748,0
266,563,0
141,125,0
559,838,0
353,229,0
104,1142,1
491,124,0
166,713,0
270,822,0
496,815,0
95,856,0
550,851,1
267,769,0
413,655,0
190,442,0
169,338,1
43,856,0
166,224,0
49,111,0
521,102,0
449,927,0
242,252,0
329,673,0
227,820,1
137,648,0
257,774,1
48,817,0
243,334,0
166,529,1
81,311,0
363,956,0
443,266,0
73,865,0
101,559,0
25,262,0
292,546,0
433,576,0
187,537,1
491,56,0
395,267,0
71,719,0
328,640,0
261,709,1
564,864,0
373,647,0
410,113,0
77,516,1
125,708,0
555,302,0
6,729,0
559,658,0
339,653,1
374,771,1
243,249,0
511,334,0
568,267,0
412,562,1
219,118,0
296,107,0
478,236,0
43,317,0
138,1032,0
51,378,0
478,848,1
278,825,0
194,819,0
448,992,0
431,479,0
197,904,0
140,241,0
484,634,0
431,521,0
249,655,0
533,558,0
564,60,1
18,363,0
470,699,0
317,91,0
4,135,0
559,731,0
249,771,1
299,259,0
219,297,0
267,210,0
9,712,0
571,230,0
512,149,0
125,660,1
468,256,0
373,474,1
138,560,0
176,844,1
43,602,0
309,834,0
138,191,0
544,641,0
564,507,0
436,1034,0
32,551,0
18,941,0
313,1047,0
185,775,0
18,104,0
519,520,0
134,818,1
503,267,0
89,777,0
297,535,1
180,283,0
468,550,0
448,273,0
412,778,0
227,708,0
165,573,1
362,396,0
547,650,0
309,283,0
313,1046,0
555,850,0
137,632,0
183,285,0
67,254,0
177,781,0
36,526,0
508,640,1
159,786,1
260,822,0
88,514,0
261,564,0
180,681,0
184,690,1
390,916,0
436,862,1
511,160,0
526,1028,1
477,172,0
72,783,0
56,259,0
154,343,0
370,671,0
209,42,0
51,339,0
7,567,0
478,537,1
415,223,0
282,222,0
155,1027,0
413,258,0
522,583,1
1,528,1
487,311,0
247,665,0
467,510,1
247,820,0
288,256,0
64,1036,0
363,1022,0
328,638,0
88,635,0
313,902,1
428,633,0
227,293,0
297,929,0
0,615,0
313,916,0
201,642,1
283,639,1
36,780,0
565,0,1
32,741,0
273,537,1
18,728,0
263,280,0
216,252,0
136,822,0
510,207,0
113,283,0
398,511,1
101,1003,0
292,761,0
313,421,1
467,1185,0
247,608,1
209,268,0
132,235,0
13,911,0
297,383,0
180,692,0
329,231,0
526,391,0
518,4,0
369,412,0
276,350,0
77,610,1
292,611,0
72,720,0
287,476,1
0,108,0
427,48,0
395,902,1
187,531,1
8,561,0
126,725,0
487,12,0
158,979,0
307,382,0
125,631,0
17,242,0
201,558,0
126,256,0
313,355,0
272,559,0
151,745,0
101,849,0
255,241,0
263,839,0
51,388,0
341,464,0
227,245,0
560,646,0
361,253,0
571,667,0
556,641,1
478,510,1
373,660,1
373,223,0
307,360,0
23,84,0
49,850,0
387,204,0
374,868,0
194,745,0
58,230,0
354,874,1
267,797,1
91,650,1
508,663,1
201,335,0
9,549,0
478,200,0
341,403,0
565,318,1
81,866,0
209,529,1
65,785,1
564,660,0
289,224,0
81,709,0
417,504,1
449,896,1
363,292,0
310,723,1
247,937,0
524,827,0
101,315,0
178,663,1
401,474,1
183,245,0
302,159,0
442,532,1
64,317,1
94,690,0
357,107,0
519,610,1
180,653,1
101,357,0
270,341,0
541,224,0
304,566,0
276,567,1
309,266,0
114,481,0
431,547,0
417,758,0
330,684,0
124,531,0
219,561,1
247,844,1
156,716,0
564,840,1
177,349,0
114,611,1
166,312,0
48,569,0
483,634,0
64,825,0
166,582,0
260,4,0
13,820,1
568,535,1
392,237,0
522,648,0
560,275,0
500,630,1
289,640,0
425,612,0
236,556,0
90,305,0
138,302,0
158,467,0
51,900,0
154,496,0
313,441,1
59,553,0
81,260,0
205,631,0
123,926,1
419,17,0
276,341,0
100,233,0
309,505,1
51,401,0
341,1156,0
137,673,0
194,0,0
8,920,0
395,848,0
154,638,0
529,101,0
118,285,0
54,861,0
309,583,0
330,245,1
514,30,0
491,560,1
560,756,0
362,405,0
547,636,0
104,966,1
353,72,0
568,914,1
222,253,0
518,882,0
498,632,0
292,15,0
64,258,1
463,268,0
137,514,1
143,40,1
298,659,0
522,665,1
490,236,0
141,514,1
243,336,0
299,895,1
463,712,1
242,905,1
88,105,0
559,254,0
137,679,1
387,857,1
469,245,0
386,922,0
9,49,0
276,613,1
433,249,0
313,547,0
386,775,1
521,327,0
267,887,0
36,976,0
43,333,0
126,780,1
21,254,0
522,722,0
393,127,0
468,27,1
11,481,1
243,669,1
124,774,0
461,778,0
433,230,0
67,895,1
547,674,0
198,1043,1
417,295,0
419,27,0
387,683,0
110,312,0
408,799,1
343,230,0
188,770,0
319,300,0
214,661,0
386,179,0
298,647,0
247,4,0
99,237,0
452,609,1
359,711,1
19,522,1
43,549,0
442,501,1
563,272,0
467,323,0
169,652,0
469,635,0
126,614,1
51,817,0
165,101,0
141,156,0
281,259,0
263,683,0
363,921,0
201,840,1
124,257,0
328,663,1
361,293,0
116,232,0
353,231,0
467,826,0
362,244,0
101,236,0
522,556,1
56,777,0
523,254,0
162,931,0
214,522,1
303,1048,0
564,256,0
341,997,0
515,937,0
170,892,1
405,232,0
565,150,1
141,0,0
456,278,0
393,894,0
436,672,0
386,821,0
503,669,0
515,669,0
569,646,0
9,861,0
158,956,0
110,552,0
5,765,1
397,901,1
436,961,1
138,939,0
176,274,0
141,217,0
297,331,0
36,865,0
93,645,0
36,934,0
272,205,0
349,32,0
263,649,1
93,650,1
198,1087,0
227,327,0
173,947,0
555,378,0
433,749,1
296,266,0
37,929,0
271,246,1
448,657,0
119,286,0
7,161,0
49,177,1
371,893,0
44,521,1
448,947,0
397,856,0
123,331,0
356,631,0
510,216,0
469,230,0
446,671,0
467,382,0
209,51,0
468,612,1
397,905,0
361,769,0
427,84,0
99,265,0
478,787,0
50,311,0
461,728,1
392,761,0
343,571,0
414,30,0
521,852,1
98,817,1
361,876,0
128,661,0
120,378,0
59,229,0
173,976,0
44,221,0
447,637,1
231,708,0
167,510,1
342,769,1
432,1020,0
359,714,0
73,725,0
276,56,0
46,494,1
120,404,0
476,340,0
232,892,1
88,576,1
513,655,1
37,859,1
251,338,0
251,474,1
532,529,0
104,1205,0
313,1112,0
198,352,0
455,356,0
373,772,1
16,311,0
44,511,1
224,310,0
191,357,0
16,661,0
417,101,0
475,857,0
526,1073,1
116,251,0
166,225,0
212,553,0
169,293,0
412,649,1
366,786,1
138,511,1
5,708,0
392,244,0
166,656,1
216,658,1
267,816,0
214,834,0
432,824,0
118,837,1
193,419,0
380,732,0
362,222,0
419,163,0
291,612,0
82,83,0
411,775,1
571,649,1
113,170,0
388,269,0
568,712,1
251,920,1
123,352,0
475,731,0
183,559,0
532,519,0
210,894,1
565,299,0
273,553,0
328,316,0
417,282,0
209,549,0
156,250,0
433,778,1
15,941,0
368,672,0
397,959,0
168,527,1
521,298,0
224,315,0
483,235,0
114,823,1
386,548,1
15,352,0
0,474,1
282,657,0
379,860,0
436,549,0
332,824,0
273,190,0
339,758,0
568,161,0
533,708,0
120,426,0
446,711,1
357,720,1
171,277,0
476,347,0
373,229,0
99,720,0
77,271,0
456,285,1
491,271,0
555,208,1
7,270,0
328,707,1
172,892,1
127,566,0
266,281,0
491,260,0
443,928,0
36,317,0
180,260,0
110,474,0
412,223,0
524,317,1
278,822,0
205,562,0
443,838,1
121,242,0
202,546,0
36,614,0
556,685,0
515,763,1
555,476,1
278,947,0
565,846,0
353,712,0
36,556,0
335,648,0
132,967,0
141,551,0
125,658,1
361,654,1
50,726,0
118,334,0
219,522,1
92,224,0
229,259,0
274,757,0
341,929,0
4,847,1
104,941,0
216,240,0
251,907,0
568,1019,1
343,849,0
443,239,0
81,317,1
77,854,0
417,1142,0
487,77,0
395,264,0
328,779,1
113,115,0
511,225,0
433,228,0
68,822,0
483,228,0
32,534,0
92,304,0
43,630,1
18,234,0
417,845,1
251,363,0
183,839,1
308,824,1
541,222,0
223,257,0
126,737,0
483,549,0
60,220,0
235,574,1
309,789,0
555,632,0
320,662,0
329,534,1
261,672,0
165,660,1
188,637,1
223,689,1
436,338,0
183,258,0
219,272,0
59,632,0
3,231,0
413,658,0
389,902,1
165,557,0
126,280,0
521,156,0
201,176,0
19,774,0
350,313,0
110,631,0
135,121,0
431,107,0
341,404,0
467,481,0
448,224,0
571,262,0
84,50,0
178,638,1
16,776,0
148,252,1
110,581,1
224,313,1
9,938,0
483,311,0
36,615,0
154,639,0
436,313,0
235,534,0
347,582,1
233,249,0
555,339,0
156,857,0
526,564,0
443,779,1
467,559,0
272,292,0
135,794,0
297,921,0
369,266,0
9,937,0
564,655,0
503,259,0
7,223,0
436,647,0
88,479,0
64,977,0
373,359,1
316,271,0
503,917,0
373,564,0
348,716,0
35,321,0
276,979,1
126,271,0
236,514,0
172,437,0
563,228,0
453,839,0
21,239,0
361,829,0
8,274,0
177,275,0
469,640,0
263,867,0
362,635,0
36,227,0
475,707,0
515,520,1
468,52,0
50,275,0
448,293,0
222,689,0
205,151,0
555,974,0
167,481,0
398,759,1
470,722,1
508,655,0
104,1016,1
132,107,0
362,575,0
522,519,1
467,1171,0
25,652,1
398,666,0
319,648,1
249,222,0
426,251,0
565,538,0
412,864,0
107,664,1
303,933,0
319,660,1
14,766,0
389,938,0
329,640,0
436,312,0
46,595,0
356,168,1
104,343,0
298,238,0
373,848,1
535,641,1
473,661,0
32,638,0
126,47,1
1,836,0
101,226,0
13,1036,0
247,729,1
503,531,1
475,303,0
568,273,1
363,340,0
89,835,0
173,446,0
29,761,0
120,1034,0
13,1034,0
272,531,0
159,315,0
81,280,1
274,243,0
77,681,0
511,228,0
23,522,0
535,495,1
191,363,0
158,370,0
4,855,0
379,843,0
36,824,0
8,111,0
521,221,0
373,222,0
201,569,0
180,229,0
398,840,1
475,292,0
418,898,0
507,850,0
4,680,1
155,662,1
356,515,0
509,561,1
472,837,1
273,0,0
186,331,0
564,479,0
294,567,0
362,36,0
201,533,1
289,253,0
448,711,0
132,920,0
116,230,0
209,53,0
18,535,1
155,780,0
251,1108,1
274,239,0
81,639,0
276,294,0
180,888,0
507,712,1
183,237,0
138,786,1
357,156,0
263,259,0
243,562,1
515,252,0
339,780,1
13,916,0
269,898,1
166,476,1
455,339,0
60,632,0
417,1155,0
209,780,0
201,632,0
433,127,0
158,1190,0
235,535,0
354,766,1
560,289,0
463,259,0
183,225,0
130,645,0
341,1131,0
187,71,0
266,7,0
341,1093,0
10,480,0
99,57,0
169,519,1
426,892,0
490,244,0
412,127,0
491,838,1
305,268,0
324,520,0
339,637,0
449,374,0
201,328,0
43,226,0
156,821,1
160,631,0
395,853,0
173,1064,0
159,71,1
216,639,1
84,559,0
356,337,0
7,479,0
48,850,0
191,966,0
259,255,0
18,928,0
559,684,1
124,296,0
358,903,1
59,529,0
219,925,0
1,887,0
521,918,0
313,927,0
12,708,1
442,570,1
482,787,1
92,653,1
77,729,1
388,645,0
329,656,0
487,561,1
36,1036,0
101,565,0
132,220,0
1,909,0
272,532,0
51,899,0
412,273,0
48,101,0
503,326,0
219,691,1
13,283,0
177,898,0
353,40,0
266,511,0
49,151,0
563,636,0
157,633,0
387,556,0
35,272,0
427,236,0
417,650,1
436,652,1
419,479,1
138,298,0
92,284,0
101,854,0
292,326,0
64,19,0
46,230,0
204,834,0
448,1018,0
279,894,1
476,304,0
571,270,0
556,260,0
123,921,1
463,906,1
8,1031,0
216,769,0
313,965,0
166,696,0
126,268,0
448,402,0
56,310,0
555,331,0
427,255,0
8,56,0
452,523,0
229,907,0
525,777,1
166,708,1
167,118,0
292,643,0
266,839,0
522,231,0
515,715,0
415,236,0
238,822,0
433,561,0
297,877,0
439,851,1
401,479,1
357,534,1
124,31,1
1,108,0
307,973,0
246,820,1
173,1048,1
174,101,0
219,658,0
303,901,0
341,1087,0
18,293,0
236,568,1
395,503,1
280,565,0
387,211,0
475,279,0
526,920,0
225,262,0
251,286,0
449,387,0
390,271,1
159,876,0
447,271,0
81,787,1
101,610,0
198,1200,0
116,250,0
398,844,0
449,355,0
533,650,1
229,255,1
341,412,0
412,779,1
124,846,0
207,727,1
448,449,0
518,583,1
509,161,0
303,1159,0
417,837,0
276,512,1
251,926,0
343,474,1
77,843,0
1,609,1
263,713,0
154,559,0
425,663,0
484,221,0
432,785,1
36,473,0
242,474,1
563,608,0
339,707,0
472,779,1
542,894,1
354,298,0
267,236,0
36,231,0
143,12,0
108,479,0
478,712,1
341,432,1
165,546,0
95,768,0
185,688,0
521,800,1
15,921,0
522,474,0
132,737,0
461,652,1
266,315,0
260,215,0
81,547,0
554,541,0
346,534,1
1,135,0
386,662,1
425,561,1
400,839,1
395,910,0
9,267,0
391,868,0
507,731,1
313,1033,0
545,895,1
126,245,0
84,556,0
380,696,0
57,316,1
32,739,0
185,248,0
132,136,1
223,328,0
398,732,0
212,503,1
31,560,0
60,42,0
84,352,0
379,515,1
98,337,0
99,759,1
541,0,0
362,240,0
291,615,0
29,685,1
243,555,0
512,520,0
93,555,0
192,825,0
376,132,0
542,250,0
525,108,0
336,673,1
126,642,1
120,322,0
177,307,0
506,787,1
122,577,0
89,668,0
60,48,0
292,259,0
172,419,0
224,653,1
328,582,1
177,829,0
398,32,0
29,849,0
18,849,0
563,733,1
413,250,0
119,845,1
503,4,0
156,754,0
137,510,1
399,20,0
468,672,0
35,740,1
452,576,1
518,257,0
188,777,1
544,640,1
417,503,0
503,769,0
518,495,1
236,667,0
224,646,1
223,231,0
108,640,1
64,645,0
554,514,0
118,352,0
68,795,0
108,4,1
305,708,0
126,562,0
181,840,1
352,662,0
113,883,0
90,929,1
556,255,0
171,780,0
475,274,0
243,358,0
48,583,0
417,455,0
60,536,1
386,773,0
212,894,1
554,560,0
183,576,0
135,117,0
521,268,1
24,905,1
81,476,1
16,665,1
563,850,0
328,728,0
59,282,0
100,778,0
18,359,0
374,709,1
356,330,0
292,658,0
443,815,1
51,334,0
356,780,1
177,1009,0
240,238,0
381,234,0
137,504,1
64,752,0
547,655,0
114,708,1
272,258,0
506,850,1
339,577,1
282,652,1
101,754,0
377,655,0
219,650,1
178,255,0
124,664,0
29,237,0
521,675,1
537,1093,1
245,655,0
7,293,0
363,298,0
511,874,0
36,17,0
177,271,0
18,853,0
111,633,0
442,495,0
568,780,0
235,51,1
395,1006,0
564,261,0
95,570,1
412,741,1
147,553,0
274,670,0
557,895,0
7,858,0
64,834,0
425,255,0
166,565,0
82,61,1
155,526,0
187,474,1
339,495,0
184,662,1
523,275,0
308,12,0
267,299,0
110,237,0
64,663,1
475,528,1
308,13,0
247,970,0
335,639,1
560,713,0
387,317,0
216,649,1
19,712,0
408,805,1
81,43,0
145,951,0
137,244,0
114,13,0
422,829,0
556,259,0
169,776,1
363,345,0
84,834,0
95,777,0
118,338,0
511,674,0
192,269,1
177,299,0
136,820,0
14,844,1
274,742,1
467,822,1
32,769,0
104,1091,0
164,786,0
104,921,0
132,356,0
132,329,0
300,615,0
556,929,0
64,728,1
114,274,0
272,279,0
335,662,1
531,836,0
285,577,0
55,553,1
82,482,1
432,332,0
159,865,0
113,101,0
81,939,0
1,229,0
29,678,0
560,665,1
185,675,0
412,272,0
177,956,0
191,1031,0
119,896,1
490,242,0
521,242,0
555,773,1
202,502,0
204,271,0
309,278,0
13,768,0
401,161,0
392,235,0
526,249,1
313,389,1
532,18,0
167,472,0
541,548,0
137,183,0
184,745,0
114,316,0
251,1155,1
36,852,0
491,841,0
307,1204,0
339,824,0
397,101,0
436,775,1
292,663,1
151,825,0
361,512,1
48,504,1
212,897,0
108,265,0
276,737,1
1,851,0
443,739,1
32,533,0
249,712,0
302,608,0
571,252,0
412,515,0
81,884,1
81,279,0
160,226,0
291,205,0
35,865,0
508,264,0
8,221,0
124,624,1
201,574,1
22,57,0
249,473,1
155,313,0
309,334,0
331,655,1
328,632,0
158,453,1
9,633,0
128,764,0
249,523,1
114,528,1
392,552,0
159,615,1
392,275,0
395,558,0
101,582,0
51,389,1
59,559,0
263,887,1
397,836,1
292,651,0
219,872,1
511,277,0
343,251,0
478,278,0
441,232,0
18,304,0
467,349,0
464,250,0
48,755,0
555,474,0
427,512,0
385,317,0
92,670,1
436,955,0
1,745,0
114,561,0
460,532,1
564,300,0
169,777,0
251,250,0
461,690,1
32,553,0
331,650,1
36,669,0
386,646,0
183,514,0
568,272,0
305,777,1
128,712,0
49,768,0
50,720,0
421,94,1
26,770,0
560,293,0
425,474,1
198,914,0
236,46,0
202,156,0
32,771,1
329,839,1
422,745,0
386,49,0
107,642,1
555,946,1
511,296,0
565,310,0
508,822,0
535,615,0
419,39,0
518,861,0
64,665,1
564,830,0
18,610,1
356,23,0
84,328,0
484,220,0
276,168,0
72,272,0
518,559,0
56,577,1
201,566,0
565,474,0
541,517,1
126,837,0
436,582,1
255,641,1
425,513,1
138,516,0
392,297,0
518,666,0
77,834,0
448,1103,0
315,274,0
214,280,0
526,1111,0
436,517,0
549,222,0
227,41,0
518,309,0
84,778,0
564,502,0
68,829,1
81,101,0
243,560,0
448,404,0
397,564,0
217,710,0
72,518,1
439,50,0
223,561,0
160,635,0
512,535,1
533,222,0
362,328,0
27,258,0
325,822,0
124,331,0
132,776,0
206,258,0
267,823,0
104,1204,0
443,323,0
243,928,0
521,281,0
36,848,0
36,668,0
99,271,0
276,234,0
238,872,0
555,248,0
547,642,0
342,772,1
503,941,0
541,316,1
386,537,0
319,97,0
72,648,0
124,636,0
124,529,1
328,583,1
214,865,1
143,610,1
49,707,0
260,802,0
137,713,0
81,330,0
356,138,0
15,331,0
56,609,1
254,823,1
328,525,1
219,631,1
307,928,0
398,244,0
32,114,0
132,526,0
295,757,0
425,531,1
243,337,0
392,557,0
13,1019,0
165,555,1
84,16,1
473,657,0
201,665,0
467,943,0
132,238,0
412,851,0
125,263,0
292,151,0
309,326,0
468,636,0
169,114,0
568,512,1
270,974,1
353,136,0
51,909,0
247,514,1
95,941,0
236,664,0
137,612,0
251,233,0
328,282,0
251,895,1
229,892,0
319,570,1
186,333,0
32,156,0
156,232,0
101,609,0
433,773,1
251,453,0
188,776,0
165,482,0
184,718,0
77,279,0
231,751,0
61,829,1
138,966,1
359,816,0
171,735,0
251,839,0
13,322,0
353,253,0
138,223,0
0,570,0
313,20,0
110,302,0
198,1203,0
187,475,1
400,260,0
443,235,0
72,558,0
243,561,0
316,285,0
19,775,1
29,834,0
54,865,0
260,198,0
386,778,1
295,303,0
342,776,1
389,1009,0
460,100,0
178,667,0
319,665,0
328,659,0
201,861,1
452,151,0
308,42,0
60,502,1
41,771,1
51,393,0
184,675,0
225,902,1
1,614,1
313,1131,1
397,1020,0
365,214,0
46,521,1
122,631,0
457,776,1
43,642,1
342,778,1
249,294,0
428,495,1
559,822,0
209,848,0
132,947,0
431,218,1
54,277,0
242,145,1
425,753,0
197,894,1
556,768,0
392,475,1
453,848,0
82,504,1
20,319,0
188,249,0
21,273,0
273,101,0
156,313,0
432,945,0
247,934,0
297,871,0
307,365,0
108,655,0
475,850,0
49,853,0
307,1198,0
414,18,0
56,8,1
448,709,1
187,316,1
362,761,0
207,253,0
297,308,0
169,522,1
386,477,0
224,857,0
113,251,0
503,660,0
501,317,0
278,946,0
503,654,0
447,252,0
72,727,0
532,146,0
565,298,0
77,651,1
51,394,0
432,1027,0
55,319,1
467,450,0
555,682,0
174,903,0
347,522,1
497,262,0
353,276,0
457,780,1
192,708,0
247,973,0
444,262,1
362,319,0
373,558,0
125,250,0
550,853,0
276,653,1
84,169,0
157,503,1
23,511,0
238,848,1
132,334,0
262,909,0
177,926,0
267,252,0
522,504,1
280,567,1
377,675,1
412,169,0
313,820,0
123,337,0
226,1004,0
512,497,1
341,385,0
185,643,0
7,317,1
477,529,1
563,761,0
467,172,0
339,300,0
352,649,1
147,110,0
508,646,1
359,826,1
448,529,1
138,135,0
63,235,0
1,950,0
52,479,1
164,772,1
263,865,0
201,639,0
309,232,0
447,688,0
276,840,0
425,560,0
361,923,0
0,534,1
189,676,1
300,159,0
410,19,0
291,537,1
436,571,1
114,843,1
395,774,0
473,151,0
426,417,0
417,237,0
180,299,0
392,266,0
113,280,0
2,782,1
328,667,1
84,503,1
533,562,1
425,16,0
356,710,1
350,561,0
518,852,0
463,777,1
392,37,0
92,836,0
442,207,0
503,41,1
178,716,0
468,151,0
155,337,0
521,270,0
373,567,0
32,954,0
147,575,0
362,227,0
411,641,1
169,510,1
511,148,0
173,450,0
299,138,0
336,271,0
363,944,0
559,245,0
357,651,1
8,534,1
395,253,0
267,250,0
187,651,1
433,513,1
214,820,1
230,941,0
387,278,0
76,800,0
528,477,0
137,318,1
214,475,1
243,232,0
374,872,0
393,249,0
251,1204,0
427,260,0
395,50,0
107,714,0
272,640,1
138,663,1
363,333,0
36,296,0
119,811,0
156,665,1
378,785,1
155,166,0
143,122,0
468,78,0
415,229,0
511,3,0
283,257,0
339,853,1
361,482,1
101,846,0
159,333,0
138,251,0
197,910,1
188,756,0
391,857,0
110,867,0
125,652,0
247,528,1
380,272,1
201,337,0
417,916,0
226,917,0
118,939,0
386,652,0
563,13,0
16,773,0
434,905,1
291,651,1
36,823,0
395,645,0
494,109,0
392,497,1
468,482,0
48,207,0
417,381,0
119,924,0
484,632,0
533,315,0
292,313,0
104,371,1
147,51,0
179,320,0
236,313,0
243,917,0
468,557,0
417,733,1
247,7,0
555,953,0
266,564,0
352,655,0
9,512,0
4,826,0
148,257,0
202,583,1
72,504,1
433,151,0
388,259,0
276,4,0
227,234,0
35,270,0
319,1,0
493,13,0
169,758,0
356,113,0
450,558,0
273,179,0
259,252,0
18,162,0
121,249,0
471,224,0
253,56,0
251,1148,0
346,530,1
563,715,1
386,638,0
535,473,0
307,1133,1
266,669,0
347,331,0
524,642,0
160,317,0
456,258,0
509,482,1
297,294,0
222,717,1
29,752,0
541,552,1
135,25,1
269,912,1
55,173,0
436,273,0
386,707,0
95,158,0
113,49,0
433,766,0
212,526,1
223,631,0
135,802,0
417,923,0
48,827,0
573,577,1
452,520,0
276,557,1
405,227,0
467,968,1
169,787,1
51,960,0
155,656,1
491,281,0
329,265,0
328,776,1
325,284,0
243,665,1
421,527,1
379,885,1
72,153,0
343,850,1
514,863,0
32,892,1
64,662,1
155,830,1
137,658,1
56,229,0
233,250,0
89,771,1
124,118,0
309,236,0
253,81,0
162,1031,0
84,45,0
467,560,0
64,25,1
297,559,1
149,770,0
449,379,0
71,716,0
563,196,0
559,787,0
267,864,0
160,234,0
132,129,0
329,494,1
1,900,1
191,329,0
174,107,0
468,558,1
19,180,0
547,658,0
417,770,0
201,124,0
239,233,0
427,632,0
207,661,1
289,223,0
433,567,0
44,199,0
457,826,0
564,708,0
379,834,0
511,642,1
155,55,0
50,241,0
101,523,0
280,583,1
507,728,0
192,290,0
139,912,0
436,529,0
51,979,0
32,559,1
172,900,0
1,394,0
395,772,0
36,845,0
123,330,0
64,289,0
207,850,0
330,665,1
487,114,0
236,699,0
515,32,0
362,904,0
201,546,0
3,241,0
287,546,0
313,552,0
309,722,0
243,779,0
1,920,0
511,235,0
563,664,0
64,499,1
159,230,0
442,537,0
190,439,0
272,17,0
457,272,0
473,664,0
511,711,0
328,309,1
169,504,1
518,480,1
443,668,0
138,324,1
309,233,0
436,477,0
387,565,0
4,643,0
56,254,0
359,333,0
511,101,0
113,138,0
120,898,1
109,775,1
558,631,0
361,574,1
518,220,0
563,176,0
555,778,0
309,854,0
443,472,1
48,220,0
198,402,0
75,577,1
524,57,0
69,903,1
511,105,0
425,693,1
329,83,0
125,663,0
319,851,0
8,226,0
303,1088,0
124,133,0
72,709,0
181,772,1
541,252,0
526,965,0
109,785,1
361,287,0
491,850,0
198,466,0
77,30,1
120,893,0
400,272,1
328,829,1
147,548,0
370,639,0
198,1056,0
21,274,0
359,825,0
363,1027,1
385,314,1
91,238,0
417,297,0
104,1109,1
224,708,1
565,614,0
562,308,1
93,5,0
289,226,0
267,638,0
59,646,0
366,825,1
64,528,1
378,271,0
26,273,0
357,270,0
526,1010,1
503,768,0
263,282,0
499,903,1
156,856,0
319,479,0
468,473,1
154,276,0
513,653,0
301,242,0
251,748,1
138,272,0
169,707,0
209,522,1
92,238,1
9,959,0
511,255,0
64,975,1
329,495,1
121,644,0
357,355,0
101,937,0
113,319,0
158,831,0
119,287,0
319,838,1
395,259,0
32,111,0
48,233,0
138,774,0
559,708,0
353,560,1
448,644,0
356,301,0
541,83,0
478,826,0
539,580,1
5,663,1
76,31,0
373,562,0
114,480,1
0,111,0
201,708,1
533,583,1
124,289,0
559,707,0
93,713,0
329,778,0
518,258,0
558,581,1
555,392,0
478,708,1
525,843,1
48,297,0
397,686,0
564,233,0
59,672,0
475,577,1
395,913,0
111,7,0
541,481,1
297,944,0
100,774,0
88,312,0
524,516,0
452,511,0
202,169,1
354,279,0
511,297,0
35,785,1
390,328,0
156,279,0
110,293,0
236,548,0
198,892,1
356,503,1
272,839,1
159,855,0
114,176,0
289,262,0
524,251,0
166,266,0
503,498,1
156,828,0
57,610,1
267,560,0
179,233,0
64,721,1
227,503,1
398,124,0
164,709,1
18,565,0
58,646,0
392,349,0
313,1105,0
521,663,1
198,417,0
339,703,1
216,661,1
475,267,0
467,776,0
114,566,1
320,234,0
456,721,1
460,569,1
92,671,0
97,415,1
261,561,1
189,270,0
223,786,1
7,278,0
19,707,0
361,941,0
330,266,0
490,239,0
159,298,0
307,1012,0
48,570,1
373,279,0
392,818,1
279,137,0
417,708,0
512,546,1
460,118,0
128,228,0
173,914,0
417,533,1
145,936,1
159,931,0
77,230,0
467,284,0
140,649,1
412,268,0
156,574,1
427,151,0
563,764,0
425,272,0
465,151,0
362,834,0
5,244,0
206,904,0
431,311,0
249,776,0
330,680,0
522,770,1
477,75,0
270,1009,0
54,276,0
44,512,1
78,258,0
113,654,1
114,845,1
278,1005,0
159,724,0
21,283,0
49,778,0
397,1015,1
531,725,0
376,140,1
56,825,0
491,772,1
137,773,0
49,321,0
29,311,0
159,546,0
453,859,0
198,354,0
223,244,0
562,325,0
49,567,0
329,664,1
392,850,0
417,911,0
194,55,0
38,231,0
272,280,0
362,157,0
467,475,0
535,234,1
188,252,0
389,922,1
274,280,0
361,884,0
526,310,1
196,222,0
46,647,0
257,257,0
297,515,1
150,840,1
444,642,1
401,520,1
5,714,0
190,450,0
64,193,0
68,790,1
60,577,1
173,1140,0
251,334,0
393,898,0
412,276,0
186,918,0
287,479,1
95,558,0
568,1036,0
125,571,1
136,819,1
477,80,0
219,781,0
478,609,1
422,751,0
373,252,0
478,638,0
395,965,1
411,849,1
447,703,1
1,228,0
72,834,0
310,756,1
568,827,1
473,500,1
511,852,0
167,476,0
309,273,0
564,475,1
443,682,1
467,952,0
298,663,1
304,319,1
564,319,0
362,562,0
436,858,0
236,175,0
392,321,0
185,640,1
473,253,0
1,927,0
23,476,1
361,855,0
320,649,1
326,44,0
308,841,0
178,648,0
101,707,0
467,1044,1
398,747,1
214,768,1
328,239,0
188,281,0
212,120,0
555,726,0
162,921,0
171,233,0
379,708,1
565,662,0
390,278,0
559,724,0
173,1205,0
59,256,0
361,481,0
25,642,1
397,362,0
106,422,0
501,320,0
448,895,1
141,310,0
511,151,0
386,969,0
69,895,1
292,576,0
323,256,0
336,656,1
563,783,0
124,308,0
224,537,1
234,854,0
297,228,0
305,711,0
124,195,0
23,549,0
84,858,0
32,31,0
156,473,1
89,236,0
398,642,0
138,530,0
522,163,0
60,192,0
526,324,0
209,712,0
386,889,1
173,900,0
214,295,0
321,85,0
180,316,0
113,480,0
72,294,0
224,235,0
32,381,1
513,659,0
46,646,0
568,519,1
411,676,0
98,918,0
386,657,0
397,946,1
224,667,0
19,885,1
449,956,0
397,826,0
276,256,0
503,221,0
297,774,0
319,637,1
397,482,1
138,781,1
19,41,0
219,612,0
52,501,1
251,663,1
526,1137,1
336,660,0
560,771,1
317,64,0
379,331,0
159,553,0
560,253,0
100,275,0
13,350,0
518,192,0
425,285,0
153,226,0
309,851,0
43,548,0
336,330,0
223,253,0
173,1192,0
341,1046,0
515,851,1
397,834,0
356,845,1
240,230,0
169,636,0
9,222,0
362,755,0
154,153,1
565,157,0
350,243,0
155,360,0
467,827,0
361,257,0
568,979,1
276,849,1
26,640,1
60,568,0
19,849,0
412,512,1
46,221,0
373,333,0
72,318,0
452,583,1
276,874,0
44,531,1
292,638,0
164,230,0
470,755,1
318,220,0
120,830,0
526,583,1
245,675,1
77,674,0
417,339,0
465,160,0
104,1025,1
564,860,0
425,138,1
154,656,0
18,771,1
38,230,0
397,615,0
368,768,0
467,610,0
389,327,0
52,20,0
276,333,0
361,775,1
272,522,0
132,640,1
497,253,0
395,661,0
26,771,1
177,974,1
249,297,0
162,936,0
190,467,0
378,840,0
491,482,0
212,499,0
392,662,0
400,714,0
395,836,1
120,979,0
309,257,0
176,253,0
560,657,1
132,367,0
473,45,0
568,30,1
297,286,0
313,332,0
443,331,0
293,317,0
243,965,0
315,749,1
224,528,1
174,911,0
271,656,0
224,612,0
34,550,0
329,853,0
100,278,0
316,668,1
137,222,0
251,822,1
43,222,0
295,820,1
188,268,0
78,892,0
123,825,0
343,228,0
395,835,0
507,279,0
49,57,0
154,648,0
387,641,1
526,442,0
80,25,0
514,750,0
128,642,0
398,770,1
184,664,1
541,78,0
416,10,0
243,279,0
202,225,0
59,634,0
439,787,0
539,632,0
341,338,0
200,574,0
347,944,0
150,337,0
525,789,0
72,656,0
395,671,0
412,729,1
380,686,0
276,323,0
35,839,0
110,638,0
49,660,0
444,638,0
564,785,1
378,834,0
555,976,0
335,667,1
487,569,0
369,899,0
353,267,0
273,39,0
219,332,0
524,315,1
132,1030,1
13,1018,1
455,930,0
388,654,1
353,260,0
554,102,0
186,843,0
517,268,1
539,558,0
176,843,1
194,797,1
124,224,0
339,146,0
169,858,0
361,357,0
386,768,0
525,15,0
95,516,0
158,1187,0
243,533,1
287,482,1
362,241,0
426,415,0
295,271,0
23,578,1
150,845,0
51,299,0
72,101,0
243,175,0
392,709,0
174,420,0
361,947,0
476,344,0
154,528,1
214,232,0
324,517,1
386,517,1
56,821,0
180,829,1
451,253,0
491,179,0
430,553,0
157,139,0
126,558,0
336,688,1
29,721,0
156,656,1
319,331,0
183,770,0
188,755,0
92,656,0
68,283,0
239,314,0
379,238,0
223,232,0
143,575,1
556,258,0
174,72,0
219,295,0
93,319,0
1,947,0
247,553,0
522,564,0
138,924,1
95,305,0
425,251,0
130,663,0
72,292,0
291,649,1
555,352,0
247,228,0
247,50,0
176,710,0
554,575,0
132,513,1
166,774,0
35,787,1
282,262,0
165,233,0
386,301,0
29,562,0
436,778,0
560,733,0
546,234,0
101,829,0
560,716,1
363,916,0
56,18,0
395,331,0
526,979,0
447,714,0
353,168,0
421,19,0
292,555,0
526,356,0
9,162,0
418,896,1
13,330,0
155,998,0
421,149,0
113,113,0
158,1197,0
104,323,0
267,241,0
44,127,0
19,661,1
564,488,1
93,310,0
478,528,1
251,529,1
239,226,0
354,252,0
209,779,0
56,834,0
154,800,1
395,236,0
339,228,0
162,920,0
49,260,0
518,552,0
524,274,0
223,313,0
11,262,0
56,783,0
267,824,0
472,863,1
401,475,1
18,862,0
247,310,0
363,1012,1
225,904,0
137,228,0
60,108,0
23,536,0
511,551,0
8,1038,0
539,575,1
110,522,1
17,258,0
271,243,0
467,274,0
425,680,0
307,1138,0
392,2,0
60,547,1
223,581,1
201,222,0
178,276,0
526,480,0
8,140,0
267,712,0
417,1152,1
176,285,0
330,649,0
329,699,1
350,566,0
467,29,0
143,472,0
120,829,0
563,220,0
108,313,0
229,896,1
555,787,0
184,677,0
531,253,0
483,535,1
159,266,0
383,223,0
362,709,1
362,549,0
452,52,0
204,272,0
555,310,1
521,524,1
174,907,0
145,1016,1
348,836,1
11,894,1
571,636,0
491,853,0
362,580,0
316,251,0
387,834,0
536,578,1
423,260,0
227,119,0
90,786,1
526,373,0
526,354,0
171,664,1
76,793,0
526,770,1
137,233,0
198,1085,1
16,777,0
158,1061,0
10,905,0
158,1138,0
526,1145,0
126,592,1
91,265,0
44,316,0
202,575,1
467,938,0
483,562,0
211,133,0
8,780,1
109,288,0
4,222,0
191,959,0
309,33,0
149,646,1
343,610,1
7,562,0
329,529,1
7,651,0
309,931,0
442,576,1
29,649,1
518,769,0
478,300,0
57,559,1
101,666,0
448,776,1
366,326,0
155,499,1
446,775,1
436,103,0
166,650,0
21,242,0
553,699,0
137,649,1
192,324,0
194,865,0
362,358,0
165,636,1
68,270,0
43,714,0
524,283,0
399,47,0
113,584,1
234,823,1
313,1122,0
336,662,1
11,476,1
19,279,0
478,482,0
92,562,1
460,317,0
134,827,0
198,1114,0
151,834,0
434,249,0
18,536,0
433,756,0
223,826,0
443,822,1
272,868,1
526,714,0
373,58,0
297,958,0
343,565,1
373,274,0
297,160,0
7,260,0
119,281,0
436,286,0
361,276,0
470,680,0
374,851,0
432,1031,0
37,710,1
137,197,0
569,719,0
412,310,0
568,860,1
273,312,0
178,700,0
297,359,1
138,820,0
533,580,1
366,941,0
357,278,1
342,278,0
514,890,0
55,550,0
73,735,0
491,315,0
160,310,0
478,710,0
515,562,0
395,898,1
36,945,0
4,158,0
110,823,0
467,656,1
361,929,1
503,51,0
226,1029,0
556,686,0
55,101,0
390,786,1
163,898,0
390,342,0
205,317,0
307,387,0
186,288,0
401,174,1
299,256,0
366,962,0
270,1030,0
526,898,1
19,778,0
8,1022,0
348,775,0
467,782,0
442,561,0
467,121,0
257,670,0
368,279,0
167,30,0
423,253,0
443,723,1
169,548,1
103,430,0
525,830,0
219,664,1
526,729,1
504,29,0
432,265,0
92,532,1
425,777,1
262,258,0
249,574,0
211,908,0
395,865,0
309,302,0
255,239,0
223,856,0
81,930,0
203,101,0
48,280,0
209,777,1
223,845,1
76,51,0
154,686,1
357,530,1
150,278,0
224,774,0
457,822,0
209,252,0
155,778,0
149,708,1
379,321,1
4,820,0
95,583,1
313,56,0
36,573,0
468,4,0
211,269,0
137,23,0
267,656,0
374,726,0
511,532,0
77,15,1
295,322,0
411,843,0
523,659,1
473,615,1
177,337,0
568,959,0
384,652,1
201,481,0
297,768,0
475,837,1
455,353,0
526,1179,0
107,250,1
32,903,0
180,652,0
306,272,1
345,663,1
461,651,1
273,472,1
428,227,0
140,669,0
503,919,0
475,570,0
541,496,1
207,714,0
48,782,1
311,645,0
56,537,1
452,551,1
187,249,0
51,935,0
236,643,0
512,123,0
4,327,0
267,575,0
535,476,1
483,631,0
431,0,0
227,654,1
218,257,0
120,847,1
249,337,0
443,577,1
541,265,1
330,681,0
126,664,0
363,819,1
343,477,0
478,251,0
170,893,1
343,708,1
0,152,0
339,235,0
384,272,0
156,224,0
136,830,0
155,826,0
135,101,0
394,825,0
81,641,0
339,923,0
41,769,0
473,234,0
106,436,0
457,773,1
33,220,0
398,273,1
354,729,0
99,500,1
357,233,0
180,649,1
329,554,0
151,12,0
119,276,0
496,326,0
141,510,1
390,771,1
124,638,0
515,776,0
48,502,1
415,231,0
506,823,1
37,342,0
336,333,1
141,512,1
397,329,0
397,567,0
261,651,1
361,822,0
5,637,1
163,549,0
251,703,1
311,649,1
151,852,0
251,770,0
158,468,0
483,524,0
84,334,0
48,631,0
101,252,0
503,513,1
555,709,1
559,656,0
308,230,0
178,664,1
395,864,0
341,1113,0
345,315,0
90,355,0
25,243,0
145,1024,0
339,106,0
198,1015,1
491,720,0
523,769,1
1,773,0
409,907,0
565,865,0
206,434,0
10,96,0
157,565,0
509,546,1
251,383,1
559,479,0
50,268,0
64,666,1
353,672,0
159,190,0
568,643,1
526,133,0
336,659,0
64,826,1
227,356,0
417,393,0
362,103,0
119,934,0
89,849,0
209,655,1
436,971,0
515,510,1
171,639,0
442,517,0
377,636,1
18,837,0
267,324,0
51,1038,0
137,328,0
260,46,0
360,909,0
224,645,0
475,238,0
563,71,0
95,119,0
158,377,0
514,829,0
108,51,0
368,647,0
412,282,0
433,276,0
387,139,1
295,293,0
354,713,0
319,274,0
95,979,0
261,566,0
297,233,0
169,774,0
447,710,0
125,632,0
84,662,0
51,323,0
329,286,0
145,979,0
330,241,0
353,631,0
64,255,0
436,522,1
515,659,1
363,400,0
365,104,0
9,371,0
240,639,1
32,951,0
84,555,0
19,516,0
313,194,0
292,652,1
412,713,0
155,955,0
477,572,1
412,656,1
373,158,0
178,778,1
224,202,1
120,861,0
251,1199,0
32,298,0
398,231,0
391,851,0
155,837,0
528,537,0
95,937,0
221,908,0
207,845,1
425,645,0
36,288,0
121,648,0
266,503,0
104,939,1
23,152,0
101,956,0
11,536,1
511,298,0
19,918,0
104,440,0
503,336,0
125,733,1
379,474,0
517,669,0
8,582,0
23,39,0
243,845,0
137,225,0
18,269,0
187,658,1
96,227,0
98,332,0
417,1182,0
193,126,0
246,789,0
180,310,1
156,47,0
1,56,1
71,769,1
556,668,0
467,1191,0
573,475,1
154,820,0
93,773,1
92,511,1
335,644,0
43,843,1
341,1161,0
318,316,0
473,20,0
59,667,0
560,843,0
526,1118,0
126,567,0
227,12,0
573,480,1
439,868,0
276,515,1
309,220,0
433,537,1
227,170,0
173,969,0
524,42,0
43,609,0
273,547,0
541,522,1
164,789,1
428,113,0
216,653,1
196,312,0
292,647,0
46,664,1
283,255,0
478,845,1
15,292,0
89,650,1
436,875,0
173,1182,0
48,253,0
50,765,0
523,256,0
0,17,0
478,211,0
126,254,0
156,321,0
329,221,0
526,774,0
449,903,0
36,881,0
1,779,0
467,565,0
521,279,0
563,781,0
312,439,0
387,229,0
411,639,0
9,378,1
70,781,1
154,558,0
32,907,0
177,1035,0
563,612,0
391,836,0
59,155,0
137,269,0
475,301,0
226,1009,0
236,258,0
56,632,0
132,653,0
432,947,0
559,136,0
36,138,0
227,472,0
186,819,1
72,580,1
198,1014,1
468,551,0
128,652,1
448,670,1
395,195,0
198,1021,1
334,256,0
560,934,0
353,711,1
247,295,0
56,534,1
101,951,0
464,907,0
433,640,1
526,46,0
278,921,0
469,222,0
48,322,0
110,876,0
365,505,0
118,821,0
518,0,1
224,532,0
560,714,0
398,535,1
51,924,0
556,669,1
195,610,1
101,531,1
60,234,0
167,516,0
257,691,0
207,717,1
560,739,1
289,228,0
19,725,0
108,523,1
60,582,0
180,708,0
496,826,0
30,248,0
475,151,0
209,668,0
138,834,0
427,531,1
320,656,1
343,861,0
392,574,1
315,752,0
15,299,0
178,695,0
562,290,0
78,129,0
238,856,1
141,319,0
357,275,0
443,819,0
297,284,0
571,770,1
568,778,0
8,496,1
110,844,0
95,738,1
379,638,1
362,5,0
468,647,0
72,848,0
478,276,0
273,237,0
243,787,0
328,787,1
390,822,1
189,672,0
138,632,0
169,254,0
362,633,0
216,259,0
467,1062,0
152,263,0
369,893,0
1,708,1
131,707,0
27,245,0
295,823,1
417,255,0
511,774,0
64,829,0
9,646,0
194,69,0
4,867,0
467,303,0
55,134,0
88,152,1
511,858,0
132,201,0
247,570,1
350,229,0
295,270,0
448,608,1
227,781,1
479,632,0
432,327,0
272,263,0
380,658,1
473,501,0
104,465,0
7,236,0
64,237,0
158,937,0
328,226,0
417,536,1
137,707,0
166,474,0
548,824,0
370,234,0
448,468,0
397,632,0
417,1151,0
538,828,0
555,299,0
86,233,0
1,660,1
128,710,0
313,251,0
72,220,0
384,768,1
565,578,0
272,284,0
202,566,0
66,769,0
67,250,0
510,160,0
503,920,0
263,874,0
387,275,0
561,253,0
573,546,0
388,651,1
238,277,0
332,803,0
223,237,0
391,718,0
251,743,0
391,864,0
137,279,0
483,151,0
29,230,0
95,939,0
7,57,0
444,662,1
48,239,0
169,821,0
387,119,0
32,678,0
412,553,0
50,260,0
341,335,0
519,513,1
64,359,1
460,518,1
478,53,0
564,297,0
32,896,1
120,933,0
555,386,0
467,395,0
95,840,1
467,1039,0
180,36,0
377,648,0
267,255,0
247,259,0
467,980,0
82,475,1
272,95,0
120,963,0
315,776,0
519,561,1
72,743,0
395,347,0
113,817,1
149,277,0
145,1028,1
315,855,0
216,770,0
159,929,0
232,905,0
128,711,1
191,324,0
377,239,0
219,315,1
309,201,0
101,905,0
138,253,0
140,643,0
128,648,0
113,775,1
511,36,0
171,726,0
234,321,0
412,131,0
295,875,1
219,684,1
460,559,0
171,272,0
180,317,0
43,712,0
303,443,1
413,638,0
89,250,0
282,315,0
198,1127,1
188,775,1
214,714,0
266,608,0
23,561,0
88,46,0
132,845,1
247,663,1
412,776,1
89,655,1
38,239,0
32,859,0
19,9,0
0,482,1
417,1169,0
141,148,0
108,230,0
155,994,0
391,862,0
260,864,0
302,208,0
560,938,0
46,76,0
123,339,0
100,639,1
23,521,0
164,672,0
343,317,1
81,565,0
395,1000,0
439,47,0
145,338,0
328,35,0
521,664,0
439,171,0
111,18,0
176,258,0
120,946,0
82,514,0
140,258,0
124,611,1
187,615,0
515,295,0
108,311,0
128,669,0
169,564,0
353,46,0
81,266,0
533,634,0
395,357,0
357,230,0
132,769,1
431,534,1
216,260,0
403,893,0
242,253,0
475,769,0
314,818,1
82,521,0
74,51,0
347,496,1
205,570,1
64,560,0
0,156,0
433,532,0
88,609,0
160,563,0
137,53,0
374,787,1
514,869,0
84,251,0
214,646,0
183,580,1
412,124,0
363,852,1
307,1084,1
224,732,1
500,564,0
110,865,0
417,636,0
477,523,1
571,666,0
330,659,0
36,655,0
319,322,0
124,553,0
315,857,0
343,287,0
247,964,0
114,638,1
180,514,0
473,521,0
357,363,0
532,10,0
445,241,0
518,845,0
247,583,1
56,713,0
81,112,0
448,1028,1
36,779,1
569,239,0
313,45,0
165,552,1
19,527,0
1,579,0
384,653,1
433,479,0
563,610,0
84,774,0
104,926,0
368,220,0
303,1171,0
90,926,1
124,560,1
483,546,0
313,256,0
449,351,0
171,774,0
161,789,0
425,137,0
184,710,1
350,221,0
427,101,0
171,224,1
249,224,0
77,565,0
126,474,0
273,226,0
571,660,0
5,762,0
0,119,0
425,549,0
282,741,0
313,442,0
460,195,0
93,60,0
164,827,0
25,269,1
365,568,0
120,950,0
84,823,0
150,336,0
563,843,0
155,658,0
388,258,0
226,337,0
268,906,1
36,663,0
113,664,1
18,151,0
55,221,0
207,670,0
18,730,1
278,827,0
357,657,0
555,399,0
332,799,0
241,239,0
59,311,0
29,725,0
52,44,0
91,255,0
102,112,0
467,354,0
162,357,0
249,667,0
467,16,0
219,281,0
223,672,0
478,641,1
331,640,0
395,119,0
353,238,0
316,772,1
448,385,0
4,325,0
95,283,0
166,639,0
225,897,0
466,870,0
573,311,0
49,197,0
132,274,0
119,1016,1
93,560,1
478,226,0
18,355,0
224,482,0
137,680,1
113,877,0
354,845,1
72,775,0
216,636,0
547,644,0
470,711,1
54,858,0
145,788,0
559,712,0
373,362,0
196,565,1
159,849,1
169,134,0
93,47,0
266,613,0
92,844,1
54,274,0
36,579,0
278,787,1
155,183,0
496,816,1
48,848,0
461,772,1
257,246,0
309,850,0
422,825,0
356,850,0
436,329,0
518,686,1
475,107,0
395,254,0
202,479,0
342,773,0
297,973,1
49,672,0
514,859,0
303,393,0
27,709,1
151,711,1
17,649,1
126,232,0
110,481,1
202,537,1
81,864,0
411,672,1
126,879,0
219,177,0
389,405,0
362,724,0
309,228,0
81,626,1
448,840,0
306,731,1
242,504,1
29,614,1
118,937,0
141,559,1
59,522,0
473,511,1
473,653,1
176,775,1
491,479,0
19,665,1
432,950,0
236,644,0
43,224,0
509,319,0
521,245,0
249,728,1
276,529,1
509,481,0
386,713,0
455,360,0
171,649,1
475,16,1
395,650,0
508,680,1
473,520,0
356,270,0
92,244,0
297,953,0
417,740,0
171,834,0
404,246,0
330,643,0
395,933,0
15,963,1
448,903,1
18,480,0
467,1042,0
392,125,0
4,554,1
99,775,1
291,310,0
72,574,1
384,654,1
425,675,0
357,663,1
483,568,1
178,252,0
50,228,0
467,513,1
392,562,0
356,564,0
13,848,1
162,336,0
209,647,0
362,395,0
185,266,0
36,839,0
158,1074,0
336,640,1
7,711,0
143,110,0
319,475,1
104,338,0
166,532,1
506,758,0
436,946,0
309,475,0
317,47,0
201,918,1
397,709,0
452,566,0
309,778,0
274,253,0
162,815,0
319,15,0
108,220,0
536,164,0
509,560,1
432,926,0
223,642,0
357,937,0
185,242,0
95,337,0
302,609,1
15,938,1
238,292,0
249,225,0
263,641,1
185,268,0
341,346,0
526,319,0
565,650,0
519,215,1
158,1031,0
448,374,0
449,1025,1
436,255,0
184,771,0
1,522,1
443,0,0
159,757,0
9,382,0
223,779,1
572,225,0
9,348,0
109,826,0
66,642,0
515,251,0
56,741,0
184,672,0
397,633,0
169,853,1
186,938,0
292,564,0
322,815,0
297,906,0
274,658,0
128,271,0
183,565,0
503,499,1
5,267,0
361,348,0
243,823,0
249,772,0
36,867,0
111,559,0
439,567,0
126,708,0
432,358,0
285,566,0
395,893,0
448,510,1
329,652,1
60,101,0
503,319,0
436,772,0
58,233,0
395,648,0
330,260,0
18,740,0
468,225,0
446,854,0
328,218,0
116,233,0
515,515,1
227,33,1
506,862,0
361,815,1
19,147,0
347,161,0
216,713,1
81,516,0
262,267,0
21,732,1
353,579,0
461,643,1
560,255,0
225,906,0
489,730,0
243,265,0
224,234,0
249,315,0
533,221,0
386,322,0
158,437,0
55,161,0
249,612,0
91,313,1
517,256,0
327,463,0
381,228,0
4,840,0
392,551,0
200,561,1
392,786,1
151,836,0
210,253,1
51,917,0
330,651,1
526,760,1
9,867,0
173,1019,1
316,284,0
135,220,0
81,351,0
169,645,0
226,336,0
313,1097,1
276,648,0
32,254,0
152,899,0
165,0,0
89,284,0
276,275,0
100,670,0
249,629,1
1,392,0
160,582,1
207,711,0
448,1004,0
48,855,0
461,260,1
202,565,1
183,561,0
126,481,1
503,784,0
110,494,0
118,328,0
531,753,1
46,55,0
341,907,0
573,562,1
436,1033,0
255,639,1
259,903,0
470,275,0
36,868,0
478,511,0
328,494,1
395,235,0
249,203,0
224,228,0
397,896,0
119,976,1
0,564,0
560,284,0
492,822,0
19,302,0
126,226,0
251,813,1
356,254,1
398,230,0
535,565,0
425,867,0
343,171,0
491,574,1
48,215,0
473,311,0
156,77,0
309,660,0
297,157,0
168,103,0
260,204,0
137,533,1
77,667,0
282,634,0
489,749,1
184,740,0
545,907,0
249,573,0
0,227,0
72,246,0
433,755,0
390,787,1
224,663,0
346,629,0
120,379,0
456,773,0
156,11,0
397,251,0
9,13,1
77,847,0
386,656,1
188,817,1
425,517,1
20,313,0
282,771,1
95,1000,0
130,641,0
57,319,0
460,525,0
302,559,1
201,476,1
398,224,0
341,827,1
81,549,0
141,12,0
145,923,0
107,639,1
132,898,0
59,313,0
526,834,0
87,32,0
541,668,1
563,772,0
390,778,0
424,260,0
503,610,0
72,553,0
368,253,0
387,680,1
192,274,0
149,253,1
1,339,0
155,761,0
317,115,1
238,298,0
166,118,0
363,714,0
514,20,0
128,687,0
21,711,1
454,31,0
417,231,0
99,573,1
2,876,0
141,220,0
411,714,0
420,903,0
135,172,1
173,951,0
276,245,0
5,274,0
173,1044,0
413,637,0
308,865,0
18,777,0
526,465,0
169,326,0
120,418,0
522,651,1
236,714,0
521,257,0
361,191,1
328,224,0
99,311,0
92,652,1
43,710,0
93,120,0
555,653,1
60,1,0
532,526,0
448,533,1
4,864,0
26,664,1
342,742,1
524,285,0
297,259,0
433,22,0
56,641,1
274,761,0
223,326,0
49,576,0
227,552,0
491,278,0
562,820,1
397,503,1
51,382,0
249,533,1
528,555,0
124,521,1
270,327,0
319,75,0
13,338,0
187,74,0
386,217,0
491,109,0
436,316,0
467,840,0
364,365,1
448,257,0
214,564,0
9,22,0
366,828,0
55,316,0
214,238,0
320,645,0
308,116,0
185,771,0
386,691,0
155,103,0
559,781,0
15,333,0
132,326,0
478,93,0
236,533,0
19,864,0
468,479,0
159,536,1
478,777,0
540,944,0
64,303,0
4,611,0
451,675,0
72,631,0
185,253,0
155,496,0
9,669,0
568,46,0
235,524,1
151,853,0
167,474,0
324,514,1
317,108,0
511,768,1
373,499,1
158,1064,0
446,709,1
556,843,0
2,880,0
207,744,0
36,822,0
398,634,0
29,861,0
353,175,0
145,1015,1
518,229,0
32,318,1
29,863,0
559,573,1
328,781,1
171,717,1
22,64,0
138,779,0
230,939,0
131,696,0
339,480,1
554,501,0
481,112,1
93,151,0
509,583,1
436,495,1
101,828,0
162,341,0
503,655,0
378,344,0
159,124,0
297,325,0
223,280,1
316,280,0
176,292,0
431,234,0
511,670,0
417,505,1
301,223,0
506,849,0
119,986,0
556,658,0
562,336,0
484,610,0
297,255,0
514,889,0
77,578,0
243,947,0
563,191,0
135,828,0
219,922,0
278,979,0
84,236,0
313,781,1
1,659,1
339,613,0
114,244,0
379,665,0
320,266,0
169,347,0
397,654,1
417,315,0
35,779,0
155,6,0
64,1032,0
126,225,0
526,17,0
433,713,0
339,19,0
483,178,0
149,251,0
327,467,0
287,251,0
9,670,0
448,946,0
520,220,0
108,636,1
567,96,0
392,840,1
443,258,1
188,851,0
565,647,0
460,241,0
568,547,1
543,103,0
48,743,1
132,632,0
205,524,0
145,360,0
463,780,1
522,475,1
26,666,1
563,828,0
533,651,1
454,1,1
7,15,0
413,239,0
362,185,0
151,828,0
526,1045,1
7,656,1
162,900,0
292,36,0
91,259,0
198,383,1
329,558,0
59,770,0
523,661,0
555,259,0
132,307,0
460,39,0
313,931,0
41,256,0
108,502,1
329,703,0
194,753,0
379,290,0
573,634,0
356,653,1
18,750,0
271,642,0
59,778,0
189,713,1
32,937,0
285,571,0
323,909,0
272,667,0
373,325,0
243,112,0
59,566,0
13,856,0
180,280,0
341,326,0
519,510,1
511,272,0
9,357,0
272,849,0
137,715,0
398,278,0
223,318,0
267,663,0
32,850,0
192,823,0
201,287,0
341,921,0
357,707,0
94,255,0
251,1188,1
374,849,0
232,900,0
267,251,0
425,652,1
341,442,0
205,633,0
9,774,1
425,4,0
160,229,0
43,848,0
514,821,0
138,312,0
257,779,1
183,536,0
291,663,0
262,263,0
564,845,0
363,341,0
298,661,1
180,239,0
44,47,0
91,260,0
251,558,0
8,928,0
475,852,0
77,577,1
235,561,0
160,614,0
138,712,0
128,650,0
255,237,0
99,481,1
124,249,0
223,635,0
213,159,1
417,1121,0
120,277,0
532,0,0
82,71,0
459,634,0
522,235,0
18,725,0
339,281,0
138,115,0
7,779,1
307,1205,0
72,780,1
387,559,0
521,727,0
204,328,0
60,0,1
503,816,0
428,318,0
59,552,0
250,57,0
18,555,0
526,235,0
475,516,0
502,914,0
214,55,0
49,664,1
2,864,0
266,514,1
425,577,1
219,513,1
50,267,0
508,270,0
387,569,1
98,299,0
526,395,0
18,218,0
448,642,0
226,921,0
421,510,0
292,254,0
555,235,0
118,350,1
101,530,1
305,774,1
425,774,0
487,523,1
387,537,1
568,651,1
1,294,0
247,978,0
247,946,0
334,907,1
188,267,0
343,847,0
161,785,1
124,865,1
64,324,0
447,270,0
214,826,1
214,744,0
417,476,1
433,560,0
77,276,0
198,368,0
17,685,1
156,535,1
425,775,1
564,313,0
467,1164,0
468,319,0
400,265,0
313,172,1
137,479,0
417,50,0
138,840,0
110,257,0
124,725,0
292,858,0
362,393,0
126,877,0
341,462,0
515,845,1
68,938,0
415,243,0
156,855,0
446,848,1
353,131,0
205,29,0
449,403,0
140,646,0
425,546,0
439,861,0
135,787,1
173,1134,0
392,280,0
339,731,1
500,626,0
230,973,0
466,848,0
2,765,0
320,314,0
272,612,0
319,316,1
95,139,0
329,757,0
48,760,0
227,834,0
443,582,1
452,30,0
59,104,0
330,255,0
343,503,1
486,637,0
310,676,1
391,838,0
125,572,0
448,115,0
209,609,1
387,554,0
188,845,0
467,567,0
360,906,0
174,418,0
263,773,1
77,159,0
29,632,0
32,523,1
114,156,0
219,727,1
67,896,1
78,909,0
428,162,0
166,6,0
91,217,0
60,65,1
328,277,0
132,630,1
169,854,0
92,759,0
473,634,0
384,256,0
109,774,0
4,482,0
392,856,1
64,820,1
18,927,0
141,546,0
247,968,0
8,953,0
503,665,0
113,125,0
261,574,1
475,270,0
232,907,0
535,107,0
32,917,0
368,661,0
48,843,1
329,511,1
36,915,0
521,938,0
94,776,1
455,345,0
189,660,1
303,959,0
297,655,0
126,660,0
161,802,0
166,670,0
268,909,0
125,735,0
219,243,0
4,560,0
550,877,1
431,504,1
189,643,1
214,608,1
59,524,1
251,308,0
496,323,0
18,935,0
559,864,0
238,860,0
555,712,0
434,251,0
362,273,0
51,816,1
104,1119,1
400,274,0
108,312,0
467,436,0
313,658,1
373,242,0
209,259,0
536,568,1
413,231,0
556,276,0
211,911,1
36,195,0
307,944,0
374,710,1
519,127,0
8,1037,1
428,547,0
157,510,1
448,908,0
431,12,0
64,151,0
72,769,0
361,863,0
352,658,1
185,270,0
31,559,0
295,283,0
137,781,1
475,853,0
342,271,0
491,183,1
124,327,0
373,21,0
52,475,1
398,773,1
443,227,0
9,624,0
387,711,1
8,472,1
397,966,1
313,818,0
141,205,0
365,151,0
325,707,1
93,154,0
341,379,0
124,153,0
266,632,0
448,928,0
522,643,1
398,532,0
507,725,0
36,936,0
276,771,1
571,260,0
32,382,0
436,101,0
1,881,1
235,546,0
84,242,0
21,253,0
328,546,0
386,532,0
251,531,1
55,131,0
243,640,0
398,304,0
475,536,0
398,565,0
522,252,0
155,516,0
391,834,0
72,565,0
563,632,1
392,860,0
273,310,1
374,707,0
84,230,0
169,222,0
433,710,0
349,0,0
436,334,0
219,638,0
188,819,1
4,286,0
13,332,0
259,256,0
511,250,0
266,856,0
329,291,0
49,713,0
395,580,1
298,660,1
107,647,0
297,914,0
227,534,1
56,858,0
32,821,1
165,657,1
64,101,0
467,780,0
159,978,0
48,251,0
77,319,0
535,637,0
114,777,1
412,663,1
270,796,1
503,230,0
125,650,0
476,342,0
0,73,0
166,675,0
267,814,0
180,529,0
562,338,0
408,292,0
25,229,0
278,936,0
368,274,0
231,716,0
412,316,0
412,561,0
448,1096,1
138,157,0
307,453,0
234,785,1
162,353,0
524,482,0
9,892,1
81,305,0
328,646,0
266,0,0
4,228,0
521,672,1
292,526,1
313,771,1
532,151,0
137,502,1
196,582,1
286,707,0
201,243,0
154,241,0
364,911,1
446,824,1
183,276,0
65,880,0
369,265,1
534,576,0
219,168,0
10,472,1
353,226,0
448,462,0
467,449,0
173,933,1
356,769,0
559,786,0
227,480,1
57,576,1
274,760,1
125,726,0
556,270,0
319,282,0
475,255,0
219,334,0
473,552,0
54,849,0
9,603,0
421,126,0
507,834,0
227,659,0
537,1185,1
81,510,1
307,970,1
493,0,0
261,636,1
9,333,0
374,772,1
560,664,0
191,340,1
313,1050,0
126,874,0
243,250,0
341,909,0
44,0,1
154,734,0
309,636,0
155,730,0
478,646,0
484,577,1
49,858,0
77,292,0
339,254,0
518,238,0
98,827,1
143,504,0
347,560,1
69,911,0
237,35,1
4,707,0
267,222,0
226,328,0
328,872,1
503,301,0
227,335,0
50,646,0
555,24,0
368,851,1
386,823,0
339,721,0
387,101,1
235,575,1
59,480,0
496,338,0
448,952,0
214,321,0
64,275,0
561,83,0
276,785,1
395,41,0
564,771,0
467,854,0
108,652,1
303,903,0
319,663,1
180,67,0
325,330,0
363,898,0
223,777,0
81,528,1
84,918,0
554,546,0
49,524,1
268,900,1
309,570,0
209,558,0
18,718,0
448,387,0
59,260,0
201,168,0
168,524,1
254,322,0
130,656,0
426,419,0
373,472,1
313,844,1
514,851,0
523,667,0
223,331,0
108,533,1
110,249,0
546,657,0
467,387,0
77,551,1
362,272,0
209,663,1
292,768,0
177,893,0
571,253,0
61,823,0
24,894,1
227,829,1
525,853,0
64,769,1
412,636,0
173,440,0
329,564,1
7,533,0
43,654,1
362,948,1
467,435,0
65,875,0
32,960,0
120,296,0
475,645,0
559,654,0
304,202,0
157,113,0
445,642,0
560,709,1
536,311,0
378,725,0
1,921,1
505,569,1
387,611,1
13,298,0
99,756,0
387,564,0
419,118,0
104,1088,0
307,1179,0
91,268,0
267,848,0
56,646,1
35,835,0
433,581,1
278,928,0
319,163,0
467,643,0
448,419,0
323,894,1
32,309,0
436,563,0
387,190,0
72,748,0
162,329,0
155,351,0
530,894,1
417,1023,0
413,646,0
169,339,0
84,537,1
555,719,1
448,578,0
478,658,1
353,642,1
132,328,0
417,985,0
568,532,0
547,232,0
23,601,0
564,272,0
152,265,0
156,823,0
125,227,0
9,627,0
523,718,0
1,972,0
522,714,0
559,671,0
555,937,0
31,577,0
113,295,0
251,913,0
565,168,0
526,1175,0
188,669,0
448,658,1
508,780,1
307,977,0
205,314,0
209,157,0
397,897,0
91,656,1
106,425,0
235,109,0
536,559,0
94,272,1
191,909,0
124,862,0
313,184,0
52,93,0
470,736,0
48,772,1
276,238,1
56,784,1
198,1125,0
13,954,0
395,226,0
191,976,0
236,645,0
267,730,1
272,871,0
357,229,0
508,260,0
276,850,1
526,749,1
343,770,0
417,515,0
301,233,0
291,320,0
110,534,1
230,930,0
278,816,0
3,637,0
124,318,0
168,65,1
184,736,0
328,665,1
198,1185,1
428,512,1
49,521,1
48,852,0
177,947,1
328,495,0
386,851,0
477,526,1
46,596,0
27,712,1
348,855,0
180,734,0
361,672,0
9,244,0
425,567,0
541,185,0
92,769,0
9,671,0
518,132,0
249,327,0
313,1099,1
167,123,0
511,848,0
341,1099,1
114,279,1
251,303,0
101,299,0
227,514,1
369,904,0
140,256,0
555,855,0
114,522,1
181,714,0
571,228,0
403,265,0
419,528,1
448,825,0
104,1028,0
56,125,0
201,561,0
448,649,0
154,612,0
565,236,0
2,884,1
565,551,0
560,850,1
158,360,0
89,642,0
526,1123,1
476,337,1
159,864,0
32,727,0
145,925,0
48,777,1
439,60,0
313,985,0
389,935,0
295,756,0
157,42,0
283,244,1
192,326,0
26,222,0
101,770,0
564,324,0
568,322,0
101,830,0
81,140,0
316,708,1
446,822,0
101,281,0
443,631,0
113,537,0
521,1038,0
397,16,0
363,366,0
562,782,1
546,679,1
292,571,1
137,255,0
75,165,0
408,826,0
46,663,1
343,570,1
519,530,1
339,843,0
29,151,0
180,862,0
1,395,0
77,883,0
526,655,0
151,789,0
560,926,0
473,522,1
156,220,0
9,359,0
431,555,0
158,1193,0
404,236,0
526,824,1
263,777,0
189,708,0
565,522,0
174,897,1
230,1012,0
555,353,0
29,566,0
163,420,0
234,859,1
531,780,1
363,946,1
443,515,1
177,324,0
82,551,0
1,327,0
238,300,0
472,258,0
210,249,1
5,650,1
50,231,0
165,637,1
222,734,0
262,526,0
185,241,0
185,672,0
207,257,0
52,521,1
467,365,0
478,719,0
207,741,1
104,1173,0
305,768,1
503,354,0
32,525,0
18,113,0
309,238,0
303,946,0
120,907,0
334,897,1
443,531,1
428,0,0
365,168,0
330,636,0
243,251,0
13,837,1
398,643,0
545,905,0
84,273,0
64,363,0
90,826,0
524,638,1
470,271,0
449,325,0
544,254,0
251,896,1
247,966,1
313,646,0
37,281,0
19,201,0
564,525,0
227,340,0
44,101,0
138,853,1
319,779,1
23,493,0
55,477,0
21,282,0
174,102,0
120,365,0
29,773,0
341,455,0
297,904,0
95,925,0
304,575,1
155,929,0
183,289,0
19,204,1
36,495,0
443,321,0
433,476,1
142,200,0
307,1176,0
557,904,1
417,568,1
88,233,0
531,840,1
9,565,0
315,728,0
449,909,0
113,482,0
412,569,0
132,824,1
162,335,0
398,631,0
266,106,0
448,685,1
230,945,0
186,821,0
339,200,0
178,260,0
204,280,0
560,335,0
19,547,0
443,537,1
432,339,0
380,255,0
81,918,0
517,265,0
235,528,1
289,227,0
188,758,0
1,786,1
511,676,0
292,30,0
93,497,1
467,304,0
291,61,0
544,715,0
95,959,0
101,992,0
214,101,0
531,778,0
411,669,1
478,328,0
436,45,0
272,610,0
84,243,0
155,233,0
126,538,1
313,502,1
49,662,0
448,400,0
507,776,0
303,1204,0
361,823,0
166,685,1
18,505,1
357,262,1
286,136,0
467,902,1
404,259,0
397,260,0
159,548,0
245,669,0
481,107,0
154,535,1
568,1023,0
9,370,0
568,825,0
32,555,0
56,683,1
335,650,0
291,259,0
60,102,0
224,651,1
110,224,0
312,465,0
201,856,1
227,135,0
313,1100,1
4,472,0
509,513,1
538,823,0
4,925,0
452,227,0
251,667,1
398,184,0
194,821,0
219,655,1
395,161,0
411,650,1
399,84,0
125,668,0
303,1135,1
184,774,0
524,848,0
373,330,0
32,330,0
4,648,0
449,1023,0
137,838,1
151,837,1
19,727,0
81,55,0
52,474,1
38,643,0
507,256,0
254,822,0
116,236,0
289,230,0
508,273,0
160,220,0
4,710,0
363,970,1
397,265,0
119,356,0
60,235,0
8,770,1
563,482,0
267,104,0
0,472,0
4,236,0
292,53,0
132,844,1
249,659,0
507,741,1
356,277,0
178,723,0
518,639,0
263,862,0
359,270,0
154,228,0
34,551,0
404,652,0
433,258,0
392,350,0
319,853,0
236,101,0
432,299,0
448,394,0
339,139,0
273,773,0
249,638,0
522,260,1
267,698,0
183,620,0
565,611,0
413,666,1
555,655,0
8,481,0
126,750,0
251,684,0
525,714,0
206,417,0
49,523,1
412,285,0
226,1033,0
13,295,0
110,860,0
508,274,0
251,775,1
511,179,0
25,649,1
347,536,1
72,776,1
353,768,0
247,845,0
21,268,0
141,547,0
155,756,0
236,669,0
242,532,1
141,534,1
356,777,1
526,849,0
168,129,0
532,50,0
335,655,1
77,677,0
363,712,0
178,257,0
395,954,0
37,850,0
92,843,1
247,55,0
315,862,0
357,614,1
421,480,0
526,351,0
314,16,0
197,900,1
180,699,0
448,942,0
417,105,0
159,105,0
397,937,0
9,932,1
375,769,0
124,502,1
276,272,0
84,118,0
369,898,0
560,769,1
563,652,0
32,839,1
56,578,0
362,564,0
467,334,0
51,822,0
118,854,1
245,245,0
526,529,1
330,657,0
230,918,0
214,774,0
12,772,1
209,859,0
18,45,0
379,114,1
226,979,0
475,521,1
445,647,0
341,825,0
417,910,0
273,28,0
525,718,0
223,560,0
72,564,0
51,964,0
433,566,0
556,778,0
307,359,1
201,937,0
470,675,0
165,232,0
303,1039,0
58,240,0
524,313,1
573,609,1
421,29,1
319,34,0
347,355,0
342,663,1
43,863,0
292,553,0
510,29,0
352,647,0
526,150,0
159,354,0
541,643,1
8,637,0
563,816,0
427,580,1
59,708,0
291,636,0
38,224,0
467,1120,0
554,539,0
417,426,0
159,527,1
374,877,0
58,639,0
373,656,1
523,672,0
267,240,0
132,604,0
297,299,0
32,897,1
518,329,0
435,481,1
89,227,0
249,798,0
417,383,1
84,583,1
212,256,0
448,382,0
361,304,0
397,969,0
433,260,0
375,909,0
94,275,0
357,991,1
461,249,0
75,571,1
173,1120,0
126,665,0
143,577,0
389,833,0
56,841,0
568,837,1
521,271,0
173,1124,0
118,824,1
564,238,0
72,629,1
460,632,0
291,473,1
417,322,0
276,347,0
202,515,1
64,944,0
93,672,0
533,773,1
526,510,1
328,773,1
123,820,1
211,262,0
66,707,0
361,633,0
147,534,1
379,710,1
473,518,0
126,560,1
559,556,0
81,853,0
421,151,0
257,262,0
303,402,0
192,257,0
292,116,0
15,824,0
378,326,0
171,755,1
554,608,0
535,523,1
230,944,0
401,117,0
5,773,1
101,660,0
93,186,0
1,898,0
81,293,0
484,208,0
541,119,0
72,127,0
559,291,0
291,150,0
417,1104,0
325,821,0
260,37,0
526,652,1
251,773,0
316,257,0
32,848,1
328,672,0
526,741,1
169,258,0
141,566,0
166,644,0
412,637,0
427,650,1
251,826,0
292,572,0
233,262,0
46,114,0
392,262,0
55,126,0
95,256,0
526,502,1
72,22,0
171,849,1
192,323,0
329,650,0
143,631,0
166,313,1
386,551,0
113,546,0
319,780,1
50,229,0
517,240,0
283,636,1
77,255,0
442,547,0
369,435,0
9,354,0
380,673,0
395,846,1
511,265,0
487,221,0
449,323,0
270,999,0
373,312,0
9,476,1
356,480,1
257,243,0
461,674,0
535,503,1
386,682,0
379,229,1
272,496,0
272,80,0
13,294,0
386,838,1
98,829,1
166,534,1
379,52,0
93,567,0
422,824,1
563,116,0
180,272,0
226,974,1
413,647,1
291,202,0
13,308,0
119,851,0
209,521,0
192,820,0
568,352,0
113,769,0
9,334,0
178,780,1
448,481,1
412,658,1
467,310,0
98,788,0
475,778,0
18,497,1
159,337,0
553,262,0
132,252,0
121,672,0
542,267,0
425,716,0
1,1032,0
166,26,0
442,140,0
92,660,0
50,761,0
435,495,0
299,101,0
303,436,0
475,101,0
449,1022,0
81,844,1
354,775,1
166,195,0
223,615,0
461,721,1
515,928,0
155,328,0
436,773,1
341,449,0
435,500,1
389,407,0
126,43,1
45,423,0
393,110,0
72,750,1
99,633,0
289,234,0
222,732,0
107,644,1
297,237,0
130,657,0
559,653,1
154,12,0
159,862,0
379,861,1
8,575,1
523,715,0
7,665,1
137,106,0
433,115,0
439,150,0
81,877,0
357,922,0
511,22,0
56,297,0
423,267,1
29,647,0
118,850,1
64,895,1
365,311,0
270,824,1
267,820,0
356,66,0
166,551,0
508,727,1
428,548,1
284,13,0
49,14,0
187,614,1
310,276,0
448,254,0
247,504,1
132,401,0
49,638,1
106,900,1
362,903,0
102,49,0
104,1180,0
395,315,0
467,1125,0
101,328,0
110,877,0
568,795,1
452,18,0
306,777,0
204,327,0
461,773,0
401,503,1
448,328,0
395,660,0
84,235,0
114,254,0
564,889,0
120,370,0
559,521,1
384,780,1
554,8,0
443,662,1
395,277,0
452,521,1
397,837,1
13,1033,0
346,565,0
209,659,0
125,252,0
297,404,0
202,220,0
159,312,0
180,633,0
449,936,1
362,476,1
219,914,0
422,789,0
357,236,0
101,474,1
487,567,0
68,788,1
444,661,0
297,854,0
165,196,0
313,662,0
373,244,0
224,522,1
29,560,0
285,581,1
98,809,1
18,861,0
432,797,0
526,744,0
274,252,0
169,223,0
81,914,0
522,640,1
266,709,0
156,680,0
223,309,0
563,0,0
137,16,0
137,305,0
110,738,0
524,822,1
171,710,1
159,568,1
518,708,1
104,1186,0
44,515,1
522,547,1
128,281,0
405,315,0
432,791,1
397,914,0
120,282,0
168,125,0
568,207,0
448,461,0
482,825,0
388,239,0
302,569,1
379,228,0
508,781,1
273,272,0
335,669,1
291,313,0
49,818,1
564,235,0
517,244,0
8,521,1
425,740,1
276,725,0
397,895,1
425,245,0
125,313,0
444,670,0
292,46,0
247,644,0
314,101,0
154,502,1
389,338,0
503,861,1
19,728,1
124,273,0
36,349,0
138,252,0
4,863,0
491,215,0
555,827,0
153,225,0
174,415,0
509,552,0
13,343,0
346,505,1
32,473,1
128,706,1
386,325,0
387,113,0
219,845,0
171,730,0
291,650,1
244,251,0
4,650,0
227,322,0
35,746,0
40,635,0
201,473,0
374,714,0
173,921,0
261,728,1
118,817,1
505,567,0
92,523,1
272,885,1
455,324,0
405,311,0
97,442,0
562,302,0
173,1082,0
132,287,1
478,472,1
130,642,0
272,48,0
357,859,0
430,566,0
521,710,1
201,101,0
395,844,0
52,70,0
247,768,0
336,772,1
455,355,0
260,51,0
29,709,1
198,437,0
453,774,0
387,838,1
292,285,0
345,654,1
169,711,0
521,788,1
433,672,0
475,733,1
219,475,0
9,228,0
113,641,1
271,640,0
425,558,1
541,503,1
389,404,0
467,391,0
564,258,0
261,226,0
313,551,0
541,564,1
247,346,0
341,1189,0
224,475,1
329,556,0
219,267,0
36,536,0
198,1107,1
307,421,0
169,474,0
375,897,0
386,678,1
353,237,0
448,819,1
362,563,1
467,309,0
223,653,0
204,825,0
266,220,0
295,803,1
119,955,1
380,674,0
386,774,1
88,0,0
166,779,1
318,231,0
171,270,0
452,631,0
476,787,0
343,253,0
189,731,1
99,645,0
375,256,0
60,740,1
113,884,1
449,376,0
449,334,0
128,696,0
173,1075,0
15,297,0
201,160,0
249,718,0
319,119,0
395,367,0
188,258,0
227,641,1
470,689,0
379,286,0
223,861,0
41,772,1
197,913,1
81,338,0
526,823,0
183,272,0
566,825,0
65,787,0
443,645,0
267,788,0
32,743,1
524,34,0
219,496,1
543,112,0
196,575,1
1,480,0
72,649,0
449,394,0
84,293,0
230,966,0
425,295,0
412,134,0
43,576,0
475,263,0
545,268,0
541,567,0
51,1022,0
251,816,1
524,21,0
373,237,0
68,332,0
81,352,0
43,252,0
275,787,1
132,900,1
569,659,1
477,127,0
163,257,0
43,275,0
45,418,0
9,275,0
430,579,1
544,643,0
361,669,1
36,923,0
81,781,1
467,433,0
446,851,0
433,275,0
154,876,0
188,713,0
521,265,1
526,578,0
151,754,0
19,546,0
475,479,0
417,1135,0
537,1148,0
568,1015,0
261,733,1
99,654,1
356,711,0
341,353,0
460,228,0
50,770,0
499,894,0
297,131,1
109,676,0
183,638,0
417,358,0
386,303,0
224,639,1
503,668,0
44,55,0
316,256,0
397,3,1
51,967,0
184,673,1
237,101,0
489,755,0
173,1072,0
99,505,1
81,500,1
435,498,1
0,314,0
108,648,0
372,315,0
49,297,0
319,714,0
432,334,0
467,574,1
51,824,0
84,254,0
386,522,1
84,222,0
55,177,0
235,565,0
478,536,1
64,270,0
81,561,0
472,778,0
104,1164,1
23,200,0
518,863,0
331,251,0
184,760,0
467,442,0
448,1035,0
266,494,0
59,127,0
475,188,1
120,938,0
23,534,0
467,1034,0
219,560,1
529,80,0
442,512,1
307,1105,1
171,776,0
243,1030,0
164,259,0
266,569,0
63,232,0
395,553,1
165,638,1
386,257,0
44,15,1
431,583,1
357,758,0
398,177,0
368,639,1
276,240,0
113,10,0
209,120,0
77,218,0
81,659,0
562,329,0
354,847,0
162,334,0
261,779,1
395,643,0
84,290,0
19,876,0
397,787,1
104,1084,0
526,1203,1
332,323,0
46,178,0
522,613,1
123,345,0
386,558,0
18,297,0
32,668,1
526,317,0
361,514,1
73,709,1
457,326,0
263,863,0
124,495,1
337,10,0
233,106,0
568,353,0
560,345,0
162,1032,0
18,317,1
56,316,0
424,100,0
436,897,1
201,327,0
318,229,0
126,888,0
368,262,0
563,537,0
48,530,1
374,836,1
101,646,0
392,855,0
568,549,1
439,54,0
313,598,0
425,49,0
13,707,0
447,682,0
114,473,0
7,876,1
568,856,0
189,768,0
231,761,0
43,820,1
29,257,0
183,4,0
132,1018,1
571,235,0
128,252,0
428,472,1
276,645,0
132,733,0
309,801,1
9,645,0
18,504,0
251,390,0
171,661,0
397,287,1
521,655,1
185,259,0
341,1162,0
356,708,0
526,1122,0
524,63,0
346,203,0
4,917,0
209,229,0
549,235,0
214,161,0
128,729,1
346,623,1
319,500,1
353,778,0
361,230,0
296,905,0
315,273,0
43,282,0
560,774,1
526,403,0
354,865,1
120,820,0
380,253,0
541,560,1
244,897,1
563,238,0
419,101,0
313,782,1
363,395,0
266,55,0
296,258,0
425,698,1
443,253,0
55,17,0
121,681,1
514,822,0
126,118,0
341,950,0
276,650,1
247,275,0
519,563,1
180,237,0
104,1163,0
329,254,0
225,250,0
249,330,0
493,68,1
262,524,1
101,863,0
518,775,1
442,472,1
224,278,0
143,567,1
444,669,1
313,393,0
243,546,0
23,196,0
236,572,1
336,286,0
344,755,1
243,968,0
91,569,1
49,248,0
472,864,0
531,858,0
387,646,0
81,640,0
329,261,0
413,236,0
457,285,0
23,490,0
48,19,0
312,435,0
285,565,0
113,204,0
146,75,0
101,230,0
250,20,0
2,866,0
173,466,0
191,956,0
518,170,0
132,894,1
431,634,0
531,851,0
192,770,0
526,838,1
448,913,0
313,171,0
68,914,0
155,503,1
425,258,1
123,793,1
32,1009,0
135,198,0
417,959,0
563,319,0
13,272,1
568,268,0
273,648,0
449,892,1
112,106,0
512,103,0
183,229,0
529,3,1
500,610,0
362,370,0
309,782,1
154,266,0
158,1067,0
36,639,0
138,768,1
95,326,0
201,324,0
184,768,0
223,195,0
267,791,1
371,250,0
267,505,1
356,638,1
95,528,0
227,865,1
64,278,0
380,756,0
297,328,0
249,524,1
50,772,1
303,1041,1
29,273,0
560,797,0
398,285,0
169,921,0
82,132,0
522,177,0
9,477,0
166,632,0
88,504,0
503,249,0
467,834,0
173,905,0
292,301,0
158,1128,0
154,666,1
531,273,0
268,904,0
154,325,0
11,496,1
90,827,1
101,583,1
392,858,0
292,823,0
99,230,0
181,274,0
309,282,0
155,1009,0
243,777,0
173,1080,0
544,258,0
503,312,1
362,252,0
511,307,0
550,837,1
200,195,0
1,547,0
386,128,0
11,258,0
46,552,0
2,766,0
569,682,0
398,175,0
372,309,0
202,522,0
140,251,0
200,557,0
64,787,1
303,1038,0
155,815,1
362,733,0
120,1029,1
89,278,0
1,322,0
125,267,0
238,297,0
52,502,1
101,656,0
272,69,0
7,672,1
560,349,0
165,45,0
503,578,1
224,514,1
128,713,0
158,1192,0
183,223,0
398,222,0
132,476,1
343,119,0
535,528,1
1,305,0
457,709,0
119,288,1
431,243,0
487,106,0
566,785,1
261,256,0
114,262,0
110,781,1
417,936,0
249,295,0
64,894,1
138,532,0
325,768,0
522,311,0
431,313,0
126,240,0
188,855,0
559,283,0
276,558,1
110,761,0
214,523,0
166,319,0
365,576,0
234,819,1
443,565,1
477,480,0
233,49,0
224,218,0
128,659,0
452,546,0
158,466,0
404,239,0
155,581,1
100,264,0
132,787,0
297,48,0
325,264,0
101,502,1
239,311,0
107,246,0
303,420,0
315,769,1
417,1177,0
536,156,0
233,139,0
308,786,1
521,780,1
345,655,0
273,474,1
281,260,0
57,614,1
464,255,0
180,476,0
357,246,0
132,969,0
551,12,0
426,893,0
36,132,0
91,645,0
408,291,0
46,660,0
519,583,1
219,352,0
43,628,0
315,727,0
249,864,0
59,500,1
59,476,0
568,259,0
276,473,1
563,821,0
143,578,0
487,535,1
0,192,0
191,916,0
319,249,1
473,256,0
94,658,1
141,192,0
93,648,0
52,59,0
48,229,0
240,222,0
56,575,1
255,652,0
428,565,0
183,616,0
158,1183,0
468,656,1
124,714,0
569,722,0
467,1154,0
174,134,0
467,331,0
251,258,0
489,736,0
35,850,0
184,778,0
114,277,0
95,502,1
15,1020,1
222,251,0
138,294,0
8,938,0
484,631,0
384,770,0
186,937,0
287,894,1
72,151,0
159,829,0
518,51,0
231,772,1
517,775,1
316,255,0
55,534,1
251,157,1
313,470,0
154,512,0
328,29,0
84,632,0
361,155,0
412,572,1
32,669,1
428,561,0
273,203,0
46,599,1
266,644,0
37,286,0
138,164,0
101,276,0
216,255,0
432,934,0
229,257,0
386,280,1
144,230,0
297,670,1
190,430,0
373,548,0
564,284,0
206,898,1
276,137,0
202,0,0
180,573,1
387,233,0
168,522,1
339,322,0
84,513,1
523,251,0
155,783,0
213,44,1
54,718,0
467,965,0
198,432,0
138,359,0
346,211,0
467,907,0
496,292,0
351,222,0
249,349,0
491,719,0
93,40,0
68,284,0
478,632,1
328,639,0
86,232,0
49,859,1
433,634,0
395,919,0
392,847,0
205,310,0
104,1201,0
361,650,1
32,894,1
243,239,0
555,473,0
59,887,0
7,230,0
49,243,0
66,665,0
56,479,0
432,972,0
278,356,0
309,259,0
9,528,0
568,479,1
107,774,0
114,113,0
432,861,0
132,211,0
556,858,0
16,577,1
363,834,0
12,642,0
487,547,1
339,656,0
526,513,0
227,575,1
365,210,0
521,777,1
120,930,0
59,217,0
449,407,0
263,249,0
9,325,0
469,242,0
132,283,0
141,65,0
140,245,0
564,788,0
214,41,0
336,675,0
138,262,0
177,294,0
406,412,0
137,274,0
168,525,1
159,328,0
414,124,0
187,632,0
158,380,0
43,888,0
118,938,0
475,652,1
155,475,0
564,330,0
259,907,0
456,712,1
212,552,0
36,859,0
436,780,0
332,821,0
436,920,0
413,235,0
436,163,0
476,333,1
373,712,0
477,119,0
526,635,0
569,256,0
247,851,0
74,21,0
72,275,0
448,897,1
434,909,1
451,250,1
236,550,0
556,782,1
509,41,0
165,241,0
379,528,0
1,965,0
81,532,0
4,876,0
174,100,0
477,2,0
95,213,1
137,162,0
51,296,0
84,337,0
320,226,0
357,225,0
94,273,0
559,279,0
346,566,0
1,782,1
84,326,0
507,271,0
251,519,1
385,313,0
266,777,0
559,309,0
138,354,0
542,911,1
227,836,0
292,775,1
541,310,0
29,275,0
92,169,0
397,379,0
559,474,0
503,829,0
373,646,0
398,226,0
81,133,0
227,840,1
224,739,0
247,529,1
274,663,1
518,843,0
563,503,0
475,653,1
384,648,0
490,240,0
363,777,0
250,21,0
108,562,0
37,293,0
50,771,1
342,749,1
247,339,0
154,1,0
448,390,0
236,647,0
36,233,0
170,898,1
518,236,0
138,1012,1
370,651,0
99,224,0
531,855,0
113,851,0
257,234,0
104,831,1
503,473,0
32,195,0
563,254,0
343,527,1
483,480,0
180,278,0
524,730,1
400,849,0
173,1165,0
184,708,0
224,856,0
224,613,0
138,1017,0
177,1030,0
59,50,0
113,513,1
473,475,0
118,344,0
166,45,0
564,234,0
353,511,1
341,915,0
100,771,1
560,923,0
361,664,1
425,241,0
555,283,0
446,257,0
276,631,0
478,14,0
448,970,0
556,923,0
518,183,1
64,551,0
341,422,0
100,820,1
307,1016,1
155,576,1
398,845,1
518,660,0
560,332,0
361,226,0
36,254,0
398,502,1
177,900,1
395,637,0
328,789,0
183,654,0
236,19,0
55,561,0
278,1000,1
431,632,0
104,415,1
159,278,0
207,239,0
357,300,0
547,229,1
126,11,0
0,501,0
9,256,0
289,249,0
91,309,1
417,519,1
524,501,0
138,534,1
72,654,1
515,275,0
432,820,0
243,547,0
443,667,1
147,83,0
328,631,0
157,317,0
104,1044,0
95,820,0
43,636,1
235,564,0
236,778,0
368,278,1
169,260,0
43,133,0
387,131,0
25,708,0
559,853,0
431,473,1
137,855,0
413,644,0
67,905,0
339,565,0
167,512,0
316,266,0
24,906,0
159,852,0
137,848,0
29,848,0
448,844,0
521,785,1
219,249,0
18,658,0
478,332,0
526,783,1
55,556,0
433,667,0
379,642,1
341,437,0
79,552,1
19,664,1
508,776,1
352,234,0
480,909,0
156,184,0
539,231,0
266,275,0
292,709,0
313,405,0
368,301,0
466,749,0
72,609,1
36,561,0
339,685,0
368,235,0
219,774,0
391,876,0
124,227,0
564,887,1
81,110,0
4,934,0
408,787,1
132,843,0
289,233,0
8,213,0
521,759,0
158,1127,0
524,780,0
174,906,0
36,301,0
395,946,0
110,665,1
243,568,0
39,39,0
9,189,0
433,255,0
475,260,0
135,816,0
425,836,1
251,256,0
555,101,0
18,262,0
478,271,0
248,894,1
346,631,0
128,674,1
1,875,0
202,226,0
361,860,0
426,253,0
431,631,0
404,242,0
84,96,0
238,857,1
276,480,0
43,869,0
184,250,0
351,224,0
251,649,1
261,668,0
521,567,0
227,8,0
180,222,0
7,579,1
222,709,1
165,30,0
226,349,0
183,614,0
171,255,0
573,582,1
183,127,0
386,152,1
276,287,0
307,927,0
243,294,0
397,1024,0
559,151,0
16,228,0
89,220,0
158,1199,0
138,496,1
166,678,0
116,671,0
246,816,1
395,1036,0
475,500,1
448,163,0
397,997,0
99,739,0
291,3,1
316,777,1
56,281,0
212,148,0
318,241,0
487,45,1
180,305,0
251,1115,1
266,680,1
545,265,0
113,717,0
188,254,0
68,821,0
503,719,1
475,691,0
25,257,1
389,970,1
235,480,0
50,222,0
362,442,0
3,238,0
467,778,0
267,639,1
202,475,1
137,860,0
138,537,1
518,564,0
54,732,0
138,940,0
243,790,1
224,255,0
535,151,0
343,243,0
466,853,0
448,365,0
295,880,1
13,352,0
1,383,0
272,843,1
146,66,0
436,846,0
56,121,0
58,665,0
138,145,1
431,633,0
478,652,1
43,251,0
560,778,0
247,639,0
507,757,0
549,238,0
353,224,0
48,721,1
518,680,1
328,278,0
246,823,0
467,393,0
160,566,0
392,826,0
219,259,0
339,101,0
370,229,0
568,1009,0
75,558,0
254,278,0
108,663,1
509,199,0
60,575,0
526,895,1
436,635,0
17,708,0
9,311,0
27,742,1
443,498,1
555,928,0
319,834,0
257,649,1
204,782,1
362,197,0
127,576,1
56,315,0
32,690,0
16,229,0
77,724,0
448,1086,0
132,631,0
392,926,0
162,783,1
183,537,0
296,88,1
1,880,0
362,865,0
387,675,0
25,664,0
389,978,0
303,1047,1
150,837,0
64,550,0
95,342,0
362,969,0
282,255,1
374,731,0
243,293,0
266,311,0
64,495,1
287,473,1
209,260,0
296,898,1
491,821,0
460,561,0
330,251,0
387,865,0
313,1042,0
15,929,0
135,800,1
422,753,0
398,270,0
9,782,1
276,649,1
534,566,0
466,837,1
180,786,1
412,270,0
368,313,0
411,845,1
223,558,0
525,745,0
48,770,0
110,737,0
283,645,0
395,532,1
104,1045,0
165,645,0
286,904,0
467,1203,0
99,530,1
150,820,0
310,258,0
563,313,0
549,221,0
428,17,0
183,277,0
224,84,0
74,314,0
194,856,0
417,1110,0
547,231,0
435,253,0
59,565,0
261,670,0
64,175,0
309,779,0
9,844,0
365,580,0
64,36,0
348,770,0
121,661,1
315,751,1
478,128,0
177,914,0
9,561,0
227,251,0
556,786,1
157,537,1
379,664,1
169,845,1
196,210,1
243,339,0
559,659,0
32,1013,0
329,0,0
261,615,1
187,255,0
518,786,1
72,637,0
379,276,0
18,270,0
19,844,1
54,844,0
14,767,0
32,275,0
5,728,1
397,284,0
18,537,1
403,903,0
19,558,0
29,251,0
155,775,0
515,768,1
185,780,0
401,531,1
478,631,0
187,637,1
36,525,0
104,396,0
169,0,0
443,505,1
357,908,1
171,645,0
118,300,0
354,776,1
482,781,1
207,259,0
113,608,0
50,747,0
243,532,0
4,330,0
499,127,0
472,844,1
1,748,1
564,492,0
135,781,1
455,830,0
356,853,0
455,332,0
417,907,0
95,145,1
224,10,0
110,772,0
518,876,0
515,349,1
7,615,1
463,772,1
460,109,0
564,776,0
92,708,1
56,319,0
491,610,1
156,270,0
263,254,0
491,118,0
277,896,0
263,281,0
237,46,0
279,909,0
469,656,0
503,918,0
342,719,1
55,93,1
541,250,0
564,711,0
430,608,1
25,692,0
389,950,0
331,660,1
554,18,0
188,667,0
560,760,1
143,481,1
444,774,0
49,825,0
412,528,0
98,360,0
247,551,0
138,265,1
397,714,0
58,238,0
183,267,0
547,235,0
357,856,1
81,121,0
386,714,0
23,551,0
320,317,0
11,907,0
101,314,0
81,824,0
537,1166,1
148,150,1
353,270,0
448,48,0
467,312,0
428,582,1
77,774,0
32,842,0
183,31,1
300,316,0
250,50,0
104,1106,1
365,124,0
19,329,0
249,624,0
9,323,0
243,0,0
162,964,1
74,54,0
43,650,1
568,639,1
247,648,0
564,101,0
422,856,0
168,98,0
433,712,0
518,681,1
59,775,0
4,328,0
297,967,1
174,261,0
154,128,0
194,851,0
292,665,0
563,229,0
309,221,0
444,250,0
503,529,0
178,678,0
159,936,0
330,253,0
436,639,1
348,278,1
518,646,0
173,434,0
108,611,1
357,956,0
564,577,1
238,834,0
156,774,0
319,843,0
522,0,0
201,776,1
366,356,0
135,824,1
247,58,0
565,708,0
295,816,1
329,738,1
7,128,0
469,563,0
143,104,0
536,220,0
72,192,0
436,520,0
468,648,0
303,1180,0
434,902,1
559,782,0
562,859,0
436,874,0
319,324,0
4,50,0
183,527,0
432,942,0
191,897,0
169,670,0
159,234,0
446,685,0
339,267,0
67,253,0
509,564,0
202,495,1
362,639,0
480,138,0
249,527,1
379,657,0
282,234,0
512,530,1
219,224,0
565,191,0
266,256,0
125,236,0
342,654,1
64,479,1
202,222,0
155,314,0
267,798,0
130,659,0
460,310,0
292,855,0
526,364,1
57,233,0
556,336,0
285,568,0
169,635,0
329,609,0
114,643,0
84,322,0
417,846,1
222,759,0
294,53,0
126,479,1
84,665,0
212,253,0
521,532,1
266,656,0
313,912,0
123,788,0
546,639,1
104,379,0
68,328,0
6,839,1
35,289,0
328,670,0
296,251,0
147,497,1
266,32,0
200,555,0
273,479,1
443,560,1
249,298,0
503,511,0
491,858,0
110,661,1
451,769,1
357,854,0
339,570,1
5,655,1
165,568,1
114,531,1
109,776,0
538,819,1
158,462,0
339,535,1
448,58,0
154,192,0
50,768,0
571,234,0
6,285,0
427,685,0
120,936,0
525,785,0
504,88,0
508,774,1
330,670,0
16,573,1
398,241,0
297,274,0
417,995,1
223,784,1
169,286,1
25,228,0
460,531,1
59,550,1
313,354,0
398,857,0
560,770,0
104,1129,1
159,556,1
159,221,0
172,432,0
177,1033,0
467,1128,0
249,639,0
556,650,1
92,824,1
219,329,0
132,911,0
59,237,0
267,297,0
473,633,0
365,552,1
571,251,0
253,57,0
363,392,1
156,125,0
394,331,0
390,333,1
329,122,0
368,852,0
565,313,0
178,636,0
388,245,0
113,510,1
136,817,0
158,1142,0
191,921,0
251,921,1
362,29,0
362,376,0
292,502,1
221,897,1
32,273,1
18,834,0
490,636,0
161,824,1
517,249,0
32,639,1
419,547,1
240,641,1
162,358,0
475,682,1
330,256,0
425,151,0
50,758,0
339,475,1
1,510,1
467,947,0
515,655,0
323,267,0
509,136,0
291,211,0
279,256,0
202,311,0
54,871,0
150,852,1
247,254,0
156,531,1
37,849,0
562,332,0
18,660,0
292,847,0
387,511,1
64,331,0
158,952,0
433,711,0
568,714,0
207,715,1
1,256,0
395,555,1
18,922,0
328,212,0
374,777,1
4,849,0
157,60,0
518,850,0
106,417,0
84,249,0
422,846,1
226,999,0
541,521,0
386,927,0
243,242,0
92,775,1
518,879,0
269,894,1
46,224,0
477,160,0
313,680,0
26,707,1
278,327,0
508,272,0
571,654,1
72,325,0
150,298,0
487,168,1
48,234,0
95,553,0
56,317,0
8,863,1
142,539,1
9,283,0
472,862,1
114,265,0
267,201,0
92,575,1
357,514,0
417,364,0
9,523,1
353,188,0
553,668,0
158,1158,0
431,523,1
397,354,0
123,336,0
4,110,0
173,1155,0
95,559,0
209,773,0
141,505,1
329,273,1
303,1040,1
448,979,1
273,264,0
209,235,0
309,927,0
297,500,1
9,857,0
20,235,0
151,786,0
227,709,0
556,863,0
565,560,0
357,348,0
91,675,0
329,258,0
464,266,0
313,721,0
460,236,0
156,711,1
243,946,0
373,151,0
357,135,0
341,1030,0
219,198,0
391,870,0
230,974,1
475,503,1
390,357,0
132,963,0
375,913,0
343,654,1
541,667,0
357,781,1
522,776,1
532,500,1
387,547,1
535,510,1
13,892,0
397,321,0
532,473,1
431,115,0
234,325,0
350,316,1
511,249,0
339,708,0
341,374,0
247,769,1
443,311,1
397,707,0
209,834,0
546,674,1
19,310,0
166,510,1
371,894,1
521,861,0
84,713,0
51,944,0
219,761,0
1,647,0
292,624,0
511,703,0
114,259,0
362,725,0
119,954,0
328,312,0
59,17,0
553,664,1
59,609,0
412,227,0
29,564,1
455,915,0
443,921,1
409,912,1
201,58,0
95,636,0
159,930,0
91,201,0
319,857,1
43,577,1
436,562,1
526,430,1
332,324,0
308,225,0
468,651,1
128,697,0
234,817,1
18,637,1
59,243,0
223,712,0
49,559,0
392,13,0
48,856,1
307,1175,0
159,222,0
84,285,0
303,929,0
158,1134,0
227,573,1
283,652,1
72,569,0
91,261,0
409,903,1
501,229,0
305,262,0
319,529,0
77,526,1
428,518,1
487,0,1
379,121,0
399,50,0
361,639,0
292,281,0
159,473,1
224,512,0
249,562,1
126,629,1
452,215,1
37,825,0
532,511,1
425,124,0
569,710,0
155,664,0
319,537,1
114,548,1
467,1087,0
2,859,1
499,259,0
362,997,0
417,371,0
32,166,0
249,840,0
177,363,0
378,830,1
374,867,0
100,660,1
305,271,0
266,231,0
319,243,0
207,723,1
14,747,0
304,611,1
8,963,0
535,636,0
527,787,0
511,239,0
506,753,1
319,865,0
522,255,0
568,834,0
412,145,1
173,968,0
91,559,1
206,907,0
209,562,0
307,443,0
223,640,0
319,530,1
503,269,0
76,17,0
132,475,0
119,892,0
339,249,0
186,322,0
463,773,1
313,952,0
135,108,0
4,637,0
565,477,1
93,646,0
323,126,0
339,530,1
539,236,0
211,894,1
443,131,0
508,708,1
296,899,0
467,1181,0
4,84,0
410,58,0
318,245,0
517,660,1
309,332,0
448,639,0
328,786,1
442,156,0
156,273,0
36,476,1
553,708,0
138,928,0
313,272,0
19,846,1
4,659,0
132,707,1
180,274,0
503,776,0
181,848,0
266,519,0
155,511,1
90,332,0
520,229,0
368,315,0
563,41,0
250,115,0
341,927,0
155,937,0
291,577,1
99,270,0
25,680,1
223,815,0
191,977,1
178,264,0
227,346,0
120,949,0
135,830,0
565,174,1
141,568,0
357,667,1
342,651,1
49,639,0
371,902,1
266,250,0
308,853,1
432,865,0
387,314,0
518,303,0
128,654,1
187,157,0
251,910,0
341,1187,0
380,751,1
219,530,1
209,228,0
251,1010,0
2,816,0
165,236,0
25,655,0
373,523,1
473,648,0
487,90,0
491,266,0
336,788,0
341,785,1
535,521,1
468,64,0
442,572,0
449,1019,0
120,978,0
329,481,0
425,298,0
319,224,0
478,37,0
478,281,0
89,319,0
95,282,0
448,439,0
295,852,0
89,855,0
568,572,0
74,29,0
428,189,1
249,322,0
164,280,0
392,35,0
497,707,0
113,258,0
352,648,1
347,339,0
569,727,0
17,255,0
472,774,1
159,151,0
18,784,1
235,184,0
92,195,0
219,133,0
177,335,0
503,530,1
506,836,1
92,780,1
32,557,0
478,567,0
187,643,0
36,546,0
92,827,0
99,569,1
373,119,0
54,281,0
54,868,0
378,761,1
344,885,0
565,558,0
207,638,1
368,296,0
31,570,1
377,649,1
515,243,0
555,725,0
262,531,1
322,818,0
503,840,1
422,815,0
71,727,1
104,1085,0
436,917,0
378,788,0
547,222,0
351,220,0
95,234,1
325,770,0
224,14,0
151,19,0
436,663,0
541,257,0
152,906,1
548,786,1
137,688,1
363,277,0
524,644,0
379,762,1
524,821,0
475,816,0
119,820,1
101,475,0
72,756,0
541,670,1
5,265,1
111,53,0
404,640,0
544,280,0
223,224,0
289,256,0
545,263,0
479,563,0
216,230,0
503,642,0
72,552,0
365,578,1
405,229,0
503,181,0
223,249,0
457,782,1
99,856,1
44,312,0
209,631,0
362,355,0
386,859,0
556,857,0
397,555,1
339,557,0
363,948,0
517,670,1
71,739,1
378,322,0
362,965,0
339,779,0
1,970,0
159,976,0
43,556,0
503,821,0
267,333,0
109,708,0
4,521,1
315,741,1
77,645,0
503,711,1
354,860,1
507,843,1
274,645,1
201,860,0
308,62,0
219,636,0
555,550,0
558,577,1
98,964,1
511,237,0
72,326,0
101,661,1
318,246,1
432,293,0
267,552,0
395,365,0
4,292,0
555,225,0
468,481,0
386,655,0
467,654,0
491,512,1
353,199,0
555,475,0
328,644,0
503,838,1
15,322,0
495,121,0
475,855,0
343,777,0
309,775,0
137,292,0
318,319,0
138,567,0
397,46,0
159,47,0
124,642,0
300,562,0
379,79,0
145,830,1
72,551,0
308,138,0
535,198,0
276,640,0
292,234,0
417,642,1
101,160,0
210,898,0
201,849,0
251,1112,0
259,906,0
110,41,0
292,656,0
183,532,1
515,567,0
214,254,0
387,667,0
267,502,1
19,641,1
550,274,0
439,15,0
395,738,0
467,664,0
308,226,0
155,272,0
433,528,0
162,337,0
29,222,1
159,655,1
524,267,0
7,532,1
101,573,1
369,905,0
267,288,0
214,669,0
412,151,0
137,262,0
297,279,0
392,779,0
188,864,0
8,131,0
531,272,0
427,235,0
101,239,0
318,644,1
496,303,0
409,906,1
9,258,0
231,256,0
97,459,0
392,774,0
56,862,0
50,270,0
227,481,0
526,915,0
247,341,0
108,615,1
124,272,0
159,530,0
95,474,1
29,652,1
249,325,0
113,244,0
93,546,0
467,1071,0
81,644,0
211,265,0
313,827,0
247,546,0
9,850,0
414,101,0
99,570,1
84,827,0
237,81,0
56,748,1
456,837,1
20,310,0
251,678,1
395,939,0
330,772,1
439,762,0
92,255,0
319,242,0
521,775,0
556,820,1
559,851,0
492,821,1
2,869,1
68,273,0
132,101,0
180,107,0
32,34,0
6,758,0
276,565,1
353,51,0
137,553,0
273,156,0
483,511,0
109,689,1
49,566,0
18,255,0
173,442,0
77,511,1
521,647,0
173,1076,0
32,50,0
73,840,0
111,564,0
18,781,1
299,255,0
323,476,1
13,838,1
276,346,0
395,268,0
142,555,1
389,896,0
346,26,0
282,724,1
287,472,1
449,337,0
468,55,0
219,773,0
261,273,0
503,916,0
417,1042,0
27,639,0
1,771,1
36,319,0
189,275,0
564,844,0
297,895,1
214,250,0
542,257,0
428,562,0
524,656,0
100,772,1
374,722,0
0,197,0
274,664,1
417,332,0
278,330,0
272,517,0
159,719,0
536,583,1
518,510,1
325,324,1
4,195,0
1,958,0
397,909,0
556,296,0
319,672,1
303,1192,0
101,903,0
323,895,1
100,239,0
533,243,0
397,923,0
44,561,1
207,709,1
346,634,0
251,1187,0
101,904,0
533,647,0
274,662,0
218,258,0
162,937,0
377,684,1
525,822,0
154,511,1
198,1191,0
353,481,0
243,313,0
154,669,0
201,232,0
101,759,0
109,773,0
21,770,1
93,220,0
8,333,0
511,133,0
164,788,0
260,118,0
373,515,1
417,445,0
448,925,0
110,565,0
193,905,0
72,528,0
565,836,0
