user_id,item_id,score
0,0,1
0,1,0
0,5,0
0,11,0
0,16,0
0,17,0
0,23,0
0,26,0
0,31,0
0,33,0
0,37,0
0,48,1
0,51,0
0,55,0
0,60,0
0,73,0
0,84,0
0,101,0
0,105,0
0,108,0
0,111,0
0,115,0
0,119,0
0,124,0
0,129,0
0,151,0
0,152,0
0,156,0
0,163,0
0,165,0
0,169,0
0,172,0
0,177,0
0,180,0
0,185,0
0,190,0
0,192,0
0,197,0
0,202,0
0,206,0
0,211,0
0,216,0
0,220,0
0,221,0
0,225,0
0,227,0
0,309,0
0,310,0
0,311,0
0,312,0
0,313,0
0,314,0
0,315,0
0,316,0
0,317,0
0,319,0
0,472,0
0,473,0
0,474,1
0,475,1
0,476,1
0,479,0
0,480,0
0,481,0
0,482,1
0,483,0
0,484,1
0,486,0
0,494,0
0,495,0
0,497,0
0,498,0
0,500,0
0,501,0
0,503,0
0,504,1
0,506,0
0,507,1
0,508,0
0,509,0
0,510,1
0,511,0
0,512,0
0,513,1
0,514,0
0,515,0
0,517,0
0,520,0
0,521,0
0,522,1
0,526,1
0,530,1
0,531,1
0,532,0
0,534,1
0,535,1
0,536,1
0,546,0
0,547,0
0,548,0
0,549,0
0,558,0
0,559,1
0,560,1
0,561,0
0,562,1
0,564,0
0,565,0
0,566,0
0,567,0
0,569,1
0,570,0
0,571,1
0,572,0
0,573,1
0,575,0
0,576,0
0,577,0
0,578,1
0,582,1
0,583,0
0,587,1
0,590,0
0,591,0
0,600,0
0,601,0
0,606,0
0,607,0
0,608,0
0,615,0
0,616,0
0,617,0
0,621,0
0,622,0
0,624,0
0,625,0
0,626,0
0,629,0
0,630,0
0,631,0
0,632,0
1,0,0
1,1,1
1,12,0
1,14,0
1,17,0
1,22,0
1,29,0
1,42,0
1,47,0
1,52,0
1,56,1
1,59,0
1,62,0
1,68,1
1,72,0
1,73,0
1,79,0
1,83,0
1,101,0
1,108,0
1,113,0
1,127,0
1,130,0
1,135,0
1,139,0
1,151,0
1,158,0
1,163,0
1,169,0
1,175,0
1,179,0
1,184,1
1,191,1
1,195,0
1,220,0
1,221,0
1,222,0
1,223,0
1,224,0
1,225,0
1,226,0
1,227,0
1,228,0
1,229,0
1,230,0
1,231,0
1,232,0
1,233,0
1,234,0
1,235,0
1,236,0
1,237,0
1,238,0
1,239,0
1,240,0
1,241,0
1,242,0
1,243,0
1,244,0
1,245,0
1,246,0
1,249,0
1,250,0
1,251,0
1,252,0
1,253,0
1,254,0
1,255,0
1,256,0
1,257,0
1,258,0
1,259,0
1,260,0
1,261,0
1,262,0
1,265,0
1,266,0
1,267,0
1,268,0
1,270,0
1,271,0
1,272,0
1,273,0
1,274,0
1,275,0
1,276,1
1,278,0
1,279,1
1,280,0
1,282,0
1,283,0
1,284,0
1,285,1
1,292,0
1,293,0
1,294,0
1,295,0
1,296,0
1,297,0
1,298,0
1,299,0
1,300,0
1,301,0
1,302,0
1,303,0
1,305,0
1,309,1
1,311,0
1,312,0
1,313,0
1,315,1
1,316,0
1,319,0
1,321,0
1,322,0
1,323,0
1,324,0
1,325,0
1,326,0
1,327,0
1,328,0
1,329,0
1,330,0
1,331,0
1,332,0
1,333,0
1,334,0
1,335,0
1,336,0
1,337,0
1,339,0
1,352,0
1,353,0
1,354,0
1,355,0
1,356,0
1,357,0
1,358,0
1,359,0
1,360,0
1,363,0
1,364,0
1,365,0
1,366,0
1,367,0
1,370,0
1,371,1
1,374,0
1,375,0
1,376,0
1,377,0
1,378,0
1,379,0
1,380,0
1,382,0
1,383,0
1,386,0
1,387,1
1,388,0
1,389,1
1,390,0
1,391,0
1,392,0
1,393,0
1,394,0
1,395,0
1,396,0
1,399,0
1,400,0
1,402,0
1,404,0
1,405,1
1,472,0
1,473,0
1,474,0
1,475,1
1,476,1
1,479,0
1,480,0
1,481,0
1,482,0
1,494,1
1,495,1
1,501,1
1,502,0
1,503,1
1,504,1
1,505,1
1,510,1
1,511,1
1,512,1
1,513,1
1,514,0
1,515,1
1,520,1
1,521,1
1,522,1
1,523,1
1,528,1
1,530,1
1,531,1
1,532,1
1,534,1
1,535,1
1,537,0
1,546,0
1,547,0
1,548,1
1,549,1
1,558,0
1,559,1
1,561,1
1,562,0
1,563,0
1,564,0
1,565,0
1,566,0
1,567,0
1,569,1
1,570,1
1,574,0
1,579,0
1,582,0
1,583,1
1,608,1
1,609,1
1,610,1
1,611,1
1,612,1
1,613,1
1,614,1
1,615,1
1,631,0
1,632,0
1,633,0
1,634,0
1,635,0
1,636,0
1,637,1
1,639,1
1,640,1
1,642,1
1,643,1
1,645,0
1,646,0
1,647,0
1,649,1
1,650,0
1,651,1
1,652,1
1,654,1
1,655,0
1,658,1
1,659,1
1,660,1
1,661,0
1,663,1
1,664,0
1,665,1
1,666,1
1,667,0
1,668,1
1,672,0
1,707,0
1,708,1
1,709,0
1,710,0
1,711,0
1,712,1
1,713,0
1,714,0
1,715,0
1,720,0
1,721,0
1,727,0
1,728,1
1,729,1
1,730,1
1,732,0
1,733,0
1,734,0
1,736,0
1,737,0
1,739,0
1,745,0
1,746,0
1,748,1
1,752,0
1,768,0
1,769,0
1,770,0
1,771,1
1,772,1
1,773,0
1,774,0
1,775,1
1,776,1
1,777,0
1,778,1
1,779,0
1,780,0
1,782,1
1,786,1
1,787,1
1,816,1
1,817,1
1,819,1
1,820,0
1,821,0
1,822,0
1,823,0
1,824,0
1,825,1
1,826,0
1,827,0
1,834,0
1,835,0
1,836,0
1,837,1
1,838,1
1,839,0
1,840,1
1,841,0
1,843,0
1,844,0
1,845,0
1,846,1
1,847,1
1,848,0
1,849,0
1,850,0
1,851,0
1,852,0
1,853,0
1,854,0
1,855,0
1,856,0
1,857,0
1,858,1
1,859,0
1,860,0
1,861,0
1,862,0
1,864,0
1,865,1
1,866,0
1,867,0
1,868,1
1,869,0
1,871,0
1,872,0
1,874,0
1,875,0
1,876,0
1,877,0
1,880,0
1,881,1
1,884,0
1,885,1
1,887,0
1,888,0
1,889,0
1,890,0
1,892,1
1,893,0
1,894,1
1,895,1
1,896,1
1,897,0
1,898,0
1,900,1
1,903,0
1,904,0
1,905,0
1,906,0
1,907,0
1,908,0
1,909,0
1,910,0
1,911,0
1,912,0
1,913,0
1,914,0
1,915,1
1,916,0
1,918,0
1,920,0
1,921,1
1,922,0
1,923,1
1,924,0
1,926,0
1,927,0
1,928,0
1,929,0
1,933,0
1,935,0
1,936,0
1,937,0
1,938,0
1,940,1
1,941,0
1,942,0
1,943,0
1,944,0
1,945,0
1,946,0
1,947,0
1,948,0
1,949,0
1,950,0
1,951,0
1,952,0
1,953,0
1,954,0
1,955,0
1,956,0
1,957,0
1,958,0
1,959,0
1,964,0
1,965,0
1,968,1
1,969,0
1,970,0
1,971,0
1,972,0
1,973,0
1,975,1
1,979,0
1,984,0
1,985,0
1,990,0
1,994,0
1,995,1
1,998,0
1,1000,0
1,1002,0
1,1007,0
1,1008,0
1,1009,0
1,1032,0
1,1033,0
1,1034,0
1,1035,0
1,1037,0
1,1038,0
2,762,0
2,763,1
2,765,0
2,766,0
2,767,0
2,781,1
2,782,1
2,786,1
2,787,0
2,815,1
2,816,0
2,818,0
2,819,0
2,820,1
2,821,1
2,822,0
2,823,0
2,824,0
2,825,0
2,826,0
2,827,0
2,828,0
2,829,0
2,830,0
2,834,0
2,836,1
2,837,1
2,838,0
2,839,1
2,840,0
2,843,1
2,844,0
2,845,1
2,846,0
2,847,0
2,848,0
2,849,1
2,850,0
2,851,0
2,852,0
2,853,0
2,855,1
2,856,0
2,858,1
2,859,1
2,864,0
2,866,0
2,868,1
2,869,1
2,872,1
2,874,0
2,876,0
2,877,0
2,880,0
2,884,1
2,887,0
3,222,0
3,223,0
3,224,0
3,225,0
3,226,0
3,227,0
3,228,0
3,229,0
3,230,0
3,231,0
3,232,0
3,233,0
3,234,0
3,235,0
3,236,0
3,237,0
3,238,0
3,239,0
3,241,0
3,243,0
3,245,0
3,636,0
3,637,0
3,639,1
3,640,1
3,642,0
3,645,0
4,0,1
4,3,0
4,6,0
4,11,0
4,16,0
4,17,0
4,21,0
4,25,0
4,29,0
4,33,0
4,40,0
4,41,0
4,46,0
4,50,0
4,55,0
4,60,0
4,62,0
4,71,0
4,76,0
4,84,0
4,101,0
4,103,0
4,107,0
4,110,0
4,116,0
4,118,0
4,123,0
4,127,0
4,133,0
4,135,0
4,140,0
4,151,0
4,152,0
4,158,0
4,161,0
4,165,0
4,169,0
4,174,0
4,177,0
4,182,0
4,187,0
4,190,0
4,195,0
4,220,0
4,221,0
4,222,0
4,223,0
4,224,0
4,225,0
4,226,0
4,227,0
4,228,0
4,229,0
4,230,0
4,231,0
4,232,0
4,233,0
4,234,0
4,235,0
4,236,0
4,237,0
4,238,0
4,239,0
4,243,0
4,249,0
4,250,0
4,251,0
4,252,0
4,253,0
4,254,0
4,255,0
4,256,0
4,257,0
4,258,0
4,259,0
4,260,0
4,270,0
4,271,0
4,272,0
4,273,0
4,274,0
4,275,0
4,276,0
4,277,0
4,278,0
4,279,0
4,280,0
4,281,0
4,282,0
4,283,0
4,284,0
4,285,0
4,286,0
4,287,0
4,292,0
4,293,0
4,294,0
4,295,0
4,296,0
4,297,0
4,298,0
4,299,0
4,300,0
4,301,0
4,302,0
4,303,0
4,304,0
4,305,0
4,307,0
4,308,0
4,309,0
4,310,0
4,311,0
4,312,0
4,313,0
4,315,0
4,316,0
4,317,0
4,319,0
4,321,0
4,322,0
4,323,0
4,324,0
4,325,0
4,326,0
4,327,0
4,328,0
4,329,0
4,330,0
4,331,0
4,332,0
4,333,0
4,334,0
4,335,0
4,336,0
4,337,0
4,339,0
4,351,0
4,352,0
4,353,0
4,354,0
4,355,0
4,356,0
4,357,0
4,472,0
4,473,1
4,474,0
4,475,0
4,476,0
4,477,0
4,479,0
4,480,0
4,481,0
4,482,0
4,495,0
4,496,1
4,497,1
4,499,1
4,500,0
4,501,0
4,502,0
4,503,0
4,504,1
4,505,0
4,510,1
4,511,1
4,515,0
4,517,1
4,520,0
4,521,1
4,522,0
4,523,0
4,525,0
4,526,1
4,528,0
4,529,0
4,530,1
4,531,0
4,532,1
4,533,0
4,534,0
4,535,1
4,536,0
4,537,0
4,546,0
4,547,0
4,548,0
4,549,0
4,550,0
4,551,0
4,552,0
4,553,0
4,554,1
4,555,0
4,557,0
4,558,0
4,559,0
4,560,0
4,561,0
4,562,0
4,564,0
4,565,0
4,566,0
4,567,0
4,569,0
4,571,1
4,572,1
4,575,1
4,576,1
4,577,0
4,582,1
4,583,0
4,608,0
4,609,0
4,610,0
4,611,0
4,612,0
4,613,0
4,614,0
4,615,0
4,623,0
4,627,1
4,630,1
4,631,0
4,632,0
4,636,0
4,637,0
4,638,0
4,639,0
4,640,0
4,641,0
4,642,0
4,643,0
4,644,0
4,645,0
4,646,0
4,647,0
4,648,0
4,649,0
4,650,0
4,651,1
4,652,1
4,653,0
4,656,0
4,657,0
4,659,0
4,661,0
4,662,1
4,663,0
4,664,1
4,665,0
4,666,0
4,667,0
4,668,0
4,669,0
4,670,0
4,671,0
4,672,0
4,673,0
4,674,0
4,675,0
4,676,0
4,679,1
4,680,1
4,682,0
4,683,0
4,684,0
4,686,0
4,691,0
4,694,0
4,696,0
4,697,0
4,699,0
4,707,0
4,708,0
4,709,0
4,710,0
4,711,1
4,712,0
4,713,0
4,714,0
4,715,0
4,717,1
4,719,0
4,722,0
4,724,0
4,729,0
4,731,0
4,768,0
4,769,0
4,770,0
4,771,1
4,772,0
4,773,0
4,774,0
4,775,1
4,776,1
4,777,0
4,778,0
4,779,0
4,780,0
4,781,0
4,782,0
4,783,1
4,784,1
4,785,1
4,786,0
4,787,0
4,815,0
4,819,1
4,820,0
4,821,0
4,822,0
4,823,0
4,824,0
4,825,0
4,826,0
4,827,0
4,828,0
4,829,1
4,830,0
4,834,0
4,836,0
4,837,1
4,838,1
4,839,0
4,840,0
4,843,0
4,844,0
4,845,1
4,846,0
4,847,1
4,848,0
4,849,0
4,850,0
4,851,1
4,852,0
4,853,0
4,854,0
4,855,0
4,856,0
4,857,0
4,858,0
4,859,0
4,860,0
4,861,0
4,862,0
4,863,0
4,864,0
4,865,0
4,866,0
4,867,0
4,868,0
4,869,0
4,870,0
4,871,0
4,872,0
4,873,0
4,874,0
4,875,0
4,876,0
4,877,0
4,879,0
4,880,0
4,884,0
4,887,0
4,889,0
4,914,0
4,915,0
4,916,0
4,917,0
4,918,0
4,919,0
4,920,0
4,921,0
4,922,0
4,923,0
4,924,0
4,925,0
4,926,0
4,927,0
4,928,0
4,929,0
4,930,0
4,934,0
4,935,0
4,936,1
4,937,0
4,938,0
5,239,0
5,240,0
5,241,0
5,242,0
5,244,0
5,245,0
5,249,0
5,251,1
5,253,0
5,255,0
5,256,0
5,258,0
5,259,0
5,262,0
5,265,1
5,266,0
5,267,0
5,268,0
5,270,0
5,272,0
5,274,0
5,636,1
5,637,1
5,638,1
5,639,1
5,640,0
5,642,1
5,644,1
5,645,0
5,648,0
5,649,1
5,650,1
5,651,1
5,652,1
5,653,1
5,655,1
5,657,1
5,659,1
5,662,1
5,663,1
5,664,0
5,666,1
5,669,0
5,707,0
5,708,0
5,709,1
5,710,0
5,711,0
5,712,0
5,713,0
5,714,0
5,716,0
5,719,0
5,722,0
5,725,1
5,728,1
5,729,0
5,734,0
5,737,1
5,740,1
5,743,1
5,744,1
5,749,0
5,753,0
5,755,1
5,756,1
5,757,0
5,761,1
5,762,0
5,764,0
5,765,1
5,767,1
5,768,0
5,769,0
5,770,1
5,771,1
5,772,1
5,773,1
5,774,1
5,775,1
5,776,1
5,777,1
5,778,0
5,779,0
5,780,0
6,270,0
6,271,0
6,272,0
6,273,0
6,274,0
6,275,0
6,276,0
6,277,0
6,278,0
6,279,0
6,280,0
6,281,0
6,282,0
6,283,0
6,284,0
6,285,0
6,286,0
6,287,0
6,707,0
6,708,0
6,709,0
6,710,0
6,711,0
6,712,0
6,713,0
6,714,0
6,716,0
6,721,0
6,723,0
6,724,0
6,725,0
6,727,0
6,728,1
6,729,0
6,730,0
6,735,1
6,741,1
6,743,0
6,744,0
6,745,0
6,746,0
6,749,1
6,750,1
6,752,0
6,753,1
6,755,0
6,756,0
6,757,0
6,758,0
6,759,0
6,761,0
6,768,0
6,769,0
6,770,0
6,771,0
6,772,0
6,773,0
6,774,0
6,775,0
6,776,1
6,777,0
6,778,0
6,779,1
6,780,1
6,834,0
6,836,1
6,838,0
6,839,1
6,844,0
6,845,0
7,0,0
7,3,0
7,12,0
7,15,0
7,20,0
7,21,0
7,29,0
7,45,0
7,49,0
7,56,0
7,57,0
7,83,0
7,101,0
7,104,0
7,109,0
7,112,0
7,117,0
7,118,0
7,125,0
7,128,0
7,151,0
7,152,0
7,158,0
7,161,0
7,164,0
7,171,0
7,173,1
7,178,0
7,186,0
7,190,0
7,193,0
7,199,0
7,220,0
7,221,0
7,222,0
7,223,0
7,224,0
7,225,0
7,226,0
7,227,0
7,228,0
7,229,0
7,230,0
7,231,0
7,232,0
7,233,0
7,234,0
7,235,0
7,236,0
7,237,0
7,238,0
7,239,0
7,240,0
7,241,0
7,242,0
7,243,0
7,244,0
7,245,0
7,246,0
7,248,0
7,249,0
7,250,0
7,251,0
7,252,0
7,253,0
7,254,0
7,255,0
7,256,0
7,257,0
7,258,0
7,259,0
7,260,0
7,262,0
7,265,0
7,266,0
7,267,0
7,268,0
7,269,0
7,270,0
7,271,0
7,272,0
7,273,0
7,274,0
7,275,0
7,276,1
7,278,0
7,280,0
7,282,0
7,283,0
7,284,0
7,285,0
7,286,0
7,287,0
7,289,0
7,292,0
7,293,0
7,294,0
7,295,0
7,309,0
7,310,0
7,311,0
7,312,0
7,313,0
7,315,0
7,316,0
7,317,1
7,319,0
7,472,0
7,473,0
7,474,0
7,475,1
7,476,0
7,479,0
7,480,0
7,481,0
7,482,0
7,487,1
7,494,1
7,495,0
7,496,1
7,497,0
7,498,0
7,499,1
7,500,0
7,501,1
7,502,0
7,503,1
7,504,0
7,505,0
7,510,1
7,511,0
7,512,0
7,513,1
7,514,1
7,515,0
7,517,0
7,518,0
7,520,0
7,521,0
7,522,1
7,523,1
7,529,0
7,530,0
7,531,1
7,532,1
7,533,0
7,534,0
7,535,0
7,536,0
7,537,1
7,558,0
7,559,0
7,560,0
7,561,0
7,562,0
7,564,0
7,565,0
7,566,0
7,567,0
7,568,1
7,569,0
7,570,0
7,571,1
7,572,0
7,573,1
7,574,0
7,576,0
7,577,0
7,578,0
7,579,1
7,580,1
7,581,1
7,582,1
7,583,1
7,609,0
7,614,0
7,615,1
7,631,0
7,632,0
7,633,0
7,636,1
7,637,1
7,640,1
7,642,0
7,644,0
7,645,0
7,648,0
7,649,1
7,650,1
7,651,0
7,652,1
7,654,1
7,655,1
7,656,1
7,657,1
7,658,0
7,660,0
7,661,1
7,662,0
7,664,1
7,665,1
7,666,0
7,667,0
7,668,0
7,669,0
7,671,0
7,672,1
7,674,1
7,675,0
7,677,1
7,678,0
7,679,0
7,680,0
7,682,0
7,685,1
7,686,0
7,687,0
7,691,1
7,698,1
7,699,0
7,707,0
7,708,0
7,709,0
7,710,0
7,711,0
7,712,1
7,713,0
7,714,0
7,768,0
7,769,0
7,770,0
7,771,1
7,772,1
7,773,0
7,774,1
7,775,1
7,776,0
7,777,0
7,778,0
7,779,1
7,780,1
7,834,0
7,837,1
7,839,1
7,843,0
7,844,1
7,845,0
7,846,1
7,847,0
7,848,0
7,849,0
7,850,0
7,851,1
7,852,0
7,853,0
7,855,1
7,856,1
7,857,0
7,858,0
7,859,0
7,860,0
7,861,0
7,862,0
7,864,0
7,865,0
7,866,0
7,867,0
7,868,0
7,872,1
7,874,0
7,876,1
7,877,0
7,879,0
7,880,0
7,884,0
7,889,0
8,0,0
8,2,1
8,11,0
8,15,0
8,17,0
8,31,1
8,45,1
8,51,0
8,56,0
8,60,0
8,76,0
8,84,0
8,101,0
8,106,0
8,111,0
8,118,0
8,125,0
8,126,0
8,131,0
8,137,0
8,140,0
8,143,0
8,149,0
8,150,0
8,151,0
8,156,1
8,163,0
8,168,0
8,179,1
8,192,0
8,198,0
8,200,0
8,204,0
8,210,0
8,213,0
8,216,0
8,220,0
8,221,0
8,222,0
8,224,0
8,225,0
8,226,0
8,227,0
8,229,0
8,230,0
8,233,0
8,234,0
8,235,0
8,239,0
8,241,0
8,242,0
8,243,0
8,245,0
8,246,0
8,248,0
8,249,0
8,251,1
8,253,1
8,255,1
8,256,0
8,257,1
8,259,1
8,262,1
8,266,0
8,267,0
8,268,0
8,270,0
8,271,0
8,272,0
8,273,0
8,274,0
8,275,0
8,276,0
8,277,0
8,278,0
8,279,0
8,280,0
8,281,0
8,282,0
8,283,0
8,284,1
8,292,0
8,293,0
8,294,0
8,295,0
8,298,0
8,309,0
8,310,0
8,311,0
8,312,0
8,313,0
8,315,0
8,316,1
8,317,0
8,319,0
8,321,0
8,322,0
8,323,0
8,324,1
8,325,0
8,326,0
8,327,0
8,328,0
8,329,0
8,331,0
8,332,1
8,333,0
8,334,1
8,335,0
8,336,0
8,352,0
8,354,0
8,355,0
8,356,0
8,357,0
8,363,0
8,472,1
8,473,0
8,474,1
8,475,0
8,476,1
8,479,0
8,480,0
8,481,0
8,482,0
8,494,1
8,496,1
8,501,1
8,503,1
8,504,1
8,505,1
8,510,1
8,512,1
8,514,1
8,515,1
8,521,1
8,523,1
8,527,1
8,528,1
8,530,1
8,531,1
8,532,1
8,533,0
8,534,1
8,535,1
8,537,1
8,546,0
8,547,0
8,549,1
8,558,0
8,559,0
8,560,0
8,561,0
8,562,0
8,564,0
8,565,0
8,566,0
8,567,1
8,568,1
8,570,1
8,573,0
8,575,1
8,576,0
8,577,0
8,578,1
8,579,1
8,580,1
8,581,1
8,582,0
8,583,0
8,609,0
8,610,0
8,614,1
8,631,0
8,632,0
8,633,0
8,634,0
8,636,1
8,637,0
8,638,1
8,639,0
8,640,0
8,641,1
8,642,1
8,643,1
8,645,0
8,646,1
8,648,0
8,649,1
8,650,0
8,651,1
8,652,1
8,654,1
8,655,0
8,656,1
8,657,1
8,659,1
8,707,1
8,708,1
8,709,1
8,710,1
8,711,1
8,712,1
8,713,0
8,714,0
8,723,1
8,729,1
8,731,1
8,768,1
8,769,1
8,770,1
8,771,1
8,772,1
8,773,1
8,774,0
8,775,1
8,776,1
8,777,1
8,778,0
8,779,1
8,780,1
8,834,0
8,837,1
8,839,1
8,843,1
8,844,1
8,845,1
8,847,0
8,848,0
8,851,0
8,852,0
8,854,0
8,855,1
8,856,0
8,858,0
8,861,0
8,862,1
8,863,1
8,865,1
8,914,0
8,915,0
8,916,0
8,917,0
8,918,0
8,920,0
8,921,0
8,923,0
8,926,0
8,927,0
8,928,0
8,929,0
8,930,0
8,933,0
8,935,0
8,937,0
8,938,0
8,939,0
8,940,1
8,941,0
8,944,0
8,946,1
8,950,0
8,953,0
8,954,0
8,959,0
8,963,0
8,971,1
8,973,1
8,976,1
8,977,1
8,979,1
8,1009,0
8,1010,1
8,1011,1
8,1015,1
8,1022,0
8,1029,0
8,1030,0
8,1031,0
8,1033,1
8,1035,1
8,1036,0
8,1037,1
8,1038,0
9,0,0
9,2,1
9,11,0
9,13,1
9,20,0
9,22,0
9,31,1
9,47,0
9,49,0
9,55,1
9,57,0
9,74,1
9,82,0
9,101,0
9,103,0
9,107,0
9,110,0
9,116,0
9,119,0
9,125,0
9,128,0
9,151,0
9,155,0
9,158,0
9,162,0
9,166,0
9,168,1
9,175,0
9,176,0
9,180,0
9,185,0
9,189,0
9,195,0
9,220,0
9,221,0
9,222,0
9,223,0
9,224,0
9,225,0
9,226,0
9,227,0
9,228,0
9,229,0
9,230,0
9,231,0
9,232,0
9,233,0
9,234,0
9,235,0
9,236,0
9,237,0
9,238,0
9,239,0
9,240,0
9,241,0
9,242,0
9,243,0
9,244,0
9,245,0
9,246,0
9,248,0
9,249,0
9,250,0
9,251,0
9,252,0
9,253,0
9,254,0
9,255,0
9,256,0
9,257,0
9,258,0
9,259,0
9,260,0
9,262,0
9,263,0
9,265,0
9,266,0
9,267,0
9,268,0
9,269,0
9,270,0
9,271,0
9,272,0
9,273,0
9,274,0
9,275,0
9,276,0
9,277,0
9,278,0
9,279,0
9,280,0
9,281,0
9,282,0
9,283,0
9,284,0
9,292,0
9,293,0
9,294,0
9,295,0
9,296,0
9,297,0
9,298,0
9,299,0
9,300,0
9,301,0
9,303,0
9,309,0
9,310,1
9,311,0
9,312,0
9,313,0
9,315,0
9,316,0
9,317,0
9,319,0
9,321,0
9,322,0
9,323,0
9,324,0
9,325,0
9,326,0
9,327,0
9,328,0
9,329,0
9,330,0
9,331,0
9,332,0
9,333,0
9,334,0
9,335,0
9,336,0
9,337,0
9,338,0
9,339,0
9,341,0
9,342,0
9,344,0
9,347,1
9,348,0
9,349,0
9,350,0
9,351,0
9,352,0
9,353,0
9,354,0
9,355,0
9,356,0
9,357,0
9,358,0
9,359,0
9,360,0
9,361,0
9,362,0
9,363,0
9,364,0
9,365,0
9,366,0
9,367,0
9,368,0
9,370,0
9,371,0
9,373,0
9,374,0
9,378,1
9,379,0
9,380,0
9,381,0
9,382,0
9,383,0
9,384,0
9,472,0
9,473,1
9,474,1
9,475,1
9,476,1
9,477,0
9,479,0
9,480,0
9,481,0
9,482,0
9,494,0
9,495,1
9,496,1
9,498,0
9,500,1
9,502,0
9,504,1
9,505,1
9,510,1
9,511,1
9,512,0
9,513,0
9,514,1
9,515,0
9,518,0
9,521,0
9,523,1
9,525,1
9,528,0
9,530,0
9,531,1
9,533,1
9,535,1
9,536,1
9,537,1
9,546,0
9,547,0
9,548,0
9,549,0
9,550,0
9,551,0
9,552,0
9,553,0
9,554,0
9,555,1
9,556,0
9,557,0
9,558,0
9,559,1
9,560,0
9,561,0
9,562,0
9,563,0
9,564,0
9,565,0
9,566,0
9,567,0
9,568,0
9,571,1
9,574,1
9,575,1
9,576,1
9,577,1
9,582,1
9,602,0
9,603,0
9,606,0
9,608,1
9,609,0
9,614,0
9,623,0
9,624,0
9,625,0
9,626,0
9,627,0
9,628,1
9,629,1
9,630,0
9,631,0
9,632,0
9,633,0
9,634,0
9,635,0
9,636,0
9,637,0
9,638,0
9,639,0
9,640,0
9,641,0
9,642,0
9,643,0
9,645,0
9,646,0
9,648,0
9,649,0
9,650,1
9,651,1
9,652,1
9,654,1
9,655,0
9,656,0
9,657,0
9,658,0
9,659,0
9,660,0
9,661,1
9,662,0
9,663,1
9,665,1
9,666,0
9,668,0
9,669,0
9,670,0
9,671,0
9,672,0
9,675,0
9,682,1
9,707,0
9,708,0
9,709,0
9,710,0
9,711,0
9,712,0
9,713,0
9,714,0
9,768,0
9,769,0
9,770,0
9,771,1
9,772,0
9,773,0
9,774,1
9,775,1
9,776,1
9,777,1
9,778,1
9,779,0
9,780,1
9,782,1
9,783,1
9,786,1
9,787,0
9,815,0
9,819,0
9,820,1
9,821,0
9,822,0
9,823,0
9,824,0
9,825,0
9,826,0
9,827,0
9,828,0
9,834,0
9,837,1
9,838,1
9,839,1
9,844,0
9,845,1
9,846,1
9,847,0
9,848,0
9,849,0
9,850,0
9,851,0
9,853,0
9,854,0
9,855,1
9,856,0
9,857,0
9,858,0
9,859,0
9,860,0
9,861,0
9,862,0
9,863,0
9,864,0
9,865,0
9,866,0
9,867,0
9,874,0
9,876,0
9,877,1
9,892,1
9,893,0
9,894,1
9,895,1
9,896,1
9,897,0
9,898,0
9,899,1
9,900,1
9,901,1
9,902,1
9,903,1
9,904,0
9,907,0
9,908,0
9,909,0
9,910,1
9,911,0
9,912,1
9,913,1
9,914,0
9,915,0
9,916,0
9,918,0
9,920,0
9,921,0
9,923,0
9,926,0
9,927,0
9,928,0
9,929,0
9,931,0
9,932,1
9,933,0
9,935,0
9,937,0
9,938,0
9,941,0
9,944,0
9,946,1
9,947,0
9,950,0
9,951,0
9,953,0
9,954,0
9,955,0
9,956,0
9,959,0
9,960,0
9,967,1
9,969,0
9,979,0
9,1009,0
9,1012,1
9,1013,1
9,1014,1
9,1015,1
9,1017,1
9,1019,0
9,1020,1
9,1025,0
9,1027,0
9,1029,0
10,43,0
10,47,0
10,49,0
10,56,0
10,59,0
10,64,0
10,67,0
10,70,0
10,76,0
10,77,0
10,84,0
10,91,1
10,96,0
10,100,0
10,101,0
10,102,0
10,108,0
10,111,0
10,118,0
10,123,0
10,126,0
10,131,0
10,249,0
10,250,0
10,251,0
10,252,0
10,253,0
10,254,0
10,255,0
10,256,0
10,257,0
10,258,0
10,259,0
10,260,0
10,262,0
10,418,1
10,419,0
10,472,1
10,473,1
10,474,1
10,475,1
10,476,1
10,479,1
10,480,0
10,481,0
10,482,1
10,892,0
10,893,0
10,894,1
10,895,0
10,896,0
10,897,1
10,898,1
10,903,0
10,904,0
10,905,0
10,906,0
10,907,0
10,908,0
10,909,0
11,249,0
11,250,0
11,251,0
11,252,0
11,253,0
11,254,0
11,255,0
11,256,0
11,257,1
11,258,0
11,259,0
11,260,1
11,262,0
11,472,1
11,473,1
11,474,1
11,475,1
11,476,1
11,479,1
11,480,0
11,481,1
11,482,1
11,494,1
11,496,1
11,498,1
11,503,1
11,504,1
11,505,1
11,510,1
11,511,1
11,514,1
11,515,1
11,521,1
11,522,1
11,528,1
11,529,1
11,530,1
11,531,1
11,532,1
11,535,1
11,536,1
11,537,1
11,546,1
11,547,1
11,548,1
11,549,1
11,550,1
11,551,1
11,552,1
11,553,1
11,892,1
11,893,1
11,894,1
11,895,1
11,896,0
11,897,1
11,898,1
11,900,0
11,902,0
11,903,1
11,904,1
11,905,1
11,906,1
11,907,0
11,908,1
11,909,0
11,910,0
11,911,1
11,912,0
11,913,0
12,563,0
12,635,0
12,636,0
12,637,0
12,638,0
12,639,0
12,640,0
12,641,0
12,642,0
12,644,0
12,645,0
12,647,1
12,648,0
12,707,1
12,708,1
12,768,1
12,769,1
12,770,1
12,771,1
12,772,1
12,773,1
12,774,1
12,775,0
12,776,0
13,270,0
13,271,0
13,272,1
13,273,0
13,274,0
13,275,0
13,276,0
13,277,0
13,278,0
13,279,0
13,280,0
13,281,0
13,282,0
13,283,0
13,284,0
13,285,0
13,286,0
13,287,0
13,292,0
13,293,0
13,294,0
13,295,0
13,296,0
13,297,0
13,298,0
13,299,0
13,300,0
13,301,0
13,302,0
13,303,0
13,304,0
13,305,0
13,308,0
13,321,0
13,322,0
13,323,0
13,324,0
13,325,0
13,326,0
13,327,0
13,328,0
13,329,0
13,330,0
13,331,0
13,332,0
13,333,0
13,334,0
13,335,0
13,336,0
13,337,0
13,338,0
13,339,0
13,340,0
13,341,0
13,342,0
13,343,0
13,344,0
13,345,0
13,346,0
13,347,0
13,348,0
13,349,0
13,350,0
13,351,0
13,352,0
13,353,0
13,354,0
13,355,0
13,356,0
13,357,0
13,358,0
13,360,0
13,363,0
13,365,0
13,707,0
13,708,0
13,709,0
13,710,0
13,711,0
13,712,1
13,713,0
13,714,0
13,768,0
13,769,1
13,770,0
13,771,1
13,772,1
13,773,0
13,774,0
13,775,1
13,776,1
13,777,0
13,778,0
13,779,0
13,780,0
13,783,1
13,785,1
13,786,1
13,787,0
13,818,1
13,819,1
13,820,1
13,821,1
13,822,0
13,823,0
13,824,0
13,825,0
13,826,0
13,827,0
13,828,0
13,829,0
13,830,1
13,834,0
13,836,0
13,837,1
13,838,1
13,840,1
13,843,0
13,844,1
13,845,0
13,847,0
13,848,1
13,849,0
13,850,0
13,851,0
13,852,0
13,853,0
13,855,1
13,856,0
13,857,0
13,858,0
13,859,0
13,860,1
13,861,0
13,862,0
13,864,0
13,865,1
13,867,0
13,877,1
13,892,0
13,893,0
13,894,0
13,895,1
13,896,1
13,897,1
13,898,0
13,899,1
13,900,1
13,901,1
13,902,1
13,903,0
13,904,0
13,905,0
13,906,0
13,907,0
13,908,0
13,909,0
13,911,0
13,914,0
13,916,0
13,918,0
13,920,0
13,921,0
13,923,0
13,926,0
13,927,0
13,928,0
13,929,0
13,935,0
13,937,0
13,938,0
13,941,0
13,944,0
13,945,0
13,946,0
13,947,0
13,949,0
13,950,0
13,951,0
13,952,0
13,953,0
13,954,0
13,955,0
13,956,0
13,957,0
13,958,0
13,959,0
13,962,1
13,967,0
13,969,0
13,970,1
13,972,0
13,978,0
13,979,0
13,1009,0
13,1013,1
13,1017,1
13,1018,1
13,1019,0
13,1021,0
13,1023,0
13,1024,1
13,1028,0
13,1029,0
13,1030,0
13,1031,0
13,1032,0
13,1033,0
13,1034,0
13,1035,0
13,1036,0
13,1037,0
13,1038,1
14,711,1
14,712,0
14,713,0
14,714,0
14,716,0
14,723,0
14,724,0
14,726,0
14,727,1
14,728,0
14,730,1
14,731,0
14,732,0
14,734,1
14,735,0
14,736,1
14,744,0
14,745,1
14,747,0
14,750,0
14,751,0
14,752,1
14,754,1
14,757,0
14,758,0
14,759,0
14,760,1
14,761,1
14,762,0
14,763,1
14,765,0
14,766,0
14,767,0
14,834,0
14,836,1
14,839,1
14,840,1
14,843,0
14,844,1
14,845,1
14,847,1
14,848,1
14,849,1
14,853,1
14,855,0
14,856,1
14,857,1
14,864,0
15,292,0
15,293,0
15,294,0
15,295,0
15,296,0
15,297,0
15,298,0
15,299,0
15,300,0
15,301,0
15,302,0
15,303,0
15,305,0
15,321,0
15,322,0
15,323,0
15,324,0
15,325,0
15,326,0
15,327,0
15,328,0
15,329,0
15,330,0
15,331,0
15,332,0
15,333,0
15,334,0
15,335,0
15,336,0
15,337,0
15,352,0
15,353,0
15,354,0
15,355,0
15,356,0
15,357,0
15,363,0
15,782,1
15,784,1
15,786,1
15,787,0
15,815,1
15,817,0
15,819,1
15,820,1
15,821,1
15,822,0
15,823,1
15,824,0
15,825,1
15,826,0
15,827,0
15,828,0
15,829,0
15,830,0
15,914,0
15,916,0
15,918,0
15,920,0
15,921,0
15,923,0
15,926,0
15,927,0
15,928,0
15,929,0
15,935,0
15,937,0
15,938,1
15,941,0
15,944,0
15,945,0
15,946,0
15,947,0
15,950,0
15,951,0
15,959,0
15,963,1
15,967,1
15,968,0
15,975,1
15,977,1
15,979,1
15,983,1
15,997,0
15,1001,1
15,1009,0
15,1012,1
15,1015,0
15,1016,0
15,1019,0
15,1020,1
15,1021,1
15,1022,0
15,1026,1
15,1028,1
15,1029,0
15,1030,1
15,1031,0
15,1032,0
15,1033,0
15,1034,0
15,1035,0
15,1036,0
15,1037,0
15,1038,1
16,0,0
16,13,0
16,29,0
16,220,0
16,221,0
16,222,0
16,223,0
16,224,0
16,225,0
16,226,0
16,227,0
16,228,0
16,229,0
16,230,0
16,233,0
16,234,0
16,235,0
16,236,0
16,237,0
16,238,0
16,249,0
16,250,0
16,251,0
16,252,0
16,253,0
16,254,0
16,255,0
16,256,0
16,257,0
16,258,0
16,259,0
16,260,0
16,261,0
16,262,0
16,265,0
16,266,0
16,267,0
16,268,0
16,311,0
16,312,0
16,313,0
16,315,0
16,316,1
16,319,0
16,558,0
16,559,0
16,560,0
16,561,0
16,562,0
16,564,0
16,565,0
16,566,0
16,567,0
16,569,0
16,570,1
16,571,0
16,572,1
16,573,1
16,575,1
16,577,1
16,578,1
16,579,1
16,582,1
16,583,0
16,608,1
16,610,0
16,615,0
16,631,0
16,632,0
16,633,0
16,634,0
16,636,0
16,638,0
16,639,1
16,640,1
16,641,0
16,642,0
16,644,0
16,645,0
16,647,0
16,649,1
16,650,1
16,651,0
16,652,1
16,653,0
16,655,0
16,656,0
16,657,1
16,658,0
16,659,1
16,660,0
16,661,0
16,663,0
16,665,1
16,666,1
16,668,0
16,672,1
16,707,1
16,708,1
16,709,1
16,710,0
16,711,1
16,768,0
16,769,1
16,770,1
16,771,1
16,772,1
16,773,0
16,774,0
16,775,0
16,776,0
16,777,0
16,778,0
16,779,0
16,780,0
17,239,0
17,242,0
17,243,0
17,245,0
17,246,0
17,249,0
17,250,0
17,251,0
17,252,0
17,253,0
17,254,0
17,255,0
17,256,0
17,257,0
17,258,0
17,259,0
17,260,0
17,262,0
17,636,0
17,637,1
17,639,0
17,640,1
17,641,0
17,643,1
17,645,0
17,647,0
17,648,0
17,649,1
17,650,1
17,651,1
17,652,1
17,654,1
17,655,0
17,656,0
17,657,0
17,658,0
17,659,0
17,660,0
17,662,0
17,663,0
17,665,1
17,666,1
17,667,0
17,668,0
17,669,1
17,670,0
17,671,0
17,672,0
17,674,0
17,675,0
17,677,0
17,678,0
17,680,0
17,681,0
17,682,0
17,684,0
17,685,1
17,686,0
17,699,1
17,707,0
17,708,0
17,710,0
17,768,0
17,769,0
17,770,1
17,771,1
17,772,0
17,773,1
17,774,1
17,775,0
17,776,1
17,777,0
17,778,0
17,779,1
17,780,0
18,0,0
18,3,0
18,8,0
18,11,0
18,15,0
18,18,0
18,24,0
18,27,1
18,32,0
18,35,0
18,40,0
18,44,0
18,45,0
18,49,0
18,55,0
18,57,0
18,83,0
18,101,0
18,104,0
18,108,0
18,113,0
18,118,0
18,124,0
18,126,0
18,151,0
18,154,1
18,158,0
18,162,0
18,168,0
18,174,0
18,177,0
18,186,0
18,191,1
18,193,0
18,197,0
18,200,1
18,204,0
18,208,0
18,213,1
18,218,0
18,220,0
18,221,0
18,222,0
18,223,0
18,224,0
18,225,0
18,226,0
18,227,0
18,228,0
18,229,0
18,230,0
18,233,0
18,234,0
18,235,0
18,237,0
18,238,0
18,249,0
18,250,0
18,251,0
18,252,0
18,253,0
18,254,0
18,255,0
18,256,0
18,257,0
18,258,1
18,259,0
18,260,0
18,261,0
18,262,0
18,263,0
18,264,0
18,265,0
18,266,0
18,267,0
18,268,0
18,269,0
18,270,0
18,271,0
18,272,1
18,273,0
18,274,0
18,275,0
18,276,0
18,277,0
18,278,0
18,279,0
18,280,0
18,281,0
18,282,0
18,283,0
18,284,0
18,285,0
18,292,0
18,293,0
18,294,0
18,295,0
18,296,0
18,297,0
18,298,0
18,299,0
18,300,0
18,301,0
18,302,0
18,303,0
18,304,0
18,305,0
18,307,0
18,308,0
18,309,1
18,310,0
18,311,0
18,312,0
18,313,0
18,315,0
18,316,0
18,317,1
18,318,0
18,319,0
18,321,0
18,322,0
18,323,0
18,324,0
18,325,0
18,326,0
18,327,0
18,328,0
18,329,0
18,330,0
18,331,0
18,332,0
18,333,0
18,334,0
18,335,0
18,336,0
18,337,0
18,339,0
18,351,0
18,352,0
18,353,0
18,354,0
18,355,0
18,356,0
18,357,0
18,358,0
18,359,0
18,360,0
18,363,0
18,472,0
18,473,1
18,474,0
18,475,1
18,476,1
18,479,0
18,480,0
18,481,0
18,482,0
18,494,1
18,495,0
18,497,1
18,500,1
18,501,0
18,502,1
18,503,1
18,504,0
18,505,1
18,507,1
18,510,1
18,511,1
18,512,1
18,513,1
18,515,0
18,516,0
18,520,1
18,521,1
18,523,0
18,524,0
18,525,1
18,526,1
18,528,0
18,529,0
18,530,1
18,532,1
18,533,1
18,534,0
18,535,1
18,536,0
18,537,1
18,546,0
18,547,0
18,548,0
18,549,0
18,550,0
18,551,0
18,552,0
18,553,0
18,554,0
18,555,0
18,556,1
18,557,1
18,558,1
18,559,0
18,560,0
18,561,0
18,562,0
18,564,0
18,565,0
18,566,0
18,567,0
18,568,0
18,569,1
18,570,0
18,571,0
18,572,1
18,573,0
18,574,0
18,575,0
18,577,0
18,578,1
18,580,1
18,582,1
18,609,0
18,610,1
18,614,1
18,615,1
18,631,0
18,632,0
18,633,1
18,636,0
18,637,1
18,640,1
18,641,0
18,642,0
18,644,0
18,645,0
18,646,0
18,648,0
18,649,1
18,650,1
18,651,0
18,652,1
18,654,1
18,655,1
18,656,0
18,657,0
18,658,0
18,659,0
18,660,0
18,661,0
18,662,0
18,663,0
18,664,0
18,665,0
18,666,0
18,667,0
18,668,0
18,669,0
18,671,0
18,672,0
18,673,0
18,675,0
18,676,1
18,677,0
18,678,0
18,682,0
18,683,0
18,684,1
18,686,0
18,688,0
18,690,0
18,691,0
18,692,0
18,694,0
18,695,1
18,696,0
18,698,0
18,699,0
18,703,0
18,705,0
18,707,0
18,708,0
18,709,0
18,710,0
18,711,1
18,712,0
18,713,0
18,714,0
18,718,0
18,719,0
18,720,0
18,724,0
18,725,0
18,727,0
18,728,0
18,730,1
18,731,0
18,732,0
18,738,0
18,740,0
18,742,0
18,750,0
18,753,0
18,768,0
18,769,0
18,770,0
18,771,1
18,772,0
18,773,0
18,774,0
18,775,0
18,776,0
18,777,0
18,778,0
18,779,0
18,780,0
18,781,1
18,783,1
18,784,1
18,785,0
18,786,1
18,787,0
18,815,0
18,819,1
18,820,1
18,821,0
18,822,0
18,823,0
18,824,0
18,825,0
18,826,0
18,827,0
18,828,0
18,829,0
18,830,0
18,834,0
18,835,0
18,836,0
18,837,0
18,838,1
18,839,0
18,840,0
18,843,0
18,844,0
18,845,0
18,846,1
18,848,0
18,849,0
18,850,0
18,851,0
18,852,0
18,853,0
18,854,0
18,855,0
18,856,0
18,857,0
18,858,0
18,859,0
18,860,0
18,861,0
18,862,0
18,863,0
18,864,0
18,865,0
18,914,0
18,915,0
18,916,0
18,918,0
18,919,1
18,920,0
18,921,0
18,922,0
18,923,0
18,924,0
18,926,0
18,927,0
18,928,0
18,929,0
18,930,0
18,931,0
18,935,0
18,937,0
18,938,0
18,941,0
18,942,0
18,943,0
18,944,0
18,945,0
18,946,0
18,947,0
18,959,0
18,960,0
18,964,1
18,965,0
18,972,0
18,974,0
19,0,0
19,3,0
19,7,0
19,9,0
19,14,0
19,20,0
19,23,0
19,26,0
19,30,0
19,34,0
19,37,0
19,41,0
19,46,0
19,52,0
19,55,0
19,59,0
19,72,1
19,101,0
19,105,0
19,106,0
19,112,0
19,115,0
19,125,0
19,129,0
19,133,0
19,136,0
19,138,0
19,142,1
19,147,0
19,151,0
19,154,0
19,159,0
19,162,0
19,165,0
19,169,0
19,174,1
19,178,0
19,180,0
19,184,0
19,190,0
19,194,0
19,197,0
19,201,0
19,204,1
19,220,0
19,221,0
19,222,0
19,224,0
19,225,0
19,226,0
19,227,0
19,229,0
19,230,0
19,231,0
19,232,0
19,233,0
19,234,0
19,235,0
19,236,0
19,237,0
19,238,0
19,239,0
19,242,0
19,243,0
19,245,0
19,246,0
19,249,0
19,250,0
19,251,0
19,252,0
19,253,0
19,254,0
19,255,0
19,256,0
19,257,0
19,258,0
19,259,0
19,260,0
19,261,0
19,262,0
19,263,1
19,264,0
19,265,0
19,266,0
19,267,0
19,268,0
19,269,0
19,270,0
19,271,0
19,272,0
19,273,0
19,274,0
19,275,0
19,276,0
19,277,0
19,278,0
19,279,0
19,280,0
19,282,0
19,285,1
19,292,0
19,293,0
19,294,0
19,295,0
19,297,0
19,298,0
19,300,0
19,301,0
19,302,0
19,303,0
19,304,0
19,305,0
19,308,0
19,310,0
19,311,0
19,312,0
19,313,0
19,315,0
19,316,0
19,319,0
19,321,0
19,322,0
19,323,0
19,324,0
19,325,0
19,326,0
19,327,0
19,328,0
19,329,0
19,330,0
19,331,0
19,332,1
19,333,0
19,335,0
19,352,0
19,354,0
19,355,0
19,356,1
19,357,0
19,473,0
19,475,0
19,476,0
19,479,0
19,480,1
19,481,0
19,482,0
19,502,1
19,503,1
19,504,1
19,505,0
19,513,0
19,516,0
19,520,1
19,522,1
19,523,1
19,524,0
19,525,1
19,526,0
19,527,0
19,528,0
19,529,0
19,530,1
19,531,1
19,533,0
19,534,0
19,535,0
19,536,1
19,537,0
19,546,0
19,547,0
19,558,0
19,559,0
19,560,0
19,561,0
19,562,1
19,564,0
19,565,0
19,566,0
19,567,0
19,568,1
19,569,0
19,571,0
19,573,1
19,574,1
19,575,1
19,576,1
19,577,0
19,578,0
19,580,1
19,581,1
19,582,0
19,583,1
19,609,1
19,610,0
19,614,0
19,631,0
19,632,0
19,633,0
19,636,0
19,637,0
19,638,0
19,639,1
19,640,1
19,641,1
19,642,0
19,643,0
19,645,0
19,648,0
19,649,1
19,650,1
19,651,1
19,652,1
19,654,1
19,655,0
19,658,1
19,660,1
19,661,1
19,663,1
19,664,1
19,665,1
19,667,0
19,668,1
19,669,0
19,670,0
19,672,0
19,707,0
19,708,0
19,709,1
19,710,0
19,711,1
19,712,0
19,713,0
19,714,1
19,715,0
19,717,1
19,719,1
19,721,0
19,722,0
19,725,0
19,727,0
19,728,1
19,733,1
19,734,0
19,768,0
19,769,0
19,770,0
19,771,1
19,772,1
19,773,0
19,774,0
19,775,1
19,776,1
19,777,0
19,778,0
19,779,1
19,780,1
19,781,1
19,785,1
19,786,0
19,787,1
19,816,1
19,817,0
19,818,1
19,819,0
19,820,0
19,821,0
19,822,1
19,823,0
19,824,0
19,825,0
19,826,0
19,827,1
19,828,1
19,834,0
19,836,1
19,837,1
19,843,0
19,844,1
19,846,1
19,847,0
19,848,0
19,849,0
19,850,0
19,851,0
19,852,0
19,853,0
19,854,0
19,855,0
19,856,0
19,857,0
19,858,0
19,859,0
19,860,1
19,861,0
19,862,1
19,864,0
19,865,1
19,867,0
19,871,0
19,872,1
19,874,0
19,875,0
19,876,0
19,885,1
19,887,1
19,914,0
19,916,0
19,918,0
19,920,0
19,921,0
19,923,0
19,926,0
19,927,0
19,928,0
19,929,0
19,935,0
19,937,0
19,938,0
20,220,0
20,221,0
20,222,0
20,223,0
20,224,0
20,225,0
20,226,0
20,227,0
20,228,0
20,229,0
20,230,0
20,231,0
20,232,0
20,233,0
20,234,0
20,235,0
20,236,0
20,237,0
20,238,0
20,239,0
20,240,0
20,241,0
20,242,0
20,243,0
20,244,0
20,245,0
20,246,0
20,247,0
20,248,0
20,309,0
20,310,0
20,311,0
20,313,0
20,314,0
20,315,0
20,316,0
20,317,0
20,319,0
21,231,0
21,236,0
21,237,0
21,238,0
21,239,0
21,242,0
21,243,0
21,244,0
21,249,0
21,250,0
21,251,0
21,252,0
21,253,0
21,254,0
21,255,0
21,256,0
21,257,0
21,258,0
21,259,0
21,260,0
21,261,0
21,262,0
21,263,0
21,264,0
21,265,0
21,266,0
21,267,0
21,268,0
21,269,0
21,270,0
21,271,0
21,272,0
21,273,0
21,274,0
21,275,0
21,276,0
21,278,0
21,279,0
21,280,0
21,282,0
21,283,0
21,636,0
21,638,1
21,639,0
21,640,1
21,641,1
21,643,0
21,645,0
21,646,0
21,647,0
21,648,1
21,649,1
21,650,1
21,651,0
21,652,1
21,654,1
21,655,1
21,657,1
21,659,1
21,662,0
21,664,0
21,665,1
21,666,1
21,667,0
21,668,1
21,669,1
21,670,0
21,672,0
21,674,0
21,675,0
21,680,1
21,681,1
21,682,1
21,683,0
21,685,0
21,686,1
21,687,0
21,689,0
21,691,0
21,699,0
21,707,0
21,708,1
21,709,1
21,710,0
21,711,1
21,712,0
21,713,1
21,714,0
21,717,1
21,726,0
21,731,0
21,732,1
21,734,1
21,768,0
21,769,0
21,770,1
21,771,1
21,772,1
21,773,1
21,774,1
21,775,1
21,776,1
21,777,0
21,778,1
21,779,1
21,780,1
21,834,0
21,837,0
21,838,1
21,839,1
21,840,0
22,0,1
22,12,0
22,15,1
22,20,0
22,28,1
22,32,0
22,43,0
22,48,0
22,52,0
22,56,0
22,57,0
22,64,0
22,71,0
22,84,0
22,98,1
22,101,0
22,109,0
22,113,0
22,120,0
22,124,0
23,0,0
23,2,0
23,6,0
23,9,0
23,15,0
23,17,0
23,23,0
23,25,0
23,29,1
23,33,0
23,39,0
23,41,0
23,46,0
23,51,0
23,53,0
23,57,0
23,70,0
23,84,0
23,101,0
23,105,0
23,106,0
23,112,0
23,114,0
23,119,0
23,124,0
23,129,0
23,131,0
23,151,0
23,152,0
23,156,0
23,160,0
23,165,0
23,170,0
23,172,0
23,179,0
23,182,0
23,184,0
23,190,0
23,192,0
23,196,0
23,200,0
23,206,0
23,211,0
23,472,0
23,473,0
23,474,0
23,475,0
23,476,1
23,479,0
23,480,0
23,481,0
23,482,0
23,487,0
23,488,1
23,489,0
23,490,0
23,491,0
23,492,0
23,493,0
23,494,0
23,495,1
23,496,1
23,498,0
23,501,0
23,502,1
23,504,0
23,505,1
23,510,0
23,511,0
23,513,0
23,515,0
23,516,0
23,518,0
23,521,0
23,522,0
23,523,0
23,524,0
23,525,0
23,526,0
23,527,0
23,528,0
23,529,0
23,530,0
23,531,1
23,532,0
23,533,0
23,534,0
23,535,0
23,536,0
23,537,0
23,538,0
23,542,0
23,543,1
23,544,0
23,545,0
23,546,0
23,547,0
23,548,0
23,549,0
23,550,0
23,551,0
23,552,0
23,553,0
23,558,1
23,559,1
23,560,0
23,561,0
23,562,1
23,564,0
23,565,0
23,566,0
23,567,0
23,569,1
23,571,1
23,572,1
23,574,0
23,575,0
23,576,0
23,577,0
23,578,1
23,579,0
23,580,0
23,581,0
23,582,0
23,583,1
23,600,0
23,601,0
23,604,0
23,608,0
23,614,0
23,623,0
23,624,0
23,625,0
23,626,0
23,627,0
23,628,0
23,629,0
23,630,0
23,631,0
23,632,0
24,892,1
24,893,1
24,894,1
24,895,1
24,896,1
24,897,1
24,898,1
24,899,1
24,900,0
24,901,1
24,902,1
24,903,1
24,904,0
24,905,1
24,906,0
24,907,0
24,908,0
24,909,0
24,910,1
24,911,0
25,220,0
25,221,0
25,222,0
25,223,0
25,224,0
25,225,0
25,226,0
25,227,0
25,228,0
25,229,0
25,230,0
25,233,0
25,234,0
25,235,0
25,237,0
25,239,0
25,243,0
25,244,0
25,245,0
25,249,0
25,250,1
25,251,0
25,252,0
25,253,0
25,254,0
25,255,0
25,256,0
25,257,1
25,258,0
25,259,0
25,260,0
25,261,1
25,262,0
25,265,0
25,266,0
25,267,0
25,268,0
25,269,1
25,311,0
25,312,0
25,313,0
25,315,0
25,316,0
25,317,0
25,319,0
25,636,0
25,637,1
25,639,0
25,640,1
25,642,1
25,643,1
25,646,0
25,648,0
25,649,1
25,650,1
25,651,1
25,652,1
25,653,1
25,655,0
25,656,1
25,657,0
25,658,1
25,659,0
25,661,1
25,663,1
25,664,0
25,665,1
25,667,0
25,668,0
25,670,1
25,671,0
25,672,0
25,673,1
25,674,1
25,675,1
25,677,1
25,680,1
25,682,1
25,686,1
25,691,0
25,692,0
25,698,0
25,699,0
25,707,1
25,708,0
25,768,0
26,221,0
26,222,0
26,223,0
26,224,0
26,225,0
26,226,0
26,227,0
26,228,0
26,229,0
26,230,1
26,231,0
26,232,0
26,233,0
26,234,0
26,235,0
26,236,0
26,237,0
26,238,0
26,239,0
26,241,0
26,243,0
26,249,0
26,250,1
26,251,0
26,252,1
26,253,0
26,255,0
26,256,0
26,257,0
26,258,0
26,259,0
26,260,0
26,270,0
26,272,1
26,273,0
26,274,0
26,275,0
26,276,0
26,278,0
26,280,0
26,282,0
26,283,0
26,284,0
26,285,0
26,287,0
26,636,0
26,637,0
26,640,1
26,641,1
26,642,1
26,643,0
26,645,0
26,646,0
26,648,0
26,649,0
26,650,1
26,651,1
26,652,1
26,654,1
26,655,0
26,656,1
26,657,1
26,658,0
26,660,1
26,661,0
26,662,1
26,663,1
26,664,1
26,665,0
26,666,1
26,667,1
26,670,0
26,671,0
26,707,1
26,708,1
26,709,1
26,710,1
26,711,1
26,712,1
26,713,0
26,768,0
26,769,1
26,770,0
26,771,1
26,772,1
26,773,1
26,774,0
26,775,1
26,776,1
26,777,0
26,778,1
26,779,1
26,780,1
27,241,0
27,245,0
27,246,0
27,249,0
27,251,0
27,253,0
27,254,0
27,255,0
27,256,0
27,257,1
27,258,0
27,259,0
27,270,0
27,271,1
27,272,0
27,273,0
27,274,0
27,275,0
27,276,0
27,278,1
27,280,1
27,282,0
27,285,0
27,286,0
27,287,0
27,288,0
27,289,0
27,636,0
27,638,0
27,639,0
27,640,1
27,641,1
27,642,0
27,644,1
27,645,1
27,648,0
27,649,1
27,650,1
27,651,1
27,652,0
27,653,0
27,654,1
27,655,0
27,656,1
27,658,0
27,659,1
27,660,0
27,661,1
27,663,1
27,664,1
27,666,0
27,671,1
27,707,1
27,708,0
27,709,1
27,710,1
27,711,1
27,712,1
27,713,1
27,714,0
27,717,1
27,720,1
27,722,0
27,724,1
27,728,1
27,730,0
27,735,1
27,739,1
27,742,1
27,744,0
27,747,1
27,751,1
27,753,1
27,757,0
27,758,0
27,759,1
27,760,0
27,761,1
27,768,0
27,769,0
27,770,0
27,771,1
27,772,1
27,773,0
27,774,0
27,775,1
27,776,1
27,777,0
27,778,0
27,779,0
27,780,0
27,781,1
27,786,1
27,787,1
27,815,0
27,818,0
27,819,1
27,820,1
27,821,0
27,822,1
27,823,1
27,824,1
27,825,0
27,826,1
28,0,0
28,9,0
28,16,0
28,19,0
28,31,0
29,151,0
29,152,1
29,157,0
29,162,0
29,169,1
29,174,1
29,177,0
29,195,0
29,196,0
29,220,0
29,221,0
29,222,1
29,223,0
29,224,0
29,225,0
29,226,0
29,227,0
29,228,0
29,229,0
29,230,0
29,231,0
29,232,0
29,233,0
29,234,1
29,235,0
29,236,0
29,237,0
29,238,0
29,249,0
29,250,0
29,251,0
29,252,0
29,253,0
29,254,0
29,255,0
29,256,0
29,257,0
29,258,0
29,259,0
29,260,0
29,270,0
29,271,0
29,272,0
29,273,0
29,274,0
29,275,0
29,276,0
29,277,0
29,278,0
29,279,0
29,280,0
29,281,0
29,282,0
29,283,0
29,284,0
29,285,0
29,287,0
29,311,0
29,312,0
29,313,0
29,315,0
29,316,0
29,558,1
29,559,0
29,560,0
29,561,0
29,562,0
29,563,1
29,564,1
29,565,0
29,566,0
29,567,0
29,570,1
29,571,1
29,574,1
29,575,0
29,577,0
29,578,1
29,579,1
29,582,1
29,583,1
29,608,1
29,609,1
29,614,1
29,631,0
29,632,0
29,633,0
29,634,0
29,635,0
29,636,1
29,638,0
29,639,1
29,640,0
29,642,0
29,643,1
29,645,0
29,647,0
29,648,0
29,649,1
29,650,1
29,651,1
29,652,1
29,654,1
29,655,0
29,656,1
29,657,0
29,658,1
29,659,0
29,660,1
29,661,1
29,663,1
29,664,1
29,666,1
29,667,1
29,668,1
29,670,1
29,672,0
29,673,1
29,674,0
29,675,1
29,677,0
29,678,0
29,680,0
29,682,0
29,685,1
29,686,1
29,707,1
29,708,0
29,709,1
29,710,1
29,711,0
29,712,1
29,713,1
29,714,0
29,716,0
29,719,0
29,721,0
29,724,0
29,725,0
29,726,0
29,728,0
29,730,0
29,731,0
29,732,0
29,738,1
29,742,1
29,744,0
29,745,0
29,747,0
29,749,0
29,750,0
29,751,0
29,752,0
29,753,1
29,756,0
29,757,0
29,759,0
29,760,0
29,761,0
29,768,0
29,769,1
29,770,0
29,771,1
29,772,1
29,773,0
29,774,0
29,775,0
29,776,1
29,777,0
29,778,0
29,779,1
29,780,0
29,834,0
29,835,0
29,836,1
29,837,0
29,838,0
29,839,1
29,840,0
29,843,0
29,845,1
29,846,0
29,847,1
29,848,0
29,849,0
29,850,0
29,851,0
29,852,0
29,853,0
29,854,0
29,855,0
29,856,0
29,857,0
29,858,1
29,859,0
29,860,0
29,861,0
29,862,0
29,863,0
29,864,0
30,220,0
30,221,0
30,222,0
30,223,0
30,224,0
30,225,0
30,226,0
30,227,0
30,228,0
30,229,0
30,230,0
30,231,0
30,232,0
30,233,0
30,234,0
30,235,0
30,236,0
30,237,0
30,238,0
30,239,0
30,242,0
30,243,0
30,246,0
30,248,0
30,309,1
30,310,0
30,311,0
30,314,0
30,317,0
30,318,1
30,319,0
30,320,0
31,164,0
31,174,1
31,182,0
31,185,0
31,189,0
31,196,0
31,201,0
31,211,0
31,219,1
31,558,0
31,559,0
31,560,0
31,561,0
31,562,0
31,564,0
31,565,0
31,566,0
31,567,0
31,569,0
31,570,1
31,574,0
31,575,1
31,576,0
31,577,0
31,578,1
31,579,0
31,580,0
31,581,0
31,582,0
31,583,0
31,590,1
31,592,1
31,596,1
31,608,1
31,614,1
31,615,0
31,626,1
31,629,0
31,630,1
31,631,0
32,0,0
32,3,0
32,6,0
32,11,0
32,15,0
32,19,0
32,22,0
32,26,0
32,31,0
32,34,0
32,39,0
32,45,0
32,50,0
32,54,0
32,59,0
32,101,0
32,103,0
32,107,0
32,111,0
32,114,0
32,119,0
32,125,0
32,128,0
32,131,0
32,137,0
32,139,0
32,146,0
32,150,0
32,151,0
32,153,0
32,156,0
32,163,0
32,166,0
32,168,0
32,174,0
32,176,0
32,186,0
32,190,0
32,195,0
32,220,0
32,221,0
32,222,0
32,223,0
32,224,0
32,225,0
32,226,0
32,227,0
32,228,0
32,229,0
32,230,0
32,233,0
32,234,0
32,235,1
32,249,0
32,250,0
32,251,0
32,252,0
32,253,0
32,254,0
32,255,0
32,256,0
32,257,0
32,258,1
32,259,0
32,260,0
32,262,0
32,265,1
32,266,0
32,267,0
32,268,0
32,270,0
32,271,0
32,272,0
32,273,1
32,274,0
32,275,0
32,276,0
32,277,0
32,278,0
32,279,0
32,280,0
32,281,0
32,282,0
32,283,0
32,284,0
32,285,0
32,292,0
32,293,0
32,294,0
32,295,0
32,296,0
32,297,0
32,298,0
32,299,0
32,309,0
32,310,0
32,311,0
32,312,0
32,313,1
32,314,0
32,315,0
32,316,1
32,317,1
32,318,1
32,319,0
32,321,0
32,322,0
32,323,0
32,324,0
32,325,0
32,326,0
32,327,0
32,328,0
32,329,0
32,330,0
32,331,0
32,332,0
32,333,0
32,334,0
32,335,0
32,336,0
32,337,0
32,339,0
32,352,0
32,354,0
32,355,0
32,356,0
32,357,0
32,363,0
32,364,0
32,365,0
32,366,0
32,367,0
32,370,0
32,373,0
32,374,0
32,375,0
32,379,0
32,380,0
32,381,1
32,382,0
32,383,0
32,472,0
32,473,1
32,474,0
32,475,1
32,476,0
32,479,0
32,480,0
32,481,0
32,482,0
32,494,0
32,495,0
32,496,0
32,497,0
32,498,0
32,499,0
32,500,0
32,501,0
32,502,0
32,503,0
32,510,0
32,511,0
32,514,1
32,515,0
32,516,0
32,517,1
32,518,1
32,519,1
32,520,0
32,521,0
32,523,1
32,524,0
32,525,0
32,528,0
32,529,1
32,530,1
32,531,1
32,533,0
32,534,0
32,535,0
32,536,0
32,537,1
32,546,0
32,547,0
32,548,0
32,549,0
32,550,0
32,551,0
32,552,0
32,553,0
32,555,0
32,557,0
32,558,0
32,559,1
32,560,0
32,561,0
32,562,1
32,564,0
32,565,0
32,566,0
32,567,0
32,568,0
32,569,1
32,571,1
32,573,1
32,574,0
32,576,1
32,579,0
32,582,1
32,583,1
32,610,1
32,612,1
32,615,0
32,631,0
32,632,0
32,633,0
32,636,0
32,638,0
32,639,1
32,640,1
32,642,0
32,643,0
32,644,0
32,645,0
32,646,1
32,647,1
32,648,0
32,649,1
32,650,0
32,651,0
32,652,1
32,654,1
32,655,1
32,658,1
32,660,1
32,661,1
32,662,1
32,663,1
32,664,0
32,665,1
32,666,1
32,667,0
32,668,1
32,669,1
32,670,0
32,671,0
32,672,0
32,674,1
32,675,0
32,677,0
32,678,0
32,680,0
32,681,1
32,682,1
32,683,0
32,685,0
32,686,1
32,690,0
32,691,0
32,692,0
32,696,0
32,699,0
32,703,1
32,704,1
32,707,0
32,708,0
32,709,0
32,710,1
32,711,1
32,712,0
32,713,0
32,714,0
32,716,0
32,717,0
32,723,0
32,725,1
32,726,0
32,727,0
32,728,1
32,729,1
32,731,0
32,734,0
32,735,0
32,739,0
32,740,0
32,741,0
32,742,0
32,743,1
32,744,0
32,748,0
32,751,0
32,753,0
32,768,0
32,769,0
32,770,0
32,771,1
32,772,1
32,773,1
32,774,1
32,775,1
32,776,1
32,777,1
32,778,0
32,779,0
32,780,0
32,781,0
32,782,0
32,783,1
32,784,0
32,785,1
32,786,0
32,787,1
32,816,1
32,817,1
32,819,1
32,820,0
32,821,1
32,822,0
32,823,0
32,824,0
32,825,0
32,826,0
32,827,0
32,834,0
32,837,1
32,838,1
32,839,1
32,840,0
32,841,0
32,842,0
32,843,0
32,844,0
32,845,0
32,846,0
32,847,0
32,848,1
32,849,0
32,850,0
32,851,1
32,852,0
32,853,0
32,855,0
32,856,0
32,857,0
32,858,0
32,859,0
32,860,0
32,861,0
32,862,0
32,863,0
32,864,0
32,865,0
32,892,1
32,893,0
32,894,1
32,895,0
32,896,1
32,897,1
32,898,1
32,899,1
32,900,1
32,902,1
32,903,0
32,904,0
32,905,0
32,906,0
32,907,0
32,908,0
32,909,0
32,914,0
32,915,0
32,916,0
32,917,0
32,918,0
32,919,1
32,920,0
32,921,0
32,922,0
32,923,0
32,924,0
32,926,0
32,927,0
32,928,0
32,929,0
32,935,0
32,937,0
32,938,0
32,939,0
32,940,0
32,941,0
32,944,0
32,945,0
32,946,0
32,947,0
32,950,0
32,951,0
32,953,0
32,954,0
32,955,0
32,956,0
32,959,0
32,960,0
32,961,0
32,962,0
32,965,0
32,966,0
32,969,0
32,970,0
32,972,0
32,975,0
32,976,0
32,977,0
32,978,1
32,979,0
32,986,0
32,989,0
32,997,0
32,1001,0
32,1008,0
32,1009,0
32,1012,0
32,1013,0
32,1015,0
32,1016,0
32,1021,0
32,1022,1
32,1024,0
32,1027,1
32,1029,0
32,1030,0
32,1031,0
32,1032,0
32,1033,0
32,1034,0
32,1035,0
32,1036,0
32,1037,0
32,1038,0
33,220,0
33,221,0
33,222,0
33,223,0
33,224,0
33,225,0
33,227,0
33,228,0
33,229,0
33,233,1
33,309,0
33,310,0
33,311,0
33,314,0
33,316,1
33,317,1
33,319,0
34,550,0
34,551,0
34,552,1
34,553,1
35,270,0
35,271,0
35,272,0
35,273,1
35,274,0
35,275,0
35,276,0
35,278,0
35,280,0
35,282,0
35,283,0
35,284,0
35,285,0
35,286,0
35,287,0
35,288,0
35,289,0
35,290,0
35,291,0
35,292,0
35,321,0
35,322,0
35,326,0
35,709,1
35,710,1
35,711,0
35,712,0
35,713,0
35,714,1
35,719,1
35,722,1
35,723,0
35,726,0
35,727,1
35,730,1
35,731,0
35,737,1
35,740,1
35,743,1
35,746,0
35,778,0
35,779,0
35,780,0
35,782,1
35,785,1
35,787,1
35,815,0
35,818,1
35,819,1
35,820,0
35,821,0
35,822,0
35,823,0
35,824,0
35,825,1
35,826,0
35,827,0
35,828,0
35,829,0
35,830,0
35,834,0
35,835,0
35,836,1
35,837,0
35,838,0
35,839,0
35,840,1
35,843,1
35,844,1
35,845,0
35,846,0
35,848,1
35,849,0
35,850,0
35,851,1
35,852,0
35,853,0
35,855,0
35,856,0
35,857,0
35,858,0
35,859,1
35,860,0
35,861,0
35,862,0
35,864,0
35,865,0
36,0,0
36,3,1
36,12,0
36,15,0
36,17,0
36,30,0
36,48,0
36,51,0
36,54,0
36,58,0
36,84,0
36,101,0
36,105,0
36,106,0
36,110,0
36,125,0
36,129,0
36,132,0
36,135,0
36,138,0
36,147,0
36,150,0
36,151,0
36,156,0
36,160,0
36,169,0
36,174,1
36,179,0
36,189,0
36,195,0
36,198,0
36,202,0
36,204,0
36,211,0
36,220,0
36,221,0
36,222,1
36,223,0
36,224,0
36,225,0
36,226,0
36,227,0
36,228,0
36,229,0
36,230,0
36,231,0
36,232,0
36,233,0
36,234,0
36,235,0
36,236,0
36,237,0
36,238,0
36,239,0
36,242,0
36,243,0
36,244,0
36,245,0
36,249,0
36,250,0
36,251,0
36,252,0
36,253,0
36,254,0
36,255,0
36,256,0
36,257,0
36,258,0
36,259,0
36,260,0
36,262,0
36,266,0
36,267,0
36,268,0
36,270,0
36,271,0
36,272,0
36,273,0
36,274,0
36,275,0
36,276,0
36,277,0
36,278,0
36,279,0
36,280,0
36,281,0
36,282,0
36,283,0
36,284,0
36,285,0
36,286,0
36,287,0
36,288,0
36,289,0
36,290,0
36,292,0
36,293,0
36,294,0
36,295,0
36,296,0
36,297,0
36,298,0
36,299,0
36,300,0
36,301,0
36,302,0
36,303,0
36,304,0
36,309,0
36,310,0
36,311,0
36,312,0
36,313,0
36,314,0
36,315,0
36,316,0
36,317,0
36,319,0
36,321,0
36,322,0
36,323,0
36,324,0
36,325,0
36,326,0
36,327,0
36,328,0
36,329,0
36,330,0
36,331,0
36,332,0
36,333,0
36,334,0
36,335,0
36,336,0
36,337,0
36,338,0
36,339,0
36,341,0
36,342,0
36,344,0
36,345,0
36,346,0
36,347,0
36,349,0
36,350,0
36,351,0
36,352,0
36,353,0
36,354,0
36,355,0
36,356,0
36,357,0
36,472,1
36,473,0
36,474,0
36,475,0
36,476,1
36,479,0
36,480,0
36,481,0
36,482,0
36,494,1
36,495,0
36,496,1
36,499,0
36,501,1
36,502,1
36,503,1
36,504,1
36,505,0
36,510,0
36,511,1
36,512,1
36,513,1
36,515,0
36,518,1
36,522,0
36,523,0
36,524,0
36,525,0
36,526,0
36,527,0
36,528,1
36,529,0
36,530,1
36,531,1
36,532,1
36,534,0
36,535,1
36,536,0
36,537,0
36,546,0
36,547,0
36,548,0
36,549,0
36,550,0
36,551,0
36,552,0
36,553,0
36,554,0
36,556,0
36,557,0
36,558,0
36,559,0
36,560,0
36,561,0
36,562,0
36,563,0
36,564,0
36,565,0
36,566,0
36,567,0
36,568,1
36,569,0
36,570,1
36,571,0
36,572,1
36,573,0
36,575,1
36,576,1
36,577,1
36,579,0
36,582,1
36,583,0
36,608,0
36,609,0
36,610,0
36,611,1
36,613,0
36,614,0
36,615,0
36,631,0
36,632,0
36,633,0
36,634,0
36,635,0
36,636,0
36,637,1
36,638,0
36,639,0
36,640,0
36,641,0
36,642,0
36,643,0
36,646,0
36,648,0
36,649,1
36,650,1
36,651,1
36,652,0
36,653,1
36,654,0
36,655,0
36,656,0
36,657,0
36,658,0
36,659,0
36,660,0
36,661,0
36,662,1
36,663,0
36,664,0
36,665,0
36,666,0
36,667,0
36,668,0
36,669,0
36,670,0
36,671,0
36,672,0
36,673,1
36,675,0
36,676,0
36,678,0
36,679,0
36,681,0
36,682,0
36,684,1
36,685,0
36,688,0
36,707,0
36,708,0
36,709,0
36,710,0
36,711,1
36,712,0
36,713,0
36,714,0
36,768,0
36,769,0
36,770,0
36,771,0
36,772,0
36,773,0
36,774,0
36,775,0
36,776,0
36,777,0
36,778,0
36,779,1
36,780,0
36,783,1
36,786,1
36,787,1
36,788,0
36,789,0
36,815,0
36,816,1
36,819,1
36,820,1
36,821,0
36,822,0
36,823,0
36,824,0
36,825,0
36,826,0
36,827,1
36,828,0
36,829,1
36,830,0
36,834,0
36,835,0
36,836,0
36,837,0
36,838,1
36,839,0
36,840,0
36,844,0
36,845,0
36,846,0
36,847,0
36,848,0
36,849,0
36,850,1
36,851,0
36,852,0
36,853,1
36,854,0
36,855,0
36,856,0
36,857,0
36,858,0
36,859,0
36,860,0
36,861,0
36,862,0
36,864,0
36,865,0
36,866,0
36,867,0
36,868,0
36,869,0
36,870,0
36,871,0
36,872,1
36,873,0
36,874,0
36,875,0
36,876,0
36,877,0
36,878,0
36,879,0
36,880,0
36,881,0
36,882,0
36,883,0
36,884,0
36,885,0
36,887,0
36,888,0
36,889,0
36,890,0
36,914,0
36,915,0
36,916,0
36,918,0
36,919,0
36,920,1
36,921,0
36,922,0
36,923,0
36,924,0
36,925,0
36,926,0
36,927,0
36,928,0
36,929,0
36,930,0
36,931,0
36,932,0
36,933,0
36,934,0
36,935,0
36,936,0
36,937,0
36,938,0
36,939,0
36,940,0
36,941,0
36,942,0
36,943,0
36,944,0
36,945,0
36,946,0
36,947,0
36,950,0
36,959,0
36,966,0
36,967,1
36,968,1
36,970,0
36,974,0
36,976,0
36,977,1
36,979,0
36,983,1
36,985,1
36,991,0
36,995,0
36,1009,0
36,1010,1
36,1011,1
36,1014,0
36,1015,1
36,1021,0
36,1036,0
37,270,0
37,271,0
37,272,0
37,273,0
37,274,0
37,275,0
37,276,0
37,277,0
37,278,0
37,279,0
37,280,0
37,281,0
37,282,0
37,283,0
37,284,0
37,285,0
37,286,0
37,287,0
37,288,1
37,289,0
37,292,0
37,293,0
37,294,0
37,295,0
37,296,0
37,297,0
37,298,0
37,299,0
37,300,1
37,321,0
37,322,0
37,323,0
37,324,0
37,325,0
37,326,0
37,327,0
37,328,0
37,329,0
37,330,0
37,331,0
37,332,0
37,333,0
37,334,0
37,335,0
37,336,0
37,337,0
37,338,1
37,339,0
37,340,0
37,341,0
37,342,0
37,343,1
37,344,0
37,345,1
37,347,0
37,348,0
37,349,0
37,350,0
37,351,0
37,707,0
37,708,1
37,709,1
37,710,1
37,711,0
37,712,0
37,713,0
37,714,1
37,716,0
37,717,0
37,719,0
37,720,0
37,724,0
37,726,0
37,728,0
37,731,0
37,732,0
37,734,0
37,735,1
37,736,0
37,737,0
37,742,1
37,743,1
37,746,0
37,747,0
37,748,1
37,755,1
37,758,0
37,760,0
37,761,1
37,768,0
37,769,0
37,770,1
37,771,1
37,772,1
37,773,0
37,774,0
37,775,1
37,776,1
37,777,0
37,778,0
37,779,0
37,780,0
37,781,1
37,782,0
37,783,0
37,785,1
37,786,0
37,787,0
37,816,1
37,817,1
37,819,1
37,821,0
37,822,0
37,823,0
37,824,0
37,825,0
37,826,0
37,827,0
37,828,0
37,829,0
37,830,0
37,834,0
37,837,0
37,838,0
37,839,1
37,843,0
37,844,0
37,845,0
37,846,0
37,847,0
37,848,0
37,849,0
37,850,0
37,851,1
37,852,0
37,853,0
37,855,0
37,856,0
37,857,0
37,858,0
37,859,1
37,914,0
37,918,0
37,920,0
37,929,0
37,937,0
38,222,0
38,223,0
38,224,0
38,225,0
38,226,0
38,227,0
38,228,0
38,229,0
38,230,0
38,231,0
38,232,0
38,233,0
38,234,0
38,235,0
38,236,0
38,237,0
38,238,0
38,239,0
38,241,0
38,243,0
38,244,0
38,245,0
38,636,0
38,637,0
38,638,0
38,639,0
38,640,0
38,641,0
38,642,0
38,643,0
38,644,0
38,645,0
38,646,0
38,647,0
38,648,0
39,0,0
39,4,0
39,6,0
39,12,0
39,13,0
39,18,0
39,31,0
39,39,0
39,43,0
39,46,0
39,49,0
39,55,0
39,57,0
39,83,0
40,632,0
40,633,0
40,634,0
40,635,0
41,250,0
41,251,0
41,252,0
41,253,0
41,254,0
41,255,0
41,256,0
41,257,0
41,258,0
41,259,0
41,260,0
41,262,0
41,265,0
41,266,0
41,267,0
41,268,0
41,707,1
41,708,0
41,709,0
41,710,0
41,711,0
41,712,1
41,713,0
41,714,0
41,768,0
41,769,0
41,770,0
41,771,1
41,772,1
41,773,1
41,774,0
41,775,1
41,776,1
41,777,0
41,778,0
41,779,1
41,780,1
42,0,0
42,12,0
42,16,1
42,20,0
42,24,1
42,30,1
43,0,0
43,4,0
43,5,0
43,12,0
43,16,0
43,19,0
43,21,0
43,28,0
43,32,0
43,34,0
43,40,0
43,41,0
43,48,0
43,51,0
43,55,0
43,57,0
43,69,0
43,74,0
43,82,0
43,101,0
43,104,0
43,106,0
43,113,0
43,115,0
43,118,0
43,122,0
43,127,0
43,133,0
43,137,0
43,151,0
43,154,0
43,159,0
43,161,0
43,166,0
43,171,0
43,172,0
43,176,0
43,183,0
43,187,0
43,190,0
43,195,0
43,197,0
43,200,0
43,207,0
43,211,0
43,220,0
43,221,0
43,222,0
43,223,0
43,224,0
43,225,0
43,226,0
43,227,0
43,228,0
43,229,0
43,230,0
43,231,0
43,232,0
43,233,0
43,234,0
43,235,0
43,236,0
43,237,0
43,238,0
43,239,0
43,241,0
43,243,0
43,244,0
43,245,0
43,249,0
43,250,0
43,251,0
43,252,0
43,253,0
43,254,0
43,255,0
43,256,0
43,257,1
43,258,0
43,259,0
43,260,0
43,262,0
43,266,0
43,270,0
43,271,0
43,272,0
43,273,0
43,274,0
43,275,0
43,276,0
43,277,0
43,278,0
43,279,0
43,280,0
43,281,0
43,282,0
43,283,1
43,292,0
43,293,0
43,294,0
43,295,0
43,298,0
43,299,0
43,300,0
43,301,0
43,302,0
43,303,0
43,305,0
43,306,1
43,307,0
43,308,0
43,309,0
43,310,0
43,311,0
43,312,0
43,313,0
43,314,0
43,315,0
43,316,0
43,317,0
43,319,0
43,320,0
43,321,0
43,322,0
43,323,0
43,324,0
43,325,0
43,326,0
43,327,0
43,328,0
43,329,0
43,330,0
43,331,0
43,332,0
43,333,0
43,334,0
43,472,1
43,473,0
43,474,0
43,475,1
43,476,1
43,479,0
43,480,0
43,481,0
43,482,0
43,494,1
43,496,1
43,498,1
43,502,1
43,503,1
43,505,1
43,510,1
43,511,0
43,512,0
43,513,1
43,514,0
43,517,1
43,518,1
43,521,0
43,522,1
43,523,1
43,524,1
43,526,0
43,529,0
43,530,1
43,531,1
43,532,1
43,534,1
43,535,1
43,536,0
43,537,1
43,546,0
43,547,0
43,548,0
43,549,0
43,550,0
43,551,0
43,552,0
43,553,0
43,554,0
43,555,0
43,556,0
43,557,0
43,558,0
43,559,0
43,560,0
43,561,0
43,562,0
43,564,0
43,565,0
43,566,0
43,567,0
43,568,1
43,569,1
43,574,1
43,576,0
43,577,1
43,579,1
43,580,1
43,582,0
43,598,0
43,602,0
43,607,0
43,608,0
43,609,0
43,614,0
43,617,0
43,618,0
43,621,0
43,623,1
43,624,0
43,625,0
43,626,0
43,627,0
43,628,0
43,630,1
43,631,0
43,632,0
43,633,0
43,634,0
43,636,1
43,638,1
43,639,1
43,640,1
43,642,1
43,643,1
43,646,0
43,648,0
43,649,0
43,650,1
43,651,1
43,652,1
43,654,1
43,655,0
43,656,0
43,657,1
43,658,1
43,659,0
43,660,0
43,661,1
43,663,1
43,664,1
43,666,0
43,669,0
43,707,0
43,708,0
43,709,0
43,710,0
43,711,0
43,712,0
43,713,0
43,714,0
43,768,0
43,769,0
43,770,0
43,771,1
43,772,0
43,773,0
43,774,0
43,775,1
43,776,0
43,777,0
43,778,0
43,779,0
43,780,0
43,782,1
43,785,1
43,787,1
43,816,0
43,819,1
43,820,1
43,821,0
43,822,0
43,823,0
43,824,0
43,825,0
43,826,0
43,827,0
43,828,0
43,830,1
43,834,0
43,836,0
43,837,1
43,838,0
43,839,0
43,840,1
43,843,1
43,844,0
43,847,0
43,848,0
43,849,0
43,850,0
43,851,0
43,852,0
43,853,0
43,854,0
43,855,0
43,856,0
43,857,1
43,858,0
43,859,0
43,860,0
43,862,0
43,863,0
43,865,0
43,866,0
43,867,0
43,868,0
43,869,0
43,870,0
43,871,0
43,872,0
43,874,0
43,875,0
43,876,0
43,877,0
43,878,0
43,879,0
43,880,1
43,881,0
43,882,0
43,883,0
43,884,0
43,885,0
43,886,0
43,887,0
43,888,0
43,889,0
43,890,0
44,0,1
44,3,0
44,10,0
44,15,1
44,17,0
44,21,0
44,32,0
44,40,0
44,47,0
44,51,0
44,55,0
44,59,0
44,82,0
44,101,0
44,105,0
44,107,0
44,110,0
44,119,0
44,123,0
44,127,0
44,133,0
44,151,0
44,159,0
44,161,0
44,168,0
44,176,0
44,193,0
44,199,0
44,220,1
44,221,0
44,225,0
44,227,0
44,228,0
44,309,0
44,310,0
44,311,0
44,312,0
44,313,0
44,315,0
44,316,0
44,317,0
44,319,0
44,472,0
44,473,1
44,474,1
44,475,1
44,476,1
44,479,1
44,480,0
44,481,1
44,482,0
44,496,1
44,497,1
44,501,1
44,502,1
44,503,0
44,504,1
44,505,1
44,511,1
44,512,1
44,515,1
44,516,1
44,521,1
44,522,1
44,523,1
44,526,1
44,530,0
44,531,1
44,532,1
44,534,1
44,535,1
44,536,1
44,546,0
44,547,0
44,548,1
44,549,0
44,550,1
44,551,0
44,552,1
44,553,0
44,556,0
44,558,0
44,559,1
44,560,1
44,561,1
44,562,0
44,564,0
44,565,0
44,566,0
44,567,0
44,569,1
44,571,1
44,573,1
44,575,0
44,577,0
44,578,0
44,579,1
44,580,1
44,582,1
44,583,1
44,609,1
44,612,0
44,614,0
44,631,0
44,632,0
44,633,0
45,412,0
45,413,0
45,414,0
45,415,0
45,417,0
45,418,0
45,419,1
45,420,0
45,421,0
45,422,0
45,423,0
45,427,0
45,430,0
46,0,0
46,4,1
46,9,0
46,15,0
46,19,0
46,23,0
46,32,1
46,35,0
46,42,0
46,45,0
46,50,0
46,55,0
46,59,0
46,63,0
46,66,0
46,70,0
46,76,0
46,77,0
46,82,0
46,101,0
46,105,0
46,106,0
46,111,0
46,114,0
46,118,0
46,125,0
46,126,0
46,131,0
46,151,0
46,153,0
46,156,0
46,162,0
46,169,0
46,173,0
46,178,0
46,185,0
46,189,0
46,192,0
46,196,0
46,203,0
46,204,0
46,208,0
46,220,0
46,221,0
46,222,0
46,223,0
46,224,0
46,225,0
46,226,0
46,227,0
46,228,0
46,229,0
46,230,0
46,231,0
46,232,1
46,233,0
46,234,0
46,235,0
46,309,0
46,310,0
46,311,0
46,312,0
46,313,0
46,314,0
46,315,0
46,316,0
46,317,0
46,319,0
46,472,0
46,473,1
46,474,0
46,475,0
46,476,1
46,479,0
46,480,0
46,481,0
46,482,0
46,494,1
46,496,0
46,497,1
46,498,0
46,500,1
46,501,0
46,502,1
46,503,1
46,504,0
46,505,1
46,511,1
46,513,1
46,514,0
46,515,0
46,516,1
46,519,1
46,521,1
46,522,1
46,523,1
46,527,0
46,529,1
46,530,0
46,531,1
46,532,1
46,533,1
46,534,1
46,535,1
46,537,1
46,546,0
46,547,1
46,548,0
46,549,1
46,550,1
46,551,0
46,552,0
46,553,0
46,558,0
46,559,0
46,560,0
46,561,0
46,562,0
46,563,0
46,564,0
46,565,0
46,566,0
46,567,0
46,569,1
46,571,0
46,574,1
46,576,1
46,577,1
46,583,1
46,592,1
46,593,1
46,594,1
46,595,0
46,596,0
46,597,1
46,598,0
46,599,1
46,608,1
46,614,1
46,615,1
46,631,0
46,632,0
46,633,0
46,634,0
46,635,0
46,636,0
46,637,0
46,638,1
46,639,0
46,640,1
46,642,1
46,643,0
46,644,0
46,645,0
46,646,0
46,647,0
46,648,0
46,649,1
46,650,0
46,651,1
46,652,0
46,654,0
46,655,0
46,656,0
46,657,0
46,658,0
46,659,0
46,660,0
46,661,0
46,662,0
46,663,1
46,664,1
46,666,0
46,668,0
46,669,0
46,671,1
46,672,0
47,119,0
47,125,0
47,127,1
48,0,0
48,2,0
48,6,0
48,12,0
48,15,0
48,19,0
48,22,0
48,25,0
48,32,0
48,34,0
48,39,0
48,45,0
48,51,0
48,55,0
48,101,0
48,105,0
48,108,0
48,112,0
48,116,0
48,119,0
48,122,0
48,129,0
48,130,0
48,136,0
48,141,0
48,151,0
48,153,0
48,159,0
48,162,0
48,166,0
48,169,0
48,175,0
48,179,0
48,180,1
48,187,0
48,191,0
48,195,0
48,198,0
48,201,0
48,207,0
48,210,0
48,215,0
48,216,0
48,220,0
48,221,0
48,222,0
48,223,0
48,224,0
48,225,0
48,226,0
48,227,0
48,228,0
48,229,0
48,230,0
48,231,0
48,232,0
48,233,0
48,234,0
48,235,0
48,236,0
48,237,0
48,238,0
48,239,0
48,243,0
48,249,0
48,250,0
48,251,0
48,252,0
48,253,0
48,254,0
48,255,0
48,256,0
48,257,0
48,258,0
48,259,0
48,260,0
48,262,0
48,265,0
48,266,0
48,267,0
48,268,0
48,270,0
48,271,0
48,272,0
48,273,0
48,274,0
48,275,0
48,276,0
48,277,0
48,278,0
48,279,0
48,280,0
48,281,1
48,292,0
48,293,0
48,294,0
48,295,0
48,297,0
48,298,0
48,300,0
48,301,0
48,303,0
48,305,0
48,309,0
48,311,0
48,312,0
48,313,0
48,315,0
48,316,1
48,319,0
48,321,0
48,322,0
48,325,0
48,326,0
48,472,0
48,473,0
48,474,0
48,475,0
48,476,0
48,479,0
48,480,0
48,481,0
48,482,0
48,494,1
48,496,1
48,501,1
48,502,1
48,504,1
48,505,0
48,510,1
48,511,1
48,512,1
48,513,1
48,515,0
48,516,0
48,517,0
48,520,0
48,521,1
48,522,1
48,523,1
48,526,1
48,530,1
48,532,0
48,558,0
48,559,1
48,560,0
48,561,1
48,562,0
48,564,0
48,565,0
48,566,0
48,567,0
48,568,0
48,569,0
48,570,1
48,573,1
48,574,1
48,575,0
48,576,1
48,577,1
48,583,0
48,593,1
48,599,1
48,608,1
48,609,0
48,615,1
48,631,0
48,632,0
48,633,0
48,636,0
48,637,0
48,638,1
48,639,0
48,640,0
48,641,0
48,642,0
48,644,1
48,645,1
48,648,0
48,649,1
48,650,1
48,651,1
48,652,1
48,653,0
48,654,0
48,655,0
48,656,0
48,657,0
48,658,1
48,659,0
48,660,0
48,662,0
48,664,1
48,665,1
48,666,1
48,667,0
48,672,1
48,707,0
48,708,0
48,709,0
48,710,0
48,711,0
48,712,1
48,713,0
48,714,0
48,718,1
48,720,0
48,721,1
48,729,1
48,730,1
48,731,0
48,734,0
48,737,1
48,742,1
48,743,1
48,744,0
48,749,0
48,752,1
48,753,0
48,754,0
48,755,0
48,756,0
48,759,0
48,760,0
48,768,1
48,769,0
48,770,0
48,771,0
48,772,1
48,773,1
48,774,0
48,775,0
48,776,1
48,777,1
48,778,0
48,779,1
48,780,1
48,781,1
48,782,1
48,785,1
48,786,0
48,787,0
48,788,1
48,816,1
48,817,0
48,820,1
48,821,0
48,822,0
48,823,1
48,824,1
48,825,1
48,826,0
48,827,0
48,828,0
48,829,1
48,830,1
48,834,0
48,836,0
48,837,1
48,838,0
48,839,1
48,840,1
48,843,1
48,846,0
48,847,0
48,848,0
48,849,0
48,850,0
48,851,0
48,852,0
48,853,0
48,855,0
48,856,1
48,857,0
48,858,0
48,859,1
48,860,0
48,862,0
48,863,0
48,865,0
49,0,0
49,2,0
49,6,0
49,12,0
49,14,0
49,17,0
49,21,0
49,26,1
49,29,0
49,34,0
49,40,0
49,41,0
49,46,0
49,52,0
49,55,0
49,57,0
49,73,0
49,84,0
49,101,0
49,103,0
49,108,0
49,111,0
49,118,0
49,125,0
49,127,0
49,130,0
49,137,0
49,138,1
49,151,0
49,156,0
49,162,0
49,170,0
49,174,1
49,177,1
49,192,0
49,197,0
49,220,0
49,221,0
49,222,0
49,223,0
49,224,0
49,225,0
49,226,0
49,227,0
49,229,0
49,230,0
49,231,0
49,232,0
49,233,0
49,234,0
49,235,0
49,236,0
49,237,0
49,238,0
49,243,0
49,246,0
49,247,0
49,248,0
49,249,0
49,250,0
49,251,0
49,252,0
49,253,0
49,254,0
49,255,0
49,256,0
49,257,0
49,258,0
49,259,0
49,260,0
49,262,0
49,265,1
49,266,0
49,267,0
49,270,0
49,271,0
49,272,0
49,273,1
49,274,0
49,275,0
49,276,0
49,277,0
49,278,0
49,279,0
49,280,0
49,281,0
49,282,0
49,283,0
49,292,0
49,293,0
49,294,0
49,295,0
49,297,0
49,298,0
49,299,0
49,300,0
49,301,0
49,302,0
49,303,0
49,304,0
49,307,0
49,308,0
49,311,0
49,312,0
49,313,0
49,315,0
49,316,0
49,319,0
49,321,0
49,322,0
49,323,0
49,326,0
49,331,1
49,473,0
49,475,1
49,476,1
49,479,0
49,480,1
49,481,1
49,482,1
49,487,0
49,488,1
49,492,0
49,493,1
49,497,1
49,500,1
49,501,0
49,502,0
49,503,0
49,504,0
49,505,0
49,510,1
49,511,0
49,512,1
49,513,1
49,514,1
49,521,1
49,522,1
49,523,1
49,524,1
49,525,1
49,526,1
49,527,1
49,528,1
49,529,1
49,530,0
49,531,1
49,532,1
49,533,1
49,535,0
49,536,1
49,537,0
49,546,0
49,558,0
49,559,0
49,560,0
49,561,0
49,562,0
49,564,0
49,565,0
49,566,0
49,567,0
49,569,1
49,570,1
49,574,0
49,575,1
49,576,0
49,577,0
49,578,0
49,580,1
49,581,1
49,582,1
49,583,1
49,609,1
49,610,1
49,613,1
49,631,0
49,636,0
49,637,0
49,638,1
49,639,0
49,640,0
49,641,0
49,642,0
49,644,0
49,645,0
49,646,0
49,647,0
49,655,0
49,656,1
49,657,1
49,658,1
49,660,0
49,661,1
49,662,0
49,663,1
49,664,1
49,665,0
49,666,0
49,667,0
49,668,0
49,669,0
49,671,0
49,672,0
49,675,0
49,681,1
49,682,1
49,685,0
49,707,0
49,708,1
49,709,1
49,710,0
49,711,0
49,712,0
49,713,0
49,714,0
49,716,1
49,719,0
49,722,1
49,724,0
49,725,1
49,726,0
49,728,1
49,734,0
49,742,1
49,744,0
49,745,0
49,747,0
49,753,1
49,754,0
49,768,0
49,769,0
49,770,0
49,771,1
49,772,1
49,773,1
49,774,1
49,775,1
49,776,0
49,777,1
49,778,0
49,779,0
49,780,0
49,781,0
49,783,1
49,785,1
49,786,0
49,787,1
49,815,0
49,816,0
49,817,1
49,818,1
49,819,0
49,820,1
49,821,0
49,822,0
49,823,0
49,824,0
49,825,0
49,826,0
49,827,0
49,828,0
49,834,0
49,836,0
49,838,1
49,839,0
49,840,1
49,843,0
49,844,0
49,845,1
49,846,1
49,847,1
49,848,0
49,849,0
49,850,0
49,851,0
49,852,0
49,853,0
49,855,0
49,856,0
49,857,0
49,858,0
49,859,1
49,861,1
49,863,0
49,866,1
49,867,0
49,868,1
49,871,0
49,872,0
49,874,0
49,875,0
49,876,0
49,880,0
50,220,0
50,221,0
50,222,0
50,223,0
50,224,0
50,225,0
50,226,0
50,227,0
50,228,0
50,229,0
50,230,0
50,231,0
50,232,0
50,233,0
50,234,0
50,235,0
50,236,0
50,237,0
50,238,0
50,239,0
50,241,0
50,243,0
50,244,0
50,245,0
50,249,0
50,250,0
50,251,0
50,252,0
50,253,0
50,254,0
50,255,0
50,256,0
50,257,0
50,258,0
50,259,0
50,260,0
50,261,0
50,262,0
50,264,0
50,265,0
50,266,0
50,267,0
50,268,0
50,270,0
50,272,0
50,274,0
50,275,0
50,311,0
50,312,0
50,313,1
50,315,0
50,316,0
50,319,1
50,563,0
50,636,0
50,637,0
50,638,0
50,639,0
50,640,0
50,641,1
50,642,1
50,643,0
50,644,0
50,645,0
50,646,0
50,647,0
50,648,0
50,649,1
50,650,1
50,651,1
50,652,1
50,654,1
50,655,1
50,657,1
50,658,1
50,660,0
50,661,0
50,663,1
50,664,1
50,665,1
50,668,0
50,669,0
50,670,0
50,671,0
50,707,0
50,708,0
50,709,0
50,710,0
50,711,0
50,712,0
50,713,0
50,714,0
50,715,0
50,717,0
50,718,0
50,720,0
50,723,1
50,726,0
50,729,0
50,730,0
50,731,0
50,732,0
50,738,0
50,742,0
50,743,0
50,747,0
50,750,1
50,751,0
50,752,1
50,755,0
50,756,0
50,757,0
50,758,0
50,759,0
50,760,0
50,761,0
50,762,0
50,763,0
50,765,0
50,766,0
50,767,0
50,768,0
50,769,0
50,770,0
50,771,1
50,772,1
50,773,1
50,774,0
50,775,0
50,776,0
50,777,0
50,778,0
50,779,1
50,780,0
51,292,0
51,293,0
51,294,0
51,295,0
51,296,0
51,297,0
51,298,0
51,299,0
51,300,0
51,302,1
51,321,0
51,322,0
51,323,0
51,324,0
51,325,0
51,326,0
51,327,0
51,328,0
51,329,0
51,330,0
51,331,0
51,332,0
51,333,0
51,334,0
51,335,0
51,336,0
51,337,0
51,338,0
51,339,0
51,341,0
51,343,0
51,344,0
51,345,0
51,346,0
51,347,0
51,348,0
51,349,0
51,350,0
51,351,0
51,352,0
51,353,0
51,354,0
51,355,0
51,356,0
51,357,0
51,363,0
51,364,0
51,365,0
51,366,0
51,367,0
51,370,0
51,374,0
51,375,0
51,376,0
51,378,0
51,379,0
51,380,0
51,382,0
51,383,0
51,386,0
51,387,0
51,388,0
51,389,1
51,390,0
51,391,0
51,392,0
51,393,0
51,394,0
51,395,0
51,396,0
51,397,0
51,398,1
51,400,0
51,401,0
51,402,0
51,403,0
51,404,0
51,405,0
51,406,0
51,407,0
51,408,0
51,782,1
51,783,1
51,785,1
51,786,0
51,787,0
51,816,1
51,817,0
51,819,1
51,820,1
51,821,1
51,822,0
51,823,1
51,824,0
51,825,1
51,826,1
51,827,0
51,828,0
51,892,1
51,893,0
51,894,1
51,895,0
51,896,0
51,897,0
51,898,0
51,899,0
51,900,0
51,901,1
51,902,1
51,903,0
51,904,0
51,905,0
51,906,0
51,907,0
51,908,0
51,909,0
51,910,0
51,911,0
51,912,0
51,913,0
51,914,0
51,916,1
51,917,0
51,918,0
51,920,0
51,921,0
51,923,0
51,924,0
51,926,0
51,927,0
51,928,0
51,929,0
51,931,0
51,932,0
51,935,0
51,937,0
51,938,0
51,941,0
51,944,0
51,946,0
51,947,0
51,949,0
51,950,0
51,951,0
51,953,0
51,954,0
51,955,0
51,956,0
51,959,0
51,960,0
51,961,0
51,962,0
51,963,0
51,964,0
51,965,0
51,966,0
51,967,0
51,968,0
51,969,0
51,970,0
51,971,1
51,972,0
51,973,0
51,974,0
51,975,1
51,976,0
51,977,0
51,978,0
51,979,0
51,983,0
51,1009,0
51,1010,0
51,1012,1
51,1014,1
51,1015,0
51,1017,1
51,1018,1
51,1020,1
51,1022,0
51,1026,0
51,1030,0
51,1031,0
51,1034,0
51,1035,0
51,1036,0
51,1037,0
51,1038,0
52,0,0
52,1,0
52,12,0
52,14,0
52,20,0
52,23,0
52,29,0
52,44,0
52,46,0
52,51,0
52,53,0
52,59,0
52,61,0
52,70,0
52,84,0
52,87,0
52,93,0
52,100,0
52,101,0
52,108,0
52,111,0
52,120,0
52,124,0
52,129,0
52,131,0
52,136,0
52,140,0
52,143,0
52,147,0
52,150,0
52,472,0
52,473,0
52,474,1
52,475,1
52,476,1
52,479,1
52,480,1
52,481,1
52,482,0
52,494,1
52,495,1
52,501,1
52,502,1
52,503,1
52,505,1
52,510,0
52,511,1
52,512,1
52,513,1
52,515,1
52,519,0
52,521,1
52,522,1
52,523,0
52,524,0
52,525,1
52,527,1
52,528,0
52,529,0
52,530,1
52,531,1
52,532,1
52,533,0
52,534,1
52,535,1
52,537,1
52,546,0
52,547,0
53,892,1
53,893,0
53,894,1
53,895,1
53,896,0
53,897,0
53,898,0
53,903,0
53,904,0
53,905,0
53,906,0
53,907,0
53,908,0
53,909,0
53,910,0
53,911,0
53,912,0
53,913,0
54,270,0
54,271,0
54,272,0
54,273,0
54,274,0
54,275,0
54,276,0
54,277,0
54,278,0
54,279,0
54,280,1
54,281,0
54,282,0
54,283,0
54,284,1
54,292,0
54,293,0
54,294,0
54,295,0
54,298,0
54,299,0
54,713,0
54,714,0
54,715,0
54,718,0
54,721,0
54,722,0
54,724,0
54,728,0
54,729,0
54,730,0
54,732,0
54,734,0
54,738,0
54,745,0
54,834,0
54,835,0
54,836,0
54,837,0
54,838,0
54,839,0
54,840,0
54,841,0
54,842,0
54,843,0
54,844,0
54,845,0
54,846,0
54,847,0
54,848,0
54,849,0
54,850,0
54,851,0
54,852,0
54,853,0
54,854,0
54,855,0
54,856,0
54,857,0
54,858,0
54,859,0
54,860,0
54,861,0
54,862,0
54,863,0
54,864,0
54,865,0
54,866,0
54,867,0
54,868,0
54,869,0
54,870,0
54,871,0
54,872,0
54,873,0
54,874,0
54,875,0
54,876,0
54,877,0
55,0,0
55,5,0
55,12,0
55,15,0
55,17,0
55,21,0
55,28,0
55,30,0
55,40,1
55,43,0
55,47,0
55,52,0
55,55,0
55,58,0
55,61,0
55,71,0
55,73,0
55,93,1
55,100,0
55,101,0
55,102,0
55,107,0
55,113,0
55,117,0
55,119,0
55,124,0
55,126,0
55,131,0
55,134,0
55,139,0
55,146,0
55,151,0
55,153,0
55,156,0
55,161,0
55,165,0
55,170,0
55,173,0
55,177,0
55,184,0
55,188,0
55,192,0
55,199,0
55,220,0
55,221,0
55,222,0
55,223,0
55,224,0
55,225,0
55,227,0
55,228,0
55,229,0
55,309,1
55,311,0
55,312,0
55,313,0
55,315,0
55,316,0
55,319,1
55,472,0
55,473,0
55,474,0
55,475,1
55,476,0
55,477,0
55,479,0
55,480,0
55,481,1
55,482,0
55,494,1
55,495,0
55,500,1
55,501,1
55,502,1
55,503,1
55,505,1
55,512,1
55,514,1
55,517,1
55,520,0
55,521,1
55,522,1
55,525,0
55,526,1
55,529,1
55,530,1
55,531,1
55,532,1
55,534,1
55,536,1
55,537,1
55,546,0
55,547,0
55,548,0
55,549,0
55,550,0
55,551,0
55,552,0
55,553,1
55,554,0
55,555,0
55,556,0
55,557,0
55,558,0
55,559,1
55,560,0
55,561,0
55,562,1
55,564,0
55,565,1
55,566,0
55,567,0
55,568,0
55,569,1
55,570,1
55,574,1
55,575,0
55,576,1
55,577,1
55,580,1
55,608,1
55,609,1
55,614,1
55,631,0
56,0,0
56,2,0
56,8,1
56,9,0
56,15,0
56,18,0
56,27,1
56,29,0
56,41,0
56,47,0
56,52,0
56,56,0
56,57,0
56,62,0
56,101,0
56,102,0
56,107,0
56,110,0
56,121,0
56,125,0
56,126,0
56,132,0
56,151,0
56,155,1
56,157,0
56,163,0
56,166,0
56,171,0
56,173,1
56,177,0
56,185,0
56,191,0
56,195,0
56,220,0
56,221,0
56,222,0
56,223,0
56,224,0
56,225,0
56,226,0
56,227,0
56,228,0
56,229,0
56,230,0
56,233,0
56,234,0
56,237,1
56,238,0
56,239,0
56,240,0
56,241,0
56,243,0
56,245,0
56,249,0
56,250,0
56,251,0
56,252,0
56,253,0
56,254,0
56,255,0
56,256,0
56,257,0
56,258,0
56,259,0
56,260,0
56,262,0
56,270,0
56,271,0
56,272,0
56,273,0
56,274,0
56,275,0
56,276,0
56,277,0
56,278,0
56,279,0
56,280,0
56,281,0
56,282,0
56,292,0
56,293,0
56,294,0
56,295,0
56,296,0
56,297,0
56,298,0
56,299,0
56,300,0
56,301,0
56,302,0
56,303,0
56,304,0
56,305,0
56,307,1
56,308,0
56,309,0
56,310,0
56,311,0
56,312,0
56,313,0
56,315,0
56,316,0
56,317,0
56,318,0
56,319,0
56,472,1
56,473,0
56,474,0
56,475,1
56,476,1
56,477,0
56,479,0
56,480,0
56,481,1
56,482,0
56,494,1
56,495,1
56,498,1
56,502,1
56,503,1
56,505,1
56,511,1
56,512,1
56,514,1
56,515,1
56,517,0
56,519,1
56,520,1
56,525,1
56,528,1
56,529,1
56,530,1
56,532,1
56,533,1
56,534,1
56,535,1
56,537,1
56,546,1
56,547,1
56,548,0
56,549,0
56,550,0
56,551,0
56,552,0
56,553,0
56,554,0
56,555,0
56,556,1
56,557,0
56,558,0
56,559,0
56,560,0
56,561,0
56,562,1
56,564,0
56,565,0
56,566,0
56,567,0
56,568,1
56,569,0
56,572,1
56,574,0
56,575,1
56,577,1
56,578,0
56,579,1
56,581,1
56,582,0
56,583,1
56,609,1
56,612,0
56,615,0
56,629,1
56,631,0
56,632,0
56,633,0
56,636,0
56,637,1
56,638,0
56,639,0
56,640,1
56,641,1
56,642,0
56,643,0
56,645,0
56,646,1
56,648,0
56,649,0
56,650,0
56,651,1
56,652,1
56,653,1
56,654,0
56,655,1
56,656,1
56,657,0
56,658,1
56,659,0
56,661,1
56,663,0
56,664,1
56,665,1
56,667,0
56,668,0
56,669,0
56,670,0
56,671,0
56,675,0
56,676,0
56,678,0
56,682,0
56,683,1
56,688,0
56,689,0
56,707,0
56,708,0
56,709,0
56,710,0
56,711,0
56,712,0
56,713,0
56,714,0
56,715,0
56,717,0
56,718,1
56,719,1
56,720,0
56,721,0
56,722,0
56,724,0
56,726,0
56,728,1
56,729,1
56,731,0
56,732,0
56,733,0
56,735,0
56,737,0
56,738,0
56,739,1
56,740,0
56,741,0
56,743,1
56,748,1
56,749,0
56,751,0
56,754,0
56,755,0
56,756,0
56,757,0
56,758,0
56,759,0
56,760,0
56,761,0
56,762,0
56,765,1
56,766,0
56,768,0
56,769,0
56,770,0
56,771,1
56,772,0
56,773,0
56,774,0
56,775,0
56,776,0
56,777,0
56,778,0
56,779,0
56,780,0
56,781,1
56,782,0
56,783,0
56,784,1
56,785,0
56,786,1
56,787,0
56,816,1
56,817,1
56,820,0
56,821,0
56,822,0
56,823,0
56,824,0
56,825,0
56,826,0
56,834,0
56,836,1
56,839,1
56,840,1
56,841,0
56,843,0
56,844,0
56,845,0
56,846,1
56,847,1
56,848,0
56,849,0
56,850,0
56,851,0
56,852,0
56,853,0
56,854,0
56,855,0
56,856,0
56,858,0
56,860,1
56,861,0
56,862,0
56,863,0
56,864,0
56,865,0
56,867,0
56,872,0
57,204,0
57,208,0
57,217,0
57,221,0
57,222,0
57,224,0
57,225,0
57,226,0
57,227,0
57,228,0
57,229,0
57,233,0
57,234,0
57,309,1
57,310,0
57,311,0
57,312,0
57,313,1
57,316,1
57,317,0
57,318,1
57,319,0
57,558,0
57,559,1
57,560,0
57,561,0
57,562,1
57,564,0
57,565,0
57,566,0
57,567,1
57,568,1
57,571,1
57,573,1
57,576,1
57,582,1
57,583,1
57,608,1
57,609,1
57,610,1
57,611,1
57,612,1
57,613,1
57,614,1
57,615,1
57,631,0
58,223,0
58,224,0
58,228,0
58,229,0
58,230,0
58,231,0
58,232,0
58,233,0
58,234,0
58,235,0
58,236,0
58,237,0
58,238,0
58,239,0
58,240,0
58,241,0
58,242,0
58,243,0
58,244,0
58,245,0
58,246,0
58,247,0
58,248,0
58,249,0
58,256,0
58,259,0
58,636,0
58,637,0
58,638,0
58,639,0
58,640,0
58,641,0
58,642,0
58,643,0
58,645,0
58,646,0
58,648,0
58,649,0
58,650,0
58,651,1
58,652,0
58,653,1
58,654,1
58,655,0
58,656,0
58,657,0
58,658,0
58,659,0
58,660,0
58,662,0
58,663,0
58,664,0
58,665,0
58,666,0
58,667,0
58,668,0
58,669,0
58,671,0
59,0,0
59,2,0
59,6,0
59,11,0
59,15,0
59,17,0
59,23,0
59,26,0
59,30,0
59,33,0
59,40,0
59,48,0
59,50,0
59,56,0
59,58,0
59,83,0
59,101,0
59,104,0
59,107,0
59,112,0
59,117,0
59,118,0
59,124,0
59,127,0
59,132,0
59,135,0
59,151,0
59,155,0
59,158,0
59,161,0
59,167,0
59,169,0
59,172,0
59,179,0
59,182,0
59,185,0
59,191,0
59,194,0
59,196,0
59,202,0
59,204,0
59,208,0
59,214,0
59,217,0
59,220,0
59,221,0
59,222,0
59,223,0
59,224,0
59,225,0
59,226,0
59,227,0
59,228,0
59,229,0
59,230,0
59,231,0
59,232,0
59,233,0
59,234,0
59,235,0
59,236,0
59,237,0
59,238,0
59,239,0
59,240,0
59,241,0
59,242,0
59,243,0
59,244,0
59,245,0
59,246,0
59,248,0
59,249,0
59,250,0
59,251,0
59,252,0
59,253,0
59,254,0
59,255,0
59,256,0
59,257,0
59,258,0
59,259,0
59,260,0
59,262,0
59,270,0
59,271,0
59,272,0
59,273,1
59,274,0
59,275,0
59,276,0
59,278,0
59,279,0
59,280,0
59,282,0
59,283,0
59,284,0
59,292,0
59,293,0
59,295,0
59,310,0
59,311,0
59,312,0
59,313,0
59,315,0
59,316,0
59,319,0
59,472,0
59,473,0
59,474,0
59,475,0
59,476,0
59,479,0
59,480,0
59,481,0
59,482,0
59,500,1
59,502,1
59,503,1
59,504,0
59,505,0
59,510,0
59,511,1
59,512,0
59,513,1
59,515,0
59,518,0
59,522,0
59,523,1
59,524,1
59,525,0
59,526,1
59,527,1
59,528,1
59,529,0
59,531,0
59,532,1
59,533,0
59,534,1
59,535,1
59,536,1
59,537,0
59,546,0
59,547,0
59,548,0
59,549,0
59,550,1
59,551,0
59,552,0
59,553,0
59,554,0
59,556,1
59,558,0
59,559,0
59,560,0
59,561,1
59,562,0
59,564,0
59,565,0
59,566,0
59,567,0
59,568,1
59,569,1
59,574,0
59,575,1
59,577,1
59,580,1
59,583,0
59,608,0
59,609,0
59,610,0
59,611,0
59,612,0
59,613,0
59,614,0
59,615,0
59,623,0
59,627,1
59,630,0
59,631,0
59,632,0
59,633,0
59,634,0
59,636,0
59,637,0
59,638,0
59,639,0
59,640,0
59,641,0
59,642,0
59,643,0
59,644,0
59,645,0
59,646,0
59,647,0
59,648,0
59,649,1
59,650,1
59,651,1
59,653,0
59,655,0
59,656,0
59,657,0
59,658,0
59,659,0
59,660,0
59,661,1
59,663,1
59,664,1
59,665,1
59,667,0
59,668,0
59,669,0
59,670,0
59,672,0
59,674,0
59,675,0
59,678,1
59,679,0
59,680,0
59,682,0
59,684,1
59,685,0
59,686,0
59,687,1
59,691,0
59,707,0
59,708,0
59,709,0
59,710,0
59,711,1
59,712,0
59,713,0
59,714,0
59,719,1
59,720,0
59,721,0
59,722,1
59,724,0
59,727,0
59,728,1
59,729,0
59,730,0
59,734,0
59,736,0
59,739,0
59,742,0
59,743,0
59,744,0
59,745,0
59,748,0
59,753,0
59,754,0
59,768,0
59,769,0
59,770,0
59,771,0
59,772,0
59,773,0
59,774,0
59,775,0
59,776,0
59,777,0
59,778,0
59,779,0
59,780,0
59,834,0
59,835,0
59,836,0
59,837,0
59,838,1
59,839,0
59,840,1
59,841,0
59,842,0
59,843,0
59,844,0
59,845,0
59,846,0
59,847,0
59,848,0
59,849,1
59,850,0
59,851,0
59,852,0
59,853,0
59,855,0
59,856,0
59,857,0
59,858,0
59,860,0
59,861,0
59,864,0
59,872,0
59,876,0
59,877,0
59,879,0
59,880,0
59,881,0
59,884,0
59,885,0
59,887,0
59,889,0
59,890,0
60,0,1
60,1,0
60,7,0
60,9,0
60,15,1
60,20,0
60,23,0
60,30,0
60,42,0
60,48,0
60,51,1
60,53,0
60,58,0
60,65,1
60,71,0
60,76,0
60,80,0
60,83,0
60,101,0
60,102,0
60,108,0
60,111,1
60,117,0
60,127,0
60,131,0
60,137,0
60,141,0
60,151,0
60,159,0
60,161,0
60,169,0
60,192,0
60,196,0
60,201,0
60,206,0
60,210,0
60,212,0
60,219,0
60,220,0
60,221,0
60,222,1
60,223,0
60,224,0
60,225,0
60,227,0
60,229,0
60,230,1
60,232,0
60,233,0
60,234,0
60,235,0
60,237,0
60,238,0
60,239,0
60,242,0
60,243,0
60,244,0
60,245,0
60,249,0
60,250,0
60,251,0
60,252,0
60,253,0
60,254,0
60,255,0
60,256,0
60,257,0
60,258,0
60,259,0
60,260,0
60,262,0
60,265,0
60,266,0
60,267,0
60,270,0
60,309,1
60,310,0
60,311,0
60,312,0
60,313,0
60,314,0
60,315,0
60,316,1
60,317,0
60,318,1
60,319,0
60,473,0
60,475,0
60,476,1
60,479,1
60,480,0
60,481,1
60,482,0
60,501,1
60,502,1
60,504,1
60,505,1
60,510,1
60,511,0
60,512,1
60,513,1
60,515,0
60,519,0
60,522,1
60,523,1
60,524,1
60,525,1
60,526,1
60,527,0
60,528,1
60,529,1
60,533,1
60,534,1
60,536,1
60,537,1
60,546,1
60,547,1
60,558,1
60,559,0
60,560,0
60,561,1
60,562,0
60,563,0
60,564,0
60,565,0
60,566,0
60,567,0
60,568,0
60,575,0
60,577,1
60,578,1
60,582,0
60,608,0
60,612,1
60,615,0
60,631,0
60,632,0
60,633,0
60,634,0
60,635,0
60,636,0
60,637,0
60,638,0
60,639,0
60,640,0
60,641,1
60,642,1
60,644,0
60,645,0
60,646,0
60,647,0
60,648,0
60,649,1
60,650,1
60,651,1
60,652,1
60,653,1
60,655,0
60,656,1
60,657,0
60,659,1
60,661,0
60,662,1
60,663,0
60,664,1
60,665,1
60,666,0
60,668,0
60,670,0
60,672,0
60,707,1
60,708,0
60,709,0
60,710,1
60,711,1
60,712,1
60,713,1
60,714,0
60,716,0
60,718,1
60,719,0
60,720,1
60,727,0
60,730,1
60,740,1
60,748,1
60,768,0
60,769,0
60,770,0
60,771,1
60,772,1
60,773,0
60,774,0
60,775,0
60,776,0
60,777,0
60,778,0
60,779,0
60,780,0
61,781,1
61,783,1
61,786,1
61,787,0
61,788,1
61,789,0
61,816,0
61,819,0
61,820,1
61,821,0
61,822,0
61,823,0
61,824,0
61,825,0
61,826,0
61,827,1
61,828,0
61,829,1
61,830,0
62,366,1
62,415,0
62,417,0
62,419,1
62,420,0
62,421,0
62,908,0
62,909,0
62,910,0
62,911,0
62,912,1
62,913,0
63,231,0
63,232,0
63,234,0
63,235,0
63,236,0
63,237,0
63,238,0
63,243,0
64,0,1
64,1,0
64,9,0
64,16,1
64,19,0
64,25,1
64,30,0
64,36,0
64,42,0
64,45,0
64,49,0
64,53,0
64,57,0
64,62,0
64,71,0
64,84,0
64,101,0
64,105,0
64,107,0
64,111,0
64,116,0
64,121,0
64,125,0
64,128,0
64,132,0
64,135,0
64,140,0
64,144,0
64,150,0
64,151,0
64,157,1
64,162,0
64,168,0
64,175,0
64,176,0
64,193,0
64,198,1
64,220,0
64,221,0
64,224,0
64,225,0
64,226,0
64,227,0
64,228,0
64,230,0
64,233,0
64,234,0
64,235,0
64,237,0
64,238,0
64,249,0
64,250,0
64,251,0
64,253,1
64,255,0
64,256,0
64,257,1
64,258,1
64,259,0
64,262,0
64,266,0
64,267,0
64,268,0
64,270,0
64,271,0
64,272,0
64,273,0
64,274,0
64,275,0
64,276,0
64,277,0
64,278,0
64,279,0
64,280,0
64,281,0
64,282,0
64,283,0
64,284,0
64,285,0
64,286,0
64,287,0
64,288,0
64,289,0
64,290,1
64,291,0
64,292,0
64,293,0
64,294,0
64,295,0
64,298,0
64,299,0
64,300,0
64,302,0
64,303,0
64,304,0
64,305,0
64,308,0
64,309,1
64,311,0
64,312,0
64,313,0
64,315,0
64,316,0
64,317,1
64,319,0
64,321,0
64,322,0
64,323,0
64,324,0
64,325,0
64,326,0
64,327,0
64,328,0
64,329,0
64,330,0
64,331,0
64,332,0
64,333,0
64,334,0
64,335,0
64,336,0
64,337,0
64,352,0
64,354,0
64,355,0
64,356,0
64,357,0
64,358,0
64,359,1
64,360,0
64,363,0
64,473,0
64,475,0
64,476,0
64,479,1
64,480,0
64,481,0
64,482,1
64,494,1
64,495,1
64,499,1
64,503,1
64,504,1
64,505,1
64,512,1
64,514,1
64,515,1
64,520,0
64,521,1
64,522,1
64,523,1
64,525,1
64,526,1
64,528,1
64,530,1
64,531,1
64,532,0
64,534,1
64,536,1
64,537,0
64,546,0
64,547,1
64,548,1
64,549,0
64,550,0
64,551,0
64,552,0
64,553,1
64,558,1
64,560,0
64,561,1
64,562,0
64,564,0
64,565,0
64,566,0
64,567,0
64,574,1
64,576,0
64,577,1
64,578,1
64,582,0
64,583,1
64,609,1
64,614,1
64,615,1
64,631,0
64,632,0
64,636,0
64,638,0
64,639,1
64,640,0
64,641,1
64,642,0
64,643,0
64,645,0
64,646,1
64,647,1
64,648,0
64,649,0
64,650,1
64,651,1
64,652,1
64,654,1
64,655,1
64,657,1
64,660,1
64,661,0
64,662,1
64,663,1
64,665,1
64,666,1
64,667,1
64,668,0
64,669,0
64,670,0
64,672,1
64,675,0
64,677,1
64,678,0
64,679,1
64,682,0
64,707,1
64,708,1
64,709,1
64,710,1
64,711,1
64,712,1
64,713,0
64,714,0
64,716,0
64,720,0
64,721,1
64,726,0
64,728,1
64,733,0
64,739,1
64,743,1
64,752,0
64,768,1
64,769,1
64,770,0
64,771,1
64,772,0
64,773,0
64,774,0
64,775,1
64,776,0
64,777,1
64,778,0
64,779,1
64,780,0
64,783,1
64,786,1
64,787,1
64,815,1
64,817,1
64,820,1
64,821,1
64,822,0
64,823,1
64,824,1
64,825,0
64,826,1
64,827,1
64,828,0
64,829,0
64,830,1
64,834,0
64,837,1
64,838,1
64,840,1
64,841,0
64,842,0
64,843,0
64,844,0
64,845,1
64,846,0
64,847,0
64,853,0
64,854,1
64,855,0
64,865,1
64,892,1
64,893,0
64,894,1
64,895,1
64,896,0
64,898,1
64,914,0
64,916,0
64,918,0
64,920,0
64,921,1
64,922,0
64,923,0
64,926,0
64,927,0
64,928,0
64,929,0
64,930,0
64,931,0
64,932,0
64,933,1
64,935,0
64,937,0
64,938,0
64,941,0
64,944,0
64,947,0
64,950,0
64,951,0
64,953,0
64,954,0
64,955,0
64,956,0
64,957,0
64,959,0
64,961,0
64,963,0
64,965,1
64,967,1
64,968,0
64,971,1
64,972,1
64,973,0
64,975,1
64,976,0
64,977,0
64,979,0
64,980,0
64,995,0
64,1009,0
64,1010,1
64,1012,1
64,1016,0
64,1017,1
64,1023,1
64,1024,1
64,1029,0
64,1030,0
64,1032,0
64,1034,0
64,1036,0
65,292,0
65,293,0
65,294,0
65,295,0
65,297,0
65,298,0
65,299,0
65,300,0
65,301,0
65,302,0
65,303,0
65,304,0
65,305,0
65,781,1
65,782,0
65,785,1
65,786,0
65,787,0
65,815,1
65,816,0
65,817,0
65,819,0
65,820,0
65,821,0
65,822,0
65,823,0
65,824,0
65,825,0
65,841,0
65,842,0
65,843,0
65,845,0
65,846,0
65,847,0
65,848,1
65,851,1
65,852,0
65,853,0
65,855,1
65,856,0
65,857,0
65,858,1
65,860,1
65,861,0
65,864,0
65,867,0
65,868,1
65,871,0
65,872,0
65,874,0
65,875,0
65,876,0
65,877,0
65,879,0
65,880,0
65,881,0
65,882,0
65,883,0
65,884,1
65,885,0
65,886,0
65,887,0
65,888,0
65,889,0
65,890,0
66,246,0
66,247,1
66,248,0
66,249,0
66,251,0
66,253,0
66,254,0
66,255,0
66,256,0
66,257,0
66,259,0
66,262,0
66,636,1
66,637,1
66,640,1
66,641,1
66,642,0
66,644,1
66,645,0
66,646,0
66,648,0
66,649,1
66,650,1
66,651,1
66,652,1
66,653,1
66,655,1
66,658,1
66,660,1
66,661,0
66,663,1
66,665,0
66,666,1
66,670,0
66,707,0
66,708,0
66,709,1
66,710,0
66,768,0
66,769,0
66,770,0
66,771,1
66,772,0
66,773,0
66,774,1
66,775,1
66,776,1
66,777,0
66,778,1
66,779,0
66,780,1
67,250,0
67,251,0
67,252,0
67,253,0
67,254,0
67,256,0
67,257,0
67,258,0
67,259,0
67,260,0
67,262,0
67,266,0
67,267,0
67,268,0
67,892,1
67,893,0
67,894,1
67,895,1
67,896,1
67,897,0
67,898,1
67,900,1
67,903,1
67,904,0
67,905,0
67,906,1
67,907,1
67,908,0
67,909,0
67,911,1
67,912,1
68,270,0
68,272,0
68,273,0
68,274,0
68,275,0
68,276,0
68,278,1
68,280,0
68,282,0
68,283,0
68,284,0
68,285,0
68,287,0
68,321,0
68,322,0
68,323,0
68,324,0
68,325,0
68,326,0
68,327,0
68,328,0
68,329,0
68,331,0
68,332,0
68,333,0
68,334,0
68,335,0
68,336,0
68,337,0
68,339,0
68,348,0
68,349,0
68,351,1
68,709,1
68,710,1
68,711,0
68,712,1
68,713,0
68,714,0
68,774,1
68,775,1
68,776,0
68,777,0
68,778,1
68,779,0
68,780,0
68,783,1
68,784,0
68,785,1
68,786,1
68,787,0
68,788,1
68,789,0
68,790,1
68,791,0
68,792,0
68,793,1
68,794,0
68,795,0
68,796,0
68,801,1
68,802,0
68,818,1
68,819,1
68,820,1
68,821,0
68,822,0
68,823,1
68,824,1
68,825,0
68,826,0
68,827,0
68,828,0
68,829,1
68,830,0
68,834,0
68,836,1
68,837,0
68,838,0
68,839,0
68,840,1
68,843,0
68,845,1
68,846,1
68,847,0
68,914,0
68,916,0
68,917,0
68,918,0
68,919,0
68,920,0
68,921,1
68,922,1
68,923,0
68,924,0
68,925,0
68,926,0
68,927,0
68,928,0
68,929,0
68,930,0
68,931,0
68,932,1
68,934,0
68,935,0
68,936,0
68,937,0
68,938,0
68,939,0
68,940,0
69,249,0
69,251,0
69,253,0
69,255,0
69,256,0
69,257,0
69,258,1
69,259,0
69,892,1
69,893,1
69,894,1
69,895,1
69,896,1
69,897,1
69,898,0
69,903,1
69,904,0
69,905,0
69,906,1
69,907,1
69,908,1
69,909,1
69,910,0
69,911,0
69,912,0
69,913,1
70,781,1
70,782,1
70,785,1
70,786,0
70,787,0
70,788,0
70,789,0
70,790,0
70,791,0
70,793,0
70,794,0
70,800,0
70,802,0
70,815,1
70,816,0
70,817,0
70,818,1
70,819,1
70,820,0
70,821,0
70,822,0
70,823,1
70,824,0
70,825,0
70,826,0
70,827,0
70,828,0
70,829,0
70,830,0
71,250,0
71,252,0
71,254,0
71,260,0
71,262,0
71,263,0
71,265,0
71,266,0
71,267,0
71,268,0
71,270,0
71,271,0
71,272,0
71,273,0
71,274,0
71,275,0
71,276,1
71,277,0
71,278,0
71,279,0
71,280,0
71,281,0
71,292,0
71,293,0
71,707,1
71,708,0
71,709,0
71,710,0
71,711,1
71,712,0
71,713,0
71,714,0
71,716,0
71,719,0
71,727,1
71,728,1
71,729,0
71,730,1
71,731,1
71,732,0
71,737,1
71,739,1
71,742,1
71,749,1
71,768,0
71,769,1
71,770,0
71,771,1
71,772,1
71,773,1
71,774,1
71,775,0
71,776,1
71,777,0
71,778,0
71,779,1
71,780,0
71,834,0
71,836,0
71,837,0
71,840,1
71,841,0
71,843,0
71,844,0
71,845,1
71,846,0
71,847,0
71,848,1
71,850,1
71,852,0
71,853,1
71,857,0
71,858,0
71,860,0
71,863,1
71,865,0
72,0,0
72,2,0
72,5,0
72,12,0
72,14,0
72,20,0
72,22,0
72,26,0
72,31,0
72,34,1
72,40,0
72,47,1
72,52,0
72,53,0
72,101,0
72,103,0
72,107,0
72,113,0
72,114,0
72,119,0
72,122,0
72,127,0
72,151,0
72,153,0
72,157,0
72,162,0
72,166,0
72,171,0
72,174,0
72,177,0
72,182,0
72,187,0
72,190,0
72,192,0
72,199,0
72,203,0
72,204,0
72,208,0
72,220,0
72,221,0
72,222,0
72,223,0
72,224,0
72,225,0
72,226,0
72,227,0
72,228,0
72,229,0
72,230,0
72,231,0
72,232,0
72,233,0
72,234,0
72,235,0
72,236,0
72,237,0
72,238,0
72,239,0
72,240,0
72,241,0
72,242,0
72,243,0
72,244,0
72,245,0
72,246,0
72,247,0
72,248,0
72,249,0
72,250,0
72,251,0
72,252,0
72,253,0
72,254,0
72,255,0
72,256,0
72,257,0
72,258,0
72,259,0
72,260,1
72,262,0
72,266,0
72,270,0
72,271,0
72,272,0
72,273,0
72,274,0
72,275,0
72,276,0
72,277,0
72,278,0
72,279,0
72,280,0
72,281,0
72,282,0
72,283,0
72,284,0
72,285,1
72,292,0
72,293,0
72,294,0
72,295,0
72,297,0
72,298,0
72,299,0
72,300,0
72,309,0
72,310,0
72,311,0
72,312,0
72,313,0
72,315,0
72,316,0
72,317,0
72,318,0
72,319,0
72,321,0
72,322,0
72,323,0
72,325,0
72,326,0
72,327,1
72,328,0
72,472,0
72,473,0
72,474,0
72,475,1
72,476,1
72,479,0
72,480,0
72,481,0
72,482,0
72,495,1
72,496,1
72,500,1
72,503,1
72,504,1
72,505,0
72,511,1
72,512,1
72,514,1
72,515,0
72,516,0
72,518,1
72,520,0
72,521,0
72,522,0
72,523,1
72,524,0
72,525,1
72,527,0
72,528,0
72,529,1
72,530,0
72,531,1
72,532,0
72,533,0
72,534,1
72,535,0
72,537,1
72,546,0
72,547,0
72,548,0
72,549,0
72,551,0
72,552,0
72,553,0
72,558,0
72,559,0
72,560,0
72,561,0
72,562,0
72,563,0
72,564,0
72,565,0
72,566,0
72,567,0
72,568,0
72,569,0
72,570,0
72,571,1
72,572,1
72,573,1
72,574,1
72,575,1
72,576,0
72,577,1
72,580,1
72,582,1
72,608,0
72,609,1
72,614,0
72,615,0
72,626,1
72,629,1
72,631,0
72,632,0
72,633,0
72,634,0
72,635,0
72,636,1
72,637,0
72,638,0
72,639,1
72,640,0
72,641,0
72,642,0
72,643,0
72,645,0
72,646,0
72,648,0
72,649,0
72,650,1
72,651,1
72,652,1
72,654,1
72,655,0
72,656,0
72,657,1
72,658,1
72,659,1
72,660,1
72,662,1
72,663,0
72,664,0
72,665,0
72,707,0
72,708,0
72,709,0
72,710,0
72,711,1
72,712,1
72,713,0
72,714,0
72,717,1
72,719,1
72,720,0
72,721,1
72,722,0
72,726,0
72,727,0
72,728,1
72,732,0
72,734,0
72,736,1
72,743,0
72,744,0
72,745,0
72,746,0
72,748,0
72,750,1
72,752,0
72,753,0
72,755,1
72,756,0
72,757,0
72,759,0
72,760,0
72,761,0
72,768,0
72,769,0
72,770,0
72,771,1
72,772,0
72,773,0
72,774,0
72,775,0
72,776,1
72,777,0
72,778,0
72,779,0
72,780,1
72,781,0
72,782,1
72,783,0
72,784,0
72,785,0
72,786,0
72,787,1
72,815,0
72,817,1
72,820,1
72,821,1
72,822,1
72,823,0
72,824,0
72,825,0
72,826,0
72,827,0
72,828,0
72,834,0
72,836,0
72,837,0
72,838,1
72,839,1
72,840,0
72,843,0
72,844,1
72,845,0
72,846,1
72,847,0
72,848,0
72,850,0
72,851,1
72,852,0
72,853,0
72,854,0
72,855,1
72,857,0
72,858,0
72,859,0
72,860,0
72,861,0
72,862,0
72,863,0
72,864,0
72,865,0
73,270,0
73,271,0
73,272,0
73,273,0
73,274,0
73,275,0
73,276,0
73,277,0
73,278,0
73,279,0
73,280,0
73,281,0
73,292,0
73,293,0
73,709,1
73,710,0
73,711,0
73,712,0
73,713,0
73,714,0
73,718,0
73,724,0
73,725,0
73,727,1
73,730,0
73,732,0
73,733,1
73,734,0
73,735,0
73,736,1
73,737,0
73,738,0
73,740,0
73,743,1
73,748,0
73,749,1
73,750,1
73,754,0
73,755,0
73,834,0
73,836,1
73,838,1
73,839,1
73,840,0
73,843,0
73,844,1
73,845,0
73,847,1
73,848,0
73,849,0
73,850,1
73,851,1
73,852,0
73,853,1
73,854,0
73,855,0
73,857,0
73,858,0
73,859,0
73,860,0
73,861,0
73,862,0
73,863,0
73,864,0
73,865,0
74,0,0
74,1,0
74,6,0
74,12,0
74,15,0
74,19,0
74,21,0
74,26,0
74,29,0
74,34,0
74,39,0
74,44,0
74,48,0
74,51,0
74,54,0
74,58,0
74,101,0
74,109,0
74,111,0
74,309,0
74,310,0
74,314,0
74,318,0
74,320,0
75,153,0
75,159,0
75,161,0
75,165,0
75,173,0
75,179,0
75,180,0
75,185,0
75,189,0
75,193,0
75,199,0
75,558,0
75,559,0
75,560,1
75,561,1
75,562,0
75,564,0
75,565,0
75,566,0
75,567,0
75,568,1
75,569,0
75,571,1
75,573,1
75,574,1
75,577,1
75,578,1
75,583,1
75,608,1
75,609,1
75,615,0
75,631,0
76,0,0
76,3,1
76,12,0
76,15,0
76,17,0
76,31,0
76,51,0
76,54,0
76,788,0
76,789,0
76,793,0
76,797,1
76,800,0
76,801,1
77,0,1
77,10,0
77,15,1
77,20,0
77,22,1
77,30,1
77,43,0
77,46,0
77,52,0
77,53,0
77,58,0
77,67,1
77,75,1
77,81,0
77,101,0
77,103,0
77,106,0
77,110,0
77,115,0
77,119,0
77,122,0
77,151,0
77,159,0
77,163,0
77,171,0
77,175,0
77,177,0
77,192,0
77,196,0
77,200,1
77,204,0
77,211,0
77,218,0
77,220,0
77,221,0
77,225,0
77,226,0
77,227,0
77,230,0
77,233,0
77,234,0
77,235,0
77,236,0
77,237,0
77,238,0
77,239,0
77,240,0
77,241,0
77,242,0
77,243,0
77,244,0
77,245,0
77,246,0
77,249,0
77,250,0
77,251,0
77,252,0
77,253,0
77,254,0
77,255,0
77,256,1
77,257,0
77,258,1
77,259,0
77,260,0
77,262,0
77,270,0
77,271,0
77,272,0
77,273,0
77,274,0
77,275,0
77,276,0
77,277,0
77,278,0
77,279,0
77,280,0
77,281,0
77,292,0
77,309,1
77,311,0
77,312,0
77,313,0
77,315,0
77,316,0
77,317,1
77,319,0
77,472,1
77,473,1
77,474,1
77,475,1
77,476,1
77,479,1
77,480,1
77,481,1
77,482,0
77,494,1
77,497,1
77,498,1
77,502,1
77,504,1
77,505,1
77,510,1
77,511,1
77,512,1
77,513,1
77,515,0
77,516,1
77,520,0
77,521,0
77,522,1
77,526,1
77,529,1
77,530,1
77,532,1
77,533,1
77,534,1
77,535,1
77,537,1
77,546,0
77,547,1
77,548,1
77,549,0
77,550,0
77,551,1
77,552,0
77,553,1
77,554,0
77,557,0
77,558,1
77,559,1
77,560,1
77,561,1
77,562,0
77,564,0
77,565,0
77,566,0
77,567,0
77,568,1
77,569,1
77,574,1
77,577,1
77,578,0
77,580,1
77,583,1
77,608,1
77,609,1
77,610,1
77,611,1
77,612,0
77,613,1
77,614,1
77,615,1
77,631,0
77,632,0
77,636,0
77,638,1
77,639,1
77,640,1
77,642,1
77,644,0
77,645,0
77,646,0
77,647,0
77,648,1
77,649,1
77,650,1
77,651,1
77,652,1
77,654,1
77,655,1
77,656,0
77,657,0
77,658,1
77,659,1
77,660,0
77,661,1
77,662,1
77,664,0
77,665,1
77,666,0
77,667,0
77,668,1
77,669,0
77,670,0
77,671,0
77,674,0
77,675,0
77,676,0
77,677,0
77,680,0
77,681,0
77,682,0
77,684,1
77,686,0
77,687,1
77,690,0
77,693,1
77,696,0
77,699,0
77,707,0
77,708,0
77,709,0
77,710,0
77,711,0
77,712,0
77,713,0
77,714,0
77,716,0
77,718,0
77,721,0
77,724,0
77,726,0
77,729,1
77,731,0
77,768,0
77,769,0
77,770,0
77,771,1
77,772,1
77,773,0
77,774,0
77,775,1
77,776,1
77,777,1
77,778,0
77,779,1
77,780,0
77,834,0
77,836,1
77,837,0
77,838,1
77,839,1
77,840,0
77,843,0
77,844,0
77,845,1
77,847,0
77,848,0
77,849,0
77,850,0
77,851,0
77,852,0
77,853,0
77,854,0
77,855,0
77,856,0
77,857,0
77,858,0
77,859,0
77,860,0
77,861,0
77,862,0
77,863,0
77,864,0
77,865,0
77,866,0
77,867,0
77,868,0
77,869,0
77,870,0
77,871,0
77,872,0
77,874,0
77,875,0
77,876,0
77,877,0
77,878,0
77,879,0
77,880,0
77,881,0
77,882,0
77,883,0
77,885,0
77,886,0
77,887,0
77,888,0
77,889,0
77,890,0
77,891,0
78,129,0
78,133,0
78,137,0
78,139,0
78,249,0
78,251,1
78,253,0
78,255,0
78,256,0
78,257,0
78,258,0
78,259,0
78,262,0
78,892,0
78,893,1
78,894,1
78,895,1
78,896,1
78,897,1
78,898,1
78,900,1
78,901,1
78,902,1
78,903,1
78,904,1
78,905,0
78,906,1
78,907,0
78,908,1
78,909,0
78,911,0
78,912,1
78,913,0
79,151,0
79,168,1
79,550,1
79,551,0
79,552,1
79,553,0
79,554,1
79,556,1
79,557,1
80,0,0
80,3,0
80,7,0
80,11,0
80,13,1
80,19,0
80,22,0
80,25,0
80,30,0
80,36,0
80,37,0
80,43,0
80,45,0
80,52,0
80,56,0
80,60,0
80,62,0
80,71,0
80,82,0
80,101,0
80,107,0
81,0,0
81,2,0
81,5,0
81,10,0
81,16,0
81,17,0
81,21,0
81,25,1
81,29,0
81,33,0
81,40,0
81,43,0
81,44,1
81,45,0
81,48,0
81,49,0
81,51,0
81,55,0
81,56,0
81,58,0
81,60,0
81,64,0
81,69,0
81,81,0
81,82,0
81,101,0
81,102,0
81,103,0
81,106,0
81,107,0
81,110,0
81,112,0
81,115,0
81,117,0
81,119,0
81,121,0
81,124,0
81,125,0
81,127,0
81,129,0
81,130,0
81,133,0
81,134,0
81,137,0
81,140,0
81,141,0
81,143,0
81,147,0
81,150,1
81,151,0
81,155,0
81,156,0
81,162,0
81,165,0
81,171,0
81,173,0
81,178,0
81,187,0
81,188,0
81,194,0
81,196,1
81,220,0
81,221,0
81,222,0
81,223,0
81,224,0
81,225,0
81,226,0
81,227,0
81,228,0
81,229,0
81,230,0
81,231,0
81,232,0
81,233,0
81,234,0
81,235,0
81,236,0
81,237,0
81,238,0
81,243,0
81,249,0
81,250,0
81,251,0
81,252,0
81,253,0
81,254,0
81,255,0
81,256,0
81,257,0
81,258,0
81,259,0
81,260,0
81,262,0
81,266,0
81,270,0
81,271,0
81,272,0
81,273,0
81,274,0
81,275,0
81,276,0
81,278,0
81,279,0
81,280,1
81,282,0
81,283,0
81,284,0
81,285,0
81,286,0
81,287,0
81,289,0
81,292,0
81,293,0
81,294,0
81,295,0
81,296,0
81,297,0
81,298,0
81,299,0
81,300,0
81,301,0
81,303,0
81,305,0
81,311,0
81,312,0
81,313,1
81,315,0
81,316,0
81,317,1
81,319,0
81,321,0
81,322,0
81,323,0
81,324,0
81,325,0
81,326,0
81,327,0
81,328,0
81,329,0
81,330,0
81,331,0
81,332,0
81,333,0
81,334,0
81,335,0
81,336,0
81,337,0
81,338,0
81,339,0
81,344,1
81,348,0
81,349,0
81,351,0
81,352,0
81,357,0
81,472,0
81,473,0
81,474,1
81,475,1
81,476,1
81,479,0
81,480,0
81,481,0
81,482,0
81,494,1
81,495,0
81,496,1
81,500,1
81,501,1
81,502,1
81,503,1
81,504,1
81,505,1
81,510,1
81,511,1
81,512,0
81,513,0
81,514,0
81,515,0
81,516,0
81,518,0
81,519,0
81,520,0
81,521,0
81,522,1
81,523,0
81,526,0
81,528,1
81,529,1
81,530,0
81,531,1
81,532,0
81,533,0
81,534,0
81,535,0
81,536,1
81,537,0
81,546,0
81,547,0
81,549,0
81,558,0
81,559,1
81,560,1
81,561,0
81,562,1
81,564,0
81,565,0
81,566,0
81,567,0
81,569,1
81,570,1
81,572,1
81,574,0
81,576,1
81,577,1
81,583,1
81,609,0
81,614,0
81,615,1
81,626,1
81,629,1
81,631,0
81,632,0
81,633,0
81,634,0
81,635,0
81,636,0
81,637,0
81,638,0
81,639,0
81,640,0
81,641,0
81,642,0
81,643,0
81,644,0
81,645,0
81,646,0
81,647,0
81,648,0
81,649,1
81,650,0
81,651,1
81,652,0
81,654,1
81,655,0
81,656,0
81,657,1
81,658,1
81,659,0
81,660,0
81,661,0
81,664,0
81,665,1
81,666,0
81,707,1
81,708,0
81,709,0
81,710,0
81,711,1
81,712,1
81,713,0
81,714,0
81,717,0
81,718,1
81,719,0
81,720,1
81,723,0
81,727,0
81,729,0
81,732,1
81,734,0
81,741,0
81,768,0
81,769,1
81,770,0
81,771,1
81,772,1
81,773,0
81,774,0
81,775,1
81,776,1
81,777,0
81,778,0
81,779,1
81,780,1
81,781,1
81,782,0
81,785,0
81,786,1
81,787,1
81,788,0
81,789,1
81,816,1
81,819,1
81,820,0
81,821,1
81,822,0
81,823,0
81,824,0
81,825,0
81,826,0
81,827,0
81,828,0
81,829,0
81,830,0
81,834,0
81,837,1
81,839,1
81,840,1
81,843,1
81,844,1
81,845,0
81,846,0
81,847,0
81,848,1
81,849,0
81,850,0
81,851,0
81,852,0
81,853,0
81,854,0
81,855,0
81,856,0
81,857,0
81,858,0
81,859,0
81,860,0
81,861,0
81,862,0
81,864,0
81,865,0
81,866,0
81,867,0
81,868,0
81,869,0
81,872,1
81,874,0
81,876,1
81,877,0
81,879,0
81,884,1
81,885,0
81,890,0
81,914,0
81,916,0
81,917,0
81,918,0
81,919,0
81,920,0
81,921,0
81,922,1
81,923,0
81,924,1
81,925,0
81,926,0
81,927,0
81,928,0
81,929,0
81,930,0
81,931,0
81,932,1
81,933,0
81,934,0
81,935,0
81,936,0
81,937,0
81,938,0
81,939,0
81,940,0
82,0,0
82,1,0
82,8,0
82,10,0
82,15,0
82,17,0
82,23,0
82,27,0
82,31,0
82,33,0
82,40,0
82,48,0
82,51,0
82,55,0
82,57,0
82,61,1
82,71,0
82,74,0
82,83,0
82,101,0
82,104,0
82,109,0
82,113,0
82,119,0
82,129,0
82,132,0
82,151,0
82,157,1
82,171,0
82,193,0
82,472,0
82,473,1
82,474,1
82,475,1
82,476,1
82,477,0
82,478,0
82,479,0
82,480,0
82,481,0
82,482,1
82,494,1
82,495,1
82,501,1
82,502,1
82,504,1
82,505,1
82,510,1
82,511,1
82,512,1
82,513,1
82,514,0
82,516,0
82,520,1
82,521,0
82,522,1
82,523,1
82,526,1
82,527,0
82,530,1
82,531,1
82,532,1
82,535,1
82,536,1
82,537,1
82,546,0
82,547,0
82,548,0
82,549,0
82,550,0
82,551,0
82,552,1
82,553,0
82,554,0
82,555,0
82,556,0
82,557,0
83,0,0
84,0,0
84,3,0
84,12,0
84,16,1
84,18,0
84,24,0
84,31,0
84,41,0
84,45,0
84,50,0
84,56,0
84,57,0
84,62,0
84,67,0
84,69,0
84,75,0
84,78,0
84,84,0
84,96,0
84,97,0
84,101,0
84,104,0
84,109,0
84,111,0
84,116,0
84,118,0
84,125,0
84,126,0
84,132,0
84,137,0
84,138,0
84,151,0
84,159,0
84,163,0
84,169,0
84,172,0
84,177,0
84,192,0
84,196,0
84,202,0
84,207,0
84,210,0
84,213,0
84,217,0
84,220,0
84,221,0
84,222,0
84,223,0
84,224,0
84,225,0
84,226,0
84,227,0
84,228,0
84,229,0
84,230,0
84,231,0
84,232,0
84,233,0
84,234,0
84,235,0
84,236,0
84,237,0
84,238,0
84,239,0
84,242,0
84,243,0
84,244,0
84,245,0
84,249,0
84,250,0
84,251,0
84,252,0
84,253,0
84,254,0
84,255,0
84,256,0
84,257,0
84,258,0
84,259,0
84,260,0
84,270,0
84,271,0
84,272,0
84,273,0
84,274,0
84,275,0
84,276,0
84,277,0
84,278,0
84,279,0
84,280,0
84,281,0
84,282,0
84,283,0
84,284,0
84,285,0
84,286,0
84,287,0
84,288,0
84,289,0
84,290,0
84,291,0
84,292,0
84,293,0
84,294,0
84,295,0
84,296,0
84,297,0
84,298,0
84,299,0
84,300,0
84,301,0
84,310,0
84,311,0
84,312,0
84,313,0
84,315,0
84,316,0
84,319,0
84,321,0
84,322,0
84,323,0
84,324,0
84,325,0
84,326,0
84,327,0
84,328,0
84,329,0
84,330,0
84,331,0
84,332,0
84,333,0
84,334,0
84,335,0
84,336,0
84,337,0
84,338,0
84,339,0
84,341,1
84,344,0
84,345,0
84,346,0
84,347,0
84,348,0
84,349,0
84,350,0
84,351,0
84,352,0
84,353,0
84,354,0
84,355,0
84,356,0
84,357,0
84,358,0
84,363,0
84,472,0
84,473,0
84,474,0
84,475,0
84,476,1
84,479,0
84,480,0
84,481,0
84,482,0
84,488,1
84,494,1
84,496,1
84,501,1
84,502,0
84,503,1
84,505,1
84,510,1
84,511,1
84,512,0
84,513,1
84,514,0
84,515,1
84,519,0
84,521,0
84,523,0
84,524,1
84,526,1
84,528,0
84,530,1
84,532,1
84,533,1
84,534,1
84,536,1
84,537,1
84,546,0
84,547,0
84,548,1
84,549,0
84,550,0
84,551,0
84,552,0
84,553,0
84,554,1
84,555,0
84,556,0
84,557,0
84,558,0
84,559,0
84,560,1
84,561,0
84,562,0
84,564,0
84,565,0
84,566,0
84,567,0
84,568,1
84,569,1
84,575,1
84,576,1
84,582,1
84,583,1
84,608,0
84,609,0
84,612,1
84,613,1
84,615,1
84,631,0
84,632,0
84,633,0
84,634,0
84,636,0
84,637,1
84,638,0
84,639,0
84,640,0
84,641,1
84,642,1
84,643,0
84,645,0
84,647,0
84,648,0
84,649,1
84,650,1
84,651,0
84,652,1
84,654,1
84,655,0
84,656,0
84,657,0
84,658,0
84,659,0
84,660,0
84,661,0
84,662,0
84,663,1
84,664,0
84,665,0
84,666,0
84,667,0
84,668,0
84,669,0
84,670,0
84,672,0
84,674,1
84,675,0
84,677,0
84,678,0
84,679,0
84,680,0
84,681,0
84,682,0
84,684,0
84,686,0
84,691,0
84,692,0
84,699,0
84,700,0
84,701,1
84,705,0
84,706,0
84,707,1
84,708,0
84,709,0
84,710,0
84,711,0
84,712,0
84,713,0
84,714,0
84,768,0
84,769,0
84,770,0
84,771,1
84,772,1
84,773,0
84,774,0
84,775,0
84,776,0
84,777,0
84,778,0
84,779,1
84,780,0
84,781,0
84,782,0
84,783,0
84,784,0
84,785,0
84,786,0
84,787,0
84,816,0
84,817,0
84,818,0
84,819,0
84,820,0
84,821,0
84,822,0
84,823,0
84,824,0
84,825,0
84,826,0
84,827,0
84,828,0
84,829,1
84,830,1
84,834,0
84,835,0
84,836,1
84,837,0
84,838,0
84,839,0
84,840,1
84,843,0
84,844,0
84,845,1
84,846,1
84,849,1
84,850,1
84,855,1
84,858,0
84,859,1
84,861,1
84,865,0
84,867,1
84,872,1
84,874,1
84,887,1
84,889,1
84,914,0
84,916,0
84,918,0
84,920,0
84,921,0
84,923,0
84,926,0
84,927,0
84,928,0
84,929,0
84,935,0
84,937,0
84,938,0
84,939,0
84,941,0
84,944,0
85,781,1
85,783,1
85,786,1
85,787,0
85,815,0
85,816,0
85,818,1
85,819,1
85,820,0
85,821,0
85,822,0
85,823,0
85,824,0
85,825,0
85,826,0
86,222,0
86,223,0
86,224,0
86,226,0
86,228,0
86,229,0
86,230,0
86,231,0
86,232,0
86,233,0
86,234,0
86,235,0
86,236,0
86,237,1
86,636,0
86,638,1
86,639,0
86,640,1
86,642,1
87,0,0
87,15,0
87,32,0
88,0,0
88,1,0
88,9,0
88,14,1
88,18,0
88,24,0
88,31,0
88,41,0
88,46,0
88,51,0
88,55,0
88,60,0
88,82,0
88,101,0
88,105,0
88,107,0
88,110,0
88,115,0
88,118,0
88,122,0
88,129,0
88,132,0
88,137,0
88,140,0
88,143,0
88,149,0
88,151,0
88,152,1
88,156,0
88,163,0
88,168,0
88,175,0
88,176,0
88,190,0
88,195,0
88,220,0
88,221,0
88,222,0
88,224,0
88,225,0
88,226,0
88,227,0
88,228,0
88,229,0
88,230,0
88,233,0
88,234,0
88,235,0
88,310,0
88,311,0
88,312,0
88,313,0
88,315,0
88,316,1
88,319,0
88,472,0
88,473,0
88,474,1
88,475,0
88,476,1
88,479,0
88,480,0
88,481,0
88,482,0
88,495,1
88,496,1
88,500,0
88,501,1
88,502,1
88,503,1
88,504,0
88,505,1
88,510,1
88,511,1
88,512,0
88,513,1
88,514,0
88,517,1
88,520,0
88,521,1
88,522,1
88,523,1
88,529,1
88,530,1
88,532,1
88,533,1
88,535,1
88,536,0
88,537,1
88,546,0
88,547,0
88,558,1
88,559,0
88,560,0
88,561,0
88,562,1
88,563,0
88,564,0
88,565,0
88,566,0
88,567,0
88,573,1
88,576,1
88,577,0
88,578,0
88,581,1
88,582,1
88,583,1
88,608,0
88,609,0
88,610,1
88,611,0
88,612,1
88,613,0
88,614,1
88,615,1
88,631,0
88,632,0
88,633,0
88,634,0
88,635,0
89,220,0
89,221,0
89,222,0
89,224,0
89,225,0
89,226,0
89,227,0
89,229,0
89,230,0
89,233,0
89,234,0
89,235,0
89,236,0
89,237,0
89,238,0
89,249,0
89,250,0
89,251,0
89,252,0
89,253,0
89,254,0
89,255,0
89,256,0
89,257,0
89,258,0
89,259,0
89,260,0
89,262,0
89,265,0
89,266,0
89,267,0
89,268,1
89,270,0
89,271,0
89,272,0
89,273,0
89,274,0
89,275,0
89,276,0
89,277,0
89,278,0
89,279,0
89,280,0
89,281,0
89,282,0
89,283,0
89,284,0
89,285,0
89,286,0
89,287,0
89,309,1
89,310,0
89,311,0
89,312,0
89,313,0
89,315,0
89,316,0
89,319,0
89,636,0
89,637,0
89,638,0
89,639,1
89,640,0
89,641,0
89,642,0
89,643,0
89,645,0
89,646,0
89,647,0
89,648,0
89,649,0
89,650,1
89,651,0
89,652,0
89,653,0
89,654,1
89,655,1
89,656,0
89,657,0
89,658,0
89,660,1
89,661,0
89,662,0
89,663,1
89,664,0
89,665,0
89,666,0
89,668,0
89,707,0
89,708,0
89,709,0
89,710,0
89,711,0
89,712,0
89,713,0
89,714,0
89,768,0
89,769,0
89,770,0
89,771,1
89,772,0
89,773,0
89,774,0
89,775,0
89,776,0
89,777,0
89,778,0
89,779,0
89,780,0
89,834,0
89,835,0
89,836,0
89,837,0
89,838,0
89,839,0
89,840,0
89,841,0
89,842,0
89,843,0
89,844,0
89,845,0
89,846,0
89,847,0
89,848,0
89,849,0
89,850,0
89,851,0
89,852,0
89,853,0
89,854,0
89,855,0
89,856,0
89,857,0
89,858,0
89,859,0
89,860,0
89,861,0
89,862,0
89,863,0
89,864,0
89,865,0
90,300,0
90,303,0
90,304,0
90,305,0
90,308,1
90,321,0
90,322,0
90,323,0
90,324,1
90,325,0
90,326,0
90,327,1
90,328,0
90,329,0
90,330,0
90,331,0
90,332,0
90,333,0
90,334,0
90,336,0
90,337,0
90,352,1
90,354,0
90,355,0
90,356,0
90,357,0
90,363,1
90,781,1
90,786,1
90,787,0
90,816,1
90,819,1
90,820,1
90,821,1
90,822,0
90,823,1
90,824,1
90,825,1
90,826,0
90,827,1
90,828,1
90,914,0
90,916,1
90,918,0
90,920,1
90,921,1
90,923,1
90,926,1
90,927,1
90,928,1
90,929,1
90,933,1
90,935,1
90,937,1
90,938,1
90,941,0
90,944,0
91,173,1
91,199,0
91,201,0
91,204,0
91,210,0
91,213,0
91,217,0
91,220,0
91,221,0
91,222,0
91,223,0
91,224,0
91,225,0
91,226,0
91,227,0
91,228,0
91,229,0
91,230,0
91,231,0
91,232,0
91,233,0
91,234,0
91,235,0
91,236,0
91,237,0
91,238,0
91,239,0
91,240,0
91,241,0
91,243,0
91,249,0
91,250,0
91,251,0
91,252,0
91,253,0
91,254,0
91,255,0
91,256,0
91,257,0
91,258,0
91,259,0
91,260,0
91,261,0
91,262,0
91,263,0
91,264,0
91,265,0
91,266,0
91,267,0
91,268,0
91,269,1
91,309,1
91,311,0
91,312,0
91,313,1
91,315,0
91,316,0
91,319,0
91,558,0
91,559,1
91,560,1
91,561,0
91,562,1
91,564,1
91,565,0
91,566,0
91,567,0
91,569,1
91,573,1
91,576,1
91,578,1
91,580,0
91,583,1
91,608,1
91,609,1
91,610,1
91,611,1
91,612,1
91,613,1
91,614,0
91,615,0
91,631,0
91,632,0
91,633,0
91,634,0
91,636,0
91,638,0
91,639,0
91,641,0
91,643,0
91,644,0
91,645,0
91,646,0
91,647,0
91,648,0
91,649,1
91,650,1
91,651,1
91,652,1
91,653,1
91,655,0
91,656,1
91,657,1
91,658,0
91,660,0
91,662,1
91,663,1
91,665,0
91,666,0
91,667,0
91,668,0
91,669,0
91,670,0
91,672,0
91,674,0
91,675,0
91,680,1
91,682,0
91,707,1
91,708,0
91,768,0
91,769,1
91,770,0
91,771,1
91,772,1
91,773,1
91,774,1
92,0,0
92,12,0
92,13,0
92,17,0
92,32,1
92,52,0
92,53,0
92,101,0
92,109,0
92,110,0
92,118,0
92,124,0
92,128,0
92,131,0
92,137,1
92,151,0
92,157,0
92,163,0
92,169,0
92,179,1
92,195,0
92,196,0
92,202,0
92,220,0
92,221,0
92,222,1
92,224,0
92,225,0
92,226,0
92,227,0
92,229,0
92,230,0
92,232,0
92,233,0
92,234,0
92,235,0
92,237,0
92,238,1
92,239,0
92,241,0
92,242,0
92,243,0
92,244,0
92,245,0
92,249,0
92,251,0
92,253,0
92,255,0
92,256,0
92,257,0
92,258,0
92,259,0
92,262,0
92,265,0
92,266,0
92,267,0
92,270,0
92,271,0
92,272,0
92,273,0
92,274,0
92,275,0
92,276,0
92,278,0
92,280,0
92,282,0
92,283,0
92,284,0
92,285,0
92,286,0
92,287,0
92,289,0
92,292,0
92,293,0
92,294,0
92,295,0
92,296,0
92,297,0
92,298,0
92,299,0
92,300,0
92,303,0
92,304,0
92,305,0
92,307,1
92,308,0
92,311,1
92,312,0
92,313,1
92,315,0
92,316,0
92,319,1
92,472,1
92,473,1
92,474,1
92,475,1
92,476,0
92,479,1
92,480,1
92,481,0
92,482,1
92,495,1
92,496,1
92,501,1
92,502,1
92,504,1
92,505,1
92,510,1
92,511,1
92,512,1
92,513,0
92,514,0
92,515,1
92,519,1
92,520,1
92,523,1
92,524,1
92,526,1
92,530,1
92,531,1
92,532,1
92,534,1
92,536,0
92,537,1
92,558,0
92,559,1
92,560,0
92,561,0
92,562,1
92,564,0
92,565,0
92,566,1
92,567,1
92,569,1
92,570,0
92,571,1
92,573,1
92,575,1
92,577,1
92,578,1
92,580,1
92,609,1
92,610,1
92,615,1
92,631,0
92,632,1
92,633,1
92,634,1
92,635,0
92,636,1
92,638,1
92,639,1
92,640,1
92,642,1
92,643,1
92,645,1
92,648,0
92,649,1
92,650,1
92,651,0
92,652,1
92,653,1
92,655,0
92,656,0
92,657,0
92,658,1
92,659,0
92,660,0
92,661,1
92,662,1
92,663,0
92,664,0
92,665,1
92,666,1
92,667,0
92,669,0
92,670,1
92,671,0
92,672,1
92,673,0
92,674,1
92,675,0
92,680,1
92,682,0
92,683,1
92,685,1
92,686,0
92,687,1
92,689,0
92,690,0
92,696,0
92,699,1
92,704,0
92,707,1
92,708,1
92,709,1
92,710,1
92,711,0
92,712,1
92,713,0
92,714,0
92,715,1
92,724,1
92,726,0
92,732,0
92,739,1
92,742,1
92,744,1
92,745,0
92,750,1
92,754,1
92,755,0
92,758,0
92,759,0
92,768,1
92,769,0
92,770,1
92,771,1
92,772,1
92,773,1
92,774,1
92,775,1
92,776,1
92,777,1
92,778,1
92,779,1
92,780,1
92,781,1
92,782,1
92,785,0
92,786,1
92,787,0
92,816,1
92,819,1
92,820,1
92,821,1
92,822,0
92,823,1
92,824,1
92,825,0
92,826,1
92,827,0
92,828,1
92,834,0
92,836,0
92,837,1
92,838,1
92,839,1
92,843,1
92,844,1
92,847,0
92,848,0
92,849,1
92,850,0
92,851,0
92,854,1
92,855,0
92,856,1
93,0,0
93,2,0
93,5,0
93,10,0
93,13,0
93,20,0
93,22,0
93,27,0
93,32,0
93,33,0
93,40,0
93,47,0
93,51,0
93,54,0
93,60,0
93,70,0
93,84,0
93,101,0
93,104,0
93,109,0
93,112,0
93,117,0
93,120,0
93,125,0
93,128,0
93,151,0
93,154,0
93,156,0
93,162,0
93,167,0
93,169,0
93,175,0
93,179,0
93,180,0
93,186,0
93,190,0
93,192,0
93,199,0
93,220,0
93,221,0
93,222,0
93,223,0
93,224,0
93,225,0
93,226,0
93,227,0
93,228,0
93,229,0
93,230,0
93,231,0
93,232,0
93,233,0
93,234,0
93,235,0
93,237,0
93,238,0
93,249,0
93,250,0
93,251,0
93,252,0
93,253,0
93,254,0
93,255,0
93,256,0
93,257,0
93,258,0
93,259,0
93,260,0
93,262,0
93,266,0
93,267,0
93,310,0
93,311,0
93,312,0
93,313,0
93,315,0
93,316,0
93,317,0
93,319,0
93,472,0
93,473,0
93,474,1
93,475,0
93,476,0
93,479,1
93,480,0
93,481,0
93,482,1
93,495,0
93,496,1
93,497,1
93,498,0
93,501,0
93,502,0
93,503,0
93,504,0
93,505,0
93,512,0
93,515,1
93,516,1
93,518,1
93,521,0
93,522,1
93,523,0
93,524,1
93,525,1
93,526,1
93,528,0
93,529,0
93,530,1
93,531,1
93,532,0
93,533,1
93,534,1
93,535,1
93,537,1
93,546,0
93,547,0
93,548,1
93,549,1
93,550,0
93,551,0
93,552,0
93,553,0
93,554,0
93,555,0
93,556,0
93,557,0
93,558,0
93,559,1
93,560,1
93,561,1
93,562,0
93,564,0
93,565,0
93,566,0
93,567,0
93,570,1
93,571,1
93,574,0
93,575,1
93,576,0
93,577,1
93,578,1
93,580,1
93,582,1
93,583,0
93,609,1
93,610,1
93,613,0
93,631,0
93,632,0
93,636,0
93,638,0
93,639,1
93,642,0
93,644,0
93,645,0
93,646,0
93,648,0
93,649,1
93,650,1
93,651,0
93,652,1
93,653,0
93,654,1
93,655,0
93,656,0
93,657,1
93,658,0
93,659,0
93,660,0
93,661,0
93,662,0
93,663,0
93,664,0
93,665,0
93,666,0
93,667,0
93,672,0
93,707,0
93,708,0
93,709,0
93,710,0
93,711,1
93,712,0
93,713,0
93,714,0
93,768,0
93,769,0
93,770,0
93,771,0
93,772,1
93,773,1
93,774,1
93,775,0
93,776,1
93,777,0
93,778,0
93,779,0
93,780,0
94,221,0
94,222,0
94,223,0
94,224,0
94,225,0
94,226,0
94,227,0
94,228,0
94,229,0
94,230,0
94,233,0
94,234,0
94,235,0
94,236,0
94,237,0
94,238,0
94,249,0
94,250,0
94,251,0
94,252,0
94,253,0
94,254,0
94,255,0
94,256,0
94,257,1
94,258,1
94,259,0
94,260,1
94,261,0
94,262,0
94,263,0
94,264,0
94,265,0
94,266,0
94,267,0
94,268,1
94,269,1
94,270,0
94,271,1
94,272,1
94,273,0
94,274,0
94,275,0
94,636,0
94,637,0
94,638,1
94,639,1
94,640,0
94,642,0
94,643,0
94,645,0
94,646,0
94,647,0
94,648,0
94,649,1
94,650,1
94,651,1
94,652,1
94,654,1
94,655,1
94,656,1
94,657,0
94,658,1
94,660,1
94,661,1
94,662,0
94,663,0
94,664,1
94,665,0
94,666,1
94,667,0
94,668,0
94,669,1
94,670,0
94,671,1
94,674,1
94,675,0
94,680,1
94,682,0
94,686,0
94,687,1
94,690,0
94,691,0
94,696,1
94,699,0
94,700,1
94,707,0
94,708,0
94,768,0
94,769,0
94,770,1
94,771,0
94,772,1
94,773,0
94,774,0
94,775,0
94,776,1
94,778,0
95,0,0
95,9,1
95,15,0
95,17,0
95,30,1
95,42,0
95,45,0
95,49,0
95,56,0
95,59,0
95,62,0
95,70,0
95,82,0
95,101,0
95,108,0
95,112,0
95,119,0
95,128,0
95,133,0
95,136,0
95,139,0
95,145,1
95,147,0
95,151,0
95,158,0
95,160,0
95,168,0
95,178,0
95,193,0
95,199,1
95,200,1
95,204,0
95,211,0
95,213,1
95,218,0
95,220,1
95,221,0
95,222,0
95,224,0
95,225,0
95,226,0
95,227,0
95,229,0
95,230,0
95,233,0
95,234,1
95,239,0
95,240,0
95,241,0
95,242,0
95,243,0
95,244,0
95,245,0
95,249,0
95,251,0
95,252,0
95,253,0
95,254,0
95,255,0
95,256,0
95,257,0
95,258,0
95,259,0
95,270,0
95,271,0
95,272,0
95,273,0
95,274,0
95,275,0
95,276,0
95,277,0
95,278,0
95,279,0
95,280,0
95,281,0
95,282,0
95,283,0
95,284,0
95,285,0
95,286,0
95,287,0
95,289,0
95,292,0
95,293,0
95,294,0
95,295,0
95,297,0
95,298,0
95,300,0
95,303,0
95,304,0
95,305,0
95,308,0
95,310,0
95,311,0
95,312,0
95,313,0
95,315,0
95,316,0
95,319,0
95,321,0
95,322,0
95,323,0
95,324,0
95,325,0
95,326,0
95,327,0
95,328,0
95,329,0
95,330,0
95,331,0
95,332,0
95,333,0
95,334,0
95,335,0
95,336,0
95,337,0
95,338,0
95,339,0
95,340,0
95,341,0
95,342,0
95,344,0
95,345,0
95,346,0
95,347,0
95,348,1
95,349,0
95,350,0
95,351,0
95,352,0
95,354,0
95,355,0
95,356,0
95,357,0
95,358,0
95,359,1
95,360,0
95,363,0
95,472,0
95,473,1
95,474,1
95,475,0
95,476,1
95,479,0
95,480,0
95,481,1
95,482,1
95,495,1
95,497,1
95,501,1
95,502,1
95,503,0
95,504,0
95,505,0
95,510,1
95,513,1
95,514,1
95,515,1
95,516,0
95,519,1
95,521,1
95,522,0
95,523,1
95,525,0
95,528,0
95,529,1
95,530,0
95,531,1
95,532,0
95,533,1
95,534,1
95,535,0
95,536,0
95,537,1
95,546,1
95,547,0
95,548,1
95,549,0
95,550,0
95,551,0
95,552,0
95,553,0
95,555,1
95,557,1
95,558,0
95,559,0
95,560,1
95,561,1
95,562,1
95,564,0
95,565,1
95,566,1
95,567,1
95,568,1
95,569,1
95,570,1
95,571,1
95,572,1
95,573,0
95,574,0
95,575,0
95,576,1
95,577,0
95,578,0
95,579,1
95,580,1
95,582,0
95,583,1
95,609,1
95,614,0
95,615,0
95,631,0
95,632,1
95,633,0
95,636,0
95,638,1
95,639,1
95,640,1
95,641,1
95,644,0
95,645,0
95,648,0
95,649,0
95,650,0
95,651,1
95,652,1
95,654,1
95,656,1
95,658,1
95,659,1
95,661,1
95,662,1
95,663,1
95,664,0
95,665,0
95,667,0
95,668,0
95,669,0
95,670,0
95,671,0
95,707,0
95,708,0
95,709,0
95,710,1
95,711,1
95,712,0
95,713,0
95,714,0
95,718,0
95,719,0
95,722,1
95,723,0
95,724,0
95,725,1
95,726,0
95,731,0
95,732,0
95,733,0
95,735,0
95,738,1
95,746,1
95,748,1
95,749,0
95,768,0
95,769,1
95,770,0
95,771,1
95,772,0
95,773,0
95,774,0
95,775,1
95,776,0
95,777,0
95,778,0
95,779,1
95,780,0
95,782,1
95,786,1
95,787,1
95,788,0
95,789,0
95,798,1
95,800,1
95,802,1
95,813,0
95,816,1
95,817,1
95,819,1
95,820,0
95,821,0
95,822,1
95,823,1
95,824,0
95,825,1
95,826,0
95,827,0
95,828,0
95,829,0
95,830,0
95,834,0
95,836,1
95,837,1
95,839,0
95,840,1
95,843,1
95,845,0
95,846,1
95,847,0
95,848,0
95,850,0
95,851,1
95,853,1
95,854,0
95,855,1
95,856,0
95,914,0
95,916,0
95,917,0
95,918,0
95,919,0
95,920,0
95,921,0
95,923,0
95,924,0
95,925,0
95,926,0
95,927,0
95,928,0
95,929,0
95,933,0
95,935,0
95,936,0
95,937,0
95,938,0
95,939,0
95,940,0
95,941,0
95,942,0
95,943,0
95,944,0
95,946,0
95,947,0
95,959,0
95,961,1
95,967,0
95,971,1
95,974,1
95,976,1
95,979,0
95,1000,0
95,1008,0
96,222,0
96,223,0
96,224,0
96,225,0
96,226,0
96,227,0
96,228,0
96,229,0
96,230,0
96,233,0
96,234,0
96,238,1
97,415,1
97,417,1
97,419,1
97,420,1
97,421,1
97,426,0
97,427,0
97,430,0
97,432,0
97,434,0
97,435,0
97,437,0
97,439,1
97,440,0
97,442,0
97,443,0
97,450,0
97,455,0
97,459,0
97,461,0
97,462,0
97,465,0
97,466,1
97,467,0
97,468,0
97,470,0
98,286,0
98,287,0
98,288,0
98,289,0
98,291,0
98,292,0
98,293,0
98,294,0
98,295,0
98,297,0
98,298,0
98,299,0
98,321,0
98,322,0
98,323,0
98,324,0
98,325,0
98,326,0
98,327,0
98,328,0
98,329,0
98,330,0
98,331,0
98,332,0
98,333,0
98,334,0
98,335,0
98,336,0
98,337,0
98,339,0
98,348,0
98,352,0
98,354,0
98,355,0
98,356,0
98,357,0
98,358,0
98,360,0
98,363,0
98,781,1
98,784,1
98,786,1
98,787,0
98,788,0
98,789,1
98,797,1
98,799,1
98,801,1
98,803,1
98,809,1
98,815,1
98,816,0
98,817,1
98,819,0
98,820,1
98,821,0
98,822,1
98,823,0
98,824,1
98,825,1
98,826,0
98,827,1
98,828,1
98,829,1
98,830,1
98,914,0
98,916,0
98,918,0
98,920,0
98,921,0
98,923,1
98,928,0
98,929,0
98,935,0
98,937,0
98,938,0
98,941,0
98,944,0
98,946,0
98,959,0
98,960,1
98,961,1
98,963,0
98,964,1
98,965,0
98,966,0
98,967,1
98,970,1
98,971,0
98,972,1
98,973,0
98,975,0
98,977,1
98,978,0
99,0,0
99,4,0
99,10,0
99,13,1
99,17,0
99,32,0
99,37,0
99,46,0
99,49,0
99,53,0
99,57,0
99,81,0
99,101,0
99,106,0
99,110,0
99,116,0
99,119,0
99,125,0
99,128,0
99,132,0
99,141,0
99,151,0
99,155,0
99,157,0
99,163,0
99,171,0
99,175,0
99,177,0
99,184,0
99,190,0
99,193,0
99,220,0
99,221,0
99,222,0
99,223,0
99,224,0
99,225,0
99,226,0
99,227,0
99,228,0
99,229,0
99,230,0
99,231,0
99,232,0
99,233,0
99,234,0
99,235,0
99,236,0
99,237,0
99,238,0
99,239,0
99,240,0
99,241,0
99,242,0
99,243,0
99,244,0
99,245,0
99,246,1
99,249,0
99,250,0
99,251,0
99,252,0
99,253,0
99,254,0
99,255,0
99,256,0
99,257,0
99,258,0
99,259,0
99,260,1
99,262,0
99,265,0
99,266,0
99,267,0
99,270,0
99,271,0
99,272,0
99,273,0
99,274,0
99,275,0
99,276,0
99,277,1
99,278,0
99,280,0
99,292,0
99,293,0
99,294,0
99,295,0
99,298,0
99,299,0
99,300,0
99,301,0
99,309,0
99,310,0
99,311,0
99,312,0
99,313,0
99,314,0
99,315,0
99,316,0
99,317,0
99,318,1
99,319,0
99,321,0
99,322,0
99,325,0
99,326,0
99,331,0
99,472,0
99,473,1
99,474,0
99,475,0
99,476,1
99,479,0
99,480,0
99,481,1
99,482,0
99,494,1
99,495,1
99,500,1
99,502,1
99,503,1
99,504,0
99,505,1
99,510,1
99,511,1
99,512,1
99,513,1
99,514,1
99,515,1
99,519,1
99,520,0
99,523,1
99,524,0
99,525,1
99,528,1
99,529,1
99,530,1
99,531,1
99,532,0
99,533,0
99,535,1
99,536,0
99,537,1
99,546,0
99,547,1
99,558,1
99,559,1
99,560,1
99,561,0
99,562,1
99,564,0
99,565,0
99,566,0
99,567,0
99,569,1
99,570,1
99,573,1
99,576,0
99,577,1
99,582,1
99,608,0
99,610,1
99,614,1
99,631,0
99,632,0
99,633,0
99,634,1
99,635,0
99,636,0
99,637,1
99,638,1
99,639,1
99,640,1
99,642,0
99,644,0
99,645,0
99,646,0
99,647,1
99,648,0
99,649,1
99,650,1
99,651,1
99,652,1
99,654,1
99,655,1
99,656,1
99,657,0
99,659,0
99,660,1
99,661,0
99,662,0
99,663,1
99,664,1
99,666,0
99,667,1
99,668,0
99,669,1
99,670,0
99,671,1
99,672,0
99,682,1
99,707,1
99,708,1
99,709,1
99,710,1
99,711,1
99,712,1
99,713,1
99,714,1
99,715,1
99,716,0
99,717,1
99,718,1
99,720,0
99,721,1
99,732,0
99,736,1
99,739,0
99,741,1
99,751,1
99,753,1
99,754,0
99,755,1
99,756,0
99,757,0
99,758,0
99,759,1
99,760,0
99,761,1
99,768,1
99,769,1
99,770,0
99,771,1
99,772,1
99,773,1
99,774,0
99,775,1
99,776,1
99,777,0
99,778,0
99,779,1
99,780,1
99,834,0
99,837,1
99,838,1
99,843,1
99,844,1
99,845,0
99,846,1
99,847,0
99,850,1
99,852,1
99,856,1
99,858,0
99,862,0
99,865,1
100,226,0
100,230,0
100,231,0
100,232,0
100,233,0
100,234,0
100,235,0
100,236,0
100,237,0
100,238,0
100,239,0
100,240,0
100,241,0
100,242,0
100,243,0
100,244,0
100,245,0
100,246,0
100,248,0
100,249,0
100,250,0
100,251,0
100,252,0
100,253,0
100,254,0
100,255,0
100,256,0
100,257,0
100,258,0
100,259,0
100,260,0
100,262,0
100,264,0
100,265,0
100,266,0
100,267,0
100,268,0
100,270,0
100,271,0
100,272,0
100,273,0
100,274,0
100,275,0
100,276,0
100,277,0
100,278,0
100,279,0
100,280,0
100,281,0
100,282,0
100,283,0
100,284,0
100,285,0
100,286,0
100,287,0
100,288,1
100,289,0
100,636,0
100,637,1
100,639,1
100,641,1
100,643,1
100,645,0
100,647,1
100,649,1
100,650,0
100,651,1
100,652,1
100,653,1
100,655,1
100,656,1
100,657,0
100,660,1
100,661,1
100,663,1
100,664,0
100,665,1
100,666,1
100,667,1
100,668,0
100,669,0
100,670,0
100,671,1
100,707,1
100,708,1
100,709,0
100,710,1
100,711,1
100,712,0
100,713,0
100,714,0
100,768,1
100,769,0
100,770,1
100,771,1
100,772,1
100,773,0
100,774,0
100,775,1
100,776,0
100,777,0
100,778,0
100,779,0
100,780,0
100,781,1
100,784,1
100,786,0
100,787,1
100,815,1
100,816,1
100,818,1
100,819,0
100,820,1
100,821,0
100,822,0
100,823,1
100,824,1
100,825,0
101,0,0
101,2,0
101,8,0
101,10,0
101,15,0
101,20,0
101,30,0
101,40,0
101,43,0
101,45,0
101,50,0
101,54,0
101,60,0
101,68,0
101,71,0
101,75,0
101,79,0
101,82,0
101,85,0
101,90,0
101,94,0
101,99,0
101,101,0
101,102,0
101,108,0
101,113,0
101,114,0
101,128,0
101,151,0
101,154,0
101,157,0
101,160,0
101,166,0
101,171,0
101,173,0
101,176,0
101,180,0
101,186,0
101,189,0
101,194,0
101,199,0
101,220,0
101,221,0
101,222,0
101,223,0
101,224,0
101,225,0
101,226,0
101,227,0
101,228,0
101,229,0
101,230,0
101,231,0
101,232,0
101,233,0
101,234,0
101,235,0
101,236,0
101,237,0
101,238,0
101,239,0
101,243,0
101,244,0
101,245,0
101,249,0
101,250,1
101,251,0
101,252,0
101,253,0
101,254,0
101,255,0
101,256,0
101,257,0
101,258,1
101,259,0
101,260,0
101,262,0
101,265,0
101,266,0
101,267,0
101,268,0
101,270,0
101,271,0
101,272,0
101,273,0
101,274,0
101,275,0
101,276,0
101,277,0
101,278,0
101,279,0
101,280,0
101,281,0
101,282,0
101,283,0
101,284,0
101,285,0
101,292,0
101,293,0
101,294,0
101,295,0
101,297,0
101,298,0
101,299,0
101,300,0
101,301,0
101,302,0
101,303,0
101,305,0
101,309,0
101,310,0
101,311,0
101,312,0
101,313,0
101,314,0
101,315,0
101,316,0
101,317,0
101,319,0
101,321,0
101,322,0
101,323,0
101,324,1
101,325,0
101,326,0
101,327,0
101,328,0
101,329,0
101,330,0
101,331,0
101,332,0
101,333,0
101,334,0
101,335,0
101,336,0
101,337,0
101,339,0
101,348,0
101,351,0
101,352,0
101,353,0
101,354,0
101,355,0
101,356,0
101,357,0
101,358,0
101,359,0
101,360,0
101,362,1
101,363,0
101,364,0
101,365,0
101,366,0
101,367,0
101,376,0
101,472,0
101,473,0
101,474,1
101,475,0
101,476,0
101,479,0
101,480,0
101,481,0
101,482,1
101,494,1
101,495,1
101,500,0
101,501,1
101,502,1
101,503,1
101,505,1
101,510,1
101,511,1
101,512,1
101,513,1
101,514,1
101,515,0
101,516,1
101,520,0
101,521,1
101,522,1
101,523,0
101,525,1
101,526,1
101,528,0
101,529,0
101,530,1
101,531,1
101,532,0
101,533,0
101,535,1
101,536,1
101,537,1
101,546,0
101,547,0
101,548,0
101,549,0
101,551,0
101,558,0
101,559,0
101,560,0
101,561,1
101,562,1
101,563,1
101,564,0
101,565,0
101,566,0
101,567,0
101,568,1
101,569,1
101,571,0
101,573,1
101,574,0
101,576,0
101,577,1
101,579,1
101,580,1
101,582,0
101,583,1
101,593,1
101,599,1
101,608,0
101,609,0
101,610,0
101,611,1
101,612,0
101,613,0
101,614,0
101,615,0
101,631,0
101,632,0
101,633,0
101,634,0
101,635,0
101,636,0
101,637,0
101,639,1
101,640,0
101,641,0
101,643,0
101,645,0
101,646,0
101,648,0
101,649,1
101,650,1
101,651,1
101,652,0
101,653,1
101,654,1
101,655,0
101,656,0
101,657,0
101,658,0
101,659,0
101,660,0
101,661,1
101,662,1
101,663,0
101,664,0
101,666,0
101,667,0
101,668,0
101,669,0
101,670,0
101,671,0
101,707,0
101,708,1
101,709,0
101,710,0
101,711,0
101,712,0
101,713,0
101,714,0
101,716,0
101,719,0
101,721,0
101,722,0
101,724,0
101,726,0
101,727,0
101,731,0
101,732,1
101,734,0
101,736,0
101,737,0
101,738,0
101,742,0
101,744,0
101,746,0
101,749,0
101,750,1
101,753,0
101,754,0
101,755,0
101,756,0
101,757,0
101,758,0
101,759,0
101,760,0
101,761,0
101,762,0
101,763,0
101,764,0
101,765,0
101,766,0
101,768,0
101,769,1
101,770,0
101,771,1
101,772,1
101,773,0
101,774,0
101,775,1
101,776,0
101,777,0
101,778,0
101,779,1
101,780,0
101,782,1
101,785,1
101,787,1
101,788,0
101,789,0
101,816,0
101,818,0
101,819,0
101,820,0
101,821,0
101,822,0
101,823,0
101,824,1
101,825,0
101,826,0
101,827,0
101,828,0
101,829,0
101,830,0
101,834,0
101,836,1
101,837,0
101,838,0
101,839,1
101,840,0
101,843,0
101,845,0
101,846,0
101,847,0
101,848,0
101,849,0
101,850,0
101,851,0
101,852,0
101,853,0
101,854,0
101,855,0
101,856,0
101,857,0
101,858,1
101,860,0
101,862,0
101,863,0
101,864,0
101,892,1
101,893,0
101,894,0
101,895,1
101,896,1
101,897,1
101,898,0
101,899,1
101,900,1
101,903,0
101,904,0
101,905,0
101,906,0
101,907,0
101,908,0
101,909,0
101,914,0
101,916,0
101,918,0
101,920,0
101,921,0
101,922,0
101,923,0
101,926,0
101,927,0
101,928,0
101,929,0
101,934,0
101,935,0
101,937,0
101,938,0
101,941,0
101,944,0
101,945,0
101,946,0
101,947,0
101,950,0
101,951,0
101,953,0
101,954,0
101,955,0
101,956,0
101,959,0
101,960,0
101,961,0
101,965,1
101,966,0
101,970,0
101,971,0
101,973,0
101,976,0
101,977,1
101,978,0
101,979,0
101,982,0
101,984,1
101,985,1
101,986,0
101,988,0
101,989,0
101,992,0
101,993,0
101,996,0
101,997,0
101,999,0
101,1000,0
101,1001,0
101,1003,0
101,1005,1
101,1006,0
101,1009,0
101,1011,0
101,1026,1
101,1028,0
101,1029,0
101,1031,0
101,1032,0
101,1034,0
101,1035,0
101,1037,0
101,1038,0
102,0,0
102,1,0
102,5,0
102,9,0
102,14,0
102,18,0
102,22,0
102,25,0
102,32,0
102,35,0
102,40,0
102,41,0
102,48,0
102,49,0
102,55,0
102,57,0
102,62,0
102,65,0
102,71,0
102,76,0
102,79,0
102,82,0
102,92,0
102,100,0
102,101,0
102,109,0
102,112,0
102,115,0
102,119,0
102,125,0
103,415,1
103,417,1
103,418,0
103,421,0
103,422,0
103,426,0
103,427,0
103,430,0
103,432,0
103,434,0
103,435,0
104,0,0
104,321,0
104,322,0
104,323,0
104,324,0
104,325,0
104,326,0
104,327,0
104,328,0
104,329,0
104,330,0
104,331,0
104,332,0
104,333,0
104,334,0
104,335,0
104,336,0
104,337,0
104,338,0
104,339,0
104,340,0
104,341,0
104,342,0
104,343,0
104,345,0
104,347,0
104,348,0
104,349,0
104,350,0
104,351,0
104,352,0
104,354,0
104,355,0
104,356,0
104,357,0
104,358,0
104,363,0
104,364,0
104,365,0
104,366,0
104,367,0
104,370,0
104,371,1
104,374,0
104,379,0
104,380,0
104,382,0
104,383,0
104,386,0
104,387,0
104,388,0
104,389,0
104,390,0
104,391,0
104,392,0
104,393,0
104,394,0
104,395,0
104,396,0
104,397,0
104,398,0
104,399,0
104,400,0
104,402,0
104,403,0
104,404,0
104,405,0
104,406,0
104,407,0
104,415,1
104,417,0
104,418,0
104,419,0
104,421,0
104,422,0
104,426,0
104,430,0
104,432,0
104,434,0
104,435,0
104,437,0
104,439,0
104,440,0
104,441,0
104,442,0
104,443,0
104,445,0
104,446,0
104,447,1
104,449,0
104,450,0
104,451,0
104,452,0
104,453,0
104,454,0
104,455,0
104,457,0
104,461,0
104,462,1
104,463,0
104,464,0
104,465,0
104,466,0
104,467,0
104,468,0
104,469,0
104,470,0
104,831,1
104,832,1
104,833,0
104,892,1
104,893,0
104,894,1
104,895,1
104,896,1
104,897,0
104,898,1
104,903,0
104,904,0
104,905,0
104,906,0
104,908,0
104,909,0
104,910,0
104,911,0
104,912,0
104,913,0
104,914,0
104,916,0
104,917,0
104,918,0
104,920,0
104,921,0
104,923,0
104,926,0
104,927,0
104,928,0
104,929,0
104,930,0
104,935,0
104,936,0
104,937,1
104,938,0
104,939,1
104,940,0
104,941,0
104,944,0
104,945,0
104,946,0
104,947,0
104,950,0
104,951,0
104,952,1
104,953,0
104,954,0
104,955,0
104,956,0
104,959,0
104,960,0
104,961,1
104,962,0
104,963,0
104,964,1
104,965,1
104,966,1
104,967,0
104,969,0
104,970,1
104,972,0
104,973,1
104,975,1
104,976,0
104,977,0
104,978,0
104,979,1
104,986,1
104,1005,0
104,1009,0
104,1010,0
104,1012,0
104,1014,1
104,1016,1
104,1017,0
104,1018,0
104,1019,0
104,1020,1
104,1021,0
104,1022,0
104,1023,0
104,1024,1
104,1025,1
104,1026,0
104,1027,0
104,1028,0
104,1029,0
104,1031,0
104,1037,0
104,1039,0
104,1040,0
104,1041,0
104,1042,1
104,1043,0
104,1044,0
104,1045,0
104,1048,1
104,1050,0
104,1084,0
104,1085,0
104,1088,0
104,1089,1
104,1091,0
104,1092,1
104,1103,1
104,1105,0
104,1106,1
104,1107,1
104,1108,0
104,1109,1
104,1110,0
104,1111,0
104,1112,0
104,1113,0
104,1114,0
104,1115,1
104,1117,1
104,1119,1
104,1120,0
104,1121,0
104,1122,0
104,1123,0
104,1127,1
104,1129,1
104,1132,1
104,1133,0
104,1135,0
104,1138,0
104,1139,0
104,1141,1
104,1142,1
104,1145,1
104,1146,0
104,1152,0
104,1154,0
104,1155,0
104,1158,1
104,1159,0
104,1160,1
104,1161,1
104,1162,0
104,1163,0
104,1164,1
104,1165,0
104,1166,0
104,1167,0
104,1168,1
104,1169,1
104,1170,0
104,1171,0
104,1172,0
104,1173,0
104,1174,0
104,1175,0
104,1176,0
104,1177,0
104,1178,0
104,1179,0
104,1180,0
104,1181,0
104,1182,0
104,1183,0
104,1184,0
104,1185,0
104,1186,0
104,1187,0
104,1188,0
104,1189,0
104,1190,0
104,1191,0
104,1192,0
104,1193,0
104,1194,0
104,1195,0
104,1196,0
104,1197,0
104,1198,0
104,1199,0
104,1200,0
104,1201,0
104,1202,0
104,1203,0
104,1204,0
104,1205,0
105,782,1
105,786,1
105,787,0
105,815,0
105,816,1
105,817,0
105,818,1
105,819,0
105,820,0
105,821,0
105,822,1
105,823,1
105,824,0
105,825,0
106,409,0
106,410,0
106,411,0
106,412,0
106,413,0
106,414,0
106,415,0
106,416,0
106,417,0
106,418,0
106,419,0
106,420,0
106,421,0
106,422,0
106,423,1
106,424,0
106,425,0
106,426,0
106,427,0
106,428,0
106,429,0
106,430,0
106,431,0
106,432,0
106,434,0
106,435,0
106,436,0
106,437,0
106,438,1
106,892,1
106,893,0
106,894,1
106,895,1
106,896,1
106,897,0
106,898,1
106,900,1
106,901,1
106,902,1
106,903,1
106,904,0
106,905,1
106,906,1
106,907,0
106,908,0
106,909,0
106,910,1
106,911,0
106,912,0
106,913,0
107,240,0
107,241,0
107,244,0
107,246,0
107,248,0
107,249,0
107,250,1
107,251,0
107,253,0
107,254,0
107,255,0
107,256,0
107,257,0
107,258,0
107,259,0
107,260,0
107,262,0
107,266,1
107,636,0
107,638,1
107,639,1
107,640,0
107,642,1
107,643,0
107,644,1
107,645,0
107,646,1
107,647,0
107,648,0
107,649,1
107,650,1
107,651,1
107,652,1
107,653,1
107,655,1
107,657,0
107,659,1
107,660,1
107,661,0
107,662,0
107,663,0
107,664,1
107,665,1
107,666,1
107,667,0
107,668,0
107,669,0
107,670,0
107,672,1
107,674,1
107,675,0
107,680,1
107,682,1
107,684,1
107,707,0
107,708,1
107,709,0
107,710,0
107,711,1
107,712,0
107,713,0
107,714,0
107,768,1
107,769,1
107,770,1
107,771,1
107,772,1
107,773,0
107,774,0
107,775,0
107,776,1
107,777,0
107,778,0
107,779,0
107,780,1
108,0,0
108,4,1
108,9,0
108,13,0
108,20,0
108,30,1
108,39,0
108,43,0
108,45,0
108,51,0
108,54,0
108,57,1
108,70,1
108,83,0
108,101,0
108,109,0
108,112,1
108,121,0
108,125,0
108,126,0
108,133,0
108,151,1
108,156,1
108,161,1
108,171,0
108,177,0
108,193,0
108,197,0
108,201,1
108,210,0
108,220,0
108,221,0
108,224,0
108,225,0
108,226,0
108,227,0
108,229,0
108,230,0
108,233,0
108,234,0
108,243,0
108,249,0
108,250,1
108,251,1
108,252,1
108,253,0
108,254,0
108,255,1
108,256,0
108,257,0
108,258,1
108,259,1
108,260,1
108,262,0
108,263,0
108,265,0
108,266,1
108,267,0
108,268,0
108,309,0
108,310,0
108,311,0
108,312,0
108,313,0
108,315,0
108,316,0
108,317,0
108,319,0
108,472,1
108,473,1
108,474,1
108,475,1
108,476,1
108,479,0
108,480,1
108,481,1
108,482,1
108,494,1
108,497,1
108,500,1
108,502,1
108,503,0
108,504,1
108,505,1
108,510,1
108,511,1
108,512,1
108,513,1
108,515,1
108,516,0
108,520,1
108,521,0
108,523,1
108,526,1
108,529,1
108,530,1
108,531,1
108,532,0
108,533,1
108,534,1
108,536,1
108,537,1
108,546,1
108,547,1
108,548,1
108,549,1
108,550,0
108,551,1
108,552,1
108,553,1
108,555,1
108,556,1
108,558,1
108,559,1
108,560,1
108,561,1
108,562,0
108,564,1
108,565,1
108,566,1
108,567,1
108,568,1
108,569,1
108,573,1
108,577,1
108,580,1
108,583,1
108,608,1
108,609,1
108,610,0
108,611,1
108,612,1
108,613,1
108,614,1
108,615,1
108,631,1
108,632,1
108,633,1
108,634,0
108,635,0
108,636,1
108,637,1
108,639,1
108,640,1
108,641,1
108,644,1
108,645,1
108,648,0
108,649,1
108,650,1
108,651,1
108,652,1
108,654,1
108,655,0
108,656,0
108,657,0
108,658,0
108,659,0
108,660,1
108,661,1
108,663,1
108,664,0
108,665,1
108,666,1
108,667,0
108,668,0
108,669,0
108,670,1
108,672,1
108,707,1
108,708,1
108,709,1
108,710,0
108,712,1
108,768,1
108,769,1
108,770,1
108,771,1
108,772,1
108,773,0
108,774,0
108,775,1
108,776,1
108,777,0
108,778,0
108,779,1
108,780,1
109,249,0
109,250,0
109,251,0
109,253,0
109,254,0
109,255,0
109,256,0
109,257,0
109,258,0
109,259,0
109,260,0
109,270,0
109,272,1
109,273,0
109,274,0
109,275,0
109,276,0
109,277,0
109,278,0
109,279,0
109,280,0
109,281,0
109,282,0
109,283,0
109,284,0
109,285,0
109,286,0
109,287,0
109,288,0
109,289,0
109,291,0
109,321,0
109,322,0
109,324,0
109,326,0
109,327,0
109,328,0
109,329,0
109,330,0
109,331,0
109,332,0
109,673,0
109,676,0
109,683,1
109,689,1
109,691,1
109,696,1
109,699,0
109,703,0
109,704,0
109,707,0
109,708,0
109,768,0
109,769,0
109,770,0
109,771,1
109,772,1
109,773,0
109,774,0
109,775,1
109,776,0
109,777,0
109,778,0
109,779,1
109,780,0
109,781,1
109,785,1
109,787,1
109,815,1
109,819,1
109,820,1
109,821,0
109,822,0
109,823,1
109,824,1
109,825,0
109,826,0
109,827,0
109,828,0
110,0,0
110,2,1
110,12,0
110,15,0
110,18,0
110,21,0
110,31,0
110,41,0
110,46,0
110,50,0
110,53,0
110,57,0
110,84,0
110,101,0
110,107,0
110,110,0
110,120,0
110,124,0
110,129,0
110,132,0
110,136,0
110,140,0
110,144,0
110,149,0
110,150,0
110,151,0
110,154,0
110,156,0
110,163,0
110,164,0
110,169,0
110,173,0
110,176,0
110,181,0
110,187,0
110,189,0
110,195,0
110,220,0
110,221,0
110,222,0
110,223,0
110,224,0
110,225,0
110,226,0
110,227,0
110,228,0
110,229,0
110,230,0
110,231,0
110,232,0
110,233,0
110,234,0
110,235,0
110,236,0
110,237,0
110,238,0
110,239,0
110,240,0
110,241,0
110,242,0
110,243,0
110,244,0
110,245,0
110,246,0
110,249,0
110,250,0
110,251,0
110,252,0
110,253,0
110,254,0
110,255,0
110,256,0
110,257,0
110,258,0
110,259,0
110,260,0
110,262,0
110,264,0
110,265,0
110,266,0
110,267,0
110,268,0
110,269,0
110,270,0
110,271,0
110,272,0
110,273,0
110,274,0
110,275,0
110,276,0
110,277,0
110,278,0
110,279,0
110,280,0
110,281,0
110,282,0
110,283,0
110,284,0
110,285,0
110,287,0
110,292,0
110,293,0
110,295,0
110,297,0
110,298,0
110,299,0
110,300,0
110,302,0
110,309,0
110,310,0
110,311,0
110,312,0
110,313,0
110,314,0
110,315,0
110,316,0
110,317,0
110,318,0
110,319,0
110,321,0
110,322,0
110,324,0
110,325,0
110,326,0
110,329,0
110,330,0
110,331,0
110,472,0
110,473,1
110,474,0
110,475,1
110,476,1
110,479,0
110,480,0
110,481,1
110,482,0
110,494,0
110,495,1
110,499,1
110,501,1
110,502,1
110,504,1
110,505,0
110,512,1
110,514,0
110,515,0
110,516,1
110,518,1
110,520,0
110,521,0
110,522,1
110,523,0
110,524,1
110,525,0
110,526,0
110,527,0
110,528,0
110,529,0
110,530,0
110,531,0
110,532,0
110,533,0
110,534,1
110,537,0
110,546,0
110,547,0
110,548,0
110,549,0
110,550,0
110,551,0
110,552,0
110,553,0
110,556,0
110,558,0
110,559,0
110,560,0
110,561,0
110,562,0
110,564,0
110,565,0
110,566,0
110,567,0
110,569,0
110,570,1
110,574,1
110,575,1
110,577,1
110,581,1
110,583,1
110,608,1
110,610,1
110,611,0
110,612,0
110,614,0
110,615,0
110,631,0
110,632,0
110,633,0
110,636,0
110,637,0
110,638,0
110,639,0
110,640,1
110,641,0
110,642,0
110,643,1
110,644,0
110,645,0
110,646,0
110,647,1
110,648,0
110,649,1
110,650,1
110,651,1
110,652,1
110,653,1
110,655,0
110,656,0
110,657,0
110,658,0
110,659,0
110,660,0
110,661,1
110,662,1
110,663,0
110,665,1
110,666,1
110,667,0
110,668,0
110,669,0
110,670,0
110,671,0
110,674,1
110,675,0
110,681,1
110,682,0
110,683,0
110,686,1
110,688,0
110,689,1
110,690,1
110,691,0
110,693,0
110,696,0
110,699,0
110,702,1
110,703,0
110,707,0
110,708,0
110,709,0
110,710,0
110,711,0
110,712,0
110,713,0
110,714,0
110,717,0
110,722,0
110,724,0
110,725,0
110,727,1
110,728,0
110,730,0
110,731,0
110,733,0
110,734,0
110,737,0
110,738,0
110,739,1
110,740,0
110,741,0
110,742,1
110,743,0
110,748,0
110,751,1
110,752,1
110,755,1
110,757,0
110,758,0
110,761,0
110,768,0
110,769,0
110,770,0
110,771,0
110,772,0
110,773,0
110,774,0
110,775,1
110,776,0
110,777,0
110,778,0
110,779,0
110,780,0
110,781,1
110,782,1
110,786,1
110,787,0
110,788,0
110,789,0
110,799,0
110,818,1
110,819,0
110,820,0
110,821,0
110,822,0
110,823,0
110,824,1
110,825,0
110,826,0
110,827,0
110,828,0
110,829,0
110,830,0
110,834,0
110,839,1
110,840,1
110,841,0
110,842,1
110,843,0
110,844,0
110,845,0
110,846,0
110,847,0
110,848,0
110,849,0
110,850,0
110,851,0
110,852,0
110,853,1
110,854,0
110,855,0
110,856,0
110,857,0
110,858,0
110,859,0
110,860,0
110,861,0
110,862,0
110,864,0
110,865,0
110,866,0
110,867,0
110,871,0
110,872,1
110,874,0
110,876,0
110,877,0
110,879,0
110,881,0
110,884,1
110,885,1
110,887,0
110,889,0
110,890,0
111,3,0
111,7,0
111,10,0
111,15,0
111,18,0
111,30,0
111,53,0
111,312,0
111,558,0
111,559,0
111,560,0
111,561,0
111,562,0
111,564,0
111,565,1
111,566,1
111,567,0
111,569,1
111,575,1
111,577,1
111,582,1
111,583,1
111,608,1
111,613,0
111,614,0
111,631,1
111,632,0
111,633,0
111,634,0
111,635,0
112,44,0
112,62,0
112,65,0
112,72,0
112,74,0
112,79,0
112,86,0
112,95,0
112,100,0
112,101,0
112,106,0
113,0,0
113,1,0
113,8,0
113,10,0
113,14,0
113,19,0
113,22,0
113,32,0
113,36,0
113,42,0
113,46,0
113,49,0
113,53,0
113,57,0
113,63,0
113,66,0
113,69,0
113,76,0
113,78,0
113,81,0
113,87,0
113,90,0
113,95,0
113,98,0
113,101,0
113,105,0
113,107,0
113,113,0
113,115,0
113,119,0
113,125,0
113,126,0
113,132,0
113,136,0
113,138,0
113,151,0
113,159,0
113,163,0
113,170,0
113,173,1
113,179,0
113,189,0
113,195,0
113,197,0
113,201,0
113,204,0
113,211,0
113,219,0
113,220,0
113,221,0
113,222,0
113,223,0
113,224,0
113,225,0
113,226,0
113,227,0
113,228,0
113,229,0
113,230,0
113,231,0
113,232,0
113,233,0
113,234,0
113,235,0
113,236,0
113,237,0
113,238,0
113,239,0
113,240,0
113,241,0
113,242,0
113,243,0
113,244,0
113,245,0
113,246,1
113,249,0
113,250,0
113,251,0
113,252,0
113,253,0
113,254,0
113,255,0
113,256,0
113,257,0
113,258,0
113,259,0
113,260,0
113,262,0
113,270,0
113,271,0
113,272,0
113,273,0
113,274,0
113,275,0
113,276,0
113,277,0
113,278,0
113,279,0
113,280,0
113,281,0
113,282,0
113,283,0
113,284,0
113,285,0
113,286,1
113,287,0
113,292,0
113,293,0
113,294,0
113,295,0
113,297,0
113,298,0
113,299,0
113,300,0
113,301,0
113,303,0
113,304,0
113,305,0
113,307,1
113,308,0
113,309,1
113,310,1
113,311,0
113,312,0
113,313,1
113,314,0
113,315,0
113,316,0
113,317,0
113,318,0
113,319,0
113,472,1
113,473,1
113,474,1
113,475,1
113,476,0
113,479,0
113,480,0
113,481,0
113,482,0
113,495,1
113,503,1
113,504,1
113,505,1
113,510,1
113,513,1
113,515,0
113,519,1
113,522,1
113,523,1
113,524,1
113,525,1
113,526,1
113,527,1
113,528,1
113,529,0
113,530,1
113,532,1
113,534,1
113,535,1
113,537,0
113,546,0
113,547,1
113,548,0
113,549,0
113,558,0
113,559,0
113,560,0
113,561,0
113,562,0
113,564,0
113,565,0
113,566,0
113,567,0
113,569,0
113,573,0
113,576,0
113,577,0
113,578,1
113,579,0
113,580,0
113,581,0
113,582,0
113,583,1
113,584,1
113,591,1
113,608,0
113,609,0
113,611,1
113,613,0
113,614,1
113,615,1
113,631,0
113,632,0
113,633,0
113,634,0
113,635,0
113,636,0
113,637,1
113,638,1
113,639,1
113,640,0
113,641,1
113,642,0
113,643,0
113,646,0
113,648,0
113,649,1
113,650,0
113,651,0
113,652,1
113,653,0
113,654,1
113,655,1
113,656,1
113,657,0
113,660,1
113,661,0
113,662,1
113,663,1
113,664,1
113,665,0
113,666,1
113,667,0
113,668,0
113,669,0
113,670,0
113,671,0
113,672,0
113,674,1
113,675,0
113,676,0
113,677,1
113,678,0
113,682,0
113,684,0
113,685,0
113,686,0
113,687,0
113,691,0
113,693,0
113,699,0
113,702,1
113,703,0
113,707,0
113,708,0
113,709,0
113,710,0
113,711,1
113,712,1
113,713,0
113,714,0
113,717,0
113,720,1
113,733,0
113,768,0
113,769,0
113,770,0
113,771,1
113,772,1
113,773,0
113,774,0
113,775,1
113,776,1
113,777,0
113,778,0
113,779,0
113,780,0
113,781,1
113,782,1
113,785,1
113,787,0
113,816,0
113,817,1
113,819,1
113,821,1
113,822,0
113,823,0
113,834,0
113,835,0
113,836,1
113,837,1
113,838,0
113,839,0
113,840,0
113,843,1
113,844,0
113,845,0
113,846,1
113,847,0
113,848,0
113,849,0
113,850,0
113,851,0
113,852,1
113,853,0
113,855,0
113,856,1
113,857,0
113,859,0
113,860,0
113,862,0
113,865,0
113,866,0
113,867,0
113,868,0
113,869,1
113,871,1
113,874,0
113,877,0
113,879,0
113,880,0
113,881,1
113,882,0
113,883,0
113,884,1
113,885,0
113,887,1
113,889,0
113,890,0
113,891,0
114,0,0
114,11,0
114,13,0
114,18,0
114,24,0
114,29,1
114,43,0
114,46,0
114,49,0
114,54,1
114,59,0
114,73,1
114,83,0
114,96,0
114,99,1
114,101,0
114,106,0
114,113,0
114,118,0
114,126,0
114,130,0
114,135,1
114,151,0
114,156,0
114,161,0
114,170,0
114,176,0
114,195,0
114,199,1
114,203,0
114,220,0
114,221,0
114,222,0
114,225,0
114,226,0
114,227,0
114,228,0
114,229,1
114,230,0
114,233,0
114,234,1
114,239,0
114,240,0
114,241,0
114,242,0
114,243,0
114,244,0
114,245,0
114,249,0
114,250,0
114,251,0
114,252,0
114,253,0
114,254,0
114,255,0
114,256,0
114,257,0
114,258,0
114,259,0
114,260,0
114,262,0
114,265,0
114,266,1
114,267,0
114,268,0
114,270,0
114,271,0
114,272,0
114,273,0
114,274,0
114,275,0
114,276,0
114,277,0
114,278,1
114,279,1
114,280,0
114,281,0
114,282,0
114,283,0
114,284,0
114,285,1
114,292,0
114,293,0
114,294,0
114,295,0
114,298,0
114,299,1
114,309,1
114,311,0
114,312,0
114,313,1
114,315,0
114,316,0
114,319,0
114,321,0
114,322,0
114,326,0
114,473,0
114,475,1
114,476,0
114,479,0
114,480,1
114,481,0
114,482,0
114,494,0
114,497,1
114,499,1
114,500,1
114,502,1
114,503,1
114,505,1
114,511,1
114,514,0
114,515,1
114,518,1
114,520,1
114,522,1
114,523,1
114,524,1
114,528,1
114,529,0
114,530,1
114,531,1
114,532,0
114,533,1
114,534,1
114,536,1
114,537,1
114,546,0
114,547,1
114,548,1
114,549,0
114,558,0
114,559,1
114,560,0
114,561,0
114,562,1
114,564,1
114,565,1
114,566,1
114,567,1
114,569,0
114,571,1
114,573,1
114,574,1
114,577,1
114,582,1
114,583,1
114,608,0
114,609,1
114,610,0
114,611,1
114,612,1
114,613,1
114,614,0
114,615,0
114,631,0
114,632,1
114,633,1
114,636,0
114,638,1
114,639,1
114,640,1
114,641,0
114,643,0
114,645,0
114,648,0
114,649,1
114,650,0
114,651,1
114,652,1
114,654,1
114,655,1
114,656,1
114,657,0
114,659,1
114,660,1
114,661,0
114,663,1
114,664,1
114,665,1
114,667,0
114,669,0
114,672,0
114,707,0
114,708,1
114,709,0
114,710,1
114,711,1
114,712,1
114,713,1
114,714,0
114,768,1
114,769,0
114,770,1
114,771,1
114,772,0
114,773,0
114,774,0
114,775,1
114,776,1
114,777,1
114,778,0
114,779,1
114,780,0
114,782,0
114,785,1
114,786,1
114,787,1
114,788,1
114,789,0
114,793,1
114,800,0
114,816,1
114,818,1
114,820,1
114,821,0
114,822,1
114,823,1
114,824,0
114,825,1
114,826,1
114,827,0
114,828,0
114,829,0
114,830,0
114,834,0
114,836,0
114,837,1
114,839,1
114,843,1
114,845,1
114,846,0
114,847,0
114,848,0
114,849,1
114,852,0
114,854,1
114,855,1
114,861,0
114,862,1
115,606,0
115,631,0
116,223,0
116,230,0
116,231,0
116,232,0
116,233,0
116,234,0
116,235,0
116,236,0
116,237,0
116,238,0
116,239,0
116,240,0
116,241,0
116,242,0
116,243,0
116,244,0
116,245,1
116,249,0
116,250,0
116,251,0
116,252,0
116,253,0
116,254,0
116,255,0
116,256,0
116,257,0
116,258,0
116,259,0
116,260,0
116,262,0
116,263,0
116,264,1
116,265,0
116,266,0
116,267,0
116,268,0
116,269,0
116,636,0
116,638,1
116,639,0
116,640,1
116,642,0
116,643,0
116,645,0
116,646,0
116,647,0
116,649,1
116,650,1
116,651,0
116,652,0
116,653,0
116,654,1
116,655,1
116,656,1
116,657,0
116,658,0
116,659,0
116,660,0
116,661,1
116,662,0
116,663,1
116,664,1
116,665,0
116,666,0
116,667,1
116,669,0
116,671,0
116,707,0
116,708,1
116,768,0
116,769,0
116,770,0
116,771,1
116,772,1
116,773,0
116,774,0
117,43,0
117,57,0
117,81,1
118,270,0
118,272,1
118,273,1
118,274,0
118,275,0
118,276,0
118,277,0
118,278,0
118,279,0
118,280,0
118,281,0
118,282,0
118,283,0
118,284,0
118,285,0
118,287,0
118,292,0
118,293,0
118,294,0
118,295,0
118,297,0
118,298,0
118,299,0
118,300,0
118,303,0
118,304,0
118,305,0
118,307,1
118,308,0
118,321,0
118,322,1
118,323,0
118,324,0
118,325,0
118,326,0
118,327,0
118,328,0
118,329,0
118,330,0
118,331,0
118,332,0
118,333,0
118,334,0
118,335,0
118,336,0
118,337,0
118,338,0
118,339,0
118,344,0
118,347,0
118,350,1
118,351,0
118,352,0
118,354,0
118,355,0
118,356,1
118,357,0
118,755,0
118,757,0
118,758,0
118,766,1
118,782,1
118,786,1
118,787,1
118,816,1
118,817,1
118,820,1
118,821,0
118,822,1
118,823,1
118,824,1
118,825,1
118,826,0
118,827,0
118,828,0
118,834,0
118,836,1
118,837,1
118,840,1
118,844,0
118,845,1
118,846,1
118,848,1
118,850,1
118,851,0
118,852,0
118,853,0
118,854,1
118,855,0
118,856,0
118,860,1
118,862,0
118,863,1
118,865,0
118,914,0
118,915,1
118,916,0
118,917,1
118,918,0
118,920,0
118,921,0
118,923,0
118,924,0
118,926,0
118,927,0
118,928,1
118,929,0
118,931,0
118,932,0
118,933,1
118,934,1
118,935,0
118,936,0
118,937,0
118,938,0
118,939,0
118,940,0
119,276,0
119,277,0
119,279,0
119,280,0
119,281,0
119,282,0
119,283,0
119,284,0
119,285,0
119,286,0
119,287,0
119,288,1
119,289,0
119,292,0
119,321,0
119,322,0
119,323,0
119,324,0
119,325,0
119,326,0
119,327,0
119,328,0
119,329,0
119,330,0
119,331,0
119,332,0
119,333,0
119,334,0
119,335,0
119,336,0
119,337,0
119,339,0
119,340,0
119,341,0
119,342,0
119,343,0
119,344,0
119,345,0
119,346,0
119,347,0
119,348,0
119,350,0
119,352,0
119,354,0
119,355,0
119,356,0
119,357,0
119,358,0
119,359,0
119,360,0
119,363,0
119,781,1
119,786,1
119,787,1
119,788,0
119,789,0
119,790,1
119,791,1
119,794,1
119,809,1
119,811,0
119,813,0
119,814,0
119,815,1
119,816,0
119,820,1
119,821,0
119,822,0
119,823,1
119,824,1
119,825,1
119,826,0
119,827,1
119,828,1
119,829,1
119,830,1
119,834,0
119,837,1
119,838,1
119,843,1
119,844,0
119,845,1
119,846,1
119,847,1
119,848,1
119,850,1
119,851,0
119,853,0
119,856,1
119,858,1
119,859,0
119,865,1
119,867,1
119,872,1
119,876,1
119,892,0
119,893,0
119,894,0
119,895,1
119,896,1
119,897,0
119,898,1
119,899,1
119,900,1
119,901,1
119,902,1
119,904,0
119,914,0
119,916,1
119,917,0
119,918,0
119,920,0
119,921,0
119,923,0
119,924,0
119,926,0
119,927,0
119,928,0
119,929,0
119,934,0
119,935,0
119,937,0
119,938,0
119,941,0
119,944,0
119,946,0
119,947,0
119,950,0
119,951,0
119,953,0
119,954,0
119,955,1
119,959,0
119,961,1
119,965,0
119,966,0
119,968,1
119,969,1
119,974,1
119,975,0
119,976,1
119,977,0
119,978,0
119,979,0
119,982,0
119,983,0
119,984,0
119,985,0
119,986,0
119,987,0
119,988,0
119,989,0
119,992,1
119,993,1
119,994,0
119,995,1
119,997,0
119,998,0
119,1000,0
119,1003,1
119,1004,0
119,1005,0
119,1006,0
119,1008,0
119,1009,0
119,1010,1
119,1012,0
119,1013,1
119,1014,0
119,1015,1
119,1016,1
119,1017,0
119,1020,0
119,1021,1
119,1022,1
119,1023,0
119,1024,1
119,1025,0
119,1026,1
119,1028,0
119,1033,1
119,1034,0
119,1036,0
119,1037,0
120,270,0
120,272,0
120,273,1
120,274,0
120,275,0
120,276,0
120,277,0
120,278,0
120,279,0
120,280,0
120,281,0
120,282,0
120,283,1
120,292,0
120,293,0
120,294,0
120,295,0
120,296,0
120,297,0
120,298,0
120,299,0
120,300,0
120,302,0
120,321,0
120,322,0
120,323,0
120,324,0
120,325,0
120,326,0
120,327,0
120,328,0
120,329,0
120,330,0
120,331,0
120,332,0
120,333,0
120,334,0
120,335,0
120,336,0
120,337,0
120,338,1
120,339,0
120,348,0
120,352,0
120,353,0
120,354,0
120,355,0
120,356,0
120,357,0
120,363,0
120,364,0
120,365,0
120,366,0
120,367,0
120,368,0
120,369,1
120,370,0
120,371,0
120,372,0
120,373,0
120,374,0
120,375,0
120,376,0
120,377,0
120,378,0
120,379,0
120,380,0
120,381,0
120,382,0
120,383,0
120,384,0
120,385,0
120,386,0
120,387,0
120,388,0
120,389,0
120,390,0
120,391,0
120,392,0
120,393,0
120,394,0
120,395,0
120,396,0
120,400,0
120,402,0
120,404,0
120,405,0
120,407,0
120,412,0
120,415,1
120,417,0
120,418,0
120,421,0
120,422,0
120,426,0
120,427,0
120,428,0
120,429,0
120,430,0
120,432,0
120,434,0
120,435,0
120,436,0
120,437,0
120,707,0
120,708,0
120,709,0
120,710,0
120,768,0
120,769,1
120,770,0
120,771,1
120,772,0
120,773,0
120,774,0
120,775,0
120,776,0
120,777,0
120,778,1
120,779,0
120,780,0
120,781,0
120,785,1
120,786,1
120,787,1
120,788,0
120,816,0
120,819,1
120,820,0
120,821,0
120,822,1
120,823,0
120,824,1
120,825,0
120,826,0
120,827,0
120,828,0
120,829,0
120,830,0
120,831,0
120,832,0
120,833,0
120,834,0
120,836,1
120,837,1
120,839,0
120,840,1
120,843,1
120,844,1
120,845,0
120,847,1
120,848,0
120,849,0
120,850,0
120,851,0
120,852,0
120,853,0
120,855,0
120,856,0
120,857,0
120,858,0
120,859,0
120,860,0
120,861,0
120,862,0
120,863,0
120,864,0
120,865,0
120,876,0
120,877,0
120,892,1
120,893,0
120,894,0
120,895,1
120,897,0
120,898,1
120,903,0
120,904,0
120,905,0
120,906,0
120,907,0
120,908,0
120,909,0
120,910,0
120,911,0
120,912,0
120,913,0
120,914,0
120,915,0
120,916,0
120,918,0
120,920,0
120,921,0
120,922,0
120,923,0
120,924,0
120,926,0
120,927,0
120,928,0
120,929,0
120,930,0
120,931,0
120,932,0
120,933,0
120,934,0
120,935,0
120,936,0
120,937,0
120,938,0
120,939,0
120,940,0
120,941,0
120,944,0
120,945,0
120,946,0
120,947,0
120,948,0
120,949,0
120,950,0
120,951,0
120,953,0
120,954,0
120,955,0
120,956,0
120,957,0
120,958,0
120,959,0
120,961,0
120,963,0
120,972,0
120,973,0
120,976,0
120,978,0
120,979,0
120,993,0
120,1001,0
120,1006,0
120,1009,0
120,1010,0
120,1011,1
120,1015,0
120,1017,1
120,1018,0
120,1024,0
120,1025,0
120,1026,0
120,1027,0
120,1028,1
120,1029,1
120,1033,0
120,1034,0
120,1036,0
120,1037,0
121,240,0
121,241,0
121,242,0
121,246,0
121,249,0
121,251,0
121,253,0
121,254,0
121,255,0
121,256,0
121,257,0
121,258,1
121,259,0
121,636,1
121,637,1
121,639,0
121,640,0
121,642,1
121,644,0
121,645,0
121,646,0
121,648,0
121,649,1
121,650,1
121,651,1
121,653,0
121,655,1
121,656,0
121,657,1
121,659,1
121,661,1
121,662,1
121,663,0
121,664,1
121,666,1
121,667,1
121,668,0
121,669,0
121,671,0
121,672,0
121,675,0
121,676,0
121,677,0
121,679,0
121,681,1
121,682,0
121,684,1
121,685,0
122,558,0
122,559,0
122,560,0
122,561,0
122,562,1
122,564,0
122,565,0
122,566,0
122,567,0
122,568,0
122,569,1
122,572,1
122,573,1
122,576,1
122,577,0
122,582,1
122,583,1
122,608,1
122,609,0
122,612,1
122,614,1
122,615,0
122,631,0
122,632,0
122,633,0
122,634,0
123,300,0
123,301,0
123,303,0
123,304,0
123,305,0
123,307,0
123,308,0
123,321,0
123,322,0
123,323,0
123,324,1
123,325,0
123,326,0
123,327,0
123,328,1
123,329,0
123,330,0
123,331,0
123,332,0
123,333,0
123,334,1
123,335,0
123,336,0
123,337,0
123,338,1
123,339,0
123,340,0
123,341,0
123,344,0
123,345,0
123,346,0
123,347,0
123,349,0
123,350,0
123,352,0
123,354,0
123,355,0
123,357,0
123,782,1
123,785,1
123,786,1
123,787,0
123,788,0
123,789,0
123,792,1
123,793,1
123,795,0
123,800,1
123,810,0
123,815,0
123,817,1
123,818,1
123,819,1
123,820,1
123,821,1
123,822,0
123,823,0
123,824,1
123,825,0
123,826,0
123,827,0
123,828,0
123,829,1
123,830,1
123,914,0
123,916,1
123,918,0
123,920,1
123,921,1
123,923,0
123,926,1
123,927,0
123,928,0
123,929,0
123,935,0
123,937,0
123,938,0
124,0,1
124,12,0
124,16,0
124,18,0
124,24,0
124,31,1
124,52,0
124,53,0
124,101,0
124,107,0
124,111,0
124,118,0
124,124,0
124,127,0
124,133,0
124,135,1
124,151,0
124,153,0
124,159,1
124,162,0
124,168,1
124,174,1
124,176,0
124,185,1
124,190,0
124,195,0
124,198,0
124,202,0
124,220,0
124,221,0
124,222,0
124,223,0
124,224,0
124,225,0
124,226,0
124,227,0
124,228,0
124,229,0
124,233,0
124,234,1
124,249,0
124,250,1
124,251,0
124,252,0
124,253,0
124,254,0
124,255,0
124,256,0
124,257,0
124,258,1
124,259,0
124,260,1
124,262,0
124,266,0
124,267,0
124,270,0
124,271,0
124,272,0
124,273,0
124,274,0
124,275,0
124,276,0
124,277,0
124,278,0
124,279,0
124,280,1
124,282,0
124,283,0
124,284,0
124,285,0
124,286,0
124,287,0
124,289,0
124,292,0
124,293,0
124,294,0
124,295,0
124,296,0
124,297,0
124,298,0
124,299,0
124,300,0
124,301,0
124,303,0
124,304,0
124,305,0
124,308,0
124,309,0
124,310,0
124,311,0
124,312,0
124,313,0
124,314,0
124,315,1
124,316,0
124,317,0
124,318,0
124,319,0
124,320,0
124,321,0
124,322,0
124,323,0
124,324,0
124,325,0
124,326,0
124,327,0
124,328,0
124,329,0
124,330,0
124,331,0
124,332,0
124,333,0
124,335,0
124,472,0
124,473,1
124,474,1
124,475,1
124,476,1
124,479,1
124,480,0
124,481,0
124,482,1
124,495,1
124,496,1
124,498,1
124,502,1
124,504,1
124,505,1
124,510,1
124,511,1
124,512,1
124,513,1
124,514,1
124,515,0
124,516,1
124,518,1
124,521,1
124,523,1
124,524,1
124,529,1
124,530,0
124,531,0
124,532,0
124,533,1
124,534,1
124,535,0
124,537,1
124,546,0
124,547,0
124,548,1
124,549,1
124,550,0
124,551,0
124,552,1
124,553,0
124,555,0
124,556,1
124,558,0
124,559,1
124,560,1
124,561,0
124,562,1
124,564,0
124,565,0
124,566,0
124,567,0
124,569,0
124,570,1
124,573,1
124,575,1
124,576,1
124,577,1
124,580,1
124,611,1
124,612,1
124,615,0
124,624,1
124,629,0
124,630,1
124,631,1
124,632,1
124,633,0
124,634,1
124,635,0
124,636,0
124,638,0
124,639,1
124,640,1
124,642,0
124,644,1
124,645,1
124,647,0
124,649,1
124,650,0
124,651,0
124,652,1
124,653,0
124,654,1
124,655,1
124,657,1
124,659,1
124,661,1
124,663,1
124,664,0
124,666,0
124,667,1
124,670,0
124,671,0
124,707,0
124,708,0
124,709,0
124,710,0
124,711,1
124,712,0
124,713,0
124,714,0
124,717,1
124,724,0
124,725,0
124,726,0
124,728,1
124,731,0
124,733,1
124,738,1
124,768,1
124,769,1
124,770,0
124,771,0
124,772,1
124,773,0
124,774,0
124,775,0
124,776,1
124,777,1
124,778,0
124,779,0
124,780,0
124,784,1
124,786,1
124,787,1
124,815,1
124,816,0
124,818,0
124,819,1
124,820,0
124,821,1
124,822,0
124,823,0
124,824,0
124,825,1
124,826,0
124,827,1
124,828,0
124,834,0
124,836,1
124,837,1
124,840,1
124,843,0
124,844,0
124,845,1
124,846,0
124,847,1
124,849,1
124,850,0
124,852,1
124,856,1
124,862,0
124,864,0
124,865,1
125,220,0
125,221,0
125,222,0
125,223,0
125,224,0
125,225,0
125,226,0
125,227,0
125,228,0
125,229,0
125,230,0
125,233,0
125,234,0
125,235,0
125,236,0
125,237,0
125,238,0
125,249,0
125,250,0
125,251,0
125,252,0
125,253,0
125,254,0
125,255,0
125,256,0
125,257,0
125,258,0
125,259,0
125,260,0
125,262,0
125,263,0
125,265,0
125,266,0
125,267,0
125,268,0
125,269,0
125,270,0
125,271,0
125,272,0
125,274,0
125,275,0
125,309,0
125,310,0
125,311,0
125,312,0
125,313,0
125,314,0
125,315,0
125,316,0
125,317,0
125,318,1
125,319,0
125,558,0
125,559,1
125,560,1
125,561,1
125,562,1
125,564,0
125,565,0
125,566,1
125,567,0
125,568,1
125,569,1
125,570,0
125,571,1
125,572,0
125,573,1
125,574,0
125,575,0
125,576,1
125,577,0
125,578,1
125,582,0
125,583,1
125,584,1
125,609,1
125,612,1
125,615,0
125,631,0
125,632,0
125,633,0
125,634,0
125,636,0
125,637,1
125,638,1
125,639,1
125,640,0
125,641,1
125,642,1
125,643,1
125,645,0
125,648,0
125,649,1
125,650,0
125,651,0
125,652,0
125,653,1
125,654,0
125,655,1
125,658,1
125,660,1
125,661,1
125,662,1
125,663,0
125,664,1
125,665,1
125,666,0
125,667,0
125,668,0
125,669,0
125,670,0
125,671,0
125,707,0
125,708,0
125,709,0
125,710,1
125,711,1
125,712,1
125,713,0
125,714,0
125,717,0
125,719,0
125,721,0
125,722,0
125,723,0
125,724,0
125,726,0
125,732,0
125,733,1
125,734,0
125,735,0
125,749,0
125,768,1
125,769,1
125,770,1
125,771,1
125,772,1
125,773,0
125,774,0
125,775,1
125,776,1
125,777,1
125,778,0
125,779,1
125,780,1
126,0,0
126,2,0
126,11,0
126,14,0
126,18,0
126,24,0
126,30,0
126,38,0
126,43,1
126,47,1
126,49,0
126,56,0
126,58,0
126,71,0
126,73,0
126,80,0
126,84,0
126,101,0
126,109,0
126,110,0
126,117,0
126,118,0
126,125,0
126,128,0
126,132,0
126,135,0
126,140,0
126,144,0
126,151,0
126,157,0
126,163,0
126,169,0
126,172,0
126,177,0
126,192,0
126,198,0
126,202,0
126,205,0
126,209,0
126,220,0
126,221,0
126,222,0
126,223,0
126,224,0
126,225,0
126,226,0
126,227,0
126,228,0
126,229,0
126,230,0
126,231,0
126,232,0
126,233,0
126,234,0
126,235,0
126,236,0
126,237,0
126,238,0
126,239,0
126,240,0
126,241,0
126,243,0
126,244,0
126,245,0
126,249,0
126,250,0
126,251,0
126,252,0
126,253,0
126,254,0
126,255,0
126,256,0
126,257,0
126,258,0
126,259,0
126,260,0
126,262,0
126,265,0
126,266,0
126,267,0
126,268,0
126,270,0
126,271,0
126,272,0
126,273,0
126,274,0
126,275,0
126,276,0
126,277,0
126,278,0
126,279,0
126,280,0
126,281,0
126,292,0
126,309,1
126,311,0
126,312,0
126,313,0
126,315,0
126,316,0
126,319,1
126,472,0
126,473,0
126,474,0
126,475,1
126,476,1
126,477,0
126,478,0
126,479,1
126,480,1
126,481,1
126,482,0
126,494,1
126,495,0
126,499,1
126,500,1
126,502,1
126,503,1
126,505,1
126,510,1
126,513,1
126,514,1
126,515,1
126,520,1
126,522,0
126,524,0
126,528,1
126,529,1
126,530,0
126,532,0
126,533,1
126,534,1
126,536,1
126,537,1
126,538,1
126,546,0
126,547,0
126,548,0
126,549,0
126,550,0
126,551,0
126,552,0
126,553,0
126,554,0
126,555,0
126,556,1
126,557,0
126,558,0
126,559,0
126,560,1
126,561,0
126,562,0
126,564,0
126,565,0
126,566,0
126,567,0
126,569,1
126,571,1
126,574,0
126,575,1
126,576,1
126,581,1
126,582,1
126,592,1
126,593,0
126,598,1
126,608,0
126,609,0
126,614,1
126,629,1
126,631,0
126,632,0
126,633,0
126,634,0
126,635,0
126,636,0
126,637,0
126,638,0
126,639,0
126,640,0
126,641,0
126,642,1
126,643,0
126,645,0
126,646,0
126,647,0
126,648,0
126,649,0
126,650,1
126,651,0
126,652,1
126,653,0
126,655,0
126,656,0
126,657,0
126,658,0
126,659,0
126,660,0
126,661,0
126,662,0
126,663,0
126,664,0
126,665,0
126,666,1
126,667,0
126,668,0
126,670,0
126,671,0
126,672,0
126,707,0
126,708,0
126,709,0
126,710,0
126,711,1
126,712,0
126,713,0
126,714,0
126,722,0
126,723,0
126,724,0
126,725,0
126,727,0
126,729,0
126,731,1
126,732,0
126,733,1
126,734,0
126,735,0
126,737,0
126,740,0
126,741,0
126,742,0
126,744,0
126,748,0
126,749,0
126,750,0
126,752,0
126,757,0
126,758,0
126,768,0
126,769,0
126,770,0
126,771,1
126,772,1
126,773,0
126,774,0
126,775,1
126,776,1
126,777,0
126,778,0
126,779,0
126,780,1
126,834,0
126,835,0
126,836,0
126,837,0
126,838,1
126,839,0
126,840,0
126,841,0
126,842,0
126,843,0
126,844,0
126,845,0
126,846,0
126,847,0
126,848,0
126,849,0
126,850,0
126,851,0
126,852,0
126,853,0
126,855,0
126,856,0
126,857,0
126,858,0
126,859,0
126,860,0
126,861,0
126,862,0
126,863,0
126,864,0
126,865,0
126,866,0
126,867,0
126,868,0
126,869,0
126,870,0
126,871,0
126,872,0
126,874,0
126,875,0
126,876,0
126,877,0
126,878,0
126,879,0
126,880,0
126,881,0
126,882,0
126,883,0
126,884,0
126,885,1
126,887,0
126,888,0
126,889,0
126,890,0
127,197,0
127,207,0
127,212,0
127,218,0
127,558,0
127,559,1
127,561,0
127,562,1
127,564,0
127,565,0
127,566,0
127,567,0
127,576,1
127,577,1
127,582,0
127,583,1
127,608,1
127,611,0
127,613,1
127,614,1
127,631,0
127,632,0
128,222,0
128,223,0
128,224,0
128,228,0
128,229,0
128,230,0
128,233,0
128,234,0
128,235,0
128,237,0
128,238,0
128,239,0
128,241,0
128,242,0
128,243,0
128,244,0
128,245,0
128,246,0
128,247,0
128,248,0
128,249,0
128,251,0
128,252,0
128,253,0
128,254,0
128,255,0
128,256,0
128,257,1
128,258,0
128,259,0
128,260,0
128,270,0
128,271,0
128,272,0
128,273,0
128,274,0
128,275,0
128,276,0
128,277,0
128,278,0
128,279,1
128,280,0
128,281,0
128,282,0
128,283,0
128,284,0
128,285,0
128,286,0
128,287,0
128,288,0
128,289,0
128,291,1
128,636,1
128,638,0
128,639,1
128,640,1
128,641,1
128,642,0
128,643,0
128,646,0
128,648,0
128,649,1
128,650,0
128,651,1
128,652,1
128,654,1
128,655,1
128,656,1
128,657,1
128,658,0
128,659,0
128,660,0
128,661,0
128,664,1
128,665,1
128,666,1
128,667,0
128,669,0
128,670,0
128,672,0
128,674,1
128,675,0
128,677,1
128,678,0
128,679,0
128,680,0
128,681,1
128,682,0
128,687,0
128,689,0
128,690,0
128,691,0
128,692,0
128,695,0
128,696,0
128,697,0
128,698,0
128,699,0
128,705,0
128,706,1
128,707,0
128,708,1
128,709,0
128,710,0
128,711,1
128,712,0
128,713,0
128,714,0
128,718,1
128,720,0
128,723,0
128,725,0
128,728,1
128,729,1
128,731,0
128,736,0
128,737,0
128,738,1
128,740,1
128,744,0
128,746,0
128,747,0
128,748,0
128,750,0
128,754,0
128,755,1
128,756,0
128,757,0
128,758,0
128,759,0
128,760,0
128,761,0
128,762,0
128,763,1
128,764,0
128,765,1
128,766,0
128,767,0
128,768,1
128,769,0
128,770,1
128,771,1
128,772,1
128,773,0
128,774,0
128,775,1
128,776,1
128,777,0
128,778,1
128,779,1
128,780,1
129,0,0
130,240,0
130,241,0
130,244,0
130,246,0
130,249,0
130,251,0
130,253,0
130,254,1
130,255,0
130,256,0
130,257,0
130,258,1
130,259,0
130,262,0
130,266,0
130,267,1
130,636,0
130,637,0
130,639,1
130,640,1
130,641,0
130,642,0
130,643,0
130,645,0
130,648,0
130,649,0
130,650,0
130,651,1
130,652,0
130,654,1
130,655,0
130,656,0
130,657,0
130,658,0
130,659,0
130,660,1
130,661,1
130,662,1
130,663,0
130,664,1
130,666,0
130,671,0
130,707,1
130,708,1
130,709,1
130,710,0
130,711,1
130,712,0
130,713,0
130,714,0
130,768,1
130,769,1
130,770,0
130,771,1
130,772,1
130,773,0
130,774,0
130,775,1
130,776,0
130,777,1
130,778,0
130,779,0
130,780,1
131,696,0
131,697,0
131,704,0
131,707,0
131,708,0
131,768,0
131,769,0
131,770,0
132,0,0
132,1,0
132,6,0
132,11,0
132,14,1
132,19,0
132,21,0
132,31,0
132,36,0
132,39,0
132,41,0
132,45,0
132,49,0
132,54,0
132,60,0
132,61,0
132,67,0
132,72,0
132,73,0
132,77,0
132,83,0
132,99,1
132,101,0
132,103,0
132,107,0
132,111,0
132,121,0
132,125,0
132,129,0
132,131,0
132,136,1
132,151,0
132,152,0
132,159,0
132,163,0
132,169,0
132,172,1
132,176,0
132,186,0
132,189,1
132,193,0
132,199,0
132,201,0
132,211,0
132,220,0
132,221,0
132,222,0
132,223,0
132,224,0
132,225,0
132,226,0
132,227,0
132,228,0
132,229,0
132,230,0
132,233,0
132,234,0
132,235,0
132,236,0
132,237,0
132,238,0
132,249,0
132,250,0
132,251,0
132,252,0
132,253,0
132,254,0
132,255,0
132,256,0
132,257,0
132,258,0
132,259,0
132,260,0
132,261,0
132,262,0
132,263,1
132,265,0
132,266,0
132,267,0
132,268,0
132,269,0
132,270,0
132,271,0
132,272,0
132,273,0
132,274,0
132,275,0
132,276,0
132,277,0
132,278,0
132,279,0
132,280,0
132,281,0
132,282,0
132,283,0
132,284,0
132,285,0
132,287,1
132,292,0
132,293,0
132,294,0
132,295,0
132,296,0
132,297,0
132,298,0
132,299,0
132,300,0
132,301,0
132,302,0
132,303,0
132,304,0
132,305,0
132,307,0
132,308,0
132,309,0
132,310,0
132,311,0
132,312,0
132,313,0
132,314,0
132,315,0
132,316,0
132,317,0
132,318,0
132,319,1
132,321,0
132,322,0
132,323,0
132,324,0
132,325,0
132,326,0
132,327,0
132,328,0
132,329,0
132,330,0
132,331,0
132,332,0
132,333,0
132,334,0
132,335,0
132,336,0
132,337,0
132,339,0
132,344,0
132,345,0
132,346,0
132,347,0
132,348,0
132,350,0
132,352,0
132,353,0
132,354,0
132,355,0
132,356,0
132,357,0
132,358,0
132,359,0
132,360,0
132,361,0
132,362,0
132,363,0
132,364,0
132,365,0
132,366,0
132,367,0
132,370,0
132,373,0
132,374,0
132,377,0
132,379,0
132,381,0
132,386,0
132,387,0
132,388,0
132,389,0
132,390,0
132,392,0
132,393,0
132,394,0
132,395,0
132,401,0
132,402,0
132,403,0
132,404,0
132,405,0
132,406,0
132,407,0
132,408,0
132,472,0
132,473,0
132,474,0
132,475,0
132,476,1
132,479,0
132,480,0
132,481,0
132,482,0
132,494,1
132,495,0
132,496,0
132,497,0
132,498,1
132,499,1
132,500,1
132,501,0
132,502,0
132,503,0
132,504,0
132,505,0
132,510,1
132,511,1
132,512,1
132,513,1
132,514,0
132,515,0
132,517,1
132,519,0
132,520,0
132,521,0
132,522,0
132,523,1
132,526,0
132,530,0
132,531,1
132,532,1
132,533,0
132,534,0
132,535,0
132,536,1
132,537,0
132,558,0
132,559,1
132,560,0
132,561,0
132,562,1
132,564,0
132,565,0
132,566,0
132,567,0
132,568,1
132,569,0
132,570,1
132,571,0
132,572,0
132,573,1
132,574,0
132,575,0
132,576,0
132,577,1
132,578,1
132,579,1
132,580,1
132,582,0
132,583,0
132,601,0
132,604,0
132,609,1
132,610,0
132,611,0
132,612,0
132,613,0
132,615,0
132,623,0
132,624,1
132,625,0
132,626,0
132,627,0
132,629,0
132,630,1
132,631,0
132,632,0
132,636,1
132,638,0
132,639,1
132,640,1
132,642,1
132,644,1
132,645,1
132,647,0
132,649,1
132,650,0
132,651,1
132,652,1
132,653,0
132,656,1
132,657,1
132,658,1
132,660,0
132,661,1
132,662,1
132,663,1
132,664,0
132,665,1
132,667,0
132,668,0
132,669,0
132,670,0
132,671,0
132,672,0
132,675,0
132,680,1
132,682,1
132,684,1
132,707,1
132,708,1
132,709,1
132,710,1
132,711,0
132,712,1
132,713,0
132,714,0
132,715,1
132,717,1
132,719,1
132,720,1
132,727,1
132,733,0
132,737,0
132,738,1
132,743,1
132,745,1
132,747,0
132,748,0
132,751,0
132,752,0
132,753,0
132,754,0
132,756,1
132,758,1
132,759,0
132,760,1
132,761,0
132,765,0
132,767,1
132,768,1
132,769,1
132,770,1
132,771,0
132,772,0
132,773,0
132,774,0
132,775,0
132,776,0
132,777,0
132,778,0
132,779,1
132,780,1
132,782,1
132,783,1
132,786,1
132,787,0
132,815,0
132,819,1
132,820,0
132,821,1
132,822,0
132,823,1
132,824,1
132,825,1
132,826,0
132,827,1
132,828,0
132,831,0
132,833,0
132,834,0
132,836,1
132,837,1
132,838,1
132,839,0
132,840,1
132,843,0
132,844,1
132,845,1
132,846,0
132,851,0
132,852,0
132,854,1
132,855,1
132,856,1
132,861,0
132,865,0
132,892,1
132,893,0
132,894,1
132,895,1
132,896,1
132,897,1
132,898,0
132,899,1
132,900,1
132,901,1
132,902,1
132,903,0
132,904,0
132,905,0
132,906,0
132,907,0
132,908,0
132,909,0
132,911,0
132,914,0
132,916,0
132,917,0
132,918,0
132,919,0
132,920,0
132,921,0
132,922,0
132,923,0
132,924,1
132,925,0
132,926,0
132,927,0
132,928,0
132,929,0
132,930,0
132,934,0
132,935,0
132,936,0
132,937,0
132,938,0
132,941,0
132,944,0
132,946,0
132,947,0
132,950,0
132,951,0
132,953,0
132,954,0
132,955,0
132,959,0
132,961,1
132,963,0
132,964,0
132,965,0
132,966,0
132,967,0
132,969,0
132,970,1
132,972,1
132,974,0
132,975,1
132,976,0
132,977,0
132,979,1
132,997,0
132,1000,0
132,1009,0
132,1011,1
132,1012,1
132,1016,0
132,1018,1
132,1027,1
132,1029,0
132,1030,1
133,634,0
134,783,1
134,786,1
134,787,0
134,816,0
134,818,1
134,819,0
134,820,1
134,821,1
134,822,0
134,823,0
134,824,0
134,825,0
134,826,0
134,827,0
134,828,1
135,0,0
135,4,0
135,9,0
135,16,0
135,20,0
135,25,1
135,30,0
135,38,0
135,45,0
135,52,0
135,55,0
135,59,1
135,75,1
135,100,0
135,101,0
135,108,0
135,113,0
135,117,0
135,121,0
135,124,0
135,126,0
135,151,0
135,155,0
135,159,0
135,160,0
135,168,0
135,172,1
135,176,0
135,185,1
135,190,0
135,192,0
135,198,0
135,202,0
135,205,0
135,210,0
135,212,0
135,216,0
135,220,0
135,221,0
135,225,0
135,226,0
135,227,0
135,229,1
135,310,1
135,311,0
135,312,1
135,313,0
135,315,0
135,316,0
135,319,0
135,781,1
135,786,1
135,787,1
135,788,1
135,789,1
135,791,0
135,792,0
135,793,0
135,794,0
135,797,0
135,799,0
135,800,1
135,801,1
135,802,0
135,814,0
135,815,1
135,816,0
135,817,1
135,819,0
135,820,0
135,821,1
135,822,0
135,823,1
135,824,1
135,825,0
135,826,0
135,827,1
135,828,0
135,829,0
135,830,0
136,782,1
136,786,1
136,787,1
136,788,0
136,789,0
136,816,1
136,817,0
136,819,1
136,820,0
136,821,1
136,822,0
136,823,1
136,824,0
136,825,0
136,826,0
136,827,0
136,828,0
136,829,0
136,830,0
137,0,0
137,3,0
137,8,0
137,9,0
137,16,0
137,20,0
137,23,0
137,29,0
137,41,0
137,46,0
137,51,0
137,53,0
137,57,0
137,66,0
137,71,0
137,75,0
137,78,0
137,83,0
137,101,1
137,103,0
137,106,0
137,113,0
137,120,0
137,124,0
137,129,0
137,151,0
137,152,0
137,159,0
137,162,0
137,164,0
137,168,0
137,174,1
137,177,0
137,183,0
137,186,0
137,190,0
137,193,0
137,197,0
137,203,0
137,205,0
137,209,0
137,214,0
137,218,0
137,220,0
137,221,0
137,222,0
137,223,0
137,224,0
137,225,0
137,226,0
137,227,0
137,228,0
137,229,0
137,230,0
137,231,0
137,232,0
137,233,0
137,234,0
137,235,0
137,236,0
137,237,0
137,238,0
137,239,0
137,240,0
137,241,0
137,242,0
137,243,0
137,244,0
137,245,0
137,246,0
137,247,0
137,248,0
137,249,0
137,250,0
137,251,0
137,252,0
137,253,0
137,254,0
137,255,0
137,256,0
137,257,0
137,258,0
137,259,0
137,260,0
137,261,0
137,262,0
137,264,0
137,265,0
137,266,0
137,267,0
137,268,0
137,269,0
137,270,0
137,271,0
137,272,0
137,273,0
137,274,0
137,275,0
137,276,0
137,277,0
137,278,0
137,279,0
137,280,0
137,281,0
137,282,0
137,283,0
137,284,0
137,285,0
137,286,1
137,287,0
137,292,0
137,293,0
137,294,0
137,295,0
137,296,0
137,297,0
137,298,0
137,299,0
137,300,0
137,301,0
137,302,0
137,303,0
137,305,0
137,309,0
137,310,0
137,311,0
137,312,0
137,313,0
137,314,0
137,315,1
137,316,0
137,317,0
137,318,1
137,319,0
137,321,0
137,322,0
137,324,0
137,326,0
137,328,0
137,329,0
137,330,0
137,331,0
137,332,0
137,472,0
137,473,0
137,474,0
137,475,1
137,476,1
137,479,0
137,480,1
137,481,1
137,482,0
137,494,1
137,495,1
137,498,1
137,502,1
137,503,1
137,504,1
137,510,1
137,512,1
137,514,1
137,515,1
137,518,1
137,523,1
137,524,0
137,525,1
137,526,0
137,527,1
137,528,0
137,530,1
137,532,1
137,533,1
137,534,1
137,535,1
137,537,1
137,546,1
137,547,0
137,548,0
137,549,0
137,550,1
137,551,0
137,552,0
137,553,0
137,558,0
137,559,0
137,560,0
137,561,0
137,562,0
137,564,0
137,565,0
137,566,0
137,567,1
137,569,1
137,574,1
137,576,1
137,577,1
137,578,0
137,579,0
137,580,0
137,581,0
137,582,0
137,583,0
137,608,0
137,609,0
137,610,1
137,611,1
137,612,0
137,613,0
137,615,1
137,631,0
137,632,0
137,636,0
137,637,0
137,638,1
137,639,0
137,640,1
137,641,0
137,642,0
137,643,1
137,644,0
137,645,0
137,646,0
137,647,0
137,648,0
137,649,1
137,650,0
137,651,0
137,652,1
137,654,1
137,655,0
137,658,1
137,659,0
137,660,0
137,661,0
137,662,1
137,663,0
137,664,0
137,666,0
137,667,0
137,668,0
137,669,0
137,670,0
137,671,0
137,672,0
137,673,0
137,674,0
137,675,0
137,676,1
137,679,1
137,680,1
137,682,1
137,683,0
137,688,1
137,689,0
137,691,0
137,699,0
137,704,0
137,707,0
137,708,0
137,709,0
137,710,0
137,711,0
137,712,0
137,713,0
137,714,0
137,715,0
137,716,0
137,718,1
137,719,0
137,721,0
137,722,1
137,723,0
137,725,0
137,731,0
137,733,0
137,738,0
137,740,0
137,741,0
137,749,0
137,750,0
137,754,0
137,768,0
137,769,0
137,770,0
137,771,0
137,772,1
137,773,0
137,774,0
137,775,1
137,776,0
137,777,0
137,778,0
137,779,0
137,780,1
137,781,1
137,783,1
137,785,0
137,786,1
137,787,1
137,816,0
137,818,1
137,820,0
137,821,1
137,822,1
137,823,0
137,824,0
137,825,0
137,826,0
137,834,0
137,837,1
137,838,1
137,840,1
137,843,1
137,844,1
137,845,0
137,847,1
137,848,0
137,849,0
137,850,0
137,851,0
137,852,0
137,853,1
137,855,0
137,856,1
137,860,0
137,861,0
137,862,0
137,864,0
137,865,0
138,0,1
138,4,1
138,11,0
138,14,1
138,17,0
138,30,0
138,45,0
138,50,0
138,54,0
138,60,0
138,73,0
138,83,0
138,101,0
138,107,0
138,113,0
138,115,0
138,119,0
138,125,0
138,128,0
138,130,0
138,135,0
138,138,0
138,145,1
138,146,0
138,151,0
138,152,1
138,157,0
138,163,0
138,164,0
138,168,0
138,173,0
138,178,0
138,184,0
138,191,0
138,195,0
138,220,0
138,221,0
138,222,0
138,223,0
138,224,0
138,225,0
138,226,0
138,227,0
138,228,0
138,229,0
138,230,0
138,232,0
138,233,0
138,234,0
138,235,0
138,237,0
138,238,0
138,243,0
138,249,0
138,250,0
138,251,0
138,252,0
138,253,0
138,254,0
138,255,0
138,256,0
138,257,0
138,258,0
138,259,0
138,260,0
138,262,0
138,265,1
138,266,0
138,267,0
138,268,0
138,270,0
138,271,0
138,272,0
138,273,0
138,274,0
138,275,0
138,276,0
138,278,0
138,280,0
138,282,0
138,283,1
138,285,1
138,292,0
138,293,0
138,294,0
138,295,0
138,297,0
138,298,0
138,300,1
138,301,1
138,302,0
138,309,0
138,310,1
138,311,0
138,312,0
138,313,0
138,314,0
138,315,0
138,316,1
138,317,0
138,319,0
138,321,0
138,322,0
138,324,1
138,325,0
138,326,0
138,327,0
138,328,0
138,329,0
138,330,0
138,331,0
138,332,0
138,333,0
138,334,0
138,335,0
138,336,0
138,337,0
138,339,0
138,348,1
138,349,1
138,352,0
138,353,0
138,354,0
138,355,0
138,356,0
138,357,0
138,358,0
138,359,0
138,360,0
138,362,0
138,363,0
138,472,0
138,473,0
138,474,0
138,475,1
138,476,1
138,479,0
138,480,0
138,481,1
138,482,0
138,495,1
138,496,1
138,500,1
138,503,1
138,504,1
138,505,1
138,510,1
138,511,1
138,512,1
138,513,1
138,514,1
138,515,1
138,516,0
138,519,1
138,520,1
138,523,1
138,524,1
138,528,1
138,530,0
138,531,1
138,532,0
138,533,1
138,534,1
138,536,1
138,537,1
138,546,0
138,547,0
138,558,1
138,559,0
138,560,0
138,561,0
138,562,0
138,564,0
138,565,0
138,566,0
138,567,0
138,569,1
138,570,1
138,574,1
138,575,0
138,577,1
138,579,1
138,582,1
138,610,0
138,615,1
138,631,0
138,632,0
138,633,1
138,636,1
138,637,1
138,639,0
138,640,0
138,642,1
138,644,0
138,645,0
138,646,0
138,648,0
138,649,0
138,650,1
138,651,0
138,652,1
138,653,0
138,655,1
138,656,0
138,657,0
138,658,1
138,659,1
138,660,0
138,661,0
138,663,1
138,664,1
138,666,1
138,667,0
138,668,0
138,669,1
138,670,0
138,672,0
138,707,0
138,708,0
138,709,1
138,710,1
138,711,1
138,712,0
138,713,0
138,714,0
138,768,1
138,769,1
138,770,0
138,771,1
138,772,1
138,773,0
138,774,0
138,775,1
138,776,1
138,777,0
138,778,0
138,779,0
138,780,1
138,781,1
138,784,0
138,785,1
138,786,1
138,787,1
138,788,0
138,789,1
138,816,0
138,818,1
138,820,0
138,821,1
138,822,1
138,823,0
138,824,1
138,825,0
138,826,0
138,827,0
138,828,0
138,829,1
138,830,1
138,834,0
138,836,1
138,838,1
138,839,1
138,840,0
138,843,1
138,844,0
138,846,0
138,847,1
138,849,1
138,850,1
138,853,1
138,856,0
138,861,0
138,914,1
138,916,1
138,917,0
138,918,0
138,920,1
138,921,1
138,922,1
138,923,0
138,924,1
138,926,0
138,927,0
138,928,0
138,929,0
138,930,0
138,931,0
138,933,1
138,934,0
138,935,0
138,936,0
138,937,1
138,938,0
138,939,0
138,940,0
138,941,0
138,944,0
138,946,1
138,959,0
138,960,1
138,961,1
138,964,0
138,966,1
138,967,1
138,968,1
138,969,0
138,970,0
138,971,0
138,977,0
138,1009,0
138,1011,1
138,1012,1
138,1013,0
138,1015,1
138,1017,0
138,1018,1
138,1019,1
138,1020,0
138,1025,0
138,1026,1
138,1027,0
138,1028,1
138,1032,0
138,1033,0
138,1038,0
139,892,1
139,893,0
139,894,1
139,895,1
139,896,1
139,897,0
139,898,0
139,900,0
139,903,0
139,904,0
139,905,0
139,906,0
139,907,0
139,908,0
139,909,0
139,910,0
139,911,0
139,912,0
139,913,0
140,240,0
140,241,0
140,242,0
140,244,0
140,245,0
140,246,0
140,247,0
140,248,0
140,249,0
140,250,0
140,251,0
140,252,0
140,253,0
140,254,0
140,255,0
140,256,0
140,257,0
140,258,0
140,259,0
140,260,0
140,262,0
140,636,0
140,637,0
140,639,1
140,640,0
140,641,0
140,642,0
140,643,0
140,644,0
140,645,0
140,646,0
140,647,0
140,648,0
140,649,1
140,650,1
140,651,1
140,652,1
140,654,0
140,655,0
140,656,0
140,657,1
140,658,0
140,659,0
140,660,0
140,661,0
140,662,1
140,663,1
140,664,0
140,665,0
140,666,1
140,667,1
140,668,0
140,669,0
140,670,0
140,671,0
140,672,0
141,0,0
141,1,1
141,6,0
141,12,0
141,13,0
141,17,0
141,32,1
141,42,0
141,45,0
141,49,0
141,55,0
141,59,0
141,64,0
141,65,0
141,72,0
141,83,0
141,101,0
141,108,0
141,110,0
141,121,0
141,125,0
141,127,0
141,132,0
141,134,0
141,139,0
141,148,0
141,151,0
141,156,0
141,162,0
141,170,0
141,174,0
141,178,0
141,192,0
141,198,0
141,200,0
141,205,0
141,210,0
141,212,0
141,217,0
141,220,0
141,221,0
141,225,0
141,309,0
141,310,0
141,311,0
141,312,0
141,313,0
141,314,0
141,315,0
141,316,0
141,317,0
141,318,0
141,319,0
141,320,0
141,473,1
141,475,1
141,476,1
141,479,1
141,480,1
141,481,0
141,482,0
141,494,1
141,497,1
141,501,1
141,502,1
141,504,1
141,505,1
141,510,1
141,511,1
141,512,1
141,513,1
141,514,1
141,516,1
141,520,0
141,521,1
141,522,1
141,523,0
141,524,1
141,525,1
141,526,1
141,527,0
141,529,0
141,530,1
141,531,0
141,532,1
141,533,0
141,534,1
141,535,0
141,537,1
141,546,0
141,547,0
141,548,0
141,549,1
141,550,0
141,551,0
141,552,0
141,553,0
141,557,1
141,558,0
141,559,1
141,560,0
141,561,0
141,562,0
141,563,0
141,564,0
141,565,0
141,566,0
141,567,0
141,568,0
141,569,1
141,574,0
141,575,0
141,576,1
141,582,1
141,583,1
141,610,1
141,614,0
141,631,0
141,632,0
141,633,0
141,634,0
141,635,0
142,151,0
142,153,1
142,156,0
142,160,0
142,170,0
142,172,0
142,176,0
142,186,0
142,190,0
142,193,0
142,198,0
142,200,0
142,207,0
142,210,0
142,477,0
142,478,1
142,517,1
142,520,1
142,530,1
142,531,0
142,532,1
142,534,1
142,535,0
142,536,1
142,537,0
142,538,0
142,539,1
142,540,0
142,541,1
142,546,0
142,547,1
142,548,1
142,549,0
142,550,0
142,551,0
142,552,0
142,553,0
142,555,1
142,556,1
142,557,0
143,0,0
143,1,0
143,7,0
143,12,0
143,15,0
143,17,0
143,22,0
143,28,1
143,30,0
143,34,0
143,40,1
143,42,0
143,48,0
143,52,0
143,55,0
143,57,0
143,64,0
143,71,0
143,74,0
143,79,0
143,83,0
143,93,0
143,100,0
143,101,0
143,104,0
143,108,0
143,110,0
143,117,0
143,118,0
143,122,0
143,128,0
143,130,0
143,137,0
143,141,0
143,149,0
143,150,0
143,151,0
143,159,0
143,162,0
143,169,0
143,175,1
143,178,0
143,195,0
143,198,0
143,203,0
143,204,0
143,210,0
143,216,0
143,312,0
143,472,0
143,473,0
143,474,0
143,475,1
143,476,0
143,479,0
143,480,0
143,481,1
143,482,0
143,496,1
143,500,1
143,502,1
143,504,0
143,505,0
143,510,1
143,511,1
143,512,1
143,513,1
143,517,0
143,521,1
143,522,1
143,523,1
143,524,1
143,525,0
143,526,1
143,527,1
143,528,1
143,529,0
143,530,1
143,531,1
143,532,1
143,533,1
143,534,0
143,535,0
143,536,0
143,546,0
143,547,0
143,549,0
143,558,0
143,559,1
143,560,0
143,561,0
143,562,0
143,564,0
143,565,0
143,566,1
143,567,1
143,569,0
143,571,1
143,574,1
143,575,1
143,576,0
143,577,0
143,578,0
143,579,1
143,580,0
143,581,1
143,582,1
143,583,0
143,608,1
143,609,0
143,610,1
143,611,1
143,612,1
143,613,0
143,614,1
143,615,0
143,631,0
143,632,0
144,221,0
144,222,0
144,224,0
144,225,0
144,226,0
144,227,0
144,230,0
144,233,0
144,234,1
145,321,1
145,322,0
145,323,0
145,324,1
145,325,0
145,326,0
145,327,0
145,328,0
145,329,0
145,330,0
145,331,0
145,332,0
145,333,0
145,334,0
145,335,0
145,336,0
145,337,0
145,338,0
145,339,0
145,344,0
145,348,0
145,349,0
145,352,0
145,353,0
145,354,0
145,355,0
145,356,0
145,357,0
145,358,0
145,359,0
145,360,0
145,363,0
145,788,0
145,789,0
145,828,0
145,829,1
145,830,1
145,914,0
145,916,0
145,918,0
145,919,0
145,920,1
145,921,0
145,922,0
145,923,0
145,924,1
145,925,0
145,926,0
145,927,0
145,928,0
145,929,0
145,934,0
145,935,0
145,936,1
145,937,0
145,938,0
145,941,0
145,942,1
145,943,0
145,944,0
145,945,0
145,946,0
145,947,0
145,950,0
145,951,0
145,959,1
145,960,0
145,962,1
145,970,0
145,972,0
145,974,0
145,977,1
145,978,0
145,979,0
145,985,1
145,989,0
145,996,1
145,998,0
145,1009,0
145,1010,0
145,1011,0
145,1012,0
145,1013,1
145,1014,0
145,1015,1
145,1016,1
145,1017,1
145,1018,0
145,1019,1
145,1020,0
145,1022,1
145,1023,0
145,1024,0
145,1025,1
145,1026,0
145,1027,0
145,1028,1
145,1029,0
146,43,0
146,64,0
146,66,0
146,69,0
146,75,0
146,77,0
146,93,1
146,98,0
146,101,0
146,108,0
146,110,0
146,117,0
146,125,0
146,129,0
146,133,0
146,249,0
147,0,0
147,4,0
147,10,0
147,16,0
147,18,0
147,32,0
147,42,0
147,48,0
147,51,0
147,53,0
147,58,0
147,61,0
147,72,0
147,75,0
147,78,0
147,83,0
147,100,0
147,101,0
147,105,0
147,108,0
147,110,0
147,117,0
147,120,0
147,124,0
147,472,1
147,473,0
147,474,1
147,475,1
147,476,1
147,479,0
147,480,1
147,481,0
147,482,1
147,495,1
147,497,1
147,500,1
147,503,1
147,504,1
147,505,1
147,510,1
147,513,1
147,514,1
147,516,1
147,520,1
147,522,1
147,523,1
147,528,0
147,529,1
147,530,1
147,531,1
147,532,1
147,534,1
147,535,1
147,537,1
147,546,0
147,547,1
147,548,0
147,549,0
147,550,0
147,551,0
147,552,1
147,553,0
147,558,0
147,559,1
147,560,0
147,561,0
147,562,1
147,564,0
147,565,0
147,566,0
147,567,0
147,568,1
147,571,1
147,575,0
147,576,1
147,578,1
147,583,1
147,608,0
147,609,0
147,610,1
147,611,1
147,612,0
147,613,1
147,615,1
147,631,0
147,632,0
148,104,0
148,126,0
148,130,0
148,135,0
148,138,0
148,145,0
148,150,1
148,249,0
148,251,1
148,252,1
148,253,0
148,255,0
148,256,0
148,257,0
148,258,0
148,259,0
149,249,1
149,251,0
149,253,1
149,255,1
149,256,1
149,257,1
149,258,0
149,259,0
149,262,0
149,264,1
149,265,0
149,266,0
149,267,0
149,268,0
149,270,0
149,271,0
149,272,0
149,273,0
149,274,0
149,275,0
149,276,0
149,277,0
149,278,0
149,279,0
149,280,0
149,281,0
149,282,1
149,285,0
149,287,1
149,289,1
149,637,1
149,639,1
149,640,1
149,642,1
149,644,1
149,645,0
149,646,1
149,648,1
149,649,1
149,650,1
149,651,1
149,652,1
149,653,1
149,655,1
149,657,1
149,660,1
149,661,1
149,663,1
149,664,1
149,665,1
149,667,1
149,668,1
149,669,0
149,670,0
149,672,0
149,674,1
149,675,0
149,677,1
149,680,1
149,707,1
149,708,1
149,709,1
149,710,1
149,768,0
149,769,1
149,770,0
149,771,1
149,772,0
149,773,1
149,774,1
149,775,1
149,776,0
149,777,0
149,778,1
149,779,1
149,780,1
149,783,1
149,784,1
149,786,1
149,787,0
149,816,1
149,817,1
149,819,0
149,820,1
149,821,0
149,822,1
149,823,0
149,824,1
149,825,0
149,826,1
150,270,0
150,271,1
150,272,0
150,273,0
150,274,0
150,275,0
150,276,0
150,277,0
150,278,0
150,279,0
150,280,0
150,281,0
150,282,0
150,283,0
150,284,0
150,285,0
150,286,0
150,287,0
150,289,1
150,292,0
150,293,0
150,294,0
150,295,0
150,297,0
150,298,0
150,299,0
150,300,0
150,303,0
150,304,0
150,305,0
150,321,0
150,322,0
150,323,0
150,324,0
150,325,0
150,326,0
150,327,0
150,328,0
150,329,0
150,330,0
150,331,0
150,332,0
150,333,0
150,334,0
150,335,0
150,336,0
150,337,0
150,338,0
150,339,0
150,348,0
150,349,0
150,350,1
150,351,0
150,782,1
150,786,1
150,787,1
150,788,0
150,789,1
150,792,1
150,794,1
150,796,1
150,799,0
150,807,0
150,812,1
150,815,0
150,816,1
150,817,1
150,819,0
150,820,0
150,821,0
150,822,1
150,823,1
150,824,0
150,825,0
150,826,0
150,827,1
150,828,0
150,829,1
150,830,0
150,834,0
150,837,0
150,838,0
150,840,1
150,841,0
150,843,1
150,844,1
150,845,0
150,846,0
150,847,0
150,849,1
150,850,1
150,851,0
150,852,1
150,853,1
150,856,0
150,857,1
150,859,1
150,861,0
150,864,0
150,866,0
150,867,1
150,868,1
150,871,1
150,872,0
150,874,1
150,876,0
150,877,0
150,880,0
150,881,1
150,889,1
150,890,1
151,0,0
151,4,0
151,12,0
151,15,0
151,19,0
151,21,0
151,31,0
151,711,1
151,712,0
151,713,0
151,714,0
151,715,0
151,718,0
151,720,0
151,722,0
151,723,0
151,724,0
151,730,0
151,731,0
151,732,0
151,733,1
151,739,0
151,740,0
151,741,0
151,742,0
151,743,0
151,744,0
151,745,0
151,746,0
151,752,0
151,754,0
151,755,0
151,756,0
151,757,0
151,758,0
151,759,0
151,760,0
151,761,0
151,762,0
151,764,0
151,767,0
151,781,1
151,782,1
151,785,1
151,786,0
151,787,0
151,788,0
151,789,0
151,816,0
151,818,1
151,819,0
151,820,0
151,821,1
151,822,0
151,823,1
151,824,0
151,825,0
151,826,0
151,827,0
151,828,0
151,829,0
151,830,0
151,834,0
151,836,0
151,837,1
151,839,1
151,840,1
151,843,0
151,844,0
151,846,1
151,848,0
151,849,0
151,850,0
151,851,0
151,852,0
151,853,0
151,855,0
151,856,0
151,857,0
151,858,0
151,859,0
151,860,0
151,861,0
151,862,0
151,863,0
151,864,0
151,865,0
152,261,0
152,262,0
152,263,0
152,264,0
152,265,0
152,266,0
152,267,0
152,268,0
152,892,0
152,893,1
152,894,0
152,895,1
152,896,1
152,897,1
152,898,0
152,899,0
152,900,1
152,901,1
152,902,0
152,903,0
152,904,1
152,905,0
152,906,1
152,908,1
152,909,1
153,220,0
153,221,0
153,225,0
153,226,0
153,227,0
153,230,0
153,231,0
153,232,0
153,233,0
153,234,0
153,235,0
153,236,0
154,0,0
154,1,0
154,5,0
154,12,0
154,16,0
154,19,0
154,31,0
154,45,0
154,51,0
154,56,0
154,59,0
154,84,0
154,101,0
154,103,0
154,106,0
154,111,0
154,115,0
154,119,0
154,122,0
154,128,0
154,133,1
154,136,0
154,138,0
154,151,0
154,153,1
154,156,0
154,160,0
154,169,0
154,173,0
154,179,0
154,192,0
154,196,0
154,203,0
154,207,0
154,210,0
154,219,1
154,220,0
154,221,0
154,222,0
154,223,0
154,224,0
154,225,0
154,226,0
154,227,0
154,228,0
154,229,0
154,230,0
154,233,0
154,234,0
154,235,0
154,237,0
154,239,0
154,240,0
154,241,0
154,242,0
154,243,0
154,244,0
154,245,0
154,246,0
154,249,0
154,250,1
154,251,0
154,252,0
154,253,0
154,254,0
154,255,0
154,256,0
154,257,1
154,258,0
154,259,0
154,260,0
154,261,0
154,262,0
154,264,0
154,265,0
154,266,0
154,267,0
154,268,0
154,269,0
154,270,0
154,271,0
154,272,1
154,273,0
154,274,0
154,275,0
154,276,0
154,277,0
154,278,1
154,279,0
154,280,0
154,281,0
154,282,0
154,283,0
154,284,0
154,285,0
154,286,0
154,287,0
154,288,0
154,289,0
154,292,0
154,293,0
154,295,0
154,296,0
154,297,0
154,298,0
154,299,0
154,300,0
154,311,0
154,312,0
154,313,0
154,315,0
154,316,1
154,317,1
154,319,0
154,321,0
154,322,1
154,324,1
154,325,0
154,326,0
154,328,1
154,331,0
154,332,0
154,333,0
154,335,1
154,336,1
154,339,0
154,340,0
154,341,0
154,342,0
154,343,0
154,344,0
154,346,1
154,348,0
154,349,0
154,350,0
154,351,0
154,472,0
154,473,1
154,474,0
154,475,0
154,476,1
154,479,0
154,480,0
154,481,0
154,482,0
154,494,1
154,496,0
154,499,1
154,501,1
154,502,1
154,503,1
154,504,1
154,510,1
154,511,1
154,512,0
154,513,1
154,515,0
154,516,1
154,520,0
154,521,0
154,522,0
154,523,0
154,524,0
154,526,1
154,528,1
154,529,1
154,530,0
154,531,1
154,532,0
154,533,1
154,535,1
154,537,1
154,558,0
154,559,0
154,560,0
154,561,0
154,562,0
154,564,0
154,565,0
154,566,0
154,567,0
154,570,1
154,571,1
154,574,0
154,576,0
154,577,0
154,578,0
154,579,0
154,580,0
154,581,1
154,582,1
154,583,1
154,608,1
154,609,0
154,610,1
154,612,0
154,614,0
154,615,0
154,631,0
154,632,0
154,636,0
154,637,0
154,638,0
154,639,0
154,640,0
154,641,0
154,642,0
154,643,0
154,645,0
154,648,0
154,649,1
154,650,1
154,651,1
154,652,1
154,654,1
154,655,0
154,656,0
154,657,0
154,658,0
154,659,0
154,660,0
154,661,0
154,663,1
154,664,1
154,666,1
154,667,0
154,668,0
154,669,0
154,670,0
154,671,0
154,672,0
154,674,1
154,675,0
154,677,1
154,680,0
154,682,0
154,684,1
154,685,0
154,686,1
154,687,0
154,689,0
154,691,0
154,699,0
154,707,1
154,708,0
154,709,0
154,710,0
154,711,1
154,712,1
154,713,0
154,714,0
154,715,0
154,716,0
154,718,1
154,720,1
154,723,1
154,725,0
154,727,1
154,728,0
154,734,0
154,768,1
154,769,0
154,770,0
154,771,1
154,772,1
154,773,0
154,774,1
154,775,0
154,777,0
154,779,0
154,780,1
154,781,1
154,786,1
154,787,1
154,788,0
154,789,0
154,798,0
154,800,1
154,818,0
154,819,0
154,820,0
154,821,1
154,822,0
154,823,0
154,824,0
154,825,0
154,826,0
154,827,0
154,828,0
154,829,0
154,830,0
154,834,0
154,836,1
154,839,1
154,843,0
154,845,1
154,846,0
154,849,1
154,853,0
154,855,0
154,858,0
154,860,0
154,863,0
154,868,0
154,872,0
154,874,1
154,876,0
154,877,0
155,0,0
155,4,0
155,6,0
155,11,0
155,14,0
155,18,0
155,29,0
155,46,1
155,52,0
155,55,0
155,101,0
155,103,0
155,106,0
155,113,0
155,115,0
155,120,0
155,125,0
155,128,0
155,132,0
155,136,0
155,141,0
155,144,0
155,146,0
155,151,0
155,155,0
155,157,0
155,161,0
155,166,0
155,171,0
155,175,0
155,176,0
155,183,0
155,184,0
155,191,0
155,193,0
155,196,0
155,203,0
155,207,0
155,210,0
155,220,0
155,221,0
155,222,0
155,223,0
155,224,0
155,225,0
155,226,0
155,227,0
155,228,0
155,229,0
155,230,0
155,233,0
155,234,0
155,235,0
155,236,0
155,237,0
155,238,0
155,249,0
155,250,0
155,251,0
155,252,0
155,253,0
155,254,0
155,255,0
155,256,0
155,257,0
155,258,0
155,259,0
155,260,0
155,262,0
155,270,0
155,271,0
155,272,0
155,273,0
155,274,0
155,275,0
155,276,0
155,277,0
155,278,0
155,279,0
155,280,0
155,282,0
155,283,1
155,292,0
155,293,0
155,294,0
155,295,0
155,296,0
155,297,0
155,298,0
155,299,0
155,300,0
155,302,0
155,309,0
155,310,0
155,311,0
155,312,0
155,313,0
155,314,0
155,315,0
155,316,0
155,317,0
155,319,0
155,321,0
155,322,0
155,323,0
155,324,0
155,325,0
155,326,0
155,327,0
155,328,0
155,329,0
155,330,0
155,331,0
155,332,0
155,333,0
155,334,0
155,335,0
155,336,0
155,337,0
155,338,0
155,339,0
155,344,0
155,346,0
155,347,0
155,349,0
155,350,0
155,351,0
155,352,0
155,353,0
155,354,0
155,355,0
155,356,0
155,357,0
155,358,0
155,360,0
155,363,0
155,472,0
155,473,1
155,474,0
155,475,0
155,476,0
155,479,0
155,480,1
155,481,0
155,482,0
155,494,1
155,495,0
155,496,0
155,497,0
155,498,1
155,499,1
155,500,0
155,501,0
155,502,1
155,503,1
155,504,0
155,505,1
155,510,1
155,511,1
155,512,1
155,513,1
155,514,0
155,516,0
155,520,0
155,521,0
155,522,0
155,523,0
155,524,0
155,526,0
155,528,0
155,529,0
155,530,0
155,531,0
155,532,0
155,533,0
155,534,0
155,535,0
155,536,0
155,537,0
155,546,0
155,547,0
155,548,0
155,549,0
155,550,0
155,551,0
155,552,0
155,553,0
155,558,0
155,559,0
155,560,0
155,561,0
155,562,0
155,563,0
155,564,0
155,565,0
155,566,0
155,567,0
155,568,0
155,569,1
155,570,1
155,571,0
155,572,1
155,574,0
155,575,0
155,576,1
155,578,0
155,581,1
155,583,1
155,608,0
155,614,1
155,615,1
155,631,0
155,632,0
155,633,0
155,634,0
155,635,0
155,636,0
155,637,1
155,639,1
155,640,1
155,642,1
155,643,0
155,644,0
155,645,0
155,646,0
155,647,0
155,648,0
155,649,1
155,650,0
155,651,0
155,653,0
155,654,1
155,655,1
155,656,1
155,657,0
155,658,0
155,659,0
155,660,0
155,662,1
155,663,1
155,664,0
155,665,0
155,667,0
155,668,0
155,669,0
155,670,0
155,671,0
155,672,0
155,675,1
155,679,1
155,682,0
155,707,0
155,708,1
155,709,0
155,710,0
155,711,1
155,712,1
155,713,0
155,714,0
155,721,0
155,723,0
155,725,0
155,726,0
155,727,0
155,729,0
155,730,0
155,732,0
155,733,0
155,734,0
155,738,0
155,741,0
155,744,0
155,745,0
155,747,1
155,749,0
155,751,1
155,752,1
155,753,1
155,756,0
155,759,0
155,761,0
155,768,0
155,769,0
155,770,0
155,771,1
155,772,0
155,773,0
155,774,0
155,775,0
155,776,1
155,777,0
155,778,0
155,779,0
155,780,0
155,782,1
155,783,0
155,784,1
155,785,1
155,786,1
155,787,0
155,789,0
155,815,1
155,816,1
155,819,1
155,820,0
155,821,0
155,822,0
155,823,0
155,824,0
155,825,0
155,826,0
155,827,0
155,828,0
155,829,0
155,830,1
155,834,0
155,836,0
155,837,0
155,838,1
155,840,1
155,843,0
155,844,1
155,845,0
155,847,0
155,848,1
155,849,1
155,850,1
155,851,0
155,852,0
155,853,0
155,855,0
155,856,0
155,857,0
155,858,0
155,859,0
155,860,0
155,861,0
155,862,0
155,863,0
155,864,0
155,865,0
155,914,0
155,916,0
155,918,0
155,920,0
155,921,1
155,923,0
155,926,1
155,927,0
155,929,0
155,935,0
155,937,0
155,938,0
155,941,0
155,944,0
155,946,1
155,950,0
155,951,0
155,953,0
155,954,0
155,955,0
155,959,1
155,960,1
155,963,1
155,972,1
155,979,1
155,981,0
155,983,0
155,986,0
155,987,0
155,990,0
155,994,0
155,996,0
155,998,0
155,1002,1
155,1003,0
155,1004,0
155,1009,0
155,1011,1
155,1012,0
155,1013,1
155,1014,1
155,1015,0
155,1016,0
155,1018,0
155,1020,0
155,1021,0
155,1023,0
155,1024,0
155,1025,0
155,1027,0
155,1031,1
155,1035,0
156,0,0
156,2,0
156,7,0
156,11,0
156,16,0
156,18,0
156,23,0
156,31,0
156,42,0
156,47,0
156,49,0
156,54,0
156,60,0
156,63,0
156,65,0
156,71,0
156,73,0
156,77,0
156,82,0
156,99,0
156,101,0
156,104,0
156,106,0
156,111,0
156,115,0
156,121,0
156,125,0
156,129,0
156,132,0
156,135,0
156,151,0
156,152,0
156,157,0
156,161,0
156,165,0
156,171,0
156,172,0
156,178,0
156,184,0
156,191,0
156,194,0
156,220,0
156,221,0
156,222,0
156,223,0
156,224,0
156,225,0
156,226,0
156,227,0
156,228,0
156,229,0
156,230,0
156,231,0
156,232,0
156,233,0
156,234,0
156,235,0
156,236,0
156,237,0
156,238,0
156,239,0
156,240,0
156,241,0
156,243,0
156,245,1
156,249,0
156,250,0
156,251,0
156,252,1
156,253,0
156,255,0
156,256,0
156,257,0
156,258,0
156,259,0
156,262,0
156,266,0
156,270,0
156,272,0
156,273,0
156,274,0
156,275,0
156,276,0
156,277,0
156,278,0
156,279,0
156,280,0
156,281,0
156,282,0
156,283,0
156,284,0
156,285,0
156,286,0
156,287,0
156,292,0
156,293,0
156,294,0
156,295,0
156,296,0
156,297,0
156,299,0
156,300,0
156,311,0
156,312,0
156,313,0
156,315,0
156,316,0
156,317,1
156,319,0
156,321,0
156,322,0
156,323,0
156,324,0
156,325,0
156,326,0
156,327,0
156,328,0
156,329,0
156,330,0
156,331,0
156,332,0
156,333,0
156,472,0
156,473,1
156,474,1
156,475,1
156,476,1
156,479,0
156,480,0
156,481,0
156,482,0
156,496,1
156,497,1
156,501,1
156,502,1
156,504,1
156,505,1
156,510,1
156,511,1
156,512,1
156,513,1
156,515,0
156,516,1
156,518,1
156,520,1
156,525,1
156,526,1
156,529,1
156,531,1
156,532,1
156,533,1
156,535,1
156,536,1
156,537,1
156,546,0
156,547,0
156,548,1
156,549,0
156,550,0
156,551,0
156,552,0
156,553,0
156,554,0
156,555,1
156,556,0
156,557,0
156,558,1
156,559,1
156,560,0
156,561,0
156,562,1
156,564,0
156,565,0
156,566,0
156,567,0
156,568,1
156,571,1
156,574,1
156,576,1
156,577,1
156,581,1
156,608,0
156,609,0
156,611,0
156,612,0
156,615,0
156,631,0
156,636,1
156,637,0
156,638,1
156,639,1
156,640,1
156,641,0
156,642,0
156,643,0
156,644,0
156,645,0
156,646,0
156,647,0
156,648,0
156,649,1
156,650,1
156,651,1
156,652,1
156,653,0
156,654,0
156,656,1
156,658,1
156,660,1
156,662,1
156,663,1
156,664,1
156,665,1
156,667,1
156,668,1
156,669,1
156,670,1
156,672,1
156,674,0
156,675,0
156,679,0
156,680,0
156,681,1
156,682,0
156,686,1
156,687,0
156,689,1
156,707,0
156,708,0
156,709,1
156,710,0
156,711,1
156,712,1
156,713,0
156,714,0
156,716,0
156,717,1
156,720,0
156,722,0
156,723,0
156,727,1
156,730,0
156,731,1
156,732,1
156,733,1
156,743,0
156,754,0
156,768,0
156,769,0
156,770,0
156,771,1
156,774,0
156,775,1
156,777,0
156,778,0
156,779,1
156,780,0
156,781,1
156,786,1
156,787,1
156,815,0
156,816,1
156,820,0
156,821,1
156,822,0
156,823,0
156,824,0
156,825,0
156,826,0
156,827,0
156,828,0
156,834,0
156,836,1
156,837,0
156,838,1
156,839,0
156,840,1
156,843,1
156,844,0
156,845,1
156,846,0
156,847,0
156,848,0
156,849,0
156,850,1
156,851,0
156,852,0
156,853,0
156,855,0
156,856,0
156,857,0
156,858,0
156,861,0
156,862,1
157,0,0
157,3,0
157,10,0
157,14,0
157,19,0
157,28,0
157,29,0
157,42,0
157,47,0
157,49,0
157,55,0
157,60,0
157,62,0
157,101,0
157,105,0
157,106,0
157,113,0
157,116,0
157,119,0
157,124,0
157,129,0
157,131,0
157,134,0
157,139,0
157,146,0
157,151,0
157,157,0
157,163,0
157,171,0
157,172,0
157,178,0
157,185,0
157,191,0
157,193,1
157,198,0
157,200,0
157,205,0
157,209,0
157,218,0
157,220,0
157,221,0
157,225,0
157,227,0
157,309,0
157,311,0
157,312,0
157,313,0
157,315,0
157,316,0
157,317,0
157,319,0
157,472,1
157,473,1
157,474,1
157,475,1
157,476,1
157,479,0
157,480,0
157,481,1
157,482,1
157,494,1
157,496,1
157,500,1
157,502,1
157,503,1
157,505,1
157,510,1
157,511,1
157,512,1
157,514,0
157,515,1
157,517,1
157,518,1
157,521,1
157,522,1
157,525,1
157,529,1
157,530,1
157,531,1
157,533,1
157,534,1
157,535,1
157,537,1
157,546,0
157,547,0
157,548,0
157,549,0
157,550,0
157,551,0
157,552,0
157,553,0
157,558,0
157,559,1
157,560,0
157,561,0
157,562,1
157,564,0
157,565,0
157,566,0
157,567,0
157,568,1
157,571,1
157,574,1
157,576,1
157,579,0
157,582,1
157,609,0
157,614,0
157,615,0
157,631,0
157,632,0
157,633,0
157,634,0
157,635,0
158,352,0
158,354,0
158,355,0
158,356,0
158,357,0
158,358,0
158,359,0
158,360,0
158,362,0
158,363,0
158,364,0
158,365,0
158,366,0
158,367,0
158,368,0
158,370,0
158,371,0
158,372,0
158,373,0
158,374,0
158,375,0
158,376,0
158,377,0
158,378,0
158,379,0
158,380,0
158,381,0
158,382,0
158,383,0
158,384,0
158,385,0
158,386,0
158,387,0
158,388,0
158,389,0
158,390,0
158,391,0
158,392,1
158,393,0
158,394,0
158,395,0
158,396,0
158,399,1
158,400,0
158,401,0
158,402,0
158,403,0
158,404,0
158,405,0
158,406,0
158,407,0
158,408,0
158,415,1
158,417,0
158,418,0
158,419,0
158,420,0
158,421,1
158,422,0
158,426,0
158,427,0
158,430,0
158,432,0
158,434,0
158,435,0
158,437,0
158,439,0
158,440,0
158,442,0
158,443,0
158,445,0
158,446,0
158,450,0
158,453,1
158,455,0
158,457,0
158,460,0
158,461,0
158,462,0
158,463,0
158,464,0
158,465,0
158,466,0
158,467,0
158,468,0
158,469,0
158,470,0
158,471,0
158,831,0
158,832,1
158,833,0
158,892,0
158,893,0
158,894,0
158,895,1
158,896,0
158,897,1
158,898,1
158,900,1
158,902,1
158,903,0
158,904,0
158,905,0
158,906,0
158,907,0
158,908,0
158,909,0
158,911,0
158,914,0
158,916,0
158,918,0
158,919,0
158,920,0
158,921,0
158,922,0
158,923,0
158,924,1
158,926,0
158,927,0
158,928,0
158,929,0
158,935,0
158,937,0
158,938,0
158,941,0
158,943,1
158,944,0
158,946,0
158,947,0
158,950,0
158,951,0
158,952,0
158,953,0
158,954,0
158,955,0
158,956,0
158,957,0
158,958,0
158,959,0
158,960,0
158,965,1
158,979,0
158,985,0
158,986,0
158,1006,0
158,1009,0
158,1011,1
158,1025,0
158,1029,1
158,1031,0
158,1032,0
158,1033,0
158,1034,0
158,1035,0
158,1036,0
158,1037,0
158,1039,0
158,1040,1
158,1041,1
158,1042,1
158,1051,1
158,1052,0
158,1053,0
158,1059,0
158,1061,0
158,1064,0
158,1067,0
158,1069,0
158,1074,0
158,1084,0
158,1092,1
158,1093,1
158,1094,1
158,1095,0
158,1096,1
158,1098,0
158,1099,1
158,1100,1
158,1105,1
158,1106,0
158,1108,0
158,1109,0
158,1110,0
158,1111,0
158,1112,0
158,1113,0
158,1114,0
158,1115,0
158,1116,0
158,1117,0
158,1118,0
158,1119,0
158,1120,0
158,1121,0
158,1122,0
158,1123,0
158,1126,0
158,1127,0
158,1128,0
158,1131,0
158,1133,0
158,1134,0
158,1135,1
158,1136,0
158,1137,0
158,1138,0
158,1140,0
158,1141,1
158,1142,0
158,1145,0
158,1146,0
158,1147,0
158,1148,0
158,1149,0
158,1150,0
158,1151,0
158,1152,0
158,1154,0
158,1155,0
158,1156,0
158,1157,1
158,1158,0
158,1159,0
158,1160,0
158,1161,0
158,1162,0
158,1163,0
158,1164,0
158,1165,0
158,1166,0
158,1167,0
158,1168,0
158,1169,0
158,1170,0
158,1171,0
158,1172,0
158,1173,0
158,1174,0
158,1175,0
158,1176,0
158,1177,0
158,1178,0
158,1179,0
158,1180,0
158,1181,0
158,1182,0
158,1183,0
158,1184,0
158,1185,0
158,1186,0
158,1187,0
158,1188,0
158,1189,0
158,1190,0
158,1191,0
158,1192,0
158,1193,0
158,1194,0
158,1195,0
158,1196,0
158,1197,0
158,1198,0
158,1199,0
158,1200,0
158,1201,0
158,1202,0
158,1203,0
158,1204,0
158,1205,0
159,0,0
159,3,0
159,11,0
159,16,1
159,17,0
159,24,0
159,32,1
159,33,0
159,40,0
159,42,0
159,47,0
159,51,0
159,55,0
159,59,0
159,63,0
159,71,1
159,83,0
159,101,0
159,105,0
159,107,0
159,113,0
159,114,0
159,120,0
159,124,0
159,127,1
159,133,0
159,151,0
159,154,0
159,157,0
159,163,0
159,166,0
159,169,0
159,173,1
159,178,0
159,182,0
159,184,0
159,190,0
159,194,0
159,197,0
159,200,1
159,220,0
159,221,0
159,222,0
159,223,0
159,224,0
159,225,0
159,226,0
159,227,0
159,228,0
159,229,0
159,230,0
159,231,0
159,232,0
159,233,0
159,234,0
159,235,0
159,236,0
159,237,0
159,238,0
159,239,0
159,243,0
159,249,1
159,250,0
159,251,0
159,252,0
159,253,0
159,254,0
159,255,0
159,256,0
159,257,0
159,258,0
159,259,0
159,260,0
159,262,0
159,264,0
159,265,0
159,266,0
159,267,0
159,268,0
159,270,0
159,271,0
159,272,0
159,273,0
159,274,0
159,275,0
159,276,0
159,277,0
159,278,0
159,279,0
159,280,0
159,281,0
159,292,0
159,294,0
159,295,0
159,298,0
159,299,1
159,300,0
159,301,0
159,302,0
159,303,0
159,304,0
159,305,0
159,308,0
159,309,0
159,310,0
159,311,0
159,312,0
159,313,0
159,315,0
159,316,0
159,317,1
159,319,0
159,321,0
159,322,0
159,323,0
159,324,0
159,325,0
159,326,0
159,327,0
159,328,0
159,329,0
159,330,0
159,331,0
159,332,0
159,333,0
159,334,0
159,335,0
159,336,0
159,337,0
159,352,0
159,353,0
159,354,0
159,355,0
159,356,0
159,357,0
159,358,0
159,359,0
159,360,0
159,362,0
159,363,0
159,472,1
159,473,1
159,474,1
159,475,1
159,476,1
159,477,0
159,478,0
159,479,1
159,480,1
159,481,0
159,482,1
159,494,1
159,495,1
159,501,1
159,502,1
159,505,1
159,510,1
159,511,1
159,512,1
159,513,1
159,514,0
159,515,0
159,516,1
159,518,1
159,519,1
159,523,1
159,524,1
159,527,1
159,528,0
159,530,0
159,531,1
159,532,0
159,533,1
159,535,1
159,536,1
159,537,1
159,546,0
159,547,0
159,548,0
159,549,0
159,550,0
159,551,1
159,552,0
159,553,0
159,554,1
159,556,1
159,557,1
159,558,1
159,559,1
159,560,1
159,561,0
159,562,1
159,563,0
159,564,0
159,565,0
159,566,0
159,567,0
159,568,1
159,571,1
159,573,1
159,577,1
159,580,1
159,583,1
159,608,1
159,609,0
159,615,1
159,631,0
159,632,0
159,633,0
159,634,0
159,635,0
159,636,0
159,637,0
159,638,0
159,639,0
159,640,0
159,641,0
159,642,0
159,643,0
159,644,0
159,645,0
159,646,0
159,647,0
159,648,0
159,649,1
159,650,1
159,651,0
159,652,1
159,653,1
159,655,1
159,656,1
159,657,0
159,658,1
159,659,0
159,660,1
159,661,0
159,662,1
159,663,0
159,664,0
159,665,0
159,666,1
159,667,0
159,668,0
159,669,0
159,670,0
159,671,0
159,672,0
159,707,0
159,708,0
159,709,1
159,710,1
159,711,1
159,712,1
159,713,0
159,714,0
159,716,0
159,717,0
159,719,0
159,724,0
159,726,0
159,728,0
159,731,1
159,734,0
159,735,0
159,737,0
159,740,0
159,742,0
159,743,0
159,745,0
159,746,0
159,749,0
159,753,1
159,754,0
159,757,0
159,768,0
159,769,0
159,770,0
159,771,1
159,772,0
159,773,1
159,774,0
159,775,1
159,776,1
159,777,0
159,778,0
159,779,0
159,780,0
159,782,1
159,783,0
159,785,1
159,786,1
159,787,1
159,788,0
159,815,1
159,816,0
159,817,1
159,818,0
159,819,0
159,820,0
159,821,0
159,822,0
159,823,0
159,824,0
159,825,0
159,826,0
159,827,0
159,828,0
159,829,0
159,830,0
159,834,0
159,836,1
159,837,1
159,840,0
159,843,1
159,844,0
159,845,0
159,846,0
159,847,0
159,848,0
159,849,1
159,850,0
159,851,1
159,852,0
159,853,0
159,855,0
159,856,0
159,857,0
159,858,0
159,859,0
159,860,0
159,861,0
159,862,0
159,863,0
159,864,0
159,865,0
159,866,1
159,867,0
159,871,0
159,872,1
159,874,0
159,876,0
159,914,1
159,915,0
159,916,0
159,917,0
159,918,0
159,919,0
159,920,0
159,921,0
159,922,1
159,923,0
159,924,0
159,925,0
159,926,0
159,927,0
159,928,0
159,929,0
159,930,0
159,931,0
159,932,0
159,933,1
159,934,0
159,935,0
159,936,0
159,937,0
159,938,0
159,939,0
159,940,0
159,941,0
159,943,0
159,944,0
159,945,0
159,946,0
159,947,0
159,959,0
159,960,0
159,961,0
159,962,0
159,963,0
159,964,0
159,965,0
159,967,0
159,968,0
159,969,0
159,971,0
159,972,1
159,975,0
159,976,0
159,977,1
159,978,0
160,220,0
160,221,0
160,222,0
160,223,0
160,224,0
160,225,0
160,226,0
160,227,0
160,228,0
160,229,0
160,230,0
160,233,0
160,234,0
160,235,0
160,237,0
160,238,0
160,309,0
160,310,0
160,311,0
160,312,0
160,313,0
160,314,0
160,315,0
160,316,0
160,317,0
160,319,1
160,563,0
160,564,0
160,565,0
160,566,0
160,567,0
160,569,0
160,570,1
160,571,1
160,572,1
160,575,1
160,577,1
160,582,1
160,583,1
160,608,1
160,614,0
160,615,1
160,631,0
160,632,0
160,633,0
160,634,1
160,635,0
161,782,1
161,785,1
161,786,1
161,787,0
161,788,0
161,789,0
161,794,0
161,796,1
161,801,1
161,802,0
161,815,1
161,817,1
161,819,0
161,820,0
161,821,0
161,822,1
161,823,0
161,824,1
161,825,0
161,826,0
161,827,0
161,828,0
161,829,0
161,830,0
162,292,0
162,293,0
162,294,0
162,295,0
162,298,0
162,299,0
162,300,0
162,302,0
162,303,0
162,321,0
162,322,0
162,323,0
162,324,0
162,325,0
162,326,0
162,327,0
162,328,0
162,329,0
162,330,0
162,331,0
162,332,0
162,333,0
162,334,0
162,335,0
162,336,0
162,337,0
162,338,0
162,339,0
162,340,0
162,341,0
162,342,0
162,343,0
162,344,0
162,345,0
162,346,0
162,347,0
162,348,0
162,349,0
162,350,0
162,351,0
162,352,0
162,353,0
162,354,0
162,355,0
162,356,0
162,357,0
162,358,0
162,360,0
162,363,0
162,364,0
162,365,0
162,366,0
162,367,0
162,370,0
162,373,0
162,374,0
162,378,0
162,381,0
162,382,0
162,383,0
162,782,1
162,783,1
162,785,1
162,786,0
162,787,1
162,815,0
162,819,0
162,821,0
162,822,0
162,823,0
162,824,0
162,825,0
162,826,0
162,892,1
162,893,1
162,896,1
162,897,1
162,898,0
162,900,0
162,901,1
162,903,0
162,904,0
162,905,0
162,906,0
162,907,0
162,908,0
162,909,0
162,910,0
162,911,0
162,912,0
162,913,0
162,914,0
162,916,0
162,917,0
162,918,0
162,919,0
162,920,0
162,921,0
162,923,0
162,925,0
162,926,0
162,927,0
162,928,0
162,929,0
162,930,0
162,931,0
162,935,0
162,936,0
162,937,0
162,938,0
162,941,0
162,942,0
162,943,0
162,944,0
162,945,0
162,946,0
162,947,0
162,950,0
162,951,0
162,952,0
162,953,0
162,954,0
162,955,0
162,956,0
162,957,0
162,958,0
162,959,0
162,963,0
162,964,1
162,966,1
162,967,1
162,969,0
162,970,0
162,974,0
162,976,0
162,977,1
162,978,0
162,979,1
162,981,0
162,986,0
162,990,0
162,992,0
162,1003,0
162,1009,0
162,1017,0
162,1018,0
162,1025,1
162,1029,0
162,1031,0
162,1032,0
162,1033,0
162,1034,0
162,1036,0
162,1037,0
163,249,0
163,250,0
163,251,0
163,252,0
163,253,0
163,254,0
163,255,0
163,256,0
163,257,0
163,258,1
163,259,0
163,260,0
163,261,0
163,262,0
163,264,0
163,265,0
163,266,0
163,267,0
163,268,0
163,412,0
163,415,0
163,417,0
163,418,0
163,419,0
163,420,0
163,421,0
163,422,0
163,548,0
163,549,0
163,892,1
163,893,1
163,894,1
163,895,1
163,896,0
163,897,0
163,898,0
163,903,0
163,904,1
163,905,1
163,906,0
163,907,1
163,908,0
163,909,0
164,230,0
164,231,0
164,232,0
164,233,0
164,234,0
164,235,0
164,236,0
164,237,0
164,238,0
164,239,0
164,240,0
164,241,0
164,243,0
164,249,0
164,250,0
164,251,0
164,252,0
164,253,0
164,254,0
164,255,0
164,256,0
164,257,0
164,258,0
164,259,0
164,260,0
164,262,0
164,265,1
164,266,0
164,267,0
164,268,0
164,270,0
164,271,0
164,272,0
164,273,0
164,274,0
164,275,0
164,276,0
164,278,0
164,279,0
164,280,0
164,636,0
164,637,1
164,639,1
164,640,1
164,643,0
164,644,1
164,645,0
164,646,1
164,647,0
164,648,0
164,649,1
164,650,1
164,651,1
164,652,1
164,654,0
164,655,1
164,656,1
164,657,0
164,658,1
164,659,0
164,660,0
164,661,0
164,662,1
164,663,1
164,664,1
164,666,0
164,667,0
164,668,0
164,669,1
164,670,0
164,672,0
164,675,1
164,678,0
164,679,0
164,680,0
164,681,0
164,682,0
164,707,0
164,708,0
164,709,1
164,710,0
164,711,1
164,712,0
164,768,0
164,769,0
164,770,0
164,771,0
164,772,1
164,773,1
164,774,0
164,775,1
164,776,0
164,777,1
164,778,0
164,779,0
164,780,0
164,781,1
164,782,1
164,785,1
164,786,0
164,787,1
164,788,0
164,789,1
164,793,0
164,816,0
164,819,0
164,820,0
164,821,0
164,822,0
164,823,0
164,824,0
164,825,0
164,826,0
164,827,0
164,828,0
164,829,0
164,830,0
165,0,0
165,1,0
165,10,0
165,14,0
165,20,0
165,30,0
165,42,0
165,45,0
165,49,0
165,54,0
165,57,0
165,63,0
165,67,1
165,69,0
165,76,0
165,79,0
165,81,0
165,88,1
165,93,1
165,98,0
165,101,0
165,102,0
165,108,0
165,111,0
165,115,0
165,118,0
165,125,0
165,127,0
165,133,0
165,135,0
165,151,1
165,157,0
165,162,0
165,169,0
165,173,1
165,177,0
165,194,0
165,196,0
165,200,1
165,211,0
165,220,0
165,221,0
165,222,0
165,223,0
165,224,0
165,225,0
165,226,0
165,227,0
165,228,0
165,229,0
165,230,0
165,231,0
165,232,0
165,233,0
165,234,0
165,235,0
165,236,0
165,237,1
165,238,0
165,239,0
165,240,1
165,241,0
165,242,0
165,243,0
165,244,0
165,245,0
165,309,1
165,310,0
165,311,0
165,312,0
165,313,0
165,314,0
165,315,0
165,316,0
165,317,0
165,319,0
165,320,0
165,472,1
165,473,1
165,474,1
165,475,1
165,476,1
165,477,1
165,479,1
165,480,1
165,481,0
165,482,0
165,494,1
165,495,1
165,499,1
165,503,1
165,504,0
165,505,1
165,512,1
165,513,1
165,515,0
165,516,1
165,521,1
165,522,1
165,524,0
165,528,0
165,529,1
165,530,1
165,531,1
165,533,1
165,534,1
165,535,1
165,536,1
165,546,0
165,547,0
165,548,0
165,549,0
165,550,1
165,551,0
165,552,1
165,553,1
165,554,0
165,555,1
165,556,1
165,557,0
165,558,1
165,559,0
165,560,1
165,561,1
165,562,1
165,564,0
165,565,0
165,566,0
165,567,0
165,568,1
165,569,1
165,573,1
165,576,1
165,581,0
165,583,1
165,608,0
165,612,1
165,615,1
165,631,0
165,632,1
165,633,1
165,634,0
165,636,1
165,637,1
165,638,1
165,639,1
165,640,0
165,641,1
165,642,1
165,643,1
165,645,0
165,646,1
165,648,0
165,649,1
165,650,1
165,651,1
165,652,1
165,653,1
165,655,0
165,656,0
165,657,1
165,658,1
165,659,1
165,660,1
165,661,1
165,662,1
165,663,1
165,664,1
165,666,1
165,667,0
165,668,1
165,669,1
165,670,1
165,672,1
166,0,0
166,4,0
166,6,0
166,10,0
166,13,0
166,18,0
166,22,0
166,26,0
166,30,0
166,33,0
166,37,0
166,42,0
166,45,0
166,49,0
166,56,0
166,58,0
166,71,0
166,83,0
166,101,0
166,102,0
166,108,0
166,111,0
166,114,0
166,118,0
166,124,0
166,127,0
166,132,0
166,134,0
166,141,1
166,151,0
166,152,1
166,159,0
166,161,0
166,170,0
166,174,0
166,178,0
166,185,0
166,195,0
166,220,0
166,221,0
166,222,0
166,223,0
166,224,0
166,225,0
166,226,0
166,227,0
166,228,0
166,229,0
166,230,0
166,231,0
166,232,1
166,233,0
166,234,0
166,235,0
166,249,0
166,250,0
166,251,0
166,252,0
166,253,0
166,254,0
166,255,0
166,256,0
166,257,0
166,258,0
166,259,0
166,260,0
166,261,0
166,262,0
166,264,0
166,265,0
166,266,0
166,267,0
166,268,0
166,309,1
166,311,0
166,312,0
166,313,1
166,315,0
166,316,0
166,319,0
166,472,1
166,473,1
166,474,0
166,475,1
166,476,1
166,479,0
166,480,0
166,481,0
166,482,0
166,494,1
166,496,1
166,498,1
166,503,0
166,504,1
166,505,1
166,510,1
166,511,1
166,512,1
166,513,1
166,514,0
166,515,0
166,516,1
166,519,1
166,521,1
166,525,1
166,528,1
166,529,1
166,530,1
166,531,0
166,532,1
166,533,1
166,534,1
166,535,0
166,536,1
166,546,0
166,547,1
166,548,0
166,549,1
166,550,0
166,551,0
166,552,0
166,553,1
166,554,0
166,555,0
166,556,0
166,557,0
166,558,1
166,559,1
166,560,1
166,561,0
166,562,0
166,564,0
166,565,0
166,566,0
166,567,0
166,568,1
166,571,1
166,574,0
166,575,1
166,576,1
166,577,0
166,579,0
166,581,1
166,582,0
166,583,1
166,608,1
166,613,1
166,614,0
166,631,0
166,632,0
166,633,0
166,634,0
166,635,0
166,636,1
166,637,0
166,639,0
166,640,1
166,641,1
166,642,0
166,643,0
166,644,0
166,645,0
166,646,0
166,647,0
166,648,0
166,649,0
166,650,0
166,651,1
166,652,1
166,653,1
166,654,0
166,655,1
166,656,1
166,657,1
166,659,0
166,660,1
166,662,1
166,663,1
166,664,1
166,666,0
166,667,0
166,669,1
166,670,0
166,672,1
166,674,0
166,675,0
166,677,1
166,678,0
166,680,1
166,681,0
166,682,0
166,684,0
166,685,1
166,686,0
166,691,0
166,692,1
166,696,0
166,699,0
166,703,1
166,707,0
166,708,1
166,709,1
166,710,1
166,711,1
166,712,1
166,713,0
166,714,0
166,768,0
166,769,1
166,770,0
166,771,1
166,772,0
166,773,0
166,774,0
166,775,1
166,776,1
166,777,0
166,778,0
166,779,1
166,780,1
167,0,0
167,3,0
167,7,0
167,10,0
167,13,0
167,20,0
167,25,0
167,30,0
167,36,0
167,38,0
167,48,0
167,52,0
167,54,0
167,101,0
167,103,0
167,107,0
167,112,0
167,116,0
167,118,0
167,123,0
167,127,0
167,132,0
167,136,0
167,472,0
167,473,1
167,474,0
167,475,0
167,476,0
167,479,0
167,480,0
167,481,0
167,482,0
167,494,0
167,495,0
167,498,1
167,499,0
167,501,1
167,502,0
167,503,0
167,504,0
167,505,0
167,510,1
167,512,0
167,513,0
167,514,0
167,515,0
167,516,0
167,519,0
167,520,0
167,521,0
167,523,0
167,524,1
167,525,0
167,526,0
167,527,0
167,529,0
167,530,0
167,532,1
167,534,1
168,65,1
168,86,1
168,93,0
168,98,0
168,101,0
168,103,0
168,106,0
168,110,0
168,114,0
168,119,0
168,125,0
168,129,0
168,133,0
168,138,0
168,144,0
168,149,0
168,472,1
168,473,1
168,474,1
168,475,1
168,476,1
168,479,0
168,480,1
168,481,1
168,482,0
168,501,1
168,502,1
168,503,1
168,505,1
168,510,1
168,511,1
168,512,1
168,513,1
168,515,1
168,518,0
168,522,1
168,523,1
168,524,1
168,525,1
168,526,1
168,527,1
168,528,1
168,529,1
168,532,1
168,534,1
168,535,1
168,537,0
168,546,1
168,547,0
169,0,0
169,2,1
169,9,0
169,15,0
169,18,0
169,32,0
169,46,1
169,52,0
169,55,0
169,101,0
169,107,0
169,113,0
169,114,0
169,121,0
169,125,0
169,129,0
169,131,0
169,134,0
169,151,0
169,157,0
169,160,0
169,171,0
169,195,0
169,197,0
169,202,0
169,205,0
169,209,0
169,215,0
169,218,0
169,220,0
169,221,0
169,222,0
169,223,0
169,224,0
169,225,0
169,226,0
169,227,0
169,229,0
169,230,0
169,233,0
169,234,0
169,235,0
169,236,1
169,237,0
169,238,0
169,249,0
169,250,0
169,251,0
169,252,0
169,253,0
169,254,0
169,255,0
169,256,0
169,257,0
169,258,0
169,259,0
169,260,0
169,262,0
169,265,0
169,266,0
169,267,0
169,268,1
169,270,0
169,271,0
169,272,0
169,273,1
169,274,0
169,275,0
169,276,0
169,278,0
169,279,0
169,280,0
169,282,0
169,283,0
169,284,0
169,285,0
169,286,1
169,287,0
169,292,0
169,293,0
169,295,0
169,298,0
169,299,0
169,300,0
169,301,0
169,303,0
169,305,0
169,308,0
169,309,0
169,310,1
169,311,0
169,312,0
169,313,1
169,315,0
169,316,0
169,317,1
169,319,0
169,321,0
169,322,0
169,323,0
169,324,0
169,325,0
169,326,0
169,327,0
169,328,0
169,329,0
169,330,0
169,331,0
169,332,0
169,333,0
169,334,0
169,335,0
169,336,0
169,337,0
169,338,1
169,339,0
169,344,0
169,347,0
169,350,0
169,351,0
169,352,0
169,357,0
169,472,1
169,473,1
169,474,0
169,475,0
169,476,1
169,479,0
169,480,0
169,481,1
169,482,0
169,495,1
169,496,1
169,501,1
169,503,1
169,504,1
169,505,1
169,510,1
169,511,1
169,512,1
169,513,1
169,514,0
169,515,1
169,518,1
169,519,1
169,522,1
169,528,1
169,529,1
169,530,1
169,532,0
169,533,1
169,534,0
169,536,1
169,537,1
169,546,1
169,547,0
169,548,1
169,549,1
169,558,1
169,559,0
169,560,0
169,561,1
169,562,1
169,564,0
169,565,0
169,566,0
169,567,0
169,568,0
169,570,0
169,574,1
169,575,0
169,577,1
169,578,1
169,581,1
169,608,0
169,609,0
169,613,0
169,631,0
169,632,0
169,633,0
169,634,0
169,635,0
169,636,0
169,637,1
169,639,1
169,640,1
169,642,0
169,644,0
169,645,0
169,646,0
169,647,0
169,648,0
169,649,0
169,650,1
169,651,0
169,652,0
169,653,1
169,655,1
169,656,1
169,657,1
169,658,0
169,659,0
169,660,0
169,661,0
169,662,0
169,663,0
169,664,0
169,665,0
169,666,0
169,667,1
169,668,0
169,669,0
169,670,0
169,672,0
169,675,0
169,682,0
169,707,0
169,708,0
169,709,0
169,710,1
169,711,0
169,712,1
169,713,0
169,714,0
169,717,0
169,720,0
169,722,1
169,723,0
169,725,0
169,727,0
169,728,1
169,729,0
169,731,1
169,733,1
169,735,1
169,739,0
169,741,1
169,744,0
169,747,0
169,751,0
169,755,1
169,756,1
169,757,0
169,758,0
169,759,0
169,760,1
169,761,0
169,763,0
169,764,0
169,765,0
169,767,0
169,768,0
169,769,0
169,770,0
169,771,1
169,772,1
169,773,1
169,774,0
169,775,1
169,776,1
169,777,0
169,778,0
169,779,1
169,780,1
169,784,1
169,786,1
169,787,1
169,815,0
169,819,1
169,820,1
169,821,0
169,822,0
169,823,1
169,824,0
169,825,0
169,826,0
169,827,1
169,828,0
169,834,0
169,836,1
169,838,1
169,839,0
169,843,0
169,844,0
169,845,1
169,846,0
169,847,0
169,849,0
169,851,0
169,852,1
169,853,1
169,854,0
169,856,1
169,858,0
169,860,0
169,861,0
169,863,1
169,865,0
169,874,1
169,914,0
169,916,0
169,918,0
169,920,0
169,921,0
169,923,0
169,926,0
169,927,0
169,928,0
169,929,0
169,930,0
169,935,0
169,937,0
169,938,0
170,892,1
170,893,1
170,894,1
170,895,1
170,896,1
170,897,1
170,898,1
170,899,1
170,900,1
170,902,0
170,903,0
170,904,1
170,905,0
170,906,0
170,907,1
170,908,0
170,909,0
171,220,0
171,221,0
171,222,0
171,224,1
171,225,0
171,226,0
171,227,0
171,229,0
171,230,0
171,233,0
171,234,1
171,237,0
171,238,0
171,249,0
171,253,0
171,255,0
171,256,1
171,259,0
171,270,0
171,271,0
171,272,0
171,273,0
171,274,0
171,275,0
171,276,0
171,277,0
171,278,0
171,279,0
171,280,0
171,281,0
171,282,0
171,283,0
171,284,0
171,285,0
171,287,1
171,292,0
171,293,0
171,636,0
171,637,0
171,638,1
171,639,0
171,640,0
171,641,0
171,642,0
171,643,1
171,645,0
171,646,0
171,648,0
171,649,1
171,650,1
171,651,1
171,652,1
171,653,0
171,655,0
171,656,0
171,657,1
171,658,0
171,659,0
171,660,0
171,661,0
171,662,0
171,663,1
171,664,1
171,665,1
171,666,0
171,667,0
171,668,0
171,669,0
171,670,0
171,671,0
171,707,0
171,708,1
171,709,0
171,710,1
171,711,0
171,712,1
171,713,0
171,714,0
171,716,0
171,717,1
171,720,0
171,721,0
171,722,0
171,724,0
171,726,0
171,727,1
171,728,0
171,730,0
171,735,0
171,738,0
171,739,0
171,741,1
171,743,1
171,745,0
171,748,0
171,749,0
171,755,1
171,768,0
171,769,0
171,770,0
171,771,0
171,772,1
171,773,0
171,774,0
171,775,1
171,776,0
171,777,0
171,778,0
171,779,1
171,780,0
171,834,0
171,837,0
171,838,1
171,839,1
171,840,1
171,841,0
171,842,0
171,843,1
171,844,0
171,845,0
171,846,0
171,847,0
171,848,1
171,849,1
171,850,0
171,851,1
171,852,0
171,853,0
171,855,0
171,857,0
171,859,0
171,863,0
172,366,1
172,412,0
172,415,0
172,417,0
172,418,0
172,419,0
172,420,0
172,421,0
172,422,1
172,424,1
172,426,0
172,427,0
172,428,0
172,430,0
172,432,0
172,434,0
172,435,0
172,436,0
172,437,0
172,892,1
172,893,0
172,894,1
172,895,1
172,896,1
172,897,1
172,898,0
172,899,1
172,900,0
172,901,1
172,902,0
172,903,1
172,904,0
172,905,0
172,906,1
172,907,1
172,908,0
172,909,0
172,910,0
172,911,0
172,912,1
172,913,1
173,0,0
173,16,1
173,29,0
173,352,0
173,354,0
173,355,0
173,356,0
173,357,0
173,358,1
173,360,0
173,363,0
173,364,1
173,365,0
173,366,0
173,367,0
173,370,0
173,373,0
173,374,0
173,375,0
173,379,0
173,380,0
173,382,0
173,383,0
173,386,0
173,387,0
173,388,0
173,389,1
173,390,0
173,391,0
173,392,0
173,393,0
173,394,0
173,395,0
173,402,0
173,404,0
173,405,0
173,407,0
173,412,0
173,415,1
173,418,0
173,419,1
173,420,1
173,421,0
173,422,0
173,427,0
173,430,0
173,432,1
173,434,0
173,435,0
173,437,0
173,439,0
173,440,0
173,442,0
173,443,0
173,445,0
173,446,0
173,449,1
173,450,0
173,451,1
173,453,0
173,455,0
173,462,0
173,466,0
173,467,0
173,468,0
173,470,1
173,831,1
173,832,0
173,833,0
173,892,1
173,893,0
173,894,0
173,895,1
173,896,1
173,897,0
173,898,0
173,900,0
173,901,0
173,903,0
173,904,0
173,905,0
173,906,0
173,907,0
173,908,0
173,909,0
173,910,0
173,911,0
173,912,1
173,913,0
173,914,0
173,916,0
173,918,0
173,920,0
173,921,0
173,923,0
173,926,0
173,927,0
173,928,0
173,929,0
173,931,0
173,932,0
173,933,1
173,935,0
173,937,0
173,938,0
173,941,0
173,944,0
173,946,0
173,947,0
173,948,0
173,949,0
173,950,0
173,951,0
173,952,0
173,953,0
173,954,0
173,955,0
173,956,0
173,957,0
173,958,0
173,959,0
173,960,0
173,961,0
173,962,0
173,963,0
173,964,0
173,965,0
173,966,1
173,967,0
173,968,0
173,969,0
173,970,0
173,971,1
173,972,1
173,973,0
173,974,1
173,975,0
173,976,0
173,977,1
173,978,0
173,979,1
173,1009,0
173,1012,0
173,1013,0
173,1014,0
173,1015,1
173,1016,1
173,1017,1
173,1019,1
173,1020,1
173,1021,1
173,1022,1
173,1023,1
173,1024,0
173,1025,0
173,1027,1
173,1028,0
173,1029,0
173,1030,0
173,1031,0
173,1038,0
173,1039,0
173,1041,1
173,1044,0
173,1045,0
173,1046,1
173,1048,1
173,1053,0
173,1055,1
173,1056,0
173,1057,0
173,1059,0
173,1060,0
173,1064,0
173,1065,0
173,1070,0
173,1071,0
173,1072,0
173,1073,0
173,1074,0
173,1075,0
173,1076,0
173,1077,0
173,1078,0
173,1079,0
173,1080,0
173,1081,0
173,1082,0
173,1083,0
173,1084,1
173,1086,1
173,1090,1
173,1096,1
173,1100,1
173,1103,1
173,1108,1
173,1109,1
173,1110,0
173,1111,0
173,1112,0
173,1113,0
173,1114,1
173,1117,0
173,1119,0
173,1120,0
173,1122,1
173,1123,0
173,1124,0
173,1125,1
173,1131,1
173,1133,0
173,1134,0
173,1140,0
173,1142,0
173,1145,1
173,1147,0
173,1151,1
173,1152,0
173,1155,0
173,1156,0
173,1165,0
173,1169,1
173,1171,0
173,1172,0
173,1173,0
173,1177,0
173,1178,1
173,1181,0
173,1182,0
173,1185,0
173,1186,0
173,1187,0
173,1188,0
173,1189,0
173,1190,0
173,1191,0
173,1192,0
173,1193,0
173,1194,0
173,1195,0
173,1196,0
173,1197,0
173,1198,0
173,1199,0
173,1200,0
173,1201,0
173,1202,0
173,1203,0
173,1204,0
173,1205,0
174,72,0
174,73,0
174,77,0
174,93,1
174,100,0
174,101,0
174,102,0
174,107,0
174,112,0
174,116,0
174,119,0
174,124,0
174,129,0
174,131,0
174,134,0
174,139,0
174,147,1
174,249,0
174,250,0
174,251,0
174,252,0
174,253,0
174,254,0
174,255,0
174,256,0
174,257,0
174,258,0
174,259,0
174,260,0
174,261,0
174,262,0
174,263,0
174,264,0
174,265,0
174,266,0
174,267,0
174,268,0
174,269,0
174,366,0
174,412,0
174,415,0
174,417,0
174,418,0
174,419,0
174,420,0
174,421,0
174,422,0
174,427,0
174,430,0
174,432,0
174,434,0
174,435,0
174,437,0
174,892,0
174,893,0
174,894,1
174,895,1
174,896,0
174,897,1
174,898,1
174,903,0
174,904,0
174,905,0
174,906,0
174,907,0
174,908,0
174,909,0
174,911,0
175,0,0
175,15,0
175,19,0
175,32,0
176,251,0
176,253,0
176,255,0
176,256,0
176,257,0
176,258,0
176,262,0
176,264,0
176,265,0
176,266,0
176,267,0
176,268,0
176,270,0
176,271,0
176,272,1
176,273,1
176,274,0
176,275,0
176,276,0
176,278,0
176,279,1
176,280,0
176,282,0
176,283,0
176,284,0
176,285,0
176,287,0
176,292,0
176,293,0
176,294,0
176,295,0
176,298,0
176,300,1
176,707,0
176,708,1
176,709,1
176,710,0
176,711,1
176,712,1
176,713,0
176,714,0
176,716,0
176,768,1
176,769,1
176,770,0
176,771,1
176,772,1
176,773,1
176,774,0
176,775,1
176,776,1
176,777,1
176,778,1
176,779,0
176,780,1
176,834,0
176,837,1
176,839,1
176,840,1
176,843,1
176,844,1
176,845,1
176,849,1
176,853,0
176,855,1
176,856,1
176,857,0
176,858,1
176,860,0
176,861,0
176,864,1
177,270,0
177,271,0
177,272,0
177,273,0
177,274,0
177,275,0
177,276,0
177,277,0
177,278,0
177,279,1
177,280,0
177,282,0
177,283,0
177,284,0
177,292,0
177,293,0
177,294,0
177,295,0
177,297,0
177,298,0
177,299,0
177,300,0
177,301,0
177,302,0
177,303,0
177,305,0
177,306,0
177,307,0
177,308,0
177,321,0
177,322,0
177,323,0
177,324,0
177,325,0
177,326,0
177,327,0
177,328,0
177,329,0
177,330,0
177,331,0
177,332,0
177,333,0
177,334,0
177,335,0
177,336,0
177,337,0
177,338,1
177,339,0
177,340,0
177,341,0
177,342,0
177,343,0
177,344,0
177,346,0
177,348,0
177,349,0
177,351,0
177,352,0
177,353,0
177,354,0
177,355,0
177,356,0
177,357,0
177,358,0
177,360,0
177,363,0
177,781,0
177,782,1
177,783,1
177,785,1
177,786,0
177,787,0
177,788,0
177,789,0
177,791,0
177,792,1
177,793,1
177,800,0
177,814,1
177,815,0
177,816,1
177,817,1
177,819,0
177,820,1
177,821,0
177,822,1
177,823,0
177,824,0
177,825,0
177,826,0
177,827,0
177,828,0
177,829,0
177,830,0
177,834,0
177,835,0
177,836,1
177,837,1
177,838,0
177,839,0
177,840,1
177,844,1
177,845,1
177,847,0
177,850,1
177,852,0
177,853,1
177,855,0
177,856,1
177,857,1
177,864,1
177,865,1
177,867,0
177,892,1
177,893,0
177,894,1
177,895,1
177,896,1
177,897,1
177,898,0
177,899,1
177,900,1
177,901,1
177,902,0
177,904,0
177,908,0
177,914,0
177,915,0
177,916,0
177,917,0
177,918,0
177,919,0
177,920,0
177,921,0
177,922,0
177,923,0
177,924,0
177,925,1
177,926,0
177,927,0
177,928,0
177,929,0
177,931,0
177,932,0
177,933,0
177,934,0
177,935,0
177,937,0
177,938,0
177,939,0
177,941,0
177,944,0
177,946,0
177,947,1
177,950,0
177,951,0
177,952,0
177,953,0
177,954,0
177,955,0
177,956,0
177,957,0
177,958,0
177,959,0
177,960,0
177,963,0
177,964,1
177,974,1
177,978,1
177,979,1
177,992,0
177,1009,0
177,1013,0
177,1029,0
177,1030,0
177,1031,0
177,1032,0
177,1033,0
177,1034,0
177,1035,0
177,1036,0
177,1037,0
177,1038,0
178,240,0
178,241,0
178,242,0
178,244,0
178,245,0
178,246,0
178,249,0
178,250,0
178,251,0
178,252,0
178,253,0
178,254,0
178,255,0
178,256,0
178,257,0
178,258,0
178,259,0
178,260,0
178,262,0
178,263,0
178,264,0
178,265,0
178,266,0
178,267,0
178,268,0
178,270,0
178,271,1
178,272,1
178,273,0
178,274,0
178,275,0
178,276,0
178,278,0
178,279,1
178,280,0
178,282,0
178,283,0
178,284,0
178,285,0
178,286,0
178,287,0
178,288,1
178,289,0
178,292,0
178,636,0
178,638,1
178,639,1
178,640,1
178,642,1
178,643,0
178,644,1
178,645,0
178,646,0
178,647,0
178,648,0
178,649,1
178,650,1
178,651,1
178,652,1
178,653,1
178,654,0
178,655,1
178,656,1
178,658,0
178,659,0
178,660,1
178,661,0
178,662,1
178,663,1
178,664,1
178,666,1
178,667,0
178,668,0
178,669,0
178,670,1
178,671,1
178,673,0
178,674,1
178,675,0
178,676,0
178,678,0
178,679,0
178,680,0
178,682,1
178,684,1
178,686,0
178,690,0
178,691,0
178,693,1
178,695,0
178,696,1
178,698,0
178,699,1
178,700,0
178,703,0
178,706,0
178,707,0
178,708,0
178,709,1
178,710,1
178,711,1
178,712,0
178,713,1
178,714,0
178,715,1
178,716,0
178,721,0
178,723,0
178,728,1
178,732,1
178,734,0
178,740,0
178,741,0
178,750,0
178,768,0
178,769,1
178,770,0
178,771,1
178,772,1
178,773,1
178,774,1
178,775,1
178,776,1
178,777,1
178,778,1
178,779,1
178,780,1
178,834,0
178,835,0
178,836,0
178,837,0
178,838,0
178,839,1
178,840,1
178,841,0
178,843,0
178,844,1
178,845,1
178,846,0
178,847,0
178,848,1
178,850,0
178,851,0
178,853,0
178,854,0
178,855,0
178,856,1
179,220,0
179,221,0
179,222,0
179,223,0
179,224,0
179,225,0
179,226,0
179,227,0
179,228,0
179,229,0
179,230,0
179,231,0
179,232,0
179,233,0
179,234,0
179,235,0
179,236,0
179,237,0
179,238,0
179,243,0
179,314,0
179,318,1
179,320,0
180,0,0
180,4,0
180,7,0
180,12,0
180,13,0
180,20,0
180,22,0
180,27,0
180,32,0
180,36,0
180,38,0
180,41,0
180,48,0
180,51,0
180,53,0
180,60,0
180,61,0
180,67,0
180,71,0
180,75,0
180,78,0
180,82,0
180,98,0
180,101,0
180,104,0
180,107,0
180,111,0
180,114,0
180,124,0
180,127,0
180,130,0
180,134,0
180,140,1
180,151,0
180,156,0
180,163,0
180,169,0
180,172,0
180,178,0
180,188,0
180,194,0
180,196,0
180,201,0
180,205,0
180,210,0
180,219,0
180,220,0
180,221,0
180,222,0
180,223,0
180,224,0
180,225,0
180,226,0
180,227,0
180,229,0
180,230,0
180,231,0
180,232,0
180,233,0
180,234,0
180,235,0
180,236,0
180,237,0
180,238,0
180,239,0
180,240,0
180,241,0
180,242,0
180,243,0
180,249,0
180,250,0
180,251,0
180,252,0
180,253,0
180,254,0
180,255,0
180,256,0
180,257,0
180,258,0
180,259,0
180,260,0
180,262,0
180,270,0
180,271,0
180,272,0
180,273,0
180,274,0
180,275,0
180,276,0
180,277,0
180,278,0
180,279,0
180,280,0
180,282,0
180,283,0
180,284,0
180,292,0
180,293,0
180,294,0
180,295,0
180,297,0
180,298,0
180,299,0
180,300,0
180,301,0
180,303,0
180,304,0
180,305,0
180,308,0
180,309,1
180,310,1
180,311,0
180,312,0
180,313,0
180,314,0
180,315,0
180,316,0
180,317,0
180,318,1
180,319,0
180,321,0
180,322,0
180,326,0
180,329,1
180,331,0
180,472,0
180,473,0
180,474,1
180,475,1
180,476,0
180,479,0
180,480,0
180,481,0
180,482,0
180,494,0
180,495,1
180,496,1
180,498,1
180,501,0
180,502,0
180,504,1
180,505,1
180,510,0
180,511,1
180,512,1
180,513,1
180,514,0
180,515,0
180,518,1
180,521,0
180,522,1
180,523,0
180,525,0
180,527,0
180,528,1
180,529,0
180,530,0
180,531,1
180,532,1
180,533,1
180,535,1
180,536,1
180,537,1
180,546,0
180,547,0
180,549,0
180,558,0
180,559,0
180,560,0
180,561,1
180,562,1
180,564,0
180,565,1
180,566,0
180,567,1
180,569,0
180,570,1
180,571,1
180,572,1
180,573,1
180,576,1
180,580,1
180,583,1
180,608,0
180,614,0
180,615,1
180,631,0
180,632,0
180,633,0
180,636,0
180,639,0
180,640,1
180,641,1
180,642,0
180,644,0
180,645,0
180,648,0
180,649,1
180,650,1
180,651,0
180,652,0
180,653,1
180,655,0
180,656,0
180,657,0
180,658,0
180,659,1
180,660,0
180,661,0
180,662,1
180,663,0
180,664,0
180,665,1
180,666,0
180,667,0
180,668,0
180,671,0
180,675,0
180,677,0
180,678,0
180,679,0
180,680,0
180,681,0
180,682,0
180,684,0
180,685,0
180,687,0
180,691,0
180,692,0
180,699,0
180,701,0
180,707,0
180,708,0
180,709,0
180,710,0
180,711,0
180,712,0
180,713,0
180,714,0
180,715,1
180,716,0
180,717,0
180,718,0
180,723,0
180,724,0
180,730,0
180,731,1
180,732,0
180,734,0
180,735,1
180,739,1
180,740,0
180,741,0
180,742,0
180,743,0
180,748,0
180,752,0
180,753,0
180,754,0
180,755,0
180,757,0
180,758,0
180,759,0
180,760,0
180,761,1
180,768,0
180,769,0
180,770,0
180,771,0
180,772,0
180,773,0
180,774,0
180,775,0
180,776,0
180,777,0
180,778,0
180,779,0
180,780,0
180,782,0
180,783,1
180,784,1
180,785,0
180,786,1
180,787,0
180,788,0
180,789,0
180,815,0
180,816,0
180,817,0
180,819,1
180,820,0
180,821,1
180,822,0
180,823,0
180,824,0
180,825,0
180,826,0
180,827,0
180,828,0
180,829,1
180,830,0
180,834,0
180,836,1
180,837,0
180,839,1
180,840,1
180,843,0
180,846,1
180,847,1
180,850,1
180,852,1
180,853,1
180,856,0
180,857,1
180,858,0
180,859,0
180,860,0
180,861,0
180,862,0
180,863,0
180,864,0
180,865,1
180,866,0
180,867,0
180,868,0
180,869,1
180,870,0
180,871,1
180,872,0
180,874,0
180,875,0
180,876,0
180,877,0
180,878,0
180,879,0
180,880,0
180,881,0
180,884,0
180,885,0
180,887,0
180,888,0
180,889,0
180,890,0
181,264,1
181,265,0
181,267,0
181,268,0
181,269,0
181,270,0
181,271,0
181,272,0
181,273,0
181,274,0
181,275,0
181,276,0
181,277,0
181,278,0
181,279,0
181,280,0
181,281,0
181,282,0
181,283,0
181,284,0
181,285,0
181,286,0
181,287,0
181,288,0
181,289,0
181,707,0
181,708,0
181,709,0
181,710,0
181,711,1
181,712,0
181,713,0
181,714,0
181,768,0
181,769,0
181,770,0
181,771,1
181,772,1
181,773,0
181,774,0
181,775,1
181,776,1
181,777,0
181,778,0
181,779,0
181,780,0
181,834,0
181,836,0
181,837,1
181,838,0
181,839,1
181,840,1
181,845,0
181,846,0
181,847,0
181,848,0
181,849,0
181,850,0
181,851,0
181,852,0
181,853,0
181,854,0
181,855,0
181,856,0
181,860,1
181,864,0
182,417,0
183,0,0
183,4,0
183,9,0
183,16,1
183,17,0
183,22,0
183,31,1
183,46,0
183,52,0
183,54,0
183,58,0
183,81,0
183,101,0
183,103,0
183,109,0
183,113,0
183,115,0
183,119,0
183,123,0
183,127,0
183,132,0
183,137,0
183,151,0
183,153,1
183,157,0
183,160,0
183,171,0
183,173,0
183,178,0
183,185,0
183,191,0
183,194,0
183,220,0
183,221,0
183,222,0
183,223,0
183,224,0
183,225,0
183,226,0
183,227,0
183,228,0
183,229,0
183,230,0
183,231,0
183,232,0
183,233,0
183,234,0
183,235,0
183,236,0
183,237,0
183,238,0
183,239,0
183,240,0
183,241,0
183,242,0
183,243,0
183,244,0
183,245,0
183,249,0
183,250,0
183,251,0
183,252,0
183,253,0
183,254,0
183,255,0
183,256,0
183,257,0
183,258,0
183,259,0
183,260,0
183,262,0
183,266,0
183,267,0
183,270,0
183,271,0
183,272,0
183,273,0
183,274,0
183,275,0
183,276,0
183,277,0
183,278,0
183,279,0
183,280,0
183,281,0
183,282,0
183,283,0
183,284,0
183,285,0
183,286,0
183,287,0
183,289,0
183,292,0
183,293,0
183,294,0
183,295,0
183,296,0
183,297,0
183,298,0
183,299,0
183,300,0
183,301,0
183,302,0
183,303,0
183,304,0
183,305,0
183,307,0
183,308,0
183,309,0
183,310,0
183,311,0
183,312,0
183,313,0
183,314,0
183,315,0
183,316,0
183,317,0
183,319,0
183,472,0
183,473,0
183,474,0
183,475,0
183,476,0
183,479,0
183,480,1
183,481,0
183,482,0
183,483,1
183,485,0
183,494,1
183,496,1
183,498,1
183,501,0
183,502,0
183,503,1
183,504,0
183,505,0
183,507,0
183,508,1
183,510,1
183,511,1
183,512,0
183,513,0
183,514,0
183,518,0
183,521,0
183,522,0
183,523,0
183,524,0
183,525,0
183,526,0
183,527,0
183,528,0
183,529,0
183,530,0
183,531,0
183,532,1
183,533,1
183,534,0
183,535,1
183,536,0
183,537,0
183,546,0
183,547,0
183,558,1
183,559,0
183,560,1
183,561,0
183,562,1
183,564,0
183,565,0
183,566,0
183,567,0
183,568,0
183,569,0
183,570,0
183,571,1
183,572,1
183,573,0
183,574,0
183,575,1
183,576,0
183,577,1
183,579,1
183,580,1
183,582,0
183,583,1
183,601,0
183,604,0
183,608,0
183,614,0
183,615,0
183,616,0
183,617,1
183,619,0
183,620,0
183,621,1
183,623,0
183,624,0
183,625,1
183,629,0
183,630,0
183,631,0
183,632,0
183,633,0
183,634,0
183,636,0
183,637,0
183,638,0
183,639,0
183,640,0
183,641,0
183,642,0
183,643,0
183,645,0
183,646,0
183,647,0
183,648,0
183,649,1
183,650,1
183,651,1
183,652,0
183,653,1
183,654,0
183,655,0
183,656,0
183,657,0
183,658,0
183,659,0
183,660,0
183,661,0
183,662,0
183,663,0
183,664,0
183,665,0
183,666,0
183,707,0
183,708,0
183,709,0
183,710,0
183,711,0
183,712,0
183,713,0
183,714,0
183,724,0
183,725,0
183,726,0
183,729,0
183,768,0
183,769,0
183,770,0
183,771,0
183,772,0
183,773,0
183,774,0
183,775,0
183,776,0
183,777,0
183,778,0
183,779,0
183,780,0
183,781,0
183,782,0
183,783,0
183,784,0
183,785,0
183,786,0
183,787,0
183,788,0
183,789,0
183,815,0
183,816,0
183,817,0
183,819,0
183,820,0
183,821,0
183,822,0
183,823,0
183,824,0
183,825,0
183,826,0
183,827,0
183,828,0
183,829,0
183,830,0
183,834,0
183,836,0
183,837,1
183,838,1
183,839,1
183,841,0
183,842,0
183,843,0
183,844,0
183,845,0
183,846,0
183,847,0
183,848,0
183,849,0
183,850,0
183,851,0
183,852,0
183,853,0
183,855,0
183,856,0
183,857,0
183,858,0
183,859,0
183,860,0
183,861,0
183,862,0
183,864,0
183,865,0
184,249,0
184,250,0
184,251,0
184,252,0
184,253,0
184,254,0
184,255,0
184,256,0
184,257,0
184,258,0
184,259,0
184,260,0
184,262,0
184,263,1
184,264,0
184,265,0
184,266,0
184,267,0
184,268,0
184,269,0
184,270,0
184,271,0
184,272,0
184,273,0
184,274,0
184,275,0
184,655,0
184,656,0
184,657,0
184,659,1
184,660,0
184,662,1
184,663,0
184,664,1
184,665,1
184,667,0
184,669,0
184,672,0
184,673,1
184,674,0
184,675,0
184,677,0
184,679,1
184,680,1
184,682,0
184,686,0
184,688,0
184,689,0
184,690,1
184,691,0
184,699,0
184,707,1
184,708,0
184,709,0
184,710,1
184,711,1
184,712,0
184,713,0
184,714,0
184,716,0
184,718,0
184,721,0
184,726,0
184,729,1
184,730,1
184,731,1
184,732,0
184,733,0
184,734,0
184,735,0
184,736,0
184,737,0
184,739,0
184,740,0
184,745,0
184,748,0
184,749,0
184,750,0
184,752,0
184,756,0
184,757,0
184,758,0
184,760,0
184,768,0
184,769,1
184,770,0
184,771,0
184,772,1
184,773,0
184,774,0
184,775,1
184,776,1
184,777,1
184,778,0
184,779,1
184,780,0
185,232,0
185,237,0
185,238,0
185,239,0
185,240,0
185,241,0
185,242,0
185,243,0
185,244,0
185,245,0
185,246,0
185,248,0
185,249,0
185,250,0
185,251,0
185,252,0
185,253,0
185,254,0
185,255,0
185,256,0
185,257,0
185,258,0
185,259,0
185,260,0
185,262,0
185,264,0
185,265,0
185,266,0
185,267,0
185,268,0
185,270,0
185,271,0
185,272,1
185,273,0
185,274,0
185,275,0
185,276,0
185,278,0
185,280,1
185,282,0
185,283,0
185,636,0
185,638,1
185,639,0
185,640,1
185,641,1
185,642,1
185,643,0
185,645,0
185,648,0
185,649,1
185,650,1
185,651,1
185,652,1
185,654,1
185,655,1
185,656,1
185,658,0
185,660,1
185,661,1
185,663,0
185,664,1
185,665,1
185,667,0
185,668,0
185,670,0
185,672,0
185,674,0
185,675,0
185,679,0
185,680,1
185,682,1
185,686,1
185,688,0
185,707,0
185,708,1
185,709,0
185,710,0
185,711,0
185,712,0
185,713,0
185,714,0
185,732,1
185,768,0
185,769,1
185,770,0
185,771,0
185,772,1
185,773,1
185,774,0
185,775,0
185,776,1
185,777,1
185,778,0
185,779,1
185,780,0
185,834,0
185,838,1
185,839,1
185,840,1
185,844,0
185,845,0
185,846,1
185,852,0
186,288,0
186,290,0
186,292,0
186,293,0
186,294,0
186,295,0
186,298,0
186,321,0
186,322,0
186,323,0
186,324,0
186,325,0
186,326,0
186,327,0
186,328,0
186,329,0
186,330,0
186,331,0
186,332,0
186,333,0
186,334,0
186,335,0
186,336,0
186,337,0
186,339,0
186,352,0
186,353,0
186,354,0
186,355,0
186,356,0
186,357,0
186,358,0
186,359,0
186,360,0
186,361,0
186,362,0
186,363,0
186,784,1
186,786,1
186,787,1
186,816,1
186,818,1
186,819,1
186,820,0
186,821,0
186,822,1
186,823,1
186,824,1
186,825,1
186,826,0
186,827,0
186,828,0
186,829,1
186,834,0
186,836,1
186,838,1
186,839,1
186,843,0
186,845,1
186,846,1
186,847,1
186,849,1
186,850,1
186,852,0
186,856,1
186,858,0
186,861,1
186,864,1
186,914,0
186,916,0
186,918,0
186,920,0
186,921,0
186,922,0
186,923,0
186,926,0
186,927,0
186,928,1
186,929,0
186,935,0
186,937,0
186,938,0
186,941,0
187,0,0
187,11,1
187,16,0
187,19,0
187,23,0
187,31,0
187,41,0
187,47,0
187,52,0
187,55,0
187,58,0
187,61,0
187,71,0
187,74,0
187,78,1
187,83,0
187,100,1
187,101,0
187,107,0
187,112,0
187,118,0
187,125,0
187,127,0
187,151,0
187,157,0
187,163,0
187,169,0
187,176,1
187,193,0
187,198,0
187,200,0
187,204,0
187,211,0
187,215,0
187,219,0
187,220,0
187,221,0
187,222,0
187,223,0
187,224,0
187,225,0
187,226,0
187,227,0
187,228,0
187,229,0
187,230,0
187,233,0
187,234,0
187,243,1
187,249,0
187,255,0
187,259,0
187,311,0
187,312,0
187,313,1
187,315,1
187,316,1
187,319,0
187,472,1
187,473,1
187,474,1
187,475,1
187,476,1
187,479,0
187,480,1
187,481,0
187,482,0
187,494,1
187,496,1
187,501,1
187,502,1
187,503,1
187,504,1
187,510,1
187,513,1
187,515,1
187,519,0
187,521,1
187,522,1
187,523,1
187,526,1
187,530,1
187,531,1
187,532,1
187,535,1
187,536,1
187,537,1
187,546,0
187,547,0
187,548,0
187,549,0
187,550,1
187,551,1
187,552,1
187,553,1
187,554,1
187,556,1
187,557,0
187,558,0
187,559,0
187,560,0
187,561,0
187,562,1
187,563,0
187,564,0
187,565,0
187,566,1
187,567,0
187,569,0
187,570,1
187,572,1
187,573,1
187,576,1
187,577,1
187,582,1
187,608,1
187,609,1
187,614,1
187,615,0
187,631,0
187,632,0
187,633,0
187,634,0
187,635,1
187,636,1
187,637,1
187,638,0
187,639,0
187,640,0
187,641,1
187,642,0
187,643,0
187,644,0
187,645,0
187,646,0
187,647,0
187,648,0
187,649,1
187,650,0
187,651,1
187,652,0
187,653,1
187,654,1
187,655,1
187,656,1
187,658,1
187,659,0
187,666,0
188,249,0
188,250,0
188,251,0
188,252,0
188,253,0
188,254,0
188,255,0
188,256,0
188,257,0
188,258,0
188,259,0
188,260,0
188,261,0
188,262,0
188,263,0
188,264,0
188,265,0
188,266,0
188,267,0
188,268,0
188,269,0
188,270,0
188,271,0
188,272,0
188,273,0
188,274,0
188,275,0
188,276,0
188,277,0
188,278,0
188,279,0
188,280,0
188,281,0
188,282,0
188,283,0
188,284,0
188,285,0
188,287,0
188,292,0
188,293,0
188,294,0
188,295,0
188,296,0
188,297,0
188,298,0
188,299,0
188,300,1
188,636,1
188,637,1
188,639,1
188,640,1
188,641,0
188,642,1
188,644,1
188,646,1
188,647,0
188,648,0
188,649,1
188,650,0
188,651,0
188,652,1
188,653,1
188,654,1
188,655,0
188,656,1
188,657,0
188,658,1
188,659,0
188,660,0
188,661,0
188,663,0
188,664,1
188,665,1
188,666,0
188,667,0
188,668,0
188,669,0
188,670,0
188,672,1
188,707,0
188,708,0
188,709,0
188,710,0
188,711,1
188,712,0
188,713,0
188,714,0
188,715,0
188,717,1
188,723,1
188,724,0
188,725,0
188,728,0
188,730,0
188,731,0
188,732,1
188,733,0
188,739,1
188,740,0
188,743,0
188,744,0
188,748,0
188,749,0
188,750,1
188,752,1
188,753,1
188,755,0
188,756,0
188,758,0
188,759,0
188,761,1
188,768,1
188,769,1
188,770,0
188,771,1
188,772,1
188,773,0
188,774,0
188,775,1
188,776,0
188,777,1
188,778,0
188,779,0
188,780,0
188,783,1
188,785,1
188,786,1
188,787,0
188,816,0
188,817,1
188,819,1
188,820,0
188,821,1
188,822,0
188,823,0
188,824,0
188,834,1
188,836,1
188,837,0
188,838,0
188,840,1
188,841,0
188,842,0
188,843,0
188,844,0
188,845,0
188,846,0
188,847,0
188,848,0
188,849,1
188,850,1
188,851,0
188,852,1
188,853,0
188,855,0
188,856,0
188,857,0
188,858,0
188,859,0
188,860,0
188,861,0
188,862,0
188,864,0
188,865,0
189,249,0
189,250,0
189,251,0
189,252,0
189,253,0
189,254,0
189,255,0
189,256,0
189,257,0
189,258,0
189,259,0
189,260,0
189,262,0
189,263,0
189,264,0
189,265,0
189,266,0
189,267,0
189,268,0
189,269,0
189,270,0
189,271,0
189,272,0
189,273,0
189,274,0
189,275,0
189,643,1
189,645,0
189,648,0
189,649,1
189,650,0
189,651,0
189,652,1
189,654,1
189,655,0
189,656,1
189,657,0
189,660,1
189,662,0
189,664,0
189,665,1
189,666,1
189,667,0
189,668,0
189,669,1
189,670,1
189,672,0
189,673,0
189,674,0
189,675,0
189,676,1
189,679,1
189,680,1
189,682,0
189,683,1
189,686,1
189,707,1
189,708,0
189,709,1
189,710,0
189,711,1
189,712,0
189,713,1
189,714,0
189,719,0
189,722,0
189,725,0
189,727,0
189,729,1
189,731,1
189,733,0
189,739,0
189,740,0
189,743,1
189,747,0
189,749,0
189,754,0
189,768,0
189,769,0
189,770,1
189,771,1
189,772,1
189,773,1
189,774,1
189,775,1
189,776,1
189,777,1
189,778,0
189,779,0
189,780,1
190,412,1
190,415,1
190,417,0
190,418,0
190,419,0
190,420,0
190,421,0
190,422,0
190,426,0
190,427,0
190,430,0
190,432,0
190,434,0
190,435,0
190,437,0
190,439,0
190,440,0
190,441,0
190,442,0
190,443,0
190,445,0
190,446,0
190,448,0
190,449,0
190,450,0
190,451,0
190,453,0
190,455,0
190,461,0
190,462,0
190,466,0
190,467,0
190,468,0
190,470,0
191,321,0
191,322,0
191,323,0
191,324,0
191,325,0
191,326,0
191,327,0
191,328,0
191,329,0
191,330,0
191,331,0
191,332,0
191,333,0
191,334,0
191,335,0
191,336,0
191,337,0
191,338,0
191,339,0
191,340,1
191,341,0
191,342,0
191,343,0
191,344,0
191,345,0
191,346,0
191,347,0
191,348,0
191,349,0
191,350,0
191,351,0
191,352,0
191,353,0
191,354,0
191,355,0
191,356,0
191,357,0
191,358,0
191,359,0
191,360,0
191,361,1
191,362,0
191,363,0
191,364,0
191,366,0
191,367,0
191,892,0
191,893,0
191,894,1
191,895,1
191,896,1
191,897,0
191,898,0
191,899,1
191,900,1
191,901,1
191,902,0
191,903,0
191,904,0
191,905,0
191,906,0
191,907,0
191,908,0
191,909,0
191,910,0
191,911,0
191,913,0
191,914,0
191,916,0
191,918,0
191,920,0
191,921,0
191,923,0
191,926,0
191,927,0
191,928,0
191,929,0
191,931,0
191,932,1
191,935,0
191,937,0
191,938,0
191,941,0
191,944,0
191,946,0
191,947,0
191,950,0
191,951,0
191,953,0
191,954,0
191,955,0
191,956,0
191,959,0
191,961,0
191,962,0
191,963,0
191,964,0
191,966,0
191,967,0
191,968,0
191,969,0
191,971,0
191,973,1
191,975,1
191,976,0
191,977,1
191,1009,0
191,1014,0
191,1026,0
191,1029,0
191,1030,0
191,1031,0
191,1032,0
191,1033,0
191,1036,0
191,1038,0
192,250,0
192,251,0
192,252,0
192,253,0
192,254,0
192,257,0
192,258,0
192,260,0
192,261,0
192,262,0
192,263,0
192,264,0
192,265,0
192,266,0
192,267,0
192,268,0
192,269,1
192,270,0
192,271,0
192,272,0
192,273,0
192,274,0
192,275,0
192,276,0
192,277,0
192,278,0
192,279,0
192,280,0
192,281,0
192,282,0
192,283,0
192,284,0
192,285,0
192,286,0
192,287,0
192,288,0
192,289,0
192,290,0
192,291,0
192,321,0
192,322,0
192,323,0
192,324,0
192,325,0
192,326,0
192,327,0
192,328,0
192,329,0
192,330,0
192,331,0
192,332,0
192,333,0
192,707,0
192,708,0
192,709,0
192,710,0
192,711,0
192,712,1
192,714,0
192,768,0
192,769,0
192,770,0
192,771,1
192,772,1
192,773,0
192,774,0
192,775,1
192,776,1
192,777,1
192,778,0
192,779,0
192,780,1
192,783,1
192,785,1
192,786,0
192,787,0
192,815,0
192,816,0
192,819,0
192,820,0
192,821,1
192,822,0
192,823,0
192,824,0
192,825,0
192,826,0
192,827,0
192,828,0
193,115,0
193,126,0
193,133,0
193,137,0
193,138,0
193,145,0
193,146,0
193,150,1
193,412,0
193,415,1
193,418,0
193,419,0
193,420,0
193,421,1
193,422,0
193,892,1
193,893,0
193,894,1
193,895,1
193,896,1
193,897,1
193,898,1
193,900,1
193,903,1
193,904,0
193,905,0
193,906,0
193,908,0
194,0,0
194,4,0
194,7,0
194,12,0
194,14,0
194,19,0
194,21,0
194,25,0
194,31,0
194,33,0
194,39,0
194,44,0
194,48,0
194,50,0
194,55,0
194,59,0
194,69,0
194,76,0
194,80,1
194,83,0
194,101,0
194,105,0
194,108,0
194,112,0
194,117,0
194,119,0
194,123,0
194,744,0
194,745,0
194,751,0
194,752,0
194,753,0
194,755,0
194,756,0
194,757,0
194,758,0
194,759,0
194,760,0
194,761,0
194,762,1
194,763,0
194,766,0
194,781,1
194,782,1
194,786,0
194,787,1
194,788,0
194,789,0
194,790,0
194,795,0
194,797,1
194,800,0
194,802,0
194,815,0
194,816,0
194,818,1
194,819,0
194,820,0
194,821,0
194,822,0
194,823,0
194,824,0
194,825,0
194,826,0
194,827,0
194,828,0
194,829,0
194,830,0
194,834,0
194,836,1
194,839,1
194,840,1
194,843,1
194,844,0
194,845,1
194,846,0
194,847,0
194,848,0
194,849,0
194,850,1
194,851,0
194,852,0
194,853,0
194,855,0
194,856,0
194,857,0
194,858,0
194,859,0
194,860,0
194,861,0
194,862,0
194,863,0
194,864,0
194,865,0
195,558,0
195,559,0
195,560,0
195,561,1
195,562,0
195,564,0
195,565,0
195,566,1
195,567,0
195,569,1
195,570,1
195,572,0
195,574,1
195,576,0
195,577,1
195,578,0
195,579,0
195,580,1
195,581,1
195,582,0
195,583,0
195,610,1
195,612,1
195,615,1
195,631,0
196,206,0
196,210,1
196,213,0
196,216,0
196,220,0
196,221,0
196,222,0
196,223,0
196,224,0
196,225,0
196,226,0
196,227,0
196,228,0
196,229,0
196,309,1
196,310,1
196,311,0
196,312,0
196,313,0
196,315,0
196,316,0
196,317,0
196,319,0
196,558,0
196,559,1
196,560,1
196,561,1
196,562,0
196,563,0
196,564,0
196,565,1
196,566,0
196,567,0
196,570,1
196,571,1
196,575,1
196,576,1
196,577,1
196,578,0
196,580,1
196,582,1
196,583,0
196,608,0
196,614,1
196,615,1
196,631,0
196,632,0
196,633,0
196,634,0
196,635,0
197,264,0
197,269,1
197,417,0
197,707,0
197,708,0
197,892,0
197,893,0
197,894,1
197,895,1
197,896,1
197,897,1
197,898,0
197,900,1
197,901,1
197,902,1
197,903,0
197,904,0
197,905,0
197,906,0
197,907,0
197,908,0
197,909,0
197,910,1
197,911,0
197,912,1
197,913,1
198,0,0
198,14,1
198,352,0
198,353,0
198,354,0
198,355,0
198,356,0
198,357,0
198,360,1
198,363,0
198,364,0
198,365,0
198,366,0
198,367,0
198,368,0
198,370,0
198,371,1
198,373,0
198,374,0
198,375,0
198,376,0
198,377,0
198,378,0
198,379,0
198,380,0
198,381,0
198,382,0
198,383,1
198,384,0
198,385,0
198,386,0
198,387,0
198,388,0
198,389,1
198,390,0
198,391,1
198,392,0
198,393,0
198,394,0
198,395,0
198,402,0
198,404,0
198,405,0
198,407,0
198,412,0
198,417,0
198,418,0
198,420,0
198,422,0
198,426,0
198,427,0
198,432,0
198,434,0
198,437,0
198,440,0
198,442,0
198,443,1
198,446,1
198,450,0
198,455,0
198,459,0
198,461,0
198,462,0
198,464,0
198,465,0
198,466,0
198,467,0
198,468,0
198,469,1
198,470,0
198,831,0
198,832,0
198,833,1
198,892,1
198,893,0
198,894,1
198,895,1
198,896,1
198,897,0
198,898,1
198,899,1
198,900,1
198,901,0
198,902,1
198,903,1
198,904,0
198,905,0
198,906,0
198,907,0
198,908,1
198,909,1
198,910,0
198,911,0
198,912,0
198,913,1
198,914,0
198,915,1
198,916,0
198,918,0
198,920,0
198,921,0
198,922,0
198,923,0
198,926,0
198,927,0
198,928,0
198,929,0
198,930,0
198,935,0
198,937,0
198,938,0
198,941,0
198,944,0
198,946,0
198,950,0
198,951,0
198,952,0
198,953,0
198,954,0
198,955,0
198,956,0
198,959,0
198,960,1
198,972,0
198,976,0
198,977,1
198,978,0
198,979,1
198,985,1
198,1009,0
198,1010,0
198,1011,1
198,1013,1
198,1014,1
198,1015,1
198,1017,0
198,1020,0
198,1021,1
198,1022,0
198,1024,1
198,1025,1
198,1027,0
198,1029,0
198,1030,0
198,1033,0
198,1039,1
198,1042,1
198,1043,1
198,1045,0
198,1050,1
198,1051,0
198,1056,0
198,1057,1
198,1059,0
198,1060,1
198,1064,0
198,1068,0
198,1085,1
198,1087,0
198,1090,1
198,1095,0
198,1104,1
198,1105,1
198,1107,1
198,1108,0
198,1109,1
198,1110,0
198,1111,0
198,1112,0
198,1113,0
198,1114,0
198,1116,0
198,1117,0
198,1120,0
198,1123,1
198,1124,0
198,1125,0
198,1127,1
198,1129,0
198,1132,0
198,1134,0
198,1135,0
198,1137,1
198,1143,0
198,1146,0
198,1147,1
198,1149,0
198,1152,1
198,1155,1
198,1163,1
198,1164,1
198,1165,0
198,1169,0
198,1171,1
198,1174,0
198,1175,1
198,1178,1
198,1181,0
198,1183,0
198,1185,1
198,1186,1
198,1187,0
198,1188,1
198,1190,0
198,1191,0
198,1192,0
198,1193,0
198,1194,0
198,1195,0
198,1196,0
198,1197,0
198,1198,0
198,1199,0
198,1200,0
198,1201,0
198,1202,0
198,1203,0
198,1204,0
198,1205,0
199,632,0
200,151,0
200,153,0
200,159,0
200,160,0
200,166,0
200,168,0
200,172,0
200,179,0
200,182,0
200,185,0
200,191,0
200,195,0
200,197,0
200,200,0
200,211,0
200,477,0
200,478,0
200,548,0
200,549,0
200,550,0
200,551,0
200,552,0
200,553,0
200,554,0
200,555,0
200,556,0
200,557,0
200,558,0
200,559,0
200,560,1
200,561,1
200,562,0
200,564,0
200,565,0
200,566,0
200,567,0
200,570,1
200,574,0
200,575,0
200,576,1
200,582,1
201,0,0
201,2,0
201,5,0
201,11,0
201,14,0
201,20,0
201,22,0
201,32,0
201,43,0
201,46,0
201,50,0
201,55,0
201,58,0
201,84,1
201,101,0
201,106,0
201,110,0
201,118,0
201,124,0
201,126,0
201,130,0
201,151,0
201,154,1
201,156,0
201,160,0
201,168,0
201,173,0
201,176,0
201,193,0
201,197,0
201,203,0
201,210,0
201,220,0
201,221,0
201,222,0
201,223,0
201,224,0
201,225,0
201,226,0
201,227,0
201,228,0
201,229,0
201,230,0
201,231,0
201,232,0
201,233,0
201,234,0
201,235,0
201,236,0
201,237,0
201,238,0
201,239,0
201,242,1
201,243,0
201,245,0
201,249,0
201,250,0
201,251,0
201,252,0
201,253,0
201,254,0
201,255,0
201,256,0
201,257,0
201,258,0
201,259,0
201,260,0
201,262,0
201,270,0
201,271,0
201,272,0
201,273,0
201,274,0
201,275,0
201,276,0
201,277,0
201,278,0
201,279,0
201,280,0
201,282,0
201,283,0
201,284,0
201,285,0
201,286,0
201,287,0
201,288,0
201,289,0
201,290,0
201,292,0
201,293,0
201,294,0
201,295,0
201,297,0
201,298,0
201,300,0
201,301,0
201,303,0
201,304,0
201,305,0
201,311,0
201,312,0
201,313,0
201,315,0
201,316,0
201,319,0
201,321,0
201,322,0
201,323,0
201,324,0
201,325,0
201,326,0
201,327,0
201,328,0
201,329,0
201,330,0
201,331,0
201,332,0
201,333,0
201,334,0
201,335,0
201,336,0
201,337,0
201,338,1
201,339,0
201,340,0
201,341,0
201,342,1
201,343,0
201,344,1
201,345,0
201,347,0
201,348,0
201,349,0
201,350,0
201,351,0
201,352,0
201,472,0
201,473,0
201,474,1
201,475,1
201,476,1
201,479,1
201,480,1
201,481,0
201,482,1
201,494,1
201,495,1
201,500,1
201,503,1
201,504,1
201,505,1
201,510,1
201,511,1
201,512,1
201,513,0
201,514,0
201,515,1
201,519,0
201,520,0
201,522,1
201,523,1
201,528,0
201,530,1
201,532,1
201,533,1
201,534,1
201,535,0
201,536,1
201,537,1
201,546,0
201,547,0
201,558,0
201,559,0
201,560,0
201,561,0
201,562,0
201,564,0
201,565,0
201,566,0
201,567,0
201,568,0
201,569,0
201,570,0
201,571,0
201,572,1
201,574,1
201,575,0
201,576,0
201,577,0
201,578,1
201,579,0
201,580,0
201,581,1
201,582,0
201,583,1
201,609,0
201,612,1
201,615,0
201,631,0
201,632,0
201,633,1
201,636,0
201,637,1
201,639,0
201,640,1
201,641,1
201,642,1
201,644,1
201,645,1
201,646,0
201,648,0
201,649,1
201,650,0
201,651,1
201,652,1
201,653,1
201,655,0
201,656,1
201,657,0
201,658,1
201,659,0
201,660,0
201,661,0
201,663,0
201,664,1
201,665,0
201,666,1
201,667,1
201,668,1
201,670,0
201,671,0
201,672,0
201,674,1
201,680,0
201,681,0
201,682,0
201,686,1
201,687,1
201,707,0
201,708,1
201,768,1
201,769,1
201,770,0
201,771,1
201,772,1
201,773,1
201,774,1
201,775,1
201,776,1
201,777,0
201,778,0
201,779,0
201,780,0
201,834,0
201,836,0
201,838,1
201,839,1
201,840,1
201,843,0
201,844,1
201,845,1
201,846,0
201,847,0
201,849,0
201,850,1
201,855,1
201,856,1
201,858,0
201,860,0
201,861,1
201,862,0
201,863,0
201,865,0
201,914,1
201,916,1
201,918,1
201,920,1
201,921,0
201,922,0
201,923,0
201,924,0
201,926,0
201,927,0
201,928,0
201,929,0
201,931,0
201,935,1
201,937,0
201,938,0
202,0,0
202,8,0
202,10,0
202,15,0
202,19,0
202,31,0
202,43,0
202,46,0
202,52,0
202,55,0
202,59,0
202,64,1
202,65,1
202,72,0
202,76,0
202,78,0
202,81,0
202,86,1
202,95,0
202,97,0
202,101,0
202,105,0
202,107,0
202,111,0
202,120,0
202,124,0
202,126,0
202,132,0
202,134,0
202,140,0
202,151,0
202,156,0
202,163,0
202,169,1
202,173,0
202,179,0
202,190,0
202,194,0
202,199,0
202,202,1
202,205,0
202,209,0
202,220,0
202,221,0
202,222,0
202,223,0
202,224,0
202,225,0
202,226,0
202,227,0
202,228,0
202,229,0
202,230,0
202,233,0
202,234,0
202,309,0
202,310,0
202,311,0
202,312,0
202,313,0
202,314,1
202,315,0
202,316,1
202,317,0
202,319,0
202,472,0
202,473,1
202,474,1
202,475,1
202,476,1
202,479,0
202,480,0
202,481,0
202,482,0
202,492,1
202,495,1
202,497,1
202,501,0
202,502,0
202,503,0
202,505,1
202,512,1
202,513,0
202,515,1
202,516,1
202,518,1
202,522,0
202,525,1
202,526,1
202,528,1
202,529,0
202,530,1
202,532,1
202,533,1
202,535,1
202,536,1
202,537,1
202,546,0
202,547,1
202,548,1
202,549,0
202,558,0
202,559,0
202,560,1
202,561,0
202,562,1
202,564,0
202,565,1
202,566,0
202,567,0
202,569,1
202,571,0
202,572,1
202,575,1
202,576,1
202,577,1
202,583,1
202,608,1
202,609,1
202,613,1
202,631,0
202,632,0
203,88,0
203,96,0
203,99,0
203,101,0
203,109,0
203,113,0
204,270,0
204,271,0
204,272,0
204,273,0
204,274,0
204,275,0
204,276,0
204,277,0
204,278,0
204,279,0
204,280,0
204,281,0
204,282,0
204,321,0
204,322,0
204,323,0
204,324,0
204,325,0
204,326,0
204,327,0
204,328,0
204,329,0
204,330,0
204,331,0
204,332,0
204,763,0
204,764,0
204,765,0
204,767,0
204,781,1
204,782,1
204,786,1
204,787,0
204,788,0
204,789,0
204,816,0
204,819,1
204,820,1
204,821,0
204,822,1
204,823,1
204,824,0
204,825,0
204,826,1
204,827,0
204,828,0
204,829,0
204,830,1
204,834,0
204,835,0
204,836,0
204,837,1
204,838,1
204,839,1
204,840,0
204,843,1
204,844,1
204,846,1
204,847,0
205,0,0
205,1,0
205,7,1
205,10,0
205,16,0
205,17,0
205,24,0
205,25,0
205,29,0
205,36,0
205,39,0
205,47,0
205,50,0
205,55,0
205,59,0
205,62,0
205,67,1
205,72,1
205,74,0
205,78,0
205,81,0
205,93,1
205,98,1
205,101,0
205,109,0
205,112,0
205,114,0
205,125,0
205,129,0
205,132,0
205,151,0
205,157,0
205,160,0
205,169,0
205,177,0
205,192,0
205,199,0
205,201,0
205,204,0
205,211,0
205,220,0
205,221,0
205,224,1
205,225,0
205,226,0
205,227,0
205,309,0
205,310,0
205,311,0
205,312,0
205,313,0
205,314,0
205,315,0
205,316,0
205,317,0
205,319,0
205,320,0
205,472,0
205,473,0
205,474,0
205,475,1
205,476,0
205,479,1
205,480,0
205,481,1
205,482,0
205,495,1
205,502,1
205,504,1
205,505,1
205,510,1
205,515,1
205,518,1
205,522,1
205,523,0
205,524,0
205,525,0
205,526,1
205,527,0
205,528,0
205,529,0
205,535,1
205,558,0
205,559,1
205,560,1
205,561,0
205,562,0
205,564,0
205,565,0
205,566,1
205,567,0
205,569,1
205,570,1
205,573,0
205,575,1
205,577,1
205,580,0
205,583,1
205,609,0
205,615,0
205,624,1
205,631,0
205,632,0
205,633,0
205,634,0
206,250,0
206,251,0
206,253,0
206,256,0
206,257,0
206,258,0
206,262,1
206,412,0
206,417,0
206,418,0
206,419,1
206,420,0
206,421,0
206,422,0
206,426,0
206,427,0
206,430,0
206,432,0
206,434,0
206,437,0
206,892,1
206,893,1
206,894,1
206,895,0
206,896,1
206,897,1
206,898,1
206,900,0
206,901,1
206,903,0
206,904,0
206,905,0
206,906,0
206,907,0
206,908,0
206,909,0
206,910,1
206,911,0
206,912,0
206,913,0
207,231,0
207,232,0
207,236,0
207,239,0
207,240,0
207,241,0
207,242,0
207,243,0
207,244,1
207,249,0
207,250,0
207,251,0
207,252,0
207,253,0
207,254,0
207,255,0
207,256,0
207,257,0
207,258,0
207,259,0
207,260,0
207,262,0
207,266,0
207,270,0
207,271,0
207,272,0
207,273,1
207,274,0
207,275,0
207,276,0
207,277,0
207,278,0
207,279,0
207,280,0
207,282,0
207,636,1
207,638,1
207,639,1
207,640,1
207,642,1
207,644,0
207,646,0
207,648,0
207,649,1
207,650,0
207,651,1
207,652,1
207,654,1
207,655,0
207,656,1
207,658,0
207,659,1
207,661,1
207,662,0
207,663,1
207,665,0
207,666,0
207,667,1
207,668,0
207,670,0
207,671,0
207,672,1
207,682,0
207,707,0
207,708,0
207,709,1
207,710,0
207,711,0
207,712,0
207,713,0
207,714,0
207,715,1
207,716,0
207,717,1
207,721,0
207,723,1
207,724,0
207,727,1
207,732,0
207,733,0
207,734,0
207,739,0
207,741,1
207,744,0
207,745,0
207,748,1
207,750,0
207,751,1
207,755,0
207,756,0
207,757,0
207,758,0
207,759,0
207,760,0
207,761,0
207,764,0
207,768,0
207,769,0
207,770,0
207,771,1
207,772,0
207,773,1
207,774,0
207,775,1
207,776,0
207,777,1
207,778,1
207,779,0
207,780,0
207,834,0
207,837,1
207,838,1
207,839,0
207,843,0
207,844,1
207,845,1
207,846,0
207,848,0
207,849,0
207,850,0
207,851,1
207,852,1
207,853,1
207,855,0
207,856,0
207,857,0
207,858,1
207,863,0
208,944,0
209,0,1
209,1,0
209,8,0
209,9,0
209,13,0
209,19,0
209,24,0
209,26,0
209,29,0
209,36,0
209,39,0
209,42,0
209,47,0
209,51,0
209,53,0
209,57,0
209,72,0
209,73,1
209,81,0
209,101,0
209,106,0
209,110,0
209,114,0
209,120,0
209,124,0
209,128,0
209,131,0
209,134,0
209,151,0
209,152,0
209,157,0
209,160,0
209,170,0
209,174,0
209,177,0
209,184,0
209,188,0
209,194,0
209,220,0
209,221,0
209,222,0
209,223,0
209,224,0
209,225,0
209,226,0
209,227,0
209,228,0
209,229,0
209,230,0
209,231,0
209,232,0
209,233,0
209,234,0
209,235,0
209,236,0
209,237,0
209,238,0
209,239,0
209,241,0
209,242,0
209,243,0
209,244,0
209,245,0
209,249,0
209,250,0
209,251,0
209,252,0
209,253,0
209,254,0
209,255,0
209,256,0
209,257,0
209,258,0
209,259,0
209,260,0
209,262,0
209,265,0
209,266,0
209,267,0
209,268,0
209,269,0
209,270,0
209,271,0
209,272,0
209,273,0
209,274,0
209,275,0
209,276,0
209,277,0
209,278,0
209,279,0
209,280,0
209,281,0
209,282,0
209,283,1
209,292,0
209,293,0
209,295,0
209,309,0
209,310,0
209,311,0
209,312,0
209,313,0
209,314,0
209,315,0
209,316,0
209,317,0
209,318,0
209,319,0
209,320,0
209,472,1
209,473,0
209,474,1
209,475,1
209,476,1
209,479,0
209,480,1
209,481,1
209,482,1
209,494,1
209,497,1
209,499,1
209,502,1
209,504,1
209,505,1
209,510,1
209,511,0
209,512,1
209,513,1
209,514,0
209,516,1
209,520,1
209,521,0
209,522,1
209,528,1
209,529,1
209,530,0
209,531,1
209,532,1
209,534,1
209,536,1
209,537,1
209,546,0
209,547,1
209,548,0
209,549,0
209,551,0
209,553,0
209,558,0
209,561,0
209,562,0
209,564,0
209,565,1
209,566,0
209,567,0
209,568,0
209,569,1
209,570,1
209,573,0
209,575,1
209,576,0
209,578,1
209,581,1
209,582,1
209,609,1
209,614,1
209,615,0
209,624,1
209,631,0
209,632,0
209,636,0
209,637,0
209,638,0
209,639,0
209,640,1
209,641,1
209,642,1
209,643,0
209,644,0
209,645,0
209,646,0
209,647,0
209,648,0
209,649,1
209,650,0
209,651,1
209,652,1
209,653,0
209,654,0
209,655,1
209,656,0
209,657,1
209,658,1
209,659,0
209,660,1
209,662,0
209,663,1
209,664,1
209,665,0
209,666,1
209,668,0
209,707,0
209,708,1
209,709,0
209,710,0
209,711,1
209,712,0
209,713,0
209,714,0
209,730,0
209,733,1
209,768,0
209,769,0
209,770,0
209,771,1
209,772,1
209,773,0
209,774,0
209,775,0
209,776,0
209,777,1
209,778,0
209,779,0
209,780,0
209,834,0
209,835,0
209,836,1
209,837,1
209,838,0
209,839,0
209,840,0
209,843,0
209,845,1
209,846,1
209,848,0
209,849,1
209,850,0
209,851,0
209,852,0
209,853,0
209,855,0
209,856,0
209,857,0
209,858,0
209,859,0
209,860,0
209,861,0
209,862,0
209,863,0
209,864,0
209,865,1
210,249,1
210,251,0
210,253,1
210,255,0
210,256,0
210,257,0
210,258,1
210,259,0
210,262,0
210,266,1
210,892,1
210,893,1
210,894,1
210,895,1
210,896,1
210,897,1
210,898,0
210,903,0
210,904,0
210,905,0
210,906,0
210,907,0
210,908,0
210,909,0
210,910,0
210,911,0
210,912,0
210,913,0
211,129,0
211,133,0
211,135,0
211,249,0
211,250,0
211,251,0
211,252,0
211,253,0
211,254,0
211,255,0
211,256,0
211,257,0
211,258,0
211,259,0
211,260,0
211,261,0
211,262,0
211,263,0
211,265,0
211,266,0
211,267,0
211,268,0
211,269,0
211,892,1
211,893,0
211,894,1
211,895,1
211,896,1
211,897,1
211,898,0
211,903,0
211,904,1
211,905,0
211,906,1
211,907,1
211,908,0
211,909,1
211,910,1
211,911,1
212,104,0
212,110,0
212,117,0
212,120,0
212,124,0
212,127,0
212,131,0
212,135,0
212,139,0
212,148,0
212,151,0
212,171,0
212,193,0
212,249,0
212,250,0
212,253,0
212,254,0
212,255,0
212,256,0
212,258,0
212,259,0
212,472,0
212,473,0
212,474,0
212,475,0
212,476,0
212,479,0
212,480,0
212,481,0
212,482,0
212,494,0
212,495,0
212,496,1
212,497,1
212,498,1
212,499,0
212,500,0
212,501,0
212,502,0
212,503,1
212,504,0
212,505,0
212,510,1
212,511,0
212,512,0
212,513,1
212,515,1
212,516,1
212,519,1
212,521,0
212,524,1
212,526,1
212,529,1
212,530,1
212,531,0
212,532,1
212,533,1
212,535,1
212,536,1
212,537,1
212,546,0
212,547,1
212,548,0
212,549,0
212,550,0
212,551,0
212,552,0
212,553,0
212,892,0
212,893,1
212,894,1
212,895,0
212,896,0
212,897,0
212,898,0
212,903,1
212,904,1
212,905,1
212,906,1
212,907,0
212,908,0
212,909,0
213,44,1
213,45,0
213,52,0
213,57,0
213,64,0
213,72,0
213,84,0
213,97,1
213,101,0
213,107,0
213,113,0
213,118,0
213,124,0
213,126,0
213,151,0
213,159,1
213,162,0
213,171,1
213,193,0
213,197,0
213,203,0
213,204,0
213,218,1
213,220,0
213,221,0
213,222,1
213,224,0
213,225,0
213,227,0
213,309,1
213,311,1
213,312,0
213,313,1
213,315,0
213,316,0
213,319,0
214,0,0
214,1,1
214,9,0
214,13,0
214,19,0
214,30,0
214,36,0
214,38,0
214,41,0
214,45,0
214,51,0
214,55,0
214,59,0
214,62,0
214,67,0
214,69,0
214,76,0
214,77,0
214,82,0
214,101,0
214,102,0
214,107,0
214,111,0
214,115,0
214,127,0
214,132,0
214,137,0
214,141,0
214,146,1
214,151,0
214,154,1
214,156,0
214,161,0
214,171,0
214,173,0
214,176,0
214,195,0
214,198,1
214,202,0
214,220,0
214,221,0
214,222,0
214,223,0
214,224,0
214,225,0
214,226,0
214,227,0
214,228,0
214,229,0
214,230,0
214,231,0
214,232,0
214,233,0
214,234,0
214,235,0
214,236,0
214,237,0
214,238,0
214,249,0
214,250,0
214,251,0
214,252,0
214,253,0
214,254,0
214,255,0
214,256,0
214,257,0
214,258,0
214,259,0
214,260,0
214,262,0
214,266,0
214,267,0
214,270,0
214,271,0
214,272,0
214,273,0
214,274,0
214,275,0
214,276,0
214,278,0
214,280,0
214,282,0
214,283,0
214,292,0
214,293,0
214,294,0
214,295,0
214,298,0
214,299,0
214,300,0
214,301,0
214,303,0
214,304,0
214,310,0
214,311,0
214,312,0
214,313,0
214,315,0
214,316,0
214,319,0
214,321,0
214,322,0
214,323,0
214,324,0
214,325,0
214,326,0
214,327,0
214,328,0
214,329,0
214,330,0
214,331,0
214,332,0
214,333,1
214,334,1
214,336,0
214,473,1
214,475,1
214,476,1
214,479,0
214,480,1
214,481,1
214,482,0
214,494,1
214,495,0
214,496,0
214,498,1
214,501,0
214,502,1
214,503,1
214,504,1
214,515,1
214,521,1
214,522,1
214,523,0
214,524,1
214,525,1
214,526,1
214,527,1
214,528,0
214,529,0
214,530,1
214,532,0
214,534,1
214,537,1
214,558,0
214,559,0
214,560,1
214,561,0
214,562,0
214,564,0
214,565,0
214,566,0
214,567,0
214,568,0
214,569,1
214,574,1
214,575,1
214,576,1
214,577,1
214,583,1
214,608,1
214,609,1
214,614,0
214,631,0
214,636,1
214,637,1
214,639,1
214,640,0
214,642,1
214,643,0
214,645,0
214,646,0
214,647,0
214,649,1
214,650,1
214,651,1
214,652,1
214,654,1
214,655,1
214,656,1
214,657,0
214,658,1
214,660,0
214,661,0
214,663,1
214,664,1
214,665,0
214,666,1
214,667,0
214,668,0
214,669,0
214,670,1
214,672,0
214,675,0
214,681,1
214,682,0
214,686,1
214,707,0
214,708,0
214,709,1
214,710,1
214,711,1
214,712,0
214,713,0
214,714,0
214,716,0
214,718,0
214,719,1
214,722,0
214,727,1
214,731,1
214,734,0
214,741,0
214,744,0
214,746,0
214,768,1
214,769,1
214,770,0
214,771,1
214,772,1
214,773,0
214,774,0
214,775,1
214,776,1
214,777,0
214,778,1
214,779,1
214,780,0
214,781,1
214,786,1
214,787,1
214,788,0
214,789,1
214,815,1
214,816,1
214,820,1
214,821,1
214,822,0
214,823,0
214,824,1
214,825,1
214,826,1
214,827,1
214,828,0
214,829,0
214,830,1
214,834,0
214,839,0
214,840,1
214,843,0
214,844,0
214,846,0
214,847,1
214,848,1
214,853,1
214,855,0
214,856,1
214,858,0
214,860,0
214,861,0
214,862,1
214,865,1
215,0,1
215,15,0
215,29,0
216,228,0
216,230,0
216,231,0
216,232,0
216,233,0
216,234,0
216,235,0
216,236,0
216,237,0
216,238,0
216,239,0
216,240,0
216,241,0
216,242,0
216,243,0
216,244,0
216,245,0
216,249,1
216,250,1
216,251,0
216,252,0
216,253,0
216,254,0
216,255,0
216,256,0
216,257,0
216,258,0
216,259,0
216,260,0
216,636,0
216,637,1
216,638,0
216,639,1
216,640,1
216,642,1
216,643,1
216,645,0
216,648,1
216,649,1
216,650,1
216,651,1
216,652,1
216,653,1
216,655,1
216,658,1
216,660,1
216,661,1
216,663,1
216,664,1
216,665,1
216,707,0
216,708,1
216,709,1
216,710,1
216,711,1
216,712,0
216,713,1
216,714,0
216,732,0
216,768,0
216,769,0
216,770,0
216,771,0
216,772,1
216,773,0
216,774,0
216,775,0
216,776,0
216,777,1
216,778,1
216,779,1
216,780,0
217,709,0
217,710,0
217,711,0
217,712,0
217,713,0
217,714,0
217,768,0
217,769,0
217,770,1
217,771,1
217,772,1
217,773,1
217,774,1
217,775,1
217,776,1
217,777,1
217,778,1
217,779,0
217,780,0
218,141,1
218,145,0
218,149,1
218,249,0
218,251,0
218,252,0
218,253,0
218,254,0
218,255,0
218,256,0
218,257,0
218,258,0
218,259,0
218,892,1
218,893,0
218,894,1
218,895,1
218,896,0
218,897,1
218,898,0
219,0,0
219,3,0
219,7,0
219,9,0
219,13,0
219,17,0
219,22,0
219,26,0
219,32,0
219,35,0
219,37,0
219,50,0
219,55,0
219,101,0
219,105,0
219,108,0
219,113,0
219,114,0
219,118,0
219,124,0
219,128,0
219,133,0
219,135,0
219,139,0
219,144,0
219,150,1
219,151,0
219,153,0
219,159,0
219,162,0
219,164,0
219,168,0
219,173,0
219,177,0
219,181,0
219,187,0
219,190,0
219,195,0
219,198,0
219,203,0
219,205,0
219,210,0
219,220,0
219,221,0
219,222,0
219,223,0
219,224,0
219,225,0
219,226,0
219,227,0
219,228,0
219,229,0
219,230,0
219,232,0
219,233,0
219,234,0
219,235,0
219,236,0
219,237,0
219,238,0
219,239,0
219,240,1
219,241,0
219,242,0
219,243,0
219,244,0
219,245,0
219,249,0
219,250,0
219,251,0
219,252,0
219,253,0
219,254,0
219,255,0
219,256,0
219,257,0
219,258,0
219,259,0
219,260,0
219,262,0
219,266,0
219,267,0
219,270,0
219,271,1
219,272,0
219,273,0
219,274,0
219,275,0
219,276,0
219,277,0
219,278,0
219,279,0
219,280,0
219,281,0
219,282,0
219,283,0
219,284,0
219,285,0
219,286,1
219,287,0
219,292,0
219,293,0
219,294,0
219,295,0
219,296,0
219,297,0
219,298,0
219,299,0
219,300,0
219,303,0
219,304,0
219,305,0
219,307,0
219,308,0
219,311,0
219,312,0
219,313,0
219,315,1
219,316,0
219,319,1
219,321,0
219,322,0
219,323,0
219,324,0
219,325,0
219,326,0
219,327,0
219,328,0
219,329,0
219,330,0
219,331,0
219,332,0
219,333,0
219,334,0
219,335,0
219,336,0
219,352,0
219,353,0
219,354,0
219,355,0
219,356,0
219,357,0
219,358,0
219,359,0
219,360,0
219,363,0
219,472,0
219,473,1
219,474,1
219,475,0
219,476,0
219,479,0
219,480,1
219,481,0
219,482,1
219,495,1
219,496,1
219,501,1
219,502,0
219,503,0
219,504,1
219,505,1
219,510,1
219,511,1
219,512,1
219,513,1
219,515,0
219,516,1
219,520,0
219,521,0
219,522,1
219,523,1
219,527,1
219,528,0
219,530,1
219,531,1
219,532,0
219,533,1
219,534,1
219,535,1
219,537,1
219,546,0
219,547,1
219,558,1
219,559,0
219,560,1
219,561,1
219,562,1
219,563,1
219,564,0
219,565,1
219,566,0
219,567,0
219,568,0
219,569,0
219,572,1
219,574,1
219,576,1
219,577,0
219,580,1
219,583,1
219,608,1
219,609,1
219,610,0
219,611,1
219,612,0
219,613,0
219,614,0
219,615,0
219,631,1
219,632,0
219,633,1
219,634,1
219,635,0
219,636,0
219,638,0
219,639,1
219,640,0
219,641,1
219,642,1
219,644,1
219,645,1
219,648,0
219,649,1
219,650,1
219,651,1
219,652,1
219,653,1
219,655,1
219,658,0
219,659,1
219,660,1
219,662,1
219,663,1
219,664,1
219,665,1
219,667,0
219,668,1
219,669,0
219,670,0
219,671,0
219,674,1
219,675,1
219,681,0
219,682,0
219,683,1
219,684,1
219,687,1
219,688,1
219,691,1
219,699,0
219,707,0
219,708,1
219,709,1
219,710,1
219,711,0
219,712,1
219,713,0
219,714,1
219,715,0
219,717,1
219,719,1
219,720,0
219,723,0
219,727,1
219,730,0
219,733,0
219,734,1
219,736,0
219,737,1
219,740,1
219,744,0
219,747,1
219,748,1
219,749,0
219,750,1
219,751,1
219,754,0
219,755,0
219,756,0
219,758,0
219,759,1
219,760,1
219,761,0
219,768,1
219,769,1
219,770,0
219,771,1
219,772,1
219,773,0
219,774,0
219,775,1
219,776,0
219,777,0
219,778,0
219,779,1
219,780,1
219,781,0
219,782,1
219,786,1
219,787,1
219,816,0
219,817,0
219,819,1
219,820,1
219,821,0
219,822,0
219,823,1
219,824,1
219,825,0
219,826,1
219,827,1
219,834,0
219,837,1
219,840,1
219,843,1
219,844,0
219,845,0
219,846,0
219,850,0
219,852,0
219,853,1
219,855,1
219,856,1
219,857,1
219,860,1
219,861,1
219,867,1
219,871,1
219,872,1
219,874,0
219,889,1
219,914,0
219,915,1
219,916,0
219,918,0
219,919,0
219,920,0
219,921,0
219,922,0
219,923,0
219,925,0
219,926,0
219,927,0
219,928,0
219,929,0
219,930,0
219,935,0
219,937,0
219,938,0
219,941,0
219,944,0
219,946,0
220,222,0
220,223,0
220,224,0
220,226,0
220,227,0
220,228,0
220,229,0
220,230,0
220,231,0
220,233,0
220,234,0
220,235,0
221,263,0
221,264,0
221,269,0
221,892,1
221,893,0
221,894,1
221,895,1
221,896,0
221,897,1
221,898,1
221,903,0
221,904,0
221,905,1
221,906,0
221,907,1
221,908,0
221,909,1
222,249,0
222,250,0
222,251,0
222,252,0
222,253,0
222,254,0
222,255,0
222,256,0
222,257,0
222,258,0
222,259,0
222,260,0
222,644,1
222,645,0
222,646,1
222,647,0
222,649,1
222,650,1
222,651,1
222,652,1
222,653,1
222,656,1
222,658,1
222,659,1
222,661,0
222,662,0
222,663,0
222,664,0
222,665,1
222,666,0
222,667,0
222,668,0
222,669,0
222,670,0
222,671,0
222,672,0
222,673,0
222,675,0
222,676,0
222,680,0
222,682,0
222,683,1
222,684,0
222,685,0
222,686,0
222,689,0
222,690,1
222,691,0
222,692,0
222,694,0
222,697,0
222,699,0
222,703,0
222,707,0
222,708,0
222,709,1
222,710,0
222,711,0
222,712,1
222,713,0
222,714,0
222,717,1
222,721,0
222,722,1
222,725,0
222,726,0
222,730,0
222,732,0
222,733,1
222,734,0
222,735,0
222,738,1
222,741,0
222,743,0
222,745,0
222,747,0
222,751,0
222,755,0
222,756,0
222,757,0
222,758,0
222,759,0
222,760,0
222,761,0
222,766,0
222,767,0
222,768,1
222,769,0
222,770,0
222,771,1
222,772,0
222,773,1
222,774,0
222,775,1
222,776,0
222,777,0
222,778,1
222,779,1
222,780,0
223,0,0
223,4,0
223,6,1
223,11,0
223,16,0
223,18,0
223,30,0
223,42,1
223,46,0
223,50,0
223,53,0
223,57,0
223,70,0
223,74,0
223,79,0
223,83,0
223,101,0
223,102,0
223,106,0
223,112,0
223,117,0
223,119,0
223,123,0
223,151,0
223,158,0
223,163,0
223,170,0
223,173,0
223,179,0
223,195,0
223,198,0
223,202,0
223,205,0
223,211,0
223,214,0
223,217,0
223,220,0
223,221,0
223,222,0
223,223,0
223,224,0
223,225,0
223,226,0
223,227,0
223,228,0
223,229,0
223,230,0
223,231,0
223,232,0
223,233,0
223,234,0
223,235,0
223,236,0
223,237,0
223,238,0
223,239,0
223,240,0
223,241,0
223,242,0
223,243,0
223,244,0
223,245,0
223,246,0
223,247,0
223,248,0
223,249,0
223,250,0
223,251,0
223,253,0
223,255,0
223,256,0
223,257,0
223,258,0
223,259,0
223,270,0
223,271,0
223,272,0
223,273,0
223,274,0
223,275,0
223,276,0
223,277,0
223,278,0
223,280,1
223,282,0
223,285,0
223,287,0
223,292,0
223,293,0
223,294,0
223,295,0
223,297,0
223,298,0
223,299,0
223,309,0
223,310,0
223,311,0
223,312,0
223,313,0
223,314,0
223,315,0
223,316,1
223,317,0
223,318,0
223,319,0
223,321,0
223,322,0
223,324,0
223,325,0
223,326,0
223,328,0
223,331,0
223,332,0
223,472,0
223,473,1
223,474,1
223,475,1
223,476,1
223,479,1
223,480,1
223,481,1
223,482,1
223,494,1
223,496,1
223,501,1
223,502,1
223,504,1
223,505,1
223,510,1
223,511,1
223,512,1
223,513,1
223,514,0
223,515,1
223,516,1
223,520,0
223,521,1
223,522,1
223,523,0
223,525,1
223,526,1
223,529,1
223,530,1
223,531,1
223,532,0
223,533,1
223,535,1
223,536,1
223,537,1
223,546,0
223,547,0
223,548,0
223,549,0
223,550,0
223,551,0
223,552,0
223,553,0
223,558,0
223,559,0
223,560,0
223,561,0
223,562,0
223,563,0
223,564,0
223,565,0
223,566,0
223,567,0
223,568,0
223,569,0
223,570,1
223,571,0
223,572,0
223,573,0
223,574,0
223,575,0
223,576,1
223,577,0
223,578,0
223,581,1
223,582,1
223,611,1
223,612,1
223,615,0
223,631,0
223,632,1
223,633,1
223,634,0
223,635,0
223,636,0
223,637,0
223,638,0
223,639,0
223,640,0
223,641,0
223,642,0
223,644,0
223,645,0
223,646,0
223,648,0
223,649,0
223,650,0
223,651,1
223,652,0
223,653,0
223,654,0
223,655,0
223,656,1
223,657,0
223,660,0
223,661,1
223,662,1
223,663,1
223,664,0
223,666,0
223,668,0
223,670,0
223,671,0
223,672,0
223,674,0
223,675,0
223,676,1
223,679,0
223,680,1
223,681,0
223,682,0
223,683,1
223,689,1
223,691,0
223,699,0
223,706,1
223,707,0
223,708,0
223,709,0
223,710,1
223,711,1
223,712,0
223,713,0
223,714,0
223,719,0
223,723,1
223,731,1
223,732,1
223,768,0
223,769,0
223,770,0
223,771,1
223,772,1
223,773,0
223,774,1
223,775,1
223,776,0
223,777,0
223,778,0
223,779,1
223,780,1
223,781,0
223,782,0
223,783,0
223,784,1
223,785,0
223,786,1
223,787,0
223,788,1
223,789,0
223,815,0
223,820,1
223,821,1
223,822,1
223,823,0
223,824,0
223,825,0
223,826,0
223,827,0
223,828,0
223,829,0
223,830,1
223,834,0
223,836,1
223,837,1
223,838,0
223,840,1
223,844,0
223,845,1
223,846,1
223,848,0
223,849,0
223,850,0
223,851,0
223,852,0
223,853,0
223,854,0
223,855,0
223,856,0
223,857,1
223,861,0
223,864,0
223,865,1
224,0,0
224,4,0
224,10,0
224,14,0
224,20,0
224,31,0
224,43,0
224,46,0
224,49,0
224,56,0
224,60,0
224,62,0
224,69,0
224,73,1
224,84,0
224,101,0
224,109,0
224,110,0
224,124,0
224,128,0
224,133,0
224,151,0
224,157,1
224,163,0
224,168,0
224,178,1
224,193,0
224,199,0
224,202,1
224,204,0
224,210,0
224,213,0
224,218,0
224,220,0
224,221,0
224,222,0
224,223,0
224,224,0
224,225,0
224,226,0
224,227,0
224,228,0
224,229,0
224,230,0
224,233,0
224,234,0
224,235,0
224,237,0
224,238,0
224,249,0
224,250,0
224,251,0
224,252,1
224,253,0
224,254,0
224,255,0
224,256,0
224,257,0
224,258,0
224,259,0
224,260,0
224,270,0
224,272,0
224,273,0
224,274,0
224,275,0
224,276,0
224,277,0
224,278,0
224,279,0
224,280,0
224,282,1
224,309,0
224,310,0
224,311,0
224,312,0
224,313,1
224,314,1
224,315,0
224,316,0
224,317,0
224,319,0
224,473,1
224,475,1
224,476,1
224,477,1
224,479,1
224,480,0
224,481,1
224,482,0
224,495,1
224,502,1
224,504,1
224,505,1
224,512,0
224,514,1
224,518,1
224,522,1
224,523,1
224,524,0
224,525,1
224,526,1
224,527,0
224,528,1
224,529,1
224,530,1
224,531,1
224,532,0
224,534,0
224,536,1
224,537,1
224,546,1
224,547,1
224,548,1
224,549,1
224,550,0
224,551,0
224,552,1
224,553,0
224,554,1
224,555,0
224,556,1
224,557,0
224,558,1
224,559,1
224,560,1
224,561,1
224,562,0
224,564,0
224,565,0
224,566,0
224,567,0
224,569,1
224,575,1
224,576,1
224,577,0
224,578,0
224,579,1
224,580,1
224,582,0
224,583,1
224,608,0
224,609,0
224,610,0
224,611,1
224,612,0
224,613,0
224,614,1
224,615,0
224,624,1
224,631,0
224,632,0
224,633,0
224,636,0
224,637,0
224,638,0
224,639,1
224,640,1
224,642,0
224,643,0
224,645,0
224,646,1
224,647,0
224,648,0
224,649,1
224,650,1
224,651,1
224,652,1
224,653,1
224,655,0
224,656,0
224,657,0
224,658,0
224,659,0
224,660,0
224,661,1
224,662,1
224,663,0
224,664,1
224,665,1
224,666,0
224,667,0
224,668,1
224,669,0
224,671,0
224,672,0
224,707,1
224,708,1
224,709,0
224,710,0
224,711,1
224,712,1
224,713,0
224,714,0
224,721,1
224,723,0
224,724,0
224,725,1
224,727,1
224,728,0
224,729,0
224,732,1
224,734,0
224,739,0
224,743,1
224,749,0
224,750,0
224,754,0
224,768,0
224,769,0
224,770,0
224,771,1
224,772,0
224,773,0
224,774,0
224,775,0
224,776,0
224,777,1
224,778,0
224,779,1
224,780,1
224,834,0
224,835,0
224,836,0
224,837,0
224,838,0
224,839,0
224,840,0
224,841,0
224,843,0
224,844,0
224,845,0
224,846,0
224,847,0
224,848,0
224,849,0
224,850,0
224,851,0
224,852,0
224,853,0
224,855,0
224,856,0
224,857,0
224,858,0
224,862,1
224,863,0
225,159,0
225,249,0
225,250,0
225,251,0
225,252,0
225,253,0
225,254,0
225,255,0
225,256,0
225,257,0
225,258,0
225,259,0
225,260,0
225,262,0
225,266,0
225,892,1
225,893,0
225,894,0
225,895,0
225,896,1
225,897,0
225,898,0
225,899,1
225,900,0
225,901,1
225,902,1
225,903,0
225,904,0
225,905,0
225,906,0
225,907,0
225,908,0
225,909,0
225,911,0
226,321,0
226,322,0
226,323,0
226,324,0
226,325,0
226,326,0
226,327,0
226,328,0
226,329,0
226,330,0
226,331,0
226,332,0
226,333,0
226,334,0
226,335,0
226,336,0
226,337,0
226,338,0
226,339,0
226,341,0
226,342,1
226,344,0
226,349,0
226,350,0
226,352,0
226,353,0
226,354,0
226,355,0
226,356,0
226,357,0
226,363,0
226,813,0
226,914,0
226,916,0
226,917,0
226,918,0
226,919,0
226,920,0
226,921,0
226,922,0
226,923,0
226,924,0
226,925,0
226,926,0
226,927,0
226,928,0
226,929,0
226,930,0
226,931,0
226,935,0
226,937,1
226,938,0
226,939,0
226,941,0
226,944,0
226,946,0
226,947,0
226,959,0
226,972,1
226,973,1
226,974,1
226,979,0
226,983,0
226,994,0
226,997,0
226,999,0
226,1003,0
226,1004,0
226,1009,0
226,1010,1
226,1017,0
226,1029,0
226,1030,0
226,1031,0
226,1032,0
226,1033,0
226,1034,0
226,1035,0
226,1036,0
226,1037,0
226,1038,0
227,0,0
227,4,0
227,8,0
227,12,0
227,14,0
227,17,0
227,21,0
227,25,1
227,30,0
227,33,1
227,40,0
227,41,0
227,47,0
227,50,0
227,53,0
227,57,0
227,62,0
227,84,0
227,101,0
227,109,0
227,112,0
227,119,0
227,125,0
227,126,0
227,132,0
227,135,0
227,139,0
227,151,0
227,157,0
227,162,0
227,170,0
227,174,1
227,178,0
227,190,0
227,194,0
227,203,0
227,212,0
227,216,0
227,220,0
227,221,0
227,222,0
227,225,0
227,226,0
227,227,0
227,228,0
227,229,0
227,230,0
227,233,0
227,234,0
227,235,0
227,239,0
227,243,0
227,245,0
227,249,0
227,250,0
227,251,0
227,252,0
227,253,0
227,255,0
227,256,0
227,257,0
227,258,0
227,259,0
227,260,0
227,270,0
227,272,0
227,273,0
227,274,0
227,275,0
227,276,0
227,277,0
227,278,0
227,280,0
227,282,0
227,285,1
227,292,0
227,293,0
227,294,0
227,295,0
227,298,0
227,299,0
227,300,0
227,301,0
227,302,0
227,309,0
227,310,1
227,311,0
227,312,0
227,313,0
227,315,0
227,316,0
227,317,0
227,319,0
227,321,0
227,322,0
227,324,1
227,325,1
227,326,0
227,327,0
227,328,1
227,329,0
227,330,0
227,331,0
227,332,0
227,333,0
227,334,0
227,335,0
227,336,0
227,337,0
227,338,1
227,339,0
227,340,0
227,341,0
227,342,0
227,344,0
227,346,0
227,347,1
227,348,1
227,349,0
227,350,0
227,351,0
227,352,0
227,354,0
227,355,0
227,356,0
227,357,0
227,358,0
227,359,0
227,360,0
227,363,0
227,472,0
227,473,1
227,474,0
227,475,1
227,476,0
227,479,0
227,480,1
227,481,0
227,482,0
227,495,0
227,496,1
227,500,1
227,501,1
227,502,1
227,503,1
227,504,1
227,505,0
227,512,1
227,514,1
227,515,1
227,520,0
227,521,1
227,523,1
227,528,1
227,529,1
227,530,1
227,531,1
227,532,1
227,534,1
227,535,1
227,537,1
227,546,0
227,547,0
227,548,0
227,549,0
227,550,1
227,551,0
227,552,0
227,553,1
227,558,0
227,559,0
227,560,0
227,561,0
227,562,0
227,563,1
227,564,0
227,565,0
227,566,0
227,567,0
227,568,1
227,569,0
227,570,0
227,571,0
227,572,0
227,573,1
227,574,1
227,575,1
227,576,1
227,577,1
227,582,1
227,608,0
227,609,1
227,612,0
227,615,1
227,631,0
227,632,0
227,633,1
227,634,1
227,635,1
227,636,0
227,637,1
227,639,0
227,640,0
227,641,1
227,642,1
227,644,0
227,645,0
227,648,1
227,649,0
227,650,0
227,651,1
227,652,1
227,654,1
227,655,1
227,656,0
227,657,0
227,658,0
227,659,0
227,660,0
227,661,1
227,663,1
227,665,0
227,666,1
227,667,0
227,668,0
227,669,1
227,670,0
227,671,1
227,707,0
227,708,0
227,709,0
227,710,0
227,711,0
227,712,1
227,713,1
227,714,0
227,724,0
227,731,0
227,768,0
227,769,0
227,770,0
227,771,1
227,772,1
227,773,0
227,774,0
227,775,1
227,776,0
227,777,1
227,778,1
227,779,0
227,780,1
227,781,1
227,786,1
227,787,1
227,815,1
227,816,1
227,820,1
227,821,1
227,822,1
227,823,0
227,824,1
227,825,0
227,826,1
227,827,0
227,828,0
227,829,1
227,830,1
227,834,0
227,835,0
227,836,0
227,837,0
227,838,1
227,839,0
227,840,1
227,843,0
227,844,0
227,845,0
227,846,0
227,847,1
227,848,0
227,850,0
227,851,1
227,852,1
227,853,1
227,856,0
227,859,1
227,865,1
227,914,0
227,916,1
227,918,0
227,919,0
227,920,0
227,921,0
227,923,0
227,926,0
227,927,0
227,928,0
227,929,0
227,930,0
227,933,0
227,935,0
227,936,0
227,937,1
227,938,0
227,939,0
227,940,1
227,941,0
227,944,0
228,0,1
228,15,1
228,29,1
228,101,1
228,558,1
229,120,0
229,124,0
229,126,1
229,130,0
229,140,0
229,149,0
229,150,1
229,249,0
229,250,0
229,251,0
229,252,0
229,253,0
229,254,0
229,255,1
229,256,0
229,257,0
229,258,1
229,259,0
229,260,0
229,261,0
229,262,0
229,264,1
229,265,0
229,266,0
229,267,0
229,268,0
229,269,0
229,472,0
229,473,1
229,474,1
229,475,1
229,707,0
229,708,0
229,768,0
229,769,0
229,892,0
229,893,0
229,894,0
229,895,1
229,896,1
229,897,1
229,898,0
229,899,1
229,900,0
229,901,1
229,903,0
229,904,0
229,905,0
229,906,1
229,907,0
229,908,0
229,909,0
230,0,1
230,321,0
230,322,0
230,323,0
230,324,0
230,325,0
230,326,0
230,327,0
230,328,0
230,329,0
230,330,0
230,331,0
230,332,0
230,333,0
230,334,0
230,335,0
230,336,0
230,337,0
230,338,0
230,339,0
230,348,0
230,351,0
230,352,0
230,353,0
230,354,0
230,355,0
230,356,0
230,357,0
230,358,1
230,359,1
230,360,0
230,363,0
230,914,1
230,916,1
230,917,1
230,918,0
230,920,0
230,921,0
230,922,0
230,923,0
230,924,0
230,926,1
230,927,0
230,928,0
230,929,0
230,930,0
230,931,0
230,932,0
230,933,0
230,934,0
230,935,0
230,936,0
230,937,0
230,938,0
230,939,0
230,940,0
230,941,0
230,942,1
230,943,0
230,944,0
230,945,0
230,946,0
230,947,0
230,948,0
230,949,0
230,950,0
230,951,0
230,953,0
230,954,0
230,955,0
230,956,0
230,958,0
230,959,0
230,964,1
230,965,0
230,966,0
230,971,0
230,973,0
230,974,1
230,1009,0
230,1010,0
230,1011,1
230,1012,0
230,1017,0
230,1018,1
230,1019,0
230,1020,0
230,1021,0
230,1022,0
230,1026,1
230,1027,1
230,1030,0
230,1031,0
230,1033,1
230,1034,0
230,1035,0
230,1036,0
230,1037,0
230,1038,0
231,253,0
231,255,0
231,256,0
231,258,1
231,262,0
231,270,0
231,271,0
231,272,0
231,273,0
231,274,0
231,275,0
231,707,1
231,708,0
231,709,1
231,710,1
231,711,1
231,712,0
231,713,1
231,714,0
231,716,0
231,717,0
231,722,1
231,726,0
231,729,0
231,730,1
231,733,1
231,735,1
231,738,1
231,742,1
231,746,1
231,751,0
231,752,1
231,754,1
231,755,1
231,756,1
231,759,1
231,760,1
231,761,0
231,762,1
231,765,1
231,768,1
231,769,0
231,770,1
231,771,1
231,772,1
231,773,0
231,774,0
231,775,1
231,776,1
231,777,1
231,778,1
231,779,1
231,780,0
232,415,0
232,419,0
232,892,1
232,893,1
232,894,1
232,895,1
232,896,1
232,897,0
232,898,0
232,899,1
232,900,0
232,902,1
232,903,0
232,904,0
232,905,0
232,906,0
232,907,0
232,908,0
232,909,0
232,911,1
233,22,1
233,44,0
233,47,0
233,49,0
233,55,0
233,58,0
233,63,0
233,74,1
233,81,0
233,101,0
233,106,0
233,111,0
233,119,0
233,122,0
233,132,0
233,134,0
233,139,0
233,145,0
233,150,1
233,249,0
233,250,0
233,251,0
233,253,0
233,255,0
233,256,0
233,257,1
233,258,0
233,259,0
233,261,0
233,262,0
233,263,0
233,265,0
233,266,0
233,267,0
233,268,0
233,269,0
233,892,1
233,893,0
233,894,1
233,895,1
233,896,0
233,897,1
233,898,0
233,899,1
233,900,1
233,901,1
233,902,1
233,903,0
233,904,1
233,905,0
233,906,0
234,276,0
234,278,0
234,280,1
234,282,0
234,285,0
234,287,1
234,292,0
234,293,0
234,321,0
234,322,0
234,324,0
234,325,0
234,326,0
234,327,0
234,328,0
234,329,0
234,331,0
234,332,0
234,782,1
234,785,1
234,787,1
234,816,0
234,817,1
234,819,1
234,820,0
234,821,1
234,822,0
234,823,1
234,824,0
234,825,1
234,826,0
234,827,0
234,828,0
234,834,0
234,836,1
234,837,1
234,840,1
234,843,1
234,845,1
234,847,0
234,849,0
234,850,1
234,851,0
234,852,1
234,853,0
234,854,0
234,855,0
234,856,1
234,859,1
235,0,0
235,4,0
235,5,0
235,9,0
235,16,0
235,18,0
235,22,0
235,25,0
235,30,0
235,35,0
235,39,0
235,41,0
235,46,0
235,51,1
235,54,0
235,58,0
235,68,0
235,70,0
235,73,0
235,79,0
235,82,0
235,101,0
235,104,0
235,109,0
235,113,0
235,116,0
235,119,0
235,124,0
235,129,0
235,132,0
235,151,0
235,153,0
235,159,0
235,161,0
235,165,0
235,170,0
235,174,0
235,178,0
235,182,0
235,184,0
235,190,0
235,194,0
235,199,1
235,312,0
235,472,0
235,473,0
235,474,1
235,475,0
235,476,0
235,477,0
235,479,0
235,480,0
235,481,0
235,482,1
235,494,1
235,502,1
235,504,1
235,505,1
235,510,1
235,511,1
235,512,1
235,513,1
235,517,0
235,520,0
235,522,0
235,523,1
235,524,1
235,525,0
235,526,0
235,527,0
235,528,1
235,529,1
235,533,0
235,534,0
235,535,0
235,537,1
235,538,0
235,539,0
235,540,1
235,541,0
235,546,0
235,547,0
235,548,1
235,549,0
235,550,0
235,551,1
235,552,0
235,553,1
235,554,1
235,556,0
235,557,1
235,558,0
235,559,0
235,560,0
235,561,0
235,562,1
235,563,1
235,564,0
235,565,0
235,566,0
235,567,0
235,570,1
235,571,1
235,574,1
235,575,1
235,577,1
235,580,1
235,583,1
235,611,0
235,614,1
235,615,0
235,631,0
235,632,0
235,633,0
235,634,1
235,635,0
236,0,0
236,1,1
236,7,0
236,9,0
236,13,0
236,19,0
236,29,0
236,41,0
236,46,0
236,50,0
236,53,0
236,59,0
236,69,0
236,76,0
236,80,0
236,81,0
236,101,0
236,102,0
236,109,0
236,110,0
236,115,0
236,121,0
236,125,0
236,126,0
236,130,0
236,151,0
236,158,0
236,162,0
236,171,0
236,175,0
236,177,0
236,185,0
236,190,0
236,194,0
236,199,0
236,201,0
236,205,0
236,211,0
236,219,0
236,220,0
236,221,0
236,222,0
236,223,0
236,224,0
236,225,0
236,226,0
236,227,0
236,228,0
236,229,0
236,230,0
236,233,0
236,234,0
236,235,0
236,237,0
236,238,0
236,249,0
236,250,0
236,251,0
236,252,0
236,253,0
236,254,1
236,255,0
236,256,0
236,257,0
236,258,0
236,259,0
236,260,0
236,261,0
236,262,0
236,264,0
236,265,0
236,266,0
236,267,0
236,268,0
236,269,0
236,309,1
236,310,0
236,311,0
236,312,0
236,313,0
236,315,0
236,316,0
236,317,0
236,319,0
236,472,0
236,473,1
236,474,1
236,475,1
236,476,1
236,479,0
236,480,0
236,481,0
236,482,1
236,496,1
236,497,0
236,500,1
236,501,1
236,502,1
236,504,1
236,505,1
236,510,1
236,511,1
236,512,0
236,513,1
236,514,0
236,515,1
236,517,0
236,518,1
236,520,0
236,522,1
236,523,1
236,527,0
236,528,1
236,530,1
236,531,1
236,532,0
236,533,0
236,534,0
236,535,1
236,536,1
236,537,1
236,546,0
236,547,0
236,548,0
236,549,0
236,550,0
236,551,0
236,552,0
236,553,0
236,554,0
236,555,0
236,556,0
236,557,0
236,558,0
236,559,1
236,560,1
236,561,0
236,562,0
236,564,0
236,565,0
236,566,0
236,567,0
236,568,1
236,569,1
236,570,1
236,572,1
236,574,1
236,576,1
236,578,1
236,582,0
236,583,1
236,609,1
236,613,0
236,614,1
236,631,0
236,632,0
236,636,0
236,637,0
236,638,0
236,639,1
236,640,0
236,641,0
236,642,0
236,643,0
236,644,0
236,645,0
236,646,0
236,647,0
236,648,0
236,649,0
236,650,0
236,651,1
236,652,1
236,653,0
236,654,1
236,655,0
236,656,1
236,657,1
236,658,0
236,659,0
236,660,0
236,661,0
236,662,0
236,663,0
236,664,0
236,665,0
236,666,0
236,667,0
236,668,0
236,669,0
236,670,0
236,671,1
236,672,0
236,673,0
236,675,0
236,676,1
236,680,0
236,681,0
236,682,0
236,683,0
236,684,0
236,686,0
236,687,0
236,690,0
236,691,0
236,697,0
236,699,0
236,707,0
236,708,0
236,709,0
236,710,0
236,711,0
236,712,0
236,713,0
236,714,0
236,768,0
236,769,0
236,770,0
236,771,0
236,772,1
236,773,0
236,774,0
236,775,0
236,776,1
236,777,0
236,778,0
236,779,0
236,780,1
237,1,0
237,24,0
237,28,0
237,35,1
237,40,0
237,44,0
237,46,0
237,50,0
237,54,0
237,57,0
237,73,0
237,80,0
237,81,0
237,101,0
237,106,0
237,112,0
237,124,0
237,128,1
238,271,0
238,275,0
238,276,0
238,277,0
238,278,0
238,279,0
238,280,0
238,281,0
238,282,0
238,283,0
238,284,0
238,285,0
238,292,0
238,293,0
238,294,0
238,295,0
238,297,0
238,298,0
238,300,0
238,301,0
238,781,1
238,783,1
238,786,1
238,787,0
238,816,0
238,817,1
238,820,0
238,821,0
238,822,0
238,823,0
238,824,1
238,825,0
238,826,0
238,827,0
238,834,0
238,836,1
238,837,1
238,838,0
238,840,1
238,844,1
238,845,1
238,847,0
238,848,1
238,849,0
238,850,0
238,851,0
238,852,0
238,853,1
238,854,1
238,855,0
238,856,1
238,857,1
238,859,0
238,860,0
238,861,0
238,862,0
238,863,1
238,864,0
238,865,0
238,872,0
238,877,1
239,220,0
239,221,0
239,222,0
239,223,0
239,224,0
239,225,0
239,226,0
239,227,0
239,229,0
239,230,0
239,233,0
239,309,0
239,310,0
239,311,0
239,313,0
239,314,0
239,315,0
239,316,0
239,317,0
239,318,0
239,319,0
239,320,1
240,222,0
240,223,0
240,224,0
240,226,0
240,227,0
240,228,0
240,229,0
240,230,0
240,231,0
240,232,0
240,233,0
240,234,0
240,235,0
240,236,0
240,237,0
240,238,0
240,239,0
240,240,0
240,241,0
240,242,0
240,243,0
240,244,0
240,245,0
240,246,0
240,248,0
240,636,0
240,638,0
240,639,1
240,640,1
240,641,1
240,642,1
240,644,1
240,645,0
240,646,1
240,648,0
240,649,1
240,650,1
240,651,0
240,652,1
240,654,1
240,655,0
240,658,1
240,659,1
240,660,0
240,663,1
241,222,0
241,223,0
241,230,0
241,233,0
241,234,0
241,239,0
241,240,0
241,241,0
241,242,0
241,243,0
241,244,0
241,636,1
241,637,0
241,639,1
241,640,1
241,642,1
241,643,1
241,645,0
241,647,1
241,649,1
241,650,1
241,651,1
241,652,1
241,654,1
241,655,1
241,656,0
241,657,1
241,658,0
241,659,0
241,660,0
241,661,0
241,663,1
241,664,1
241,666,1
241,667,0
241,668,0
241,669,0
241,670,1
241,671,0
242,140,0
242,145,1
242,149,0
242,249,0
242,250,0
242,251,0
242,252,0
242,253,0
242,254,0
242,255,0
242,256,0
242,257,0
242,258,0
242,259,0
242,260,0
242,262,0
242,266,1
242,472,1
242,473,1
242,474,1
242,475,1
242,476,1
242,479,1
242,480,1
242,481,1
242,482,1
242,494,1
242,495,1
242,501,1
242,502,1
242,503,1
242,504,1
242,510,1
242,513,1
242,515,1
242,516,1
242,520,1
242,522,0
242,525,1
242,528,1
242,529,1
242,530,1
242,531,1
242,532,1
242,533,0
242,534,1
242,537,1
242,892,1
242,893,0
242,894,1
242,895,1
242,896,1
242,897,1
242,898,1
242,903,1
242,904,1
242,905,1
242,906,1
242,907,0
242,908,0
242,909,0
242,910,1
242,911,1
243,0,0
243,1,0
243,11,0
243,16,0
243,18,0
243,24,0
243,29,0
243,47,0
243,52,0
243,55,0
243,57,0
243,101,0
243,107,0
243,112,0
243,117,0
243,118,0
243,122,0
243,128,0
243,132,0
243,135,0
243,139,0
243,146,1
243,151,0
243,154,0
243,157,0
243,161,0
243,165,0
243,168,0
243,175,0
243,177,0
243,180,0
243,185,0
243,190,0
243,193,0
243,196,0
243,200,0
243,206,0
243,210,0
243,220,0
243,221,0
243,222,0
243,224,0
243,225,0
243,226,0
243,227,0
243,229,0
243,230,0
243,231,0
243,232,0
243,233,0
243,234,0
243,235,0
243,236,0
243,237,0
243,238,0
243,239,0
243,240,0
243,241,0
243,242,0
243,243,0
243,244,0
243,245,0
243,246,0
243,248,0
243,249,0
243,250,0
243,251,0
243,252,0
243,253,0
243,254,0
243,255,0
243,256,0
243,257,0
243,258,0
243,259,0
243,260,0
243,262,0
243,265,0
243,266,0
243,267,0
243,268,0
243,269,0
243,270,0
243,271,0
243,272,0
243,273,0
243,274,0
243,275,0
243,276,0
243,277,0
243,278,0
243,279,0
243,280,0
243,281,0
243,282,0
243,292,0
243,293,0
243,294,0
243,295,0
243,296,0
243,297,0
243,298,0
243,299,0
243,300,0
243,301,0
243,303,1
243,309,0
243,310,0
243,311,0
243,312,0
243,313,0
243,315,0
243,316,1
243,317,0
243,319,0
243,321,0
243,322,0
243,323,0
243,324,0
243,325,0
243,326,0
243,327,0
243,328,0
243,329,0
243,330,0
243,331,0
243,332,0
243,333,0
243,334,0
243,335,0
243,336,0
243,337,0
243,339,0
243,351,0
243,352,0
243,353,0
243,354,0
243,355,0
243,356,0
243,357,0
243,358,0
243,359,0
243,360,0
243,362,0
243,363,0
243,472,0
243,473,1
243,474,1
243,475,1
243,476,1
243,477,0
243,479,0
243,480,0
243,481,0
243,482,0
243,495,1
243,497,1
243,501,1
243,502,1
243,503,1
243,505,1
243,511,1
243,513,0
243,514,1
243,515,1
243,520,1
243,523,1
243,524,1
243,528,1
243,530,1
243,531,1
243,532,0
243,533,1
243,534,1
243,535,1
243,536,1
243,546,0
243,547,0
243,548,0
243,549,0
243,550,0
243,551,0
243,552,1
243,553,0
243,554,0
243,555,0
243,556,0
243,557,0
243,558,0
243,559,1
243,560,0
243,561,0
243,562,1
243,563,0
243,564,0
243,565,0
243,566,0
243,567,0
243,568,0
243,569,1
243,570,1
243,572,1
243,574,1
243,575,0
243,576,0
243,577,0
243,579,1
243,580,1
243,582,1
243,583,0
243,610,1
243,614,0
243,615,1
243,631,0
243,632,1
243,633,0
243,634,0
243,635,0
243,636,0
243,637,0
243,638,0
243,639,0
243,640,0
243,641,0
243,642,0
243,643,0
243,645,0
243,647,0
243,648,0
243,649,1
243,650,1
243,651,1
243,652,1
243,654,0
243,655,1
243,656,0
243,657,0
243,658,0
243,659,1
243,660,0
243,661,1
243,662,0
243,663,1
243,664,0
243,665,1
243,666,0
243,668,0
243,669,1
243,707,0
243,708,0
243,709,0
243,710,0
243,711,0
243,712,0
243,713,0
243,714,0
243,715,0
243,716,0
243,722,1
243,723,0
243,726,0
243,727,0
243,729,1
243,730,0
243,732,1
243,733,0
243,741,0
243,747,0
243,768,0
243,769,0
243,770,0
243,771,0
243,772,1
243,773,0
243,774,0
243,775,0
243,776,0
243,777,0
243,778,0
243,779,0
243,780,0
243,781,1
243,782,0
243,783,1
243,785,0
243,786,0
243,787,0
243,788,0
243,789,0
243,790,1
243,791,0
243,793,0
243,795,0
243,796,0
243,797,1
243,799,1
243,801,1
243,806,0
243,808,0
243,811,1
243,816,0
243,820,0
243,821,0
243,822,0
243,823,0
243,825,0
243,826,0
243,827,0
243,828,0
243,829,0
243,830,0
243,834,0
243,835,0
243,836,0
243,837,0
243,838,1
243,839,0
243,840,0
243,843,0
243,844,0
243,845,0
243,846,0
243,847,0
243,851,0
243,858,0
243,861,0
243,864,0
243,914,0
243,915,0
243,916,0
243,917,0
243,918,0
243,920,0
243,921,0
243,923,0
243,924,0
243,926,1
243,927,0
243,928,0
243,929,0
243,935,0
243,937,0
243,938,0
243,940,1
243,941,0
243,944,0
243,946,0
243,947,0
243,950,0
243,951,0
243,953,0
243,954,0
243,955,0
243,959,0
243,963,0
243,965,0
243,968,0
243,970,0
243,975,0
243,979,0
243,1009,0
243,1011,1
243,1013,0
243,1015,0
243,1018,1
243,1024,0
243,1028,0
243,1030,0
244,249,0
244,250,1
244,251,0
244,252,0
244,253,1
244,255,0
244,256,0
244,257,0
244,258,1
244,259,0
244,260,1
244,472,1
244,473,1
244,474,0
244,475,1
244,892,1
244,893,0
244,894,1
244,895,1
244,896,1
244,897,1
244,898,1
244,903,0
244,904,1
244,905,0
244,906,0
244,907,1
244,908,0
244,909,0
245,222,0
245,223,0
245,224,0
245,226,0
245,228,0
245,229,0
245,230,0
245,231,0
245,232,0
245,233,0
245,234,0
245,235,0
245,236,0
245,237,0
245,238,0
245,239,0
245,241,0
245,242,0
245,243,0
245,244,0
245,245,0
245,249,0
245,251,0
245,253,0
245,255,0
245,256,0
245,257,0
245,259,0
245,260,0
245,636,0
245,637,1
245,638,0
245,639,0
245,640,0
245,641,1
245,642,0
245,643,0
245,645,0
245,646,0
245,647,0
245,648,0
245,649,0
245,650,1
245,651,1
245,652,1
245,653,1
245,654,0
245,655,0
245,656,1
245,657,0
245,658,0
245,659,1
245,660,0
245,662,1
245,664,1
245,665,1
245,666,0
245,667,0
245,668,1
245,669,0
245,670,1
245,671,0
245,672,0
245,673,0
245,674,1
245,675,1
245,677,0
245,678,1
245,680,1
245,682,0
245,685,0
245,686,1
246,784,1
246,786,1
246,787,1
246,788,1
246,789,0
246,816,1
246,819,1
246,820,1
246,821,1
246,822,0
246,823,0
246,824,1
246,825,0
246,826,0
246,827,1
246,828,1
246,829,0
246,830,1
247,0,0
247,4,0
247,7,0
247,12,0
247,16,1
247,18,0
247,24,0
247,25,1
247,32,0
247,35,0
247,40,0
247,42,0
247,47,0
247,50,0
247,55,0
247,58,0
247,81,0
247,101,0
247,104,0
247,109,0
247,112,0
247,115,0
247,119,0
247,122,0
247,126,0
247,151,0
247,155,0
247,159,0
247,162,0
247,171,0
247,174,0
247,179,0
247,195,0
247,198,0
247,200,0
247,206,0
247,211,0
247,213,0
247,218,0
247,220,0
247,221,0
247,222,0
247,223,0
247,224,0
247,225,0
247,226,0
247,227,0
247,228,0
247,229,0
247,230,0
247,231,0
247,232,0
247,233,0
247,234,0
247,235,0
247,236,0
247,249,0
247,250,0
247,251,0
247,252,0
247,253,0
247,254,0
247,255,0
247,256,0
247,257,1
247,258,0
247,259,0
247,260,0
247,262,0
247,266,0
247,270,0
247,271,0
247,272,0
247,274,0
247,275,0
247,276,0
247,278,0
247,279,0
247,280,0
247,282,0
247,283,0
247,284,0
247,285,0
247,286,0
247,287,0
247,288,0
247,289,0
247,290,0
247,291,0
247,292,0
247,293,0
247,294,0
247,295,0
247,296,0
247,297,0
247,298,0
247,299,0
247,300,0
247,301,0
247,309,0
247,310,0
247,311,0
247,312,0
247,313,0
247,314,0
247,315,0
247,316,0
247,317,0
247,319,0
247,320,0
247,321,0
247,322,0
247,323,0
247,324,0
247,325,0
247,326,0
247,327,0
247,328,0
247,329,0
247,330,0
247,331,0
247,332,0
247,333,0
247,334,0
247,335,0
247,336,0
247,337,0
247,338,0
247,339,0
247,341,0
247,342,0
247,343,0
247,344,0
247,345,0
247,346,0
247,347,0
247,348,0
247,349,0
247,352,0
247,353,0
247,354,0
247,355,0
247,356,0
247,357,0
247,358,0
247,363,0
247,472,0
247,473,1
247,474,1
247,475,1
247,476,1
247,479,0
247,480,1
247,481,0
247,482,1
247,496,1
247,497,1
247,501,1
247,502,1
247,504,1
247,505,1
247,510,1
247,511,1
247,512,1
247,513,1
247,514,1
247,516,1
247,519,0
247,520,0
247,522,1
247,523,0
247,527,0
247,528,1
247,529,1
247,530,1
247,532,0
247,533,1
247,534,1
247,536,1
247,537,1
247,546,0
247,547,0
247,548,1
247,549,0
247,550,0
247,551,0
247,552,0
247,553,0
247,556,1
247,557,0
247,558,0
247,559,1
247,560,0
247,561,0
247,562,1
247,564,0
247,565,0
247,566,0
247,567,0
247,568,1
247,570,1
247,575,1
247,576,1
247,580,1
247,583,1
247,608,1
247,611,1
247,615,0
247,631,0
247,632,0
247,633,0
247,634,0
247,635,0
247,636,0
247,637,0
247,638,0
247,639,0
247,640,0
247,641,0
247,642,1
247,643,0
247,644,0
247,645,0
247,646,1
247,647,0
247,648,0
247,649,1
247,650,1
247,651,1
247,652,1
247,654,1
247,655,0
247,656,0
247,657,1
247,658,0
247,659,1
247,660,1
247,662,1
247,663,1
247,664,0
247,665,0
247,666,0
247,707,0
247,708,0
247,709,0
247,710,0
247,711,1
247,712,0
247,713,0
247,714,0
247,716,0
247,720,0
247,726,0
247,729,1
247,733,1
247,737,0
247,739,0
247,740,0
247,745,0
247,748,1
247,753,0
247,755,0
247,756,1
247,757,0
247,760,0
247,768,0
247,769,1
247,770,0
247,771,1
247,772,0
247,773,0
247,774,0
247,775,1
247,776,1
247,777,1
247,778,0
247,779,0
247,780,1
247,781,1
247,782,0
247,785,1
247,787,1
247,816,0
247,818,0
247,820,0
247,821,1
247,822,0
247,823,0
247,824,0
247,825,0
247,826,0
247,827,0
247,834,0
247,836,1
247,838,1
247,839,1
247,840,0
247,841,0
247,843,0
247,844,1
247,845,0
247,846,1
247,847,0
247,848,0
247,849,0
247,850,0
247,851,0
247,852,0
247,853,0
247,855,0
247,856,0
247,857,0
247,859,1
247,861,0
247,914,0
247,916,0
247,918,0
247,920,0
247,921,0
247,923,0
247,926,0
247,927,0
247,928,0
247,929,1
247,934,0
247,935,0
247,937,0
247,938,0
247,941,0
247,944,0
247,945,0
247,946,0
247,947,0
247,959,0
247,960,0
247,961,1
247,962,0
247,963,0
247,964,0
247,965,0
247,966,1
247,967,1
247,968,0
247,969,0
247,970,0
247,971,0
247,972,1
247,973,0
247,974,1
247,975,1
247,976,0
247,977,1
247,978,0
248,261,0
248,263,0
248,264,0
248,418,0
248,707,0
248,708,0
248,892,1
248,893,0
248,894,1
248,895,1
248,896,0
248,897,1
248,898,1
248,899,1
248,900,1
248,901,0
248,903,0
248,904,0
248,905,0
248,906,0
248,907,0
248,908,0
248,909,0
248,910,0
248,911,0
248,912,0
248,913,0
249,0,0
249,4,0
249,8,0
249,9,0
249,15,1
249,18,0
249,31,0
249,34,0
249,43,0
249,46,0
249,50,0
249,55,0
249,58,0
249,63,0
249,68,0
249,70,0
249,82,0
249,86,0
249,93,0
249,100,0
249,101,0
249,107,0
249,110,0
249,118,0
249,123,0
249,127,0
249,133,0
249,138,0
249,147,0
249,151,0
249,158,0
249,160,0
249,171,0
249,178,0
249,195,0
249,197,0
249,203,0
249,206,0
249,210,0
249,220,0
249,221,0
249,222,0
249,223,0
249,224,0
249,225,0
249,226,0
249,227,0
249,228,0
249,229,0
249,230,0
249,231,0
249,232,0
249,233,0
249,234,0
249,235,0
249,236,0
249,237,0
249,238,0
249,249,0
249,250,0
249,251,0
249,252,0
249,253,0
249,254,0
249,255,0
249,256,0
249,257,0
249,258,0
249,259,0
249,260,0
249,270,0
249,271,0
249,272,0
249,273,0
249,274,0
249,275,0
249,276,0
249,277,0
249,278,0
249,279,0
249,280,0
249,281,0
249,282,1
249,292,0
249,293,0
249,294,0
249,295,0
249,297,0
249,298,0
249,300,0
249,301,0
249,303,0
249,304,0
249,311,0
249,312,0
249,313,0
249,315,0
249,316,0
249,319,0
249,321,0
249,322,0
249,323,0
249,324,0
249,325,0
249,326,0
249,327,0
249,328,0
249,329,0
249,330,0
249,331,0
249,332,0
249,333,0
249,334,0
249,335,0
249,336,0
249,337,0
249,338,0
249,339,0
249,341,0
249,344,0
249,345,0
249,346,0
249,347,0
249,348,0
249,349,0
249,350,0
249,351,0
249,473,1
249,475,1
249,476,1
249,479,0
249,480,0
249,481,1
249,482,1
249,503,1
249,504,1
249,505,0
249,513,0
249,514,0
249,515,0
249,519,1
249,520,1
249,521,1
249,522,1
249,523,1
249,524,1
249,525,0
249,526,0
249,527,1
249,528,0
249,529,0
249,530,1
249,532,1
249,533,1
249,535,1
249,536,1
249,537,1
249,546,0
249,547,0
249,558,0
249,559,0
249,560,0
249,561,1
249,562,1
249,564,0
249,565,0
249,566,0
249,567,0
249,568,1
249,569,1
249,570,0
249,571,0
249,572,0
249,573,0
249,574,0
249,575,1
249,577,1
249,578,1
249,582,1
249,608,1
249,609,0
249,610,0
249,612,0
249,614,1
249,615,0
249,624,0
249,628,1
249,629,1
249,631,0
249,632,0
249,633,1
249,634,0
249,635,0
249,636,0
249,637,0
249,638,0
249,639,0
249,640,0
249,641,1
249,642,0
249,643,0
249,645,0
249,646,1
249,648,0
249,649,0
249,650,0
249,651,1
249,652,1
249,653,1
249,655,0
249,656,0
249,657,0
249,658,0
249,659,0
249,660,0
249,661,0
249,662,0
249,663,0
249,664,0
249,665,0
249,666,0
249,667,0
249,670,0
249,672,0
249,707,0
249,708,0
249,709,1
249,710,0
249,711,0
249,712,0
249,713,0
249,714,0
249,717,1
249,718,0
249,722,0
249,727,0
249,728,1
249,732,1
249,768,0
249,769,0
249,770,0
249,771,1
249,772,0
249,773,0
249,774,0
249,775,0
249,776,0
249,777,1
249,778,1
249,779,1
249,780,0
249,781,0
249,782,1
249,785,1
249,786,1
249,787,0
249,788,0
249,789,0
249,790,0
249,791,1
249,798,0
249,815,0
249,818,1
249,819,1
249,820,0
249,821,1
249,822,0
249,823,1
249,824,1
249,825,0
249,826,0
249,827,0
249,828,0
249,829,0
249,830,0
249,834,0
249,836,1
249,837,0
249,838,1
249,839,1
249,840,0
249,841,0
249,842,0
249,843,0
249,844,0
249,845,1
249,846,0
249,847,0
249,848,0
249,849,0
249,850,0
249,851,0
249,852,0
249,853,0
249,854,0
249,855,0
249,856,0
249,857,0
249,858,0
249,859,0
249,860,0
249,861,0
249,862,0
249,863,0
249,864,0
249,865,0
249,914,0
250,0,0
250,2,0
250,5,0
250,10,0
250,15,0
250,20,0
250,21,0
250,29,1
250,44,0
250,47,0
250,50,0
250,53,0
250,57,0
250,101,0
250,107,0
250,111,0
250,115,0
250,119,0
251,0,0
251,4,0
251,7,0
251,10,0
251,15,0
251,19,0
251,21,0
251,25,0
251,30,0
251,35,0
251,39,0
251,43,0
251,48,0
251,49,0
251,53,0
251,60,0
251,61,0
251,71,0
251,73,0
251,79,1
251,81,0
251,85,0
251,94,0
251,98,0
251,101,0
251,104,0
251,109,0
251,112,0
251,115,0
251,118,0
251,124,0
251,126,0
251,151,0
251,155,0
251,157,1
251,160,0
251,170,0
251,173,1
251,177,0
251,190,1
251,193,0
251,198,1
251,220,0
251,221,0
251,222,0
251,224,0
251,225,0
251,226,0
251,227,0
251,229,0
251,230,0
251,233,0
251,234,0
251,235,0
251,239,0
251,241,0
251,242,0
251,243,0
251,246,0
251,249,0
251,250,0
251,251,0
251,253,1
251,255,0
251,256,0
251,257,1
251,258,0
251,259,1
251,262,0
251,270,0
251,272,0
251,273,0
251,274,0
251,275,0
251,276,0
251,278,0
251,279,0
251,280,1
251,282,0
251,285,0
251,286,0
251,287,0
251,288,0
251,289,0
251,290,0
251,292,0
251,293,0
251,294,0
251,295,0
251,297,0
251,298,0
251,300,0
251,303,0
251,304,0
251,305,0
251,308,0
251,311,0
251,312,0
251,313,0
251,315,1
251,316,1
251,319,0
251,321,1
251,322,0
251,323,0
251,324,1
251,325,0
251,326,0
251,327,0
251,328,0
251,329,0
251,331,0
251,332,0
251,333,0
251,334,0
251,335,0
251,336,0
251,338,0
251,339,0
251,341,0
251,343,0
251,344,0
251,348,0
251,349,0
251,351,0
251,352,0
251,353,0
251,354,0
251,355,0
251,356,0
251,357,0
251,363,0
251,364,0
251,365,0
251,366,1
251,367,0
251,368,0
251,370,0
251,371,0
251,372,0
251,373,0
251,374,0
251,378,0
251,379,0
251,380,0
251,381,0
251,382,1
251,383,1
251,384,0
251,385,0
251,386,1
251,387,1
251,388,0
251,389,0
251,390,0
251,393,0
251,394,0
251,402,0
251,404,0
251,405,0
251,407,0
251,412,0
251,417,1
251,419,0
251,420,0
251,426,0
251,430,0
251,432,0
251,435,0
251,439,1
251,443,0
251,445,0
251,446,0
251,453,0
251,455,0
251,461,1
251,462,1
251,465,0
251,466,0
251,467,0
251,468,0
251,470,0
251,472,0
251,473,1
251,474,1
251,475,1
251,476,1
251,477,1
251,478,0
251,479,0
251,480,0
251,481,0
251,482,0
251,494,0
251,495,1
251,499,1
251,501,1
251,502,1
251,503,1
251,505,1
251,511,1
251,513,1
251,515,1
251,516,1
251,519,1
251,522,1
251,523,1
251,528,0
251,529,1
251,530,1
251,531,1
251,532,1
251,535,1
251,536,1
251,537,1
251,546,0
251,547,0
251,548,0
251,549,1
251,550,0
251,551,0
251,552,0
251,553,0
251,554,0
251,555,1
251,556,1
251,557,0
251,558,0
251,559,0
251,560,1
251,561,1
251,562,0
251,564,0
251,565,0
251,566,0
251,567,0
251,568,1
251,571,1
251,574,1
251,577,1
251,578,1
251,580,1
251,608,1
251,612,1
251,615,0
251,631,0
251,632,0
251,633,1
251,634,0
251,636,1
251,637,1
251,639,1
251,640,1
251,642,1
251,644,1
251,645,1
251,647,0
251,649,1
251,650,1
251,651,0
251,652,1
251,653,1
251,654,1
251,655,1
251,658,1
251,660,1
251,661,1
251,663,1
251,664,1
251,665,1
251,667,1
251,668,1
251,669,1
251,670,0
251,672,1
251,673,0
251,675,1
251,678,1
251,680,0
251,682,1
251,683,0
251,684,0
251,685,1
251,688,0
251,689,0
251,691,0
251,693,0
251,695,0
251,699,0
251,703,1
251,707,0
251,708,1
251,709,0
251,711,1
251,714,0
251,722,1
251,729,0
251,734,0
251,741,1
251,743,0
251,748,1
251,757,0
251,758,0
251,760,0
251,761,0
251,768,0
251,769,1
251,770,0
251,772,0
251,773,0
251,775,1
251,777,0
251,780,0
251,782,1
251,786,1
251,787,1
251,788,0
251,789,0
251,793,1
251,796,1
251,801,1
251,813,1
251,816,1
251,817,0
251,818,1
251,819,1
251,820,1
251,821,1
251,822,1
251,823,1
251,824,1
251,825,1
251,826,0
251,827,0
251,828,1
251,829,1
251,830,0
251,831,0
251,832,1
251,833,1
251,834,1
251,837,0
251,838,1
251,839,0
251,840,1
251,843,0
251,845,0
251,846,1
251,847,1
251,848,0
251,849,1
251,850,1
251,851,1
251,852,0
251,853,0
251,854,0
251,855,0
251,856,0
251,859,1
251,861,0
251,862,0
251,864,1
251,865,0
251,867,1
251,892,1
251,893,0
251,894,1
251,895,1
251,896,1
251,897,1
251,898,1
251,899,1
251,900,0
251,901,1
251,902,1
251,903,0
251,904,0
251,905,0
251,906,0
251,907,0
251,908,1
251,909,1
251,910,0
251,911,1
251,912,0
251,913,0
251,914,0
251,915,1
251,916,0
251,918,1
251,920,1
251,921,1
251,922,0
251,923,1
251,924,0
251,926,0
251,927,0
251,928,0
251,929,0
251,930,0
251,931,0
251,935,0
251,936,0
251,937,1
251,938,0
251,941,0
251,944,0
251,946,1
251,950,0
251,951,0
251,953,0
251,954,1
251,959,1
251,960,0
251,963,0
251,965,0
251,966,0
251,967,0
251,968,0
251,970,0
251,973,0
251,1009,0
251,1010,0
251,1011,0
251,1012,0
251,1013,0
251,1014,1
251,1015,0
251,1018,0
251,1019,1
251,1021,0
251,1022,0
251,1023,0
251,1024,0
251,1026,0
251,1027,1
251,1028,0
251,1039,1
251,1044,0
251,1049,1
251,1089,1
251,1091,1
251,1093,1
251,1098,1
251,1099,1
251,1107,1
251,1108,1
251,1109,1
251,1110,1
251,1111,1
251,1112,0
251,1113,1
251,1115,1
251,1125,1
251,1129,1
251,1132,0
251,1134,0
251,1135,1
251,1136,0
251,1137,0
251,1141,1
251,1143,0
251,1144,1
251,1147,0
251,1148,0
251,1150,1
251,1151,0
251,1152,0
251,1155,1
251,1158,1
251,1159,0
251,1160,0
251,1161,1
251,1163,0
251,1164,1
251,1165,0
251,1169,0
251,1170,0
251,1171,0
251,1173,0
251,1174,0
251,1175,0
251,1178,0
251,1179,0
251,1181,0
251,1183,0
251,1185,1
251,1186,0
251,1187,0
251,1188,1
251,1189,0
251,1190,0
251,1191,0
251,1192,0
251,1193,0
251,1194,0
251,1195,0
251,1196,0
251,1197,0
251,1198,0
251,1199,0
251,1200,0
251,1201,0
251,1202,0
251,1203,0
251,1204,0
251,1205,0
252,631,0
253,0,0
253,4,0
253,11,0
253,16,0
253,17,0
253,23,0
253,31,0
253,41,0
253,47,0
253,49,0
253,56,0
253,57,0
253,70,0
253,75,0
253,81,0
253,101,0
253,106,0
253,111,0
254,270,0
254,271,0
254,272,0
254,273,0
254,274,0
254,275,0
254,276,0
254,277,0
254,278,0
254,279,0
254,280,0
254,281,0
254,282,0
254,283,0
254,285,0
254,321,0
254,322,0
254,323,0
254,324,0
254,325,0
254,326,0
254,327,0
254,328,0
254,329,0
254,331,0
254,332,0
254,333,0
254,334,0
254,335,0
254,336,0
254,738,1
254,739,1
254,745,0
254,748,1
254,749,1
254,751,0
254,755,1
254,756,1
254,757,1
254,762,1
254,764,1
254,765,1
254,767,0
254,781,1
254,784,0
254,785,1
254,786,1
254,787,0
254,816,0
254,819,1
254,820,1
254,821,1
254,822,0
254,823,1
254,824,1
254,825,1
254,826,0
254,827,1
254,828,0
255,231,0
255,232,0
255,236,0
255,237,0
255,238,0
255,239,0
255,240,0
255,241,0
255,242,0
255,243,0
255,244,0
255,245,0
255,246,0
255,247,0
255,248,0
255,636,0
255,637,1
255,639,1
255,640,1
255,641,1
255,643,0
255,646,0
255,648,0
255,649,1
255,650,1
255,651,1
255,652,0
255,653,0
255,654,1
255,655,0
255,656,1
255,657,1
255,658,0
255,659,0
255,660,1
255,662,1
255,666,1
256,415,0
256,418,0
256,419,0
256,420,0
256,421,0
256,422,0
257,223,0
257,224,0
257,226,0
257,228,0
257,229,0
257,230,0
257,231,0
257,232,0
257,233,0
257,234,0
257,235,0
257,236,0
257,237,0
257,238,0
257,239,0
257,240,0
257,241,0
257,242,0
257,243,0
257,244,0
257,245,0
257,246,0
257,248,0
257,249,0
257,253,0
257,255,1
257,256,0
257,257,0
257,258,0
257,259,0
257,262,0
257,266,0
257,267,0
257,268,1
257,636,0
257,638,0
257,639,1
257,640,0
257,642,1
257,643,0
257,645,1
257,646,0
257,648,0
257,649,1
257,650,1
257,651,1
257,652,1
257,653,1
257,655,1
257,656,1
257,658,1
257,660,0
257,661,1
257,663,1
257,664,1
257,666,1
257,667,1
257,668,1
257,670,0
257,671,0
257,672,1
257,673,0
257,675,0
257,679,0
257,680,1
257,681,0
257,682,0
257,686,0
257,687,0
257,688,0
257,689,0
257,691,0
257,707,0
257,708,0
257,709,1
257,710,1
257,711,0
257,712,0
257,713,0
257,714,0
257,733,0
257,768,1
257,769,0
257,770,1
257,771,0
257,772,1
257,773,0
257,774,1
257,775,0
257,776,0
257,777,0
257,778,1
257,779,1
257,780,0
258,309,0
258,310,0
258,311,0
258,312,0
258,313,0
258,314,0
258,315,0
258,316,0
258,317,0
258,319,0
258,320,1
258,563,0
258,635,0
259,249,0
259,250,1
259,251,0
259,252,0
259,253,0
259,254,0
259,255,0
259,256,0
259,257,0
259,258,0
259,259,0
259,262,1
259,892,1
259,893,0
259,894,1
259,895,1
259,896,1
259,897,1
259,898,0
259,900,1
259,903,0
259,904,0
259,905,0
259,906,0
259,907,0
259,908,0
259,909,0
260,0,0
260,4,0
260,5,0
260,9,0
260,16,0
260,20,0
260,22,1
260,26,0
260,31,0
260,36,0
260,37,0
260,44,0
260,46,0
260,51,0
260,54,0
260,58,0
260,81,0
260,101,0
260,109,0
260,112,0
260,117,0
260,118,0
260,125,0
260,128,0
260,130,0
260,136,0
260,140,0
260,151,0
260,156,0
260,161,0
260,171,0
260,174,0
260,179,0
260,195,0
260,198,0
260,203,0
260,204,0
260,211,0
260,215,0
260,219,0
260,736,0
260,737,0
260,744,0
260,747,0
260,752,0
260,753,0
260,756,0
260,759,0
260,760,0
260,782,0
260,785,1
260,786,1
260,787,0
260,788,1
260,789,0
260,791,0
260,794,1
260,797,1
260,800,1
260,801,1
260,802,0
260,815,1
260,816,0
260,818,0
260,819,0
260,820,0
260,821,0
260,822,0
260,823,0
260,824,1
260,825,0
260,826,0
260,827,0
260,828,0
260,829,1
260,830,1
260,834,0
260,836,1
260,837,1
260,838,0
260,839,0
260,840,1
260,843,1
260,844,1
260,845,1
260,846,0
260,847,0
260,850,0
260,852,0
260,854,1
260,855,1
260,856,1
260,857,1
260,858,0
260,859,0
260,860,0
260,861,0
260,862,1
260,863,1
260,864,0
261,209,0
261,214,0
261,217,0
261,220,1
261,221,0
261,222,1
261,225,0
261,226,0
261,227,0
261,229,0
261,230,1
261,233,0
261,234,0
261,249,1
261,250,0
261,251,0
261,252,0
261,253,0
261,254,0
261,255,1
261,256,0
261,257,0
261,258,0
261,259,0
261,260,0
261,262,0
261,265,0
261,266,0
261,267,1
261,270,0
261,271,0
261,272,0
261,273,0
261,274,0
261,275,0
261,276,0
261,278,0
261,311,0
261,312,0
261,313,1
261,315,0
261,316,0
261,319,0
261,558,0
261,559,0
261,560,1
261,561,1
261,562,0
261,564,0
261,565,0
261,566,0
261,567,0
261,568,1
261,571,1
261,574,1
261,577,1
261,582,0
261,583,1
261,592,1
261,595,1
261,598,1
261,599,1
261,608,1
261,610,1
261,615,1
261,631,0
261,632,0
261,636,1
261,638,0
261,639,1
261,642,1
261,644,0
261,645,1
261,647,1
261,649,0
261,650,1
261,651,1
261,652,1
261,653,1
261,655,0
261,656,1
261,657,0
261,660,1
261,662,1
261,663,1
261,664,1
261,666,1
261,667,0
261,668,0
261,669,0
261,670,0
261,671,0
261,672,0
261,674,0
261,675,1
261,682,1
261,687,1
261,699,1
261,707,1
261,708,1
261,709,1
261,710,1
261,711,0
261,712,1
261,713,0
261,714,0
261,718,0
261,720,0
261,721,0
261,722,0
261,728,1
261,732,0
261,733,1
261,734,0
261,736,0
261,737,0
261,740,0
261,743,1
261,744,1
261,748,0
261,749,1
261,750,0
261,754,1
261,755,1
261,756,0
261,757,0
261,758,0
261,759,0
261,760,0
261,761,0
261,762,1
261,768,1
261,769,1
261,770,0
261,771,1
261,772,0
261,773,1
261,774,1
261,775,0
261,776,0
261,777,1
261,778,0
261,779,1
261,780,0
262,101,0
262,103,0
262,107,0
262,111,0
262,115,0
262,120,0
262,124,0
262,128,0
262,249,0
262,250,0
262,251,0
262,252,0
262,253,0
262,254,0
262,255,0
262,256,0
262,257,0
262,258,0
262,259,0
262,260,0
262,262,0
262,263,0
262,265,0
262,266,0
262,267,0
262,268,0
262,472,0
262,473,1
262,474,0
262,475,1
262,476,1
262,479,0
262,480,0
262,481,0
262,482,1
262,494,0
262,495,0
262,496,0
262,497,0
262,498,1
262,499,1
262,500,0
262,501,0
262,502,0
262,503,1
262,504,1
262,505,1
262,510,1
262,512,1
262,516,1
262,517,1
262,520,1
262,522,1
262,524,1
262,525,1
262,526,0
262,527,0
262,528,0
262,529,0
262,530,0
262,531,1
262,532,1
262,533,1
262,534,0
262,535,1
262,536,1
262,537,1
262,546,0
262,547,1
262,892,1
262,893,0
262,894,1
262,895,1
262,896,0
262,897,1
262,898,1
262,903,0
262,904,0
262,905,0
262,906,0
262,907,0
262,908,0
262,909,0
263,247,0
263,248,0
263,249,0
263,250,0
263,251,0
263,252,0
263,253,0
263,254,0
263,255,0
263,256,0
263,257,0
263,258,0
263,259,0
263,260,0
263,261,0
263,262,0
263,263,0
263,264,0
263,265,0
263,266,0
263,267,0
263,268,0
263,269,0
263,270,0
263,271,0
263,272,0
263,273,0
263,274,0
263,275,0
263,276,0
263,277,0
263,278,0
263,279,0
263,280,0
263,281,0
263,282,0
263,283,0
263,284,0
263,285,0
263,287,0
263,292,0
263,293,0
263,294,0
263,295,0
263,296,0
263,297,0
263,298,0
263,299,0
263,300,0
263,636,0
263,638,1
263,639,1
263,640,1
263,641,1
263,643,0
263,645,1
263,648,1
263,649,1
263,650,1
263,651,1
263,652,1
263,654,1
263,655,0
263,656,0
263,657,1
263,658,0
263,659,1
263,660,1
263,662,1
263,663,1
263,664,1
263,666,1
263,667,0
263,668,0
263,669,1
263,670,0
263,671,1
263,672,0
263,675,1
263,678,0
263,679,0
263,681,0
263,682,0
263,683,0
263,684,0
263,686,1
263,687,1
263,688,1
263,690,0
263,691,0
263,692,0
263,696,1
263,698,0
263,699,0
263,703,1
263,704,0
263,705,1
263,706,0
263,707,1
263,708,0
263,709,0
263,710,1
263,711,1
263,712,0
263,713,0
263,714,0
263,768,0
263,769,1
263,770,1
263,771,1
263,772,1
263,773,1
263,774,0
263,775,1
263,776,0
263,777,0
263,778,0
263,779,1
263,780,1
263,834,0
263,835,0
263,836,0
263,837,1
263,838,1
263,839,0
263,840,0
263,843,0
263,844,1
263,845,1
263,846,0
263,847,1
263,848,1
263,849,0
263,850,1
263,851,1
263,852,1
263,853,0
263,854,0
263,857,1
263,858,1
263,859,0
263,860,0
263,861,0
263,862,0
263,863,0
263,864,0
263,865,0
263,867,0
263,871,0
263,872,1
263,874,0
263,875,0
263,876,0
263,880,1
263,884,0
263,885,0
263,887,1
263,888,0
263,889,0
264,102,0
264,124,0
265,0,0
266,0,0
266,2,0
266,7,0
266,11,0
266,14,0
266,18,0
266,23,0
266,26,0
266,32,0
266,34,0
266,38,0
266,44,0
266,48,0
266,51,0
266,55,0
266,57,0
266,61,0
266,65,0
266,70,0
266,74,0
266,80,0
266,84,0
266,93,0
266,97,0
266,101,0
266,102,0
266,106,0
266,113,0
266,116,0
266,118,0
266,122,0
266,129,0
266,131,0
266,137,0
266,151,0
266,152,0
266,158,0
266,160,0
266,165,0
266,168,0
266,175,0
266,178,0
266,180,0
266,185,0
266,190,0
266,194,0
266,196,0
266,203,0
266,205,0
266,220,0
266,221,0
266,222,0
266,223,0
266,224,0
266,225,0
266,226,0
266,227,0
266,228,0
266,229,0
266,230,0
266,231,0
266,232,0
266,233,0
266,234,0
266,235,0
266,236,0
266,249,0
266,250,0
266,251,0
266,252,0
266,253,0
266,254,0
266,255,0
266,256,0
266,257,0
266,258,0
266,259,0
266,260,0
266,262,0
266,264,0
266,265,0
266,266,0
266,267,0
266,268,0
266,269,1
266,270,0
266,271,0
266,272,0
266,273,0
266,274,0
266,275,0
266,276,0
266,277,0
266,278,0
266,279,0
266,280,0
266,281,0
266,282,0
266,283,0
266,284,0
266,285,0
266,286,0
266,287,0
266,289,0
266,310,0
266,311,0
266,312,0
266,313,0
266,315,0
266,316,0
266,317,0
266,472,0
266,473,0
266,474,0
266,475,0
266,476,1
266,479,0
266,480,0
266,481,0
266,482,0
266,487,1
266,489,0
266,491,0
266,493,0
266,494,0
266,495,0
266,497,1
266,498,0
266,499,0
266,501,0
266,502,1
266,503,0
266,504,0
266,505,0
266,510,0
266,511,0
266,512,1
266,513,0
266,514,1
266,515,0
266,519,0
266,520,0
266,522,1
266,523,1
266,524,1
266,525,0
266,526,0
266,528,0
266,529,0
266,530,0
266,531,0
266,532,0
266,533,0
266,534,1
266,537,1
266,546,0
266,547,0
266,548,0
266,549,0
266,550,0
266,551,0
266,552,0
266,553,0
266,554,0
266,555,0
266,556,0
266,557,0
266,558,0
266,559,0
266,560,0
266,561,0
266,562,0
266,563,0
266,564,0
266,565,0
266,566,0
266,567,0
266,568,1
266,569,0
266,570,1
266,571,1
266,572,1
266,573,0
266,574,1
266,576,1
266,577,0
266,578,0
266,581,1
266,582,1
266,583,0
266,608,0
266,609,0
266,610,0
266,611,0
266,612,0
266,613,0
266,614,0
266,615,0
266,623,0
266,630,0
266,631,0
266,632,0
266,633,0
266,634,0
266,635,0
266,636,0
266,637,0
266,638,0
266,639,0
266,640,0
266,641,0
266,642,0
266,644,0
266,645,0
266,646,0
266,647,0
266,649,0
266,650,0
266,651,0
266,652,1
266,653,0
266,654,0
266,655,0
266,656,0
266,657,0
266,658,0
266,659,0
266,660,0
266,661,0
266,662,0
266,663,0
266,664,0
266,665,0
266,666,0
266,667,0
266,668,0
266,669,0
266,670,0
266,671,0
266,672,0
266,673,0
266,675,0
266,676,0
266,677,0
266,680,1
266,682,0
266,683,0
266,686,0
266,688,0
266,689,0
266,691,0
266,696,0
266,697,0
266,698,0
266,699,0
266,705,0
266,707,0
266,708,0
266,709,0
266,710,0
266,768,0
266,769,0
266,770,0
266,771,0
266,772,0
266,773,0
266,774,0
266,775,0
266,776,0
266,777,0
266,778,0
266,779,0
266,780,0
266,834,0
266,835,0
266,836,0
266,837,0
266,838,0
266,839,0
266,840,0
266,841,0
266,842,0
266,843,0
266,844,0
266,845,0
266,846,0
266,847,0
266,848,0
266,849,0
266,850,0
266,851,0
266,852,0
266,853,0
266,854,0
266,855,0
266,856,0
266,857,0
266,860,0
266,861,0
267,0,0
267,1,1
267,11,0
267,15,0
267,18,0
267,30,0
267,44,0
267,47,0
267,52,0
267,53,0
267,59,0
267,81,0
267,101,0
267,104,0
267,109,0
267,112,0
267,116,0
267,118,0
267,124,0
267,127,0
267,130,0
267,137,0
267,140,0
267,146,1
267,151,0
267,156,0
267,161,0
267,171,0
267,173,1
267,178,0
267,193,0
267,197,0
267,201,0
267,206,0
267,210,0
267,220,0
267,221,0
267,222,0
267,223,0
267,224,0
267,225,0
267,226,0
267,227,0
267,228,0
267,229,0
267,230,0
267,231,0
267,232,0
267,233,0
267,234,0
267,235,0
267,236,0
267,237,0
267,238,0
267,239,0
267,240,0
267,241,0
267,242,0
267,243,0
267,244,0
267,245,0
267,246,0
267,247,0
267,248,0
267,249,0
267,250,0
267,251,0
267,252,0
267,253,0
267,254,1
267,255,0
267,256,0
267,257,0
267,258,0
267,259,0
267,260,0
267,270,0
267,271,0
267,272,0
267,273,0
267,274,0
267,275,0
267,276,0
267,278,0
267,280,0
267,282,0
267,283,0
267,284,0
267,285,0
267,288,0
267,289,0
267,290,0
267,292,0
267,293,0
267,294,0
267,295,0
267,296,0
267,297,0
267,298,0
267,299,0
267,300,0
267,301,0
267,302,0
267,303,0
267,309,1
267,310,0
267,311,0
267,312,0
267,313,0
267,315,0
267,316,0
267,319,0
267,321,0
267,322,0
267,323,0
267,324,0
267,325,0
267,326,0
267,327,0
267,328,0
267,329,0
267,330,0
267,331,0
267,332,0
267,333,0
267,334,0
267,335,0
267,336,0
267,337,1
267,472,0
267,473,1
267,474,1
267,475,1
267,476,1
267,477,1
267,479,0
267,480,1
267,481,0
267,482,1
267,494,1
267,495,0
267,498,1
267,499,1
267,502,1
267,503,1
267,505,1
267,510,0
267,511,1
267,512,1
267,513,1
267,514,0
267,515,1
267,516,0
267,518,0
267,521,0
267,525,1
267,528,1
267,529,1
267,530,1
267,531,1
267,532,0
267,533,1
267,534,1
267,535,1
267,537,1
267,546,0
267,547,1
267,548,1
267,549,0
267,550,0
267,551,0
267,552,0
267,553,0
267,554,1
267,555,1
267,556,1
267,558,0
267,559,1
267,560,0
267,561,1
267,562,1
267,564,1
267,565,0
267,566,0
267,567,0
267,568,0
267,569,1
267,572,1
267,574,1
267,575,0
267,576,0
267,577,1
267,582,1
267,608,0
267,611,0
267,614,0
267,631,0
267,632,0
267,636,0
267,637,0
267,638,0
267,639,1
267,640,0
267,641,1
267,642,0
267,644,0
267,645,0
267,646,0
267,647,0
267,648,0
267,649,1
267,650,1
267,651,1
267,652,0
267,653,1
267,654,1
267,655,0
267,656,0
267,657,0
267,658,0
267,659,0
267,660,0
267,661,0
267,662,0
267,663,0
267,664,0
267,665,0
267,666,0
267,667,1
267,668,1
267,669,1
267,671,0
267,673,0
267,675,0
267,676,0
267,677,1
267,680,0
267,682,0
267,683,0
267,686,1
267,688,0
267,689,0
267,691,0
267,692,0
267,698,0
267,699,0
267,707,0
267,708,0
267,709,0
267,710,0
267,711,0
267,712,0
267,713,0
267,714,0
267,717,1
267,718,1
267,720,0
267,723,0
267,727,1
267,728,1
267,730,1
267,732,0
267,733,1
267,734,0
267,735,0
267,736,0
267,738,0
267,740,1
267,742,0
267,745,0
267,753,1
267,756,0
267,758,0
267,760,0
267,768,0
267,769,0
267,770,0
267,771,1
267,772,1
267,773,1
267,774,1
267,775,1
267,776,0
267,777,0
267,778,0
267,779,1
267,780,0
267,781,1
267,782,1
267,785,0
267,786,1
267,787,0
267,788,0
267,789,1
267,791,1
267,797,1
267,798,0
267,800,1
267,804,0
267,805,1
267,806,1
267,807,0
267,814,0
267,815,0
267,816,0
267,820,0
267,821,0
267,822,0
267,823,0
267,824,0
267,825,0
267,826,0
267,827,0
267,828,0
267,829,0
267,830,0
267,834,0
267,836,1
267,837,1
267,838,0
267,839,1
267,840,0
267,843,0
267,844,0
267,845,0
267,846,0
267,848,0
267,849,0
267,850,1
267,851,1
267,852,0
267,853,1
267,854,0
267,855,0
267,856,0
267,857,1
267,858,0
267,859,0
267,860,0
267,861,0
267,862,0
267,863,0
267,864,0
267,865,0
267,866,0
267,867,0
267,868,1
267,869,0
267,871,1
267,876,1
267,877,0
267,887,0
268,250,0
268,251,0
268,252,0
268,254,0
268,257,0
268,258,1
268,260,0
268,262,0
268,412,0
268,892,1
268,893,0
268,894,1
268,895,1
268,896,0
268,897,1
268,898,1
268,899,0
268,900,1
268,903,0
268,904,0
268,905,1
268,906,1
268,907,0
268,908,0
268,909,0
269,364,1
269,892,1
269,893,0
269,894,1
269,895,1
269,896,1
269,897,0
269,898,1
269,900,1
269,903,0
269,904,0
269,905,0
269,906,0
269,907,0
269,908,0
269,909,0
269,910,1
269,911,0
269,912,1
269,913,1
270,292,1
270,321,0
270,322,0
270,323,0
270,324,0
270,325,0
270,326,0
270,327,0
270,328,0
270,329,0
270,330,0
270,331,0
270,332,0
270,333,0
270,334,0
270,335,0
270,336,0
270,337,0
270,338,1
270,339,0
270,340,0
270,341,0
270,342,1
270,343,0
270,344,1
270,349,0
270,781,1
270,782,1
270,784,0
270,785,1
270,786,1
270,787,0
270,788,0
270,789,0
270,792,1
270,796,1
270,798,1
270,802,0
270,812,1
270,816,1
270,818,0
270,819,0
270,820,0
270,821,0
270,822,0
270,823,1
270,824,1
270,825,0
270,826,0
270,827,0
270,828,0
270,829,1
270,830,1
270,941,0
270,944,0
270,945,0
270,946,0
270,947,0
270,959,0
270,960,0
270,961,1
270,963,0
270,964,1
270,965,1
270,966,1
270,967,0
270,968,0
270,973,1
270,974,1
270,977,0
270,979,0
270,999,0
270,1009,0
270,1013,1
270,1018,1
270,1020,0
270,1021,0
270,1023,1
270,1024,1
270,1027,0
270,1029,0
270,1030,0
270,1031,1
270,1032,0
270,1034,0
270,1036,0
270,1037,0
271,222,0
271,223,0
271,224,0
271,225,0
271,226,0
271,227,0
271,228,0
271,229,0
271,230,0
271,231,0
271,232,0
271,233,0
271,234,0
271,235,0
271,236,0
271,237,0
271,238,0
271,239,0
271,240,0
271,241,0
271,242,0
271,243,0
271,244,0
271,245,0
271,246,1
271,249,0
271,250,0
271,251,0
271,252,0
271,253,0
271,254,0
271,255,0
271,256,0
271,257,0
271,258,0
271,259,0
271,260,0
271,636,0
271,637,0
271,638,0
271,639,0
271,640,0
271,641,1
271,642,0
271,643,0
271,644,0
271,645,0
271,646,0
271,647,0
271,648,0
271,649,1
271,650,1
271,651,1
271,652,0
271,653,1
271,655,0
271,656,0
271,657,0
271,658,0
271,659,0
271,660,0
271,661,0
271,662,0
271,663,0
271,664,0
271,665,0
271,669,1
271,707,0
271,708,0
271,768,0
271,769,0
272,0,0
272,4,0
272,5,0
272,12,0
272,13,0
272,17,0
272,26,1
272,31,0
272,35,0
272,43,0
272,48,0
272,50,0
272,53,0
272,60,0
272,61,0
272,65,0
272,69,0
272,74,0
272,80,0
272,81,0
272,95,0
272,100,0
272,101,0
272,107,0
272,112,0
272,121,0
272,125,0
272,129,0
272,133,0
272,137,0
272,139,0
272,143,1
272,149,0
272,151,0
272,153,0
272,156,0
272,161,0
272,164,0
272,170,0
272,173,0
272,179,0
272,181,0
272,185,0
272,189,0
272,194,0
272,198,0
272,201,0
272,205,0
272,211,0
272,220,0
272,221,0
272,222,0
272,223,0
272,224,0
272,225,0
272,226,0
272,227,0
272,228,0
272,229,0
272,230,0
272,231,0
272,232,0
272,233,0
272,234,0
272,235,0
272,236,0
272,237,0
272,238,1
272,249,0
272,250,0
272,251,0
272,252,0
272,253,0
272,254,0
272,255,0
272,256,0
272,257,0
272,258,0
272,259,0
272,260,0
272,262,0
272,263,0
272,264,0
272,265,0
272,266,0
272,267,0
272,268,0
272,270,0
272,272,0
272,273,1
272,274,0
272,275,0
272,276,0
272,277,0
272,278,0
272,279,0
272,280,0
272,281,0
272,282,0
272,283,0
272,284,0
272,285,0
272,286,0
272,287,0
272,292,0
272,293,0
272,294,0
272,295,0
272,298,0
272,309,0
272,310,0
272,311,0
272,312,0
272,313,1
272,314,0
272,315,0
272,316,1
272,317,0
272,318,1
272,319,0
272,473,1
272,479,0
272,480,0
272,481,0
272,482,1
272,494,0
272,495,0
272,496,0
272,497,0
272,498,0
272,499,0
272,500,0
272,501,0
272,502,0
272,503,0
272,510,0
272,511,0
272,512,0
272,513,0
272,515,0
272,516,0
272,517,0
272,518,0
272,519,0
272,520,0
272,521,0
272,522,0
272,523,0
272,526,0
272,527,0
272,530,0
272,531,0
272,532,0
272,533,0
272,535,0
272,537,0
272,546,0
272,547,0
272,558,0
272,559,0
272,560,1
272,561,0
272,562,0
272,564,0
272,565,0
272,566,0
272,567,0
272,568,1
272,569,1
272,574,1
272,576,0
272,579,1
272,580,1
272,582,1
272,608,0
272,609,1
272,610,0
272,611,1
272,612,0
272,613,1
272,614,1
272,615,0
272,631,0
272,632,0
272,633,0
272,634,1
272,636,0
272,638,1
272,639,1
272,640,1
272,641,1
272,642,0
272,644,0
272,645,1
272,646,0
272,647,1
272,648,0
272,649,1
272,650,1
272,651,1
272,652,1
272,653,1
272,654,0
272,656,1
272,658,1
272,659,1
272,660,0
272,661,1
272,664,0
272,665,1
272,666,1
272,667,0
272,668,0
272,669,0
272,670,1
272,672,1
272,707,1
272,708,0
272,709,0
272,710,0
272,711,0
272,712,0
272,713,1
272,714,0
272,716,1
272,725,0
272,730,1
272,768,0
272,769,1
272,770,1
272,771,1
272,772,1
272,773,0
272,774,1
272,775,1
272,776,0
272,777,1
272,778,0
272,779,1
272,780,1
272,834,0
272,836,1
272,837,0
272,838,1
272,839,1
272,843,1
272,844,0
272,845,1
272,846,1
272,847,1
272,848,0
272,849,0
272,850,0
272,851,1
272,852,0
272,853,0
272,854,0
272,855,0
272,856,0
272,857,1
272,858,0
272,859,0
272,860,0
272,862,0
272,863,0
272,864,0
272,865,0
272,866,0
272,868,1
272,869,0
272,871,0
272,874,0
272,876,1
272,877,0
272,884,0
272,885,1
272,887,0
272,889,1
273,0,0
273,2,0
273,5,0
273,9,0
273,13,0
273,17,0
273,28,0
273,32,0
273,35,0
273,39,0
273,44,0
273,48,0
273,50,0
273,55,0
273,57,0
273,76,0
273,83,0
273,101,0
273,102,0
273,109,0
273,112,0
273,121,0
273,125,0
273,129,0
273,133,0
273,135,0
273,140,1
273,151,0
273,156,0
273,161,0
273,171,0
273,175,0
273,179,0
273,184,0
273,190,0
273,194,0
273,196,0
273,203,0
273,210,0
273,220,0
273,221,0
273,222,0
273,223,0
273,224,0
273,225,0
273,226,0
273,227,0
273,228,0
273,229,0
273,230,0
273,231,0
273,232,0
273,233,0
273,234,0
273,235,0
273,236,0
273,237,0
273,238,0
273,239,0
273,243,0
273,249,0
273,250,1
273,251,0
273,252,0
273,253,0
273,255,0
273,256,0
273,257,1
273,258,0
273,259,0
273,262,0
273,263,0
273,264,0
273,265,0
273,266,0
273,267,0
273,268,0
273,269,0
273,270,0
273,272,0
273,274,0
273,275,0
273,309,0
273,310,1
273,311,0
273,312,0
273,313,0
273,315,0
273,316,0
273,317,1
273,319,0
273,472,1
273,473,0
273,474,1
273,475,1
273,476,0
273,477,0
273,478,0
273,479,1
273,480,1
273,481,0
273,482,0
273,494,1
273,496,1
273,499,1
273,502,1
273,504,1
273,505,1
273,511,1
273,512,1
273,515,1
273,516,1
273,520,1
273,523,1
273,524,1
273,528,1
273,530,0
273,531,1
273,532,1
273,534,1
273,535,1
273,537,1
273,546,0
273,547,0
273,548,0
273,549,0
273,550,0
273,551,0
273,552,1
273,553,0
273,554,0
273,555,0
273,558,0
273,559,1
273,560,0
273,561,0
273,562,0
273,563,0
273,564,0
273,565,0
273,566,0
273,567,0
273,569,1
273,571,1
273,574,1
273,576,0
273,579,1
273,581,1
273,583,1
273,608,1
273,609,1
273,613,1
273,631,0
273,632,0
273,633,0
273,634,0
273,635,0
273,636,0
273,637,0
273,638,1
273,639,0
273,640,0
273,641,1
273,644,0
273,645,0
273,648,0
273,649,1
273,650,1
273,651,1
273,652,1
273,653,0
273,654,1
273,655,1
273,657,0
273,660,0
273,661,0
273,662,0
273,663,1
273,664,1
273,665,1
273,666,0
273,667,0
273,669,1
273,671,0
273,707,0
273,708,1
273,709,0
273,710,0
273,768,0
273,769,0
273,770,0
273,771,1
273,772,1
273,773,0
273,774,0
273,775,1
273,776,0
273,777,1
273,778,1
273,779,0
273,780,0
274,230,0
274,232,0
274,233,0
274,234,0
274,235,0
274,236,0
274,237,0
274,238,0
274,239,0
274,240,0
274,241,0
274,242,0
274,243,0
274,244,0
274,245,0
274,246,0
274,247,1
274,248,0
274,249,0
274,250,0
274,251,0
274,252,0
274,253,0
274,254,0
274,255,0
274,256,0
274,257,0
274,258,0
274,259,0
274,260,0
274,262,0
274,265,0
274,266,0
274,267,1
274,268,1
274,270,0
274,271,1
274,272,0
274,273,0
274,274,0
274,275,0
274,276,0
274,278,0
274,280,0
274,636,1
274,637,1
274,638,0
274,639,1
274,640,0
274,641,1
274,642,1
274,643,1
274,645,1
274,647,1
274,649,1
274,650,1
274,651,0
274,652,1
274,654,1
274,655,1
274,656,1
274,658,0
274,659,1
274,661,0
274,662,0
274,663,1
274,664,1
274,665,1
274,666,1
274,668,0
274,670,0
274,672,1
274,707,0
274,708,1
274,709,1
274,710,1
274,711,0
274,712,1
274,713,0
274,714,1
274,717,1
274,718,1
274,721,0
274,722,0
274,727,0
274,732,0
274,733,1
274,735,1
274,737,1
274,739,0
274,742,1
274,744,0
274,751,0
274,755,0
274,756,0
274,757,0
274,758,0
274,759,0
274,760,1
274,761,0
274,762,1
274,763,0
274,764,0
274,765,0
274,766,1
274,767,0
274,768,1
274,769,0
274,770,1
274,771,1
274,772,1
274,773,1
274,774,1
274,775,1
274,776,1
274,777,0
274,778,1
274,779,1
274,780,0
275,783,1
275,786,1
275,787,1
275,788,0
275,816,1
275,818,0
275,820,1
275,821,0
275,822,1
275,823,0
275,824,1
275,825,0
275,826,0
275,827,0
275,828,0
275,829,1
275,830,0
276,0,0
276,4,0
276,8,0
276,10,0
276,13,0
276,18,0
276,23,0
276,26,0
276,31,0
276,34,0
276,37,0
276,44,0
276,46,0
276,51,0
276,56,0
276,59,0
276,62,0
276,72,0
276,74,0
276,81,0
276,101,0
276,109,0
276,111,0
276,117,0
276,119,0
276,125,0
276,127,0
276,133,0
276,137,0
276,151,0
276,158,0
276,163,0
276,168,0
276,194,0
276,197,0
276,200,0
276,204,0
276,211,0
276,216,0
276,220,0
276,221,0
276,222,0
276,225,0
276,226,0
276,227,0
276,229,0
276,230,0
276,231,0
276,232,0
276,233,0
276,234,0
276,235,0
276,236,0
276,237,0
276,238,1
276,239,0
276,240,0
276,241,0
276,242,0
276,243,0
276,244,0
276,245,0
276,249,0
276,250,0
276,251,0
276,252,0
276,253,0
276,254,0
276,255,0
276,256,0
276,257,0
276,258,0
276,259,0
276,260,0
276,262,0
276,266,0
276,270,0
276,271,0
276,272,0
276,273,0
276,274,0
276,275,0
276,276,0
276,278,0
276,279,0
276,280,0
276,282,0
276,283,0
276,284,0
276,285,0
276,286,1
276,287,0
276,292,0
276,293,0
276,294,0
276,295,0
276,297,0
276,298,0
276,300,0
276,302,0
276,303,0
276,305,1
276,310,1
276,311,0
276,312,0
276,313,0
276,315,0
276,316,1
276,319,0
276,321,0
276,322,0
276,323,0
276,324,0
276,325,0
276,326,0
276,327,0
276,328,0
276,329,0
276,330,0
276,331,0
276,332,0
276,333,0
276,334,0
276,335,0
276,336,0
276,337,0
276,338,0
276,339,0
276,340,1
276,341,0
276,344,0
276,345,0
276,346,0
276,347,0
276,348,0
276,349,0
276,350,0
276,351,0
276,352,0
276,354,0
276,355,0
276,356,0
276,357,0
276,358,0
276,360,0
276,363,0
276,472,0
276,473,1
276,474,1
276,475,1
276,476,1
276,477,0
276,479,0
276,480,0
276,481,0
276,482,0
276,494,1
276,495,1
276,497,0
276,500,1
276,501,0
276,503,1
276,504,1
276,505,0
276,510,1
276,511,1
276,512,1
276,513,1
276,515,1
276,517,0
276,520,1
276,521,1
276,524,1
276,526,1
276,529,1
276,530,1
276,531,1
276,532,0
276,535,1
276,536,1
276,537,1
276,546,0
276,547,0
276,548,0
276,549,0
276,550,0
276,551,0
276,552,0
276,553,0
276,554,1
276,555,0
276,556,1
276,557,1
276,558,1
276,559,0
276,560,0
276,561,1
276,562,1
276,564,0
276,565,1
276,566,0
276,567,1
276,569,0
276,570,1
276,571,1
276,573,1
276,574,0
276,575,1
276,576,1
276,577,1
276,580,1
276,608,0
276,609,0
276,610,1
276,611,0
276,612,0
276,613,1
276,614,0
276,615,1
276,631,0
276,632,0
276,636,0
276,637,1
276,638,1
276,639,0
276,640,0
276,641,0
276,642,1
276,643,0
276,644,0
276,645,0
276,646,0
276,647,0
276,648,0
276,649,1
276,650,1
276,651,1
276,652,1
276,653,1
276,655,0
276,656,1
276,657,0
276,658,0
276,659,0
276,660,1
276,661,1
276,663,1
276,664,0
276,665,0
276,666,1
276,669,0
276,707,0
276,708,0
276,709,1
276,710,1
276,711,0
276,712,0
276,713,0
276,714,1
276,716,0
276,721,0
276,725,0
276,726,1
276,727,0
276,729,0
276,732,0
276,733,1
276,737,1
276,740,1
276,743,0
276,746,0
276,750,1
276,755,1
276,756,1
276,757,0
276,758,0
276,759,0
276,760,0
276,761,1
276,763,0
276,765,0
276,767,1
276,768,0
276,769,0
276,770,0
276,771,1
276,772,1
276,773,1
276,774,0
276,775,1
276,776,1
276,777,1
276,778,1
276,779,1
276,780,1
276,781,1
276,784,1
276,785,1
276,787,0
276,834,0
276,836,1
276,838,1
276,839,1
276,840,0
276,841,0
276,842,0
276,843,0
276,844,0
276,845,0
276,846,0
276,847,0
276,849,1
276,850,1
276,853,0
276,855,1
276,857,1
276,858,0
276,859,0
276,860,1
276,861,0
276,862,1
276,865,0
276,867,1
276,871,0
276,872,0
276,874,0
276,875,0
276,876,1
276,879,0
276,880,0
276,881,1
276,887,1
276,890,0
276,914,0
276,916,0
276,918,0
276,920,1
276,921,1
276,923,0
276,926,1
276,927,0
276,928,0
276,929,0
276,935,0
276,937,0
276,941,0
276,943,0
276,944,0
276,945,0
276,946,0
276,947,0
276,959,0
276,960,0
276,961,0
276,962,0
276,965,1
276,969,0
276,971,0
276,972,1
276,973,1
276,976,0
276,977,0
276,978,0
276,979,1
276,1009,0
277,249,0
277,250,0
277,251,0
277,252,0
277,253,0
277,254,0
277,255,0
277,256,0
277,257,0
277,258,0
277,259,0
277,260,0
277,262,0
277,265,0
277,266,0
277,267,0
277,367,1
277,892,1
277,893,1
277,894,1
277,895,1
277,896,0
277,897,1
277,898,0
277,900,1
277,903,1
277,904,1
277,905,0
277,906,0
277,907,0
277,908,0
277,909,0
278,303,0
278,304,0
278,305,0
278,308,1
278,321,0
278,322,0
278,323,0
278,324,0
278,325,1
278,326,0
278,327,0
278,328,0
278,329,0
278,330,0
278,331,0
278,332,0
278,333,0
278,334,0
278,335,0
278,336,0
278,337,0
278,339,0
278,348,0
278,352,0
278,353,0
278,354,0
278,355,0
278,356,0
278,357,0
278,363,0
278,781,1
278,786,1
278,787,1
278,816,0
278,817,1
278,818,0
278,819,1
278,820,0
278,821,0
278,822,0
278,823,0
278,824,1
278,825,0
278,826,0
278,827,0
278,828,0
278,914,1
278,915,0
278,916,1
278,917,0
278,918,0
278,919,0
278,920,0
278,921,0
278,922,0
278,923,0
278,924,0
278,925,0
278,926,0
278,927,0
278,928,0
278,929,0
278,930,0
278,931,0
278,934,0
278,935,0
278,936,0
278,937,0
278,938,0
278,939,1
278,941,0
278,942,1
278,943,0
278,944,0
278,945,0
278,946,0
278,947,0
278,950,0
278,951,0
278,959,0
278,961,1
278,963,1
278,964,0
278,967,1
278,969,1
278,976,1
278,979,0
278,993,0
278,1000,1
278,1005,0
278,1008,0
278,1009,0
278,1010,0
278,1015,0
278,1016,0
278,1017,0
278,1020,0
278,1021,0
278,1022,0
278,1023,0
278,1024,0
278,1025,0
278,1027,1
278,1031,0
279,137,0
279,140,0
279,142,0
279,147,0
279,249,0
279,250,0
279,251,0
279,252,0
279,253,0
279,254,0
279,255,0
279,256,0
279,257,0
279,258,0
279,259,0
279,260,0
279,262,0
279,266,0
279,267,1
279,472,0
279,473,0
279,474,1
279,475,1
279,476,1
279,481,0
279,482,1
279,892,0
279,893,0
279,894,1
279,895,1
279,896,0
279,897,1
279,898,0
279,899,0
279,900,1
279,901,1
279,902,1
279,903,1
279,904,1
279,905,0
279,906,0
279,907,0
279,908,0
279,909,0
280,214,0
280,558,0
280,559,0
280,560,0
280,561,1
280,562,1
280,564,0
280,565,0
280,566,0
280,567,1
280,577,1
280,583,1
281,249,0
281,250,0
281,251,0
281,252,0
281,253,0
281,254,0
281,255,0
281,256,0
281,257,0
281,258,0
281,259,0
281,260,0
281,261,0
281,262,0
281,263,0
281,264,0
281,265,0
281,266,0
281,267,0
281,268,1
281,269,0
282,220,0
282,221,0
282,222,0
282,223,0
282,224,0
282,225,0
282,226,0
282,227,0
282,229,0
282,230,0
282,231,0
282,232,0
282,233,0
282,234,0
282,235,0
282,236,0
282,237,0
282,238,0
282,249,0
282,253,0
282,255,1
282,256,0
282,258,1
282,259,0
282,262,0
282,311,0
282,312,0
282,313,0
282,315,0
282,316,0
282,319,0
282,634,0
282,636,0
282,637,0
282,639,1
282,641,1
282,642,0
282,644,0
282,645,0
282,646,0
282,647,1
282,649,1
282,650,1
282,651,0
282,652,1
282,653,0
282,654,1
282,655,0
282,656,0
282,657,0
282,658,1
282,659,0
282,660,0
282,664,0
282,665,0
282,707,1
282,708,1
282,709,1
282,710,1
282,711,1
282,712,1
282,713,0
282,714,1
282,715,1
282,722,1
282,724,1
282,731,1
282,733,1
282,737,0
282,739,0
282,741,0
282,748,1
282,749,0
282,768,1
282,769,1
282,770,1
282,771,1
282,772,1
282,773,1
282,774,0
282,775,1
282,776,1
282,777,1
282,778,1
282,779,1
282,780,1
283,222,0
283,229,1
283,230,0
283,233,0
283,234,0
283,235,0
283,236,0
283,237,0
283,238,0
283,239,0
283,243,0
283,244,1
283,249,0
283,251,0
283,253,0
283,255,0
283,256,0
283,257,0
283,258,0
283,259,0
283,636,1
283,637,0
283,638,1
283,639,1
283,640,0
283,641,1
283,644,0
283,645,0
283,646,0
283,647,1
283,648,0
283,649,0
283,650,0
283,651,1
283,652,1
283,654,1
283,655,0
283,656,0
283,657,1
283,658,0
283,659,1
283,660,0
283,661,0
283,662,1
283,663,0
283,664,1
283,665,0
283,666,1
283,667,1
283,668,1
283,669,1
283,672,0
284,0,0
284,3,0
284,9,0
284,13,0
284,20,0
284,29,0
284,41,0
284,48,0
284,49,0
284,56,0
284,58,0
285,154,0
285,158,0
285,163,0
285,165,0
285,173,0
285,178,0
285,181,0
285,184,0
285,191,0
285,558,0
285,559,0
285,560,0
285,561,0
285,562,0
285,564,0
285,565,0
285,566,0
285,567,0
285,568,0
285,569,1
285,570,0
285,571,0
285,572,1
285,573,0
285,574,1
285,575,0
285,576,1
285,577,0
285,578,1
285,581,1
285,582,1
285,583,0
285,608,0
285,609,1
285,613,1
285,615,1
285,631,0
285,632,0
286,103,0
286,108,0
286,112,0
286,116,0
286,118,0
286,124,0
286,126,0
286,131,0
286,136,0
286,141,0
286,249,0
286,250,0
286,251,0
286,252,0
286,253,0
286,254,0
286,255,0
286,256,0
286,257,0
286,258,0
286,259,0
286,260,0
286,262,0
286,265,0
286,266,0
286,267,0
286,707,0
286,892,0
286,894,0
286,895,1
286,896,1
286,897,0
286,898,1
286,900,1
286,903,0
286,904,0
286,905,0
286,906,0
286,907,0
287,101,1
287,106,0
287,111,0
287,119,0
287,122,0
287,126,0
287,133,0
287,138,0
287,145,0
287,146,0
287,150,0
287,249,0
287,250,1
287,251,0
287,253,1
287,255,0
287,256,0
287,257,0
287,258,0
287,259,0
287,260,0
287,472,1
287,473,1
287,474,1
287,475,1
287,476,1
287,479,1
287,480,1
287,481,0
287,482,1
287,494,1
287,495,1
287,500,1
287,502,1
287,503,1
287,504,1
287,510,1
287,511,1
287,512,1
287,513,1
287,514,1
287,515,1
287,520,0
287,521,1
287,523,1
287,526,1
287,529,1
287,530,1
287,531,1
287,532,1
287,534,1
287,535,1
287,537,1
287,546,0
287,547,1
287,548,0
287,549,0
287,551,1
287,707,0
287,708,0
287,768,1
287,892,1
287,893,0
287,894,1
287,895,1
287,897,0
288,249,0
288,250,0
288,251,0
288,252,0
288,253,0
288,254,0
288,255,0
288,256,0
288,257,0
288,258,0
288,259,0
288,260,0
288,262,0
288,707,0
288,708,0
288,892,1
288,893,0
288,894,0
288,895,1
288,896,0
288,897,0
288,898,1
288,903,0
288,904,0
288,905,0
288,906,1
288,907,0
288,908,0
288,909,0
288,911,0
288,912,1
289,220,0
289,221,0
289,222,0
289,223,0
289,224,0
289,225,0
289,226,0
289,227,0
289,228,0
289,229,0
289,230,0
289,231,0
289,232,0
289,233,0
289,234,0
289,235,0
289,236,0
289,237,0
289,238,0
289,239,0
289,243,0
289,244,0
289,245,0
289,249,0
289,250,0
289,251,0
289,252,0
289,253,0
289,254,0
289,255,0
289,256,0
289,257,0
289,258,0
289,259,0
289,260,0
289,262,0
289,266,0
289,636,0
289,637,0
289,638,0
289,639,0
289,640,0
289,641,0
289,642,0
289,643,0
289,645,0
289,646,0
289,647,0
289,648,0
289,649,1
289,650,1
289,651,0
289,652,1
289,653,1
289,654,0
289,655,1
289,656,0
289,658,0
289,659,0
289,660,0
290,221,0
290,222,0
290,224,0
290,225,0
290,226,0
290,227,0
290,229,0
291,0,0
291,3,1
291,12,0
291,16,0
291,18,1
291,23,0
291,32,0
291,48,0
291,50,0
291,54,1
291,59,0
291,61,0
291,68,1
291,84,0
291,100,0
291,101,0
291,109,0
291,112,0
291,119,0
291,123,0
291,128,0
291,132,0
291,140,0
291,143,0
291,146,0
291,150,0
291,151,0
291,158,1
291,161,0
291,168,0
291,176,0
291,192,0
291,197,0
291,202,0
291,205,0
291,211,0
291,220,0
291,221,0
291,222,0
291,223,0
291,224,0
291,225,0
291,226,0
291,227,0
291,228,0
291,229,0
291,230,0
291,231,0
291,232,0
291,233,0
291,234,0
291,235,0
291,249,0
291,255,0
291,256,0
291,259,0
291,309,0
291,310,0
291,311,0
291,312,0
291,313,0
291,314,0
291,315,0
291,316,0
291,317,0
291,318,0
291,319,0
291,320,0
291,472,1
291,473,1
291,474,1
291,475,1
291,476,1
291,479,1
291,480,1
291,481,0
291,482,0
291,494,1
291,497,1
291,500,1
291,502,1
291,504,1
291,505,1
291,510,1
291,511,1
291,512,1
291,513,1
291,514,0
291,516,1
291,517,1
291,519,1
291,521,1
291,524,1
291,528,0
291,529,1
291,530,1
291,531,1
291,532,1
291,534,1
291,536,1
291,537,1
291,546,1
291,558,0
291,559,1
291,560,1
291,561,1
291,562,1
291,564,0
291,565,0
291,566,0
291,567,0
291,568,1
291,570,1
291,572,1
291,576,1
291,577,1
291,582,1
291,611,0
291,612,0
291,615,0
291,631,1
291,632,0
291,633,0
291,634,0
291,636,0
291,638,0
291,639,0
291,640,0
291,642,1
291,643,0
291,645,1
291,646,0
291,647,0
291,648,0
291,649,1
291,650,1
291,651,1
291,652,1
291,654,1
291,655,1
291,656,1
291,657,0
291,658,1
291,659,0
291,660,0
291,661,0
291,662,0
291,663,0
291,664,1
291,665,1
292,0,0
292,2,0
292,8,0
292,10,0
292,15,0
292,19,0
292,22,0
292,26,0
292,30,0
292,36,0
292,37,0
292,44,0
292,46,0
292,49,0
292,53,0
292,57,0
292,63,0
292,65,0
292,72,0
292,75,0
292,80,0
292,83,0
292,101,0
292,104,0
292,109,0
292,110,0
292,116,0
292,121,0
292,125,0
292,126,0
292,132,0
292,134,0
292,139,0
292,148,0
292,151,0
292,152,0
292,158,0
292,161,0
292,166,0
292,170,0
292,174,0
292,177,0
292,182,0
292,187,0
292,190,0
292,195,0
292,197,0
292,202,0
292,211,0
292,220,0
292,221,0
292,222,0
292,223,0
292,224,0
292,225,0
292,226,0
292,227,0
292,228,0
292,229,0
292,230,0
292,233,0
292,234,0
292,235,0
292,249,0
292,250,0
292,251,0
292,252,0
292,253,0
292,254,0
292,255,0
292,256,0
292,257,0
292,258,0
292,259,0
292,260,0
292,262,0
292,265,0
292,266,0
292,267,0
292,270,0
292,271,0
292,272,0
292,273,0
292,274,0
292,275,0
292,276,0
292,277,0
292,278,0
292,279,0
292,280,0
292,281,0
292,282,0
292,283,0
292,284,0
292,285,0
292,292,0
292,293,0
292,294,0
292,295,0
292,296,0
292,297,0
292,298,0
292,299,0
292,300,0
292,301,0
292,302,0
292,303,0
292,305,0
292,309,0
292,310,0
292,311,0
292,312,0
292,313,0
292,314,0
292,315,0
292,316,0
292,317,0
292,319,0
292,321,0
292,322,0
292,323,0
292,326,0
292,329,0
292,330,0
292,472,0
292,473,0
292,474,0
292,475,0
292,476,0
292,479,0
292,480,0
292,481,0
292,482,0
292,495,1
292,496,1
292,501,1
292,502,1
292,503,1
292,504,1
292,510,1
292,511,1
292,515,1
292,517,1
292,521,1
292,522,1
292,523,1
292,525,1
292,526,1
292,529,0
292,530,1
292,532,1
292,533,1
292,535,1
292,536,1
292,537,0
292,546,0
292,547,1
292,548,0
292,549,0
292,550,0
292,551,0
292,552,0
292,553,0
292,555,0
292,556,0
292,558,0
292,559,0
292,560,0
292,561,0
292,562,0
292,564,0
292,565,0
292,566,0
292,567,0
292,568,0
292,569,0
292,570,1
292,571,1
292,572,0
292,574,1
292,575,1
292,576,0
292,577,1
292,579,1
292,581,1
292,583,0
292,603,0
292,607,0
292,608,0
292,610,0
292,611,0
292,612,0
292,614,0
292,615,0
292,623,1
292,624,0
292,625,0
292,626,0
292,627,0
292,629,0
292,630,0
292,631,0
292,632,0
292,633,0
292,634,0
292,636,0
292,637,0
292,638,0
292,639,0
292,640,0
292,641,0
292,642,0
292,643,0
292,644,0
292,645,0
292,646,0
292,647,0
292,648,0
292,649,1
292,650,0
292,651,0
292,652,1
292,653,1
292,654,0
292,655,0
292,656,0
292,657,0
292,658,0
292,659,0
292,660,0
292,661,0
292,662,0
292,663,1
292,664,0
292,665,0
292,666,0
292,672,0
292,707,0
292,708,0
292,709,0
292,710,0
292,711,0
292,712,0
292,713,0
292,714,0
292,715,1
292,718,0
292,719,0
292,720,0
292,721,0
292,722,0
292,723,0
292,724,0
292,727,0
292,734,0
292,737,0
292,739,0
292,740,0
292,742,0
292,743,0
292,745,0
292,747,0
292,750,0
292,753,0
292,754,0
292,755,0
292,756,0
292,757,0
292,758,0
292,759,0
292,760,0
292,761,0
292,762,0
292,763,0
292,764,0
292,765,0
292,766,0
292,767,0
292,768,0
292,769,0
292,770,0
292,771,0
292,772,0
292,773,0
292,774,0
292,775,1
292,776,0
292,777,0
292,778,0
292,779,1
292,780,0
292,781,1
292,786,1
292,787,1
292,815,0
292,816,0
292,817,0
292,819,0
292,820,0
292,821,0
292,822,1
292,823,0
292,824,0
292,825,0
292,826,0
292,827,0
292,828,0
292,834,0
292,835,0
292,836,0
292,837,0
292,838,0
292,839,1
292,840,0
292,841,0
292,842,0
292,843,0
292,844,0
292,845,0
292,846,0
292,847,0
292,848,0
292,849,0
292,850,0
292,851,0
292,852,0
292,853,0
292,854,0
292,855,0
292,856,0
292,857,0
292,858,0
292,859,0
292,860,0
292,861,0
292,862,0
292,863,0
292,864,0
292,865,0
293,220,0
293,221,0
293,222,0
293,223,0
293,224,0
293,225,0
293,226,0
293,227,0
293,228,0
293,229,0
293,230,0
293,233,0
293,234,0
293,237,1
293,238,0
293,309,0
293,310,0
293,311,0
293,312,0
293,313,0
293,314,0
293,315,0
293,316,0
293,317,0
293,319,0
293,563,0
293,634,0
293,635,0
294,0,0
294,2,0
294,9,0
294,16,0
294,17,0
294,31,0
294,35,0
294,39,0
294,49,1
294,53,0
294,565,0
294,566,1
294,567,0
294,570,1
294,571,1
294,574,1
294,576,1
294,578,1
294,583,1
294,614,1
295,270,0
295,271,0
295,272,0
295,273,0
295,274,0
295,275,0
295,276,0
295,278,1
295,280,0
295,282,0
295,283,0
295,284,0
295,285,0
295,286,0
295,287,0
295,289,0
295,292,0
295,293,0
295,294,0
295,295,0
295,298,0
295,300,0
295,302,0
295,303,0
295,304,0
295,305,0
295,308,1
295,321,0
295,322,0
295,323,0
295,324,1
295,325,0
295,326,0
295,327,0
295,328,0
295,329,0
295,330,0
295,331,0
295,332,0
295,333,0
295,736,0
295,737,0
295,744,0
295,749,0
295,750,0
295,751,0
295,752,1
295,754,0
295,755,0
295,756,0
295,757,0
295,758,0
295,759,0
295,760,0
295,761,0
295,781,1
295,785,1
295,786,1
295,787,0
295,788,0
295,789,0
295,791,1
295,797,0
295,799,1
295,801,1
295,802,0
295,803,1
295,804,1
295,815,1
295,816,1
295,820,1
295,821,0
295,822,0
295,823,1
295,824,1
295,825,1
295,826,0
295,827,1
295,828,1
295,829,1
295,830,0
295,834,0
295,836,1
295,837,1
295,838,1
295,839,0
295,840,0
295,843,0
295,845,1
295,846,1
295,847,0
295,848,0
295,849,0
295,850,0
295,851,1
295,852,0
295,853,0
295,854,0
295,855,0
295,856,0
295,857,1
295,859,1
295,861,0
295,867,0
295,868,1
295,871,0
295,872,0
295,874,0
295,875,1
295,876,0
295,880,1
295,885,1
296,88,1
296,89,1
296,101,0
296,107,0
296,113,1
296,125,0
296,126,0
296,131,1
296,249,0
296,250,0
296,251,0
296,252,0
296,253,0
296,254,0
296,255,0
296,256,0
296,257,0
296,258,0
296,259,0
296,260,0
296,262,0
296,264,0
296,265,0
296,266,0
296,267,0
296,268,0
296,893,0
296,894,1
296,895,1
296,896,0
296,897,1
296,898,1
296,899,0
296,900,0
296,901,0
296,902,1
296,903,0
296,904,0
296,905,0
296,906,0
297,0,0
297,1,0
297,7,0
297,9,0
297,13,0
297,17,0
297,23,0
297,26,1
297,31,0
297,34,0
297,38,0
297,44,0
297,48,0
297,52,0
297,55,0
297,60,0
297,101,0
297,106,0
297,112,0
297,114,0
297,125,0
297,129,0
297,131,1
297,151,0
297,152,1
297,157,0
297,160,0
297,171,0
297,174,0
297,177,0
297,194,0
297,197,1
297,201,0
297,220,0
297,221,0
297,222,0
297,223,0
297,224,0
297,225,0
297,226,0
297,227,0
297,228,0
297,229,0
297,230,0
297,233,0
297,234,0
297,235,0
297,236,0
297,237,0
297,238,0
297,239,0
297,243,0
297,249,0
297,250,0
297,251,0
297,252,0
297,253,0
297,254,0
297,255,0
297,256,0
297,257,0
297,258,0
297,259,0
297,260,0
297,262,0
297,266,0
297,270,0
297,271,0
297,272,0
297,273,0
297,274,0
297,275,0
297,276,0
297,277,0
297,278,0
297,279,0
297,280,0
297,281,0
297,282,0
297,283,0
297,284,0
297,285,0
297,286,0
297,287,1
297,288,0
297,289,0
297,290,0
297,291,0
297,292,0
297,293,0
297,294,0
297,295,0
297,298,0
297,299,0
297,300,0
297,301,0
297,303,0
297,304,0
297,305,0
297,308,0
297,309,0
297,311,0
297,312,0
297,313,0
297,315,0
297,316,0
297,317,1
297,319,0
297,321,0
297,322,0
297,323,0
297,324,1
297,325,0
297,326,0
297,327,0
297,328,0
297,329,0
297,330,0
297,331,0
297,332,0
297,333,0
297,334,0
297,335,0
297,336,0
297,337,0
297,339,0
297,349,0
297,352,0
297,354,0
297,355,0
297,356,0
297,357,0
297,358,0
297,359,1
297,360,0
297,363,0
297,364,0
297,365,0
297,366,0
297,367,0
297,368,0
297,370,0
297,371,0
297,373,0
297,374,0
297,376,0
297,379,0
297,380,0
297,381,0
297,382,0
297,383,0
297,384,0
297,386,0
297,387,1
297,388,0
297,389,1
297,390,0
297,391,0
297,392,0
297,393,0
297,394,0
297,395,0
297,404,0
297,472,0
297,473,1
297,474,1
297,475,1
297,476,1
297,479,1
297,480,0
297,481,0
297,482,0
297,495,1
297,496,1
297,500,1
297,502,1
297,503,1
297,504,1
297,510,1
297,511,1
297,515,1
297,516,1
297,519,1
297,522,1
297,524,1
297,528,1
297,530,1
297,531,1
297,532,0
297,533,0
297,535,1
297,536,1
297,537,1
297,546,0
297,547,1
297,548,0
297,549,1
297,558,0
297,559,1
297,560,0
297,561,0
297,562,1
297,564,1
297,565,1
297,566,0
297,567,0
297,568,0
297,569,1
297,570,1
297,574,0
297,575,1
297,576,1
297,577,1
297,582,1
297,608,0
297,609,1
297,610,1
297,611,0
297,612,1
297,613,0
297,614,1
297,615,0
297,631,0
297,632,0
297,633,0
297,636,0
297,637,0
297,638,1
297,639,0
297,640,1
297,641,0
297,642,0
297,643,1
297,645,0
297,648,0
297,649,1
297,650,1
297,651,0
297,652,1
297,653,0
297,654,0
297,655,0
297,656,0
297,657,0
297,658,0
297,659,0
297,660,0
297,661,0
297,663,1
297,664,1
297,666,1
297,667,0
297,668,0
297,669,1
297,670,1
297,672,0
297,674,0
297,675,0
297,679,0
297,680,1
297,681,0
297,682,0
297,684,1
297,685,0
297,686,0
297,687,0
297,690,0
297,691,0
297,699,0
297,704,0
297,707,0
297,708,0
297,709,1
297,710,0
297,711,1
297,712,0
297,713,0
297,714,0
297,768,0
297,769,0
297,770,0
297,771,0
297,772,0
297,773,0
297,774,0
297,775,1
297,776,0
297,777,1
297,778,1
297,779,0
297,780,1
297,834,0
297,836,1
297,837,0
297,838,1
297,839,0
297,840,0
297,843,0
297,844,1
297,845,1
297,846,1
297,847,0
297,848,0
297,849,1
297,850,0
297,851,0
297,852,1
297,853,0
297,854,0
297,855,0
297,856,0
297,857,1
297,861,1
297,864,0
297,865,1
297,867,0
297,868,1
297,871,0
297,872,0
297,874,0
297,875,0
297,876,0
297,877,0
297,885,0
297,887,0
297,890,0
297,892,1
297,893,0
297,894,1
297,895,1
297,896,1
297,897,1
297,898,1
297,900,1
297,902,1
297,903,1
297,904,0
297,905,0
297,906,0
297,907,0
297,908,0
297,909,0
297,910,0
297,911,0
297,912,0
297,913,0
297,914,0
297,916,0
297,918,0
297,920,0
297,921,0
297,923,0
297,926,0
297,927,0
297,928,0
297,929,0
297,934,0
297,935,0
297,937,0
297,938,0
297,941,0
297,942,0
297,944,0
297,946,0
297,947,0
297,948,0
297,950,0
297,951,0
297,952,0
297,953,0
297,954,0
297,955,0
297,956,0
297,957,0
297,958,0
297,959,0
297,962,0
297,964,0
297,965,1
297,966,0
297,967,1
297,969,0
297,972,1
297,973,1
297,974,1
297,976,0
297,977,0
297,979,0
297,984,1
297,999,0
297,1000,0
297,1004,0
297,1009,0
297,1010,1
297,1011,1
297,1013,1
297,1015,0
297,1016,0
297,1017,0
297,1018,1
297,1022,0
297,1023,0
297,1024,1
297,1025,0
297,1026,0
297,1028,0
297,1030,0
298,223,1
298,229,0
298,230,0
298,231,0
298,232,0
298,233,0
298,234,0
298,235,0
298,236,0
298,237,0
298,238,0
298,243,0
298,249,0
298,250,0
298,251,0
298,253,0
298,255,0
298,256,0
298,257,1
298,258,0
298,259,0
298,260,0
298,636,1
298,637,1
298,639,1
298,640,0
298,642,0
298,643,0
298,644,0
298,645,0
298,646,0
298,647,0
298,648,0
298,649,1
298,650,1
298,651,1
298,652,0
298,653,1
298,655,0
298,656,1
298,657,0
298,658,1
298,659,0
298,660,1
298,661,1
298,663,1
298,666,1
299,85,0
299,93,0
299,100,0
299,101,0
299,107,1
299,112,0
299,118,0
299,128,1
299,133,0
299,134,0
299,138,0
299,147,0
299,249,0
299,250,0
299,251,0
299,252,0
299,253,0
299,254,0
299,255,0
299,256,0
299,257,0
299,258,0
299,259,0
299,260,0
299,892,0
299,893,0
299,894,1
299,895,1
299,896,1
299,897,0
299,898,0
299,899,1
299,900,0
299,901,0
299,902,1
299,904,0
299,906,0
300,155,0
300,159,0
300,162,0
300,167,0
300,174,0
300,179,0
300,183,0
300,187,0
300,188,0
300,192,0
300,199,0
300,202,0
300,220,0
300,221,0
300,309,1
300,310,0
300,311,0
300,312,0
300,313,0
300,314,0
300,315,0
300,316,0
300,317,0
300,319,0
300,558,0
300,559,1
300,560,1
300,561,0
300,562,0
300,563,1
300,564,0
300,565,0
300,566,0
300,567,1
300,568,0
300,569,0
300,570,1
300,571,0
300,572,1
300,573,1
300,574,0
300,575,1
300,577,1
300,578,1
300,579,1
300,582,1
300,583,0
300,609,0
300,615,0
300,631,0
300,632,0
300,633,0
300,634,1
300,635,0
301,221,0
301,222,0
301,223,0
301,224,0
301,225,0
301,226,0
301,227,0
301,228,0
301,229,0
301,230,0
301,231,0
301,232,0
301,233,0
301,234,0
301,235,0
301,236,0
301,237,0
301,238,0
301,239,0
301,240,0
301,241,0
301,242,0
301,243,0
301,244,0
301,245,0
301,246,0
301,248,0
301,636,0
301,638,1
301,639,0
301,640,0
301,641,1
301,642,0
301,643,0
301,645,0
301,648,1
301,651,1
301,653,1
302,159,0
302,160,0
302,175,0
302,176,0
302,192,0
302,196,0
302,203,0
302,204,0
302,208,0
302,212,0
302,216,0
302,558,0
302,559,1
302,560,1
302,561,1
302,562,1
302,564,0
302,565,0
302,566,0
302,567,0
302,568,0
302,569,1
302,570,0
302,571,1
302,572,0
302,573,1
302,574,1
302,575,0
302,576,1
302,577,0
302,578,0
302,580,0
302,581,1
302,582,1
302,583,1
302,608,0
302,609,1
302,615,0
302,631,0
302,632,0
303,352,0
303,354,0
303,355,0
303,356,0
303,357,0
303,358,0
303,360,0
303,363,0
303,364,0
303,365,0
303,366,0
303,367,0
303,370,0
303,371,0
303,373,0
303,374,0
303,375,0
303,376,0
303,377,1
303,378,0
303,379,0
303,380,0
303,382,0
303,383,0
303,386,0
303,387,0
303,388,0
303,390,0
303,392,1
303,393,0
303,394,0
303,395,1
303,396,0
303,400,0
303,402,0
303,404,0
303,405,0
303,407,0
303,412,0
303,415,1
303,417,1
303,418,0
303,419,0
303,420,0
303,421,0
303,422,0
303,426,0
303,427,0
303,428,0
303,430,0
303,432,0
303,433,0
303,434,0
303,435,0
303,436,0
303,437,0
303,439,0
303,440,0
303,441,0
303,442,0
303,443,1
303,445,0
303,446,0
303,448,1
303,449,0
303,450,0
303,451,0
303,453,0
303,455,0
303,456,0
303,461,0
303,462,0
303,465,0
303,466,0
303,467,0
303,468,0
303,469,1
303,470,0
303,831,0
303,832,0
303,833,0
303,892,1
303,893,0
303,894,1
303,895,1
303,896,1
303,897,1
303,898,0
303,899,0
303,900,1
303,901,0
303,902,1
303,903,0
303,904,1
303,905,0
303,906,0
303,907,0
303,908,0
303,909,0
303,914,0
303,915,0
303,916,0
303,918,0
303,919,0
303,920,0
303,921,0
303,922,0
303,923,0
303,924,1
303,925,0
303,926,0
303,927,0
303,928,0
303,929,0
303,930,0
303,933,0
303,934,0
303,935,0
303,936,0
303,937,0
303,938,0
303,941,0
303,944,0
303,946,0
303,947,0
303,950,0
303,951,0
303,953,0
303,954,0
303,955,1
303,959,0
303,966,0
303,967,1
303,970,1
303,972,1
303,976,1
303,979,1
303,985,0
303,990,0
303,993,0
303,996,0
303,1009,0
303,1011,0
303,1014,0
303,1018,0
303,1023,1
303,1025,1
303,1029,0
303,1030,0
303,1031,0
303,1032,0
303,1033,0
303,1034,0
303,1035,0
303,1036,0
303,1037,0
303,1038,0
303,1039,0
303,1040,1
303,1041,1
303,1044,0
303,1047,1
303,1048,0
303,1049,1
303,1086,1
303,1088,0
303,1093,0
303,1095,1
303,1097,1
303,1099,1
303,1100,1
303,1108,1
303,1109,0
303,1110,0
303,1111,0
303,1112,0
303,1113,0
303,1114,0
303,1119,1
303,1120,1
303,1123,0
303,1127,0
303,1129,1
303,1130,0
303,1133,0
303,1135,1
303,1143,1
303,1145,0
303,1147,1
303,1154,0
303,1155,0
303,1159,0
303,1161,0
303,1162,0
303,1163,0
303,1164,0
303,1165,0
303,1170,0
303,1171,0
303,1172,0
303,1173,0
303,1174,1
303,1180,0
303,1183,0
303,1185,0
303,1186,0
303,1187,0
303,1188,0
303,1189,0
303,1192,0
303,1197,0
303,1204,0
303,1205,0
304,174,0
304,197,0
304,202,0
304,207,0
304,211,0
304,220,0
304,221,0
304,225,0
304,227,0
304,228,0
304,310,1
304,311,0
304,312,0
304,313,0
304,315,0
304,316,0
304,319,1
304,558,0
304,559,0
304,560,0
304,561,1
304,562,0
304,563,0
304,564,0
304,565,0
304,566,0
304,567,0
304,569,1
304,570,1
304,575,1
304,576,1
304,582,1
304,583,1
304,608,0
304,611,1
304,614,1
304,631,0
304,632,0
304,633,0
304,634,0
304,635,0
305,249,0
305,251,0
305,253,0
305,254,0
305,255,0
305,256,0
305,257,0
305,258,1
305,259,0
305,262,0
305,263,0
305,265,0
305,266,0
305,267,1
305,268,0
305,269,0
305,270,0
305,271,0
305,272,0
305,273,1
305,274,0
305,275,0
305,276,0
305,277,0
305,278,0
305,279,1
305,280,0
305,281,1
305,282,1
305,707,1
305,708,0
305,709,1
305,710,1
305,711,0
305,712,1
305,713,1
305,714,1
305,768,1
305,769,1
305,770,0
305,771,1
305,772,1
305,773,0
305,774,1
305,775,1
305,776,1
305,777,1
305,778,1
305,779,0
305,780,1
306,270,0
306,271,1
306,272,1
306,273,1
306,274,0
306,275,0
306,276,0
306,278,0
306,280,1
306,282,0
306,283,0
306,284,0
306,285,0
306,287,0
306,709,1
306,710,1
306,711,0
306,712,0
306,713,0
306,714,0
306,724,0
306,726,1
306,727,0
306,731,1
306,733,1
306,734,0
306,777,0
306,778,1
306,779,1
306,780,1
306,834,0
306,836,0
306,837,1
306,838,1
306,839,1
306,840,0
306,843,0
307,0,0
307,14,1
307,18,0
307,32,1
307,352,0
307,354,0
307,355,0
307,356,0
307,357,0
307,358,0
307,359,1
307,360,0
307,363,0
307,364,0
307,365,0
307,366,0
307,367,0
307,371,1
307,374,0
307,378,0
307,382,0
307,383,0
307,386,0
307,387,0
307,388,0
307,389,0
307,392,0
307,393,0
307,394,1
307,395,0
307,402,0
307,404,0
307,405,0
307,407,0
307,415,0
307,418,0
307,420,0
307,421,0
307,422,1
307,426,0
307,427,0
307,430,0
307,432,0
307,434,0
307,437,0
307,439,0
307,440,1
307,442,1
307,443,0
307,445,0
307,453,0
307,455,0
307,462,0
307,466,1
307,467,0
307,468,0
307,470,0
307,831,1
307,832,0
307,833,0
307,892,1
307,893,0
307,894,1
307,895,1
307,896,0
307,897,1
307,898,1
307,900,1
307,902,1
307,903,0
307,904,0
307,905,0
307,906,0
307,907,0
307,908,0
307,909,0
307,914,0
307,916,0
307,918,0
307,920,0
307,921,0
307,923,0
307,926,0
307,927,0
307,928,0
307,929,0
307,934,1
307,935,0
307,937,0
307,938,0
307,941,1
307,944,0
307,947,0
307,950,0
307,951,0
307,953,0
307,959,0
307,960,0
307,967,1
307,969,1
307,970,1
307,973,0
307,974,1
307,977,0
307,978,0
307,1009,0
307,1011,0
307,1012,0
307,1016,1
307,1021,1
307,1023,1
307,1025,1
307,1026,1
307,1033,0
307,1039,0
307,1040,1
307,1041,1
307,1046,0
307,1048,1
307,1084,1
307,1086,1
307,1091,1
307,1097,0
307,1100,1
307,1101,1
307,1103,1
307,1105,1
307,1108,0
307,1109,0
307,1110,0
307,1111,0
307,1112,0
307,1113,1
307,1114,1
307,1115,1
307,1116,0
307,1117,0
307,1118,0
307,1119,0
307,1120,0
307,1121,0
307,1122,1
307,1123,0
307,1126,0
307,1127,0
307,1133,1
307,1134,1
307,1137,0
307,1138,0
307,1139,1
307,1146,0
307,1149,0
307,1150,0
307,1153,1
307,1163,1
307,1165,1
307,1168,1
307,1170,1
307,1171,1
307,1174,0
307,1175,0
307,1176,0
307,1177,1
307,1178,0
307,1179,0
307,1180,1
307,1181,0
307,1182,0
307,1183,0
307,1184,1
307,1185,0
307,1186,0
307,1187,0
307,1188,0
307,1189,0
307,1190,0
307,1191,1
307,1193,0
307,1195,0
307,1196,0
307,1197,0
307,1198,0
307,1199,0
307,1200,0
307,1201,0
307,1204,0
307,1205,0
308,0,0
308,1,1
308,12,0
308,13,0
308,19,0
308,32,0
308,37,1
308,42,0
308,48,0
308,51,0
308,55,0
308,57,0
308,62,0
308,67,0
308,69,0
308,73,0
308,79,0
308,82,0
308,87,0
308,94,0
308,99,0
308,101,0
308,102,0
308,108,0
308,110,0
308,116,0
308,119,0
308,125,0
308,126,0
308,132,0
308,134,0
308,138,0
308,145,0
308,146,0
308,150,0
308,151,0
308,157,0
308,162,0
308,169,0
308,173,0
308,179,0
308,191,0
308,192,0
308,199,0
308,203,0
308,206,0
308,211,0
308,214,0
308,216,0
308,220,0
308,221,0
308,222,0
308,223,0
308,224,0
308,225,0
308,226,0
308,227,0
308,228,0
308,229,0
308,230,0
308,231,1
308,233,0
308,234,0
308,235,0
308,236,0
308,237,1
308,238,0
308,311,0
308,312,0
308,313,0
308,315,0
308,316,0
308,317,0
308,319,0
308,781,1
308,786,1
308,787,1
308,815,1
308,816,0
308,820,1
308,821,0
308,822,1
308,823,1
308,824,1
308,825,1
308,826,0
308,827,1
308,828,0
308,841,0
308,844,0
308,845,1
308,847,0
308,848,0
308,850,1
308,851,0
308,852,1
308,853,1
308,856,0
308,859,0
308,861,0
308,864,0
308,865,0
309,0,0
309,1,0
309,7,0
309,9,0
309,15,0
309,17,0
309,24,0
309,28,0
309,29,0
309,33,0
309,39,0
309,46,0
309,49,0
309,53,0
309,59,0
309,101,0
309,106,0
309,111,0
309,114,0
309,119,0
309,124,0
309,126,0
309,133,0
309,136,0
309,138,0
309,147,0
309,151,0
309,158,0
309,161,0
309,168,0
309,194,0
309,199,0
309,201,0
309,205,0
309,211,0
309,217,0
309,220,0
309,221,0
309,222,0
309,223,0
309,224,0
309,225,0
309,226,0
309,227,0
309,228,0
309,229,0
309,230,0
309,232,0
309,233,0
309,234,0
309,235,0
309,236,0
309,237,0
309,238,0
309,239,1
309,243,0
309,249,0
309,250,0
309,251,0
309,252,0
309,253,0
309,254,0
309,255,0
309,256,0
309,257,0
309,258,0
309,259,0
309,260,0
309,261,0
309,262,0
309,263,0
309,264,0
309,265,0
309,266,0
309,267,0
309,268,0
309,269,1
309,270,0
309,271,0
309,272,0
309,273,0
309,274,0
309,275,0
309,276,0
309,277,0
309,278,0
309,279,0
309,280,0
309,281,0
309,282,0
309,283,0
309,284,0
309,285,0
309,286,0
309,287,0
309,288,0
309,289,0
309,292,0
309,293,0
309,294,0
309,295,0
309,297,0
309,298,0
309,300,0
309,301,0
309,302,0
309,303,0
309,304,1
309,305,0
309,309,0
309,310,0
309,311,0
309,312,0
309,313,0
309,314,0
309,315,0
309,316,0
309,317,0
309,318,0
309,319,0
309,320,1
309,321,0
309,322,0
309,323,0
309,324,0
309,325,0
309,326,0
309,327,0
309,328,1
309,329,0
309,330,0
309,331,0
309,332,0
309,333,0
309,334,0
309,335,0
309,336,0
309,337,0
309,339,0
309,352,0
309,472,0
309,473,1
309,474,1
309,475,0
309,476,1
309,479,0
309,480,0
309,481,0
309,482,0
309,494,1
309,495,0
309,499,1
309,501,1
309,502,1
309,503,0
309,504,1
309,505,1
309,510,0
309,511,1
309,512,1
309,513,1
309,514,1
309,516,1
309,517,0
309,518,1
309,519,1
309,522,1
309,523,1
309,526,1
309,530,0
309,531,1
309,532,1
309,533,1
309,535,0
309,536,1
309,537,1
309,546,0
309,547,0
309,558,0
309,559,0
309,560,0
309,561,1
309,562,1
309,564,0
309,565,0
309,566,0
309,567,0
309,568,0
309,569,1
309,570,0
309,572,1
309,573,1
309,575,1
309,576,1
309,580,1
309,583,0
309,608,1
309,614,1
309,615,0
309,631,0
309,632,1
309,636,0
309,637,1
309,639,1
309,640,1
309,641,1
309,643,0
309,644,0
309,645,0
309,646,0
309,647,0
309,648,0
309,649,0
309,650,0
309,651,1
309,652,0
309,653,0
309,654,1
309,655,1
309,658,1
309,660,0
309,661,0
309,662,1
309,663,0
309,664,0
309,665,1
309,666,0
309,707,0
309,708,0
309,709,0
309,710,0
309,711,0
309,712,0
309,713,0
309,714,0
309,715,0
309,716,0
309,718,1
309,719,0
309,721,0
309,722,0
309,723,0
309,731,0
309,732,0
309,733,0
309,735,1
309,736,0
309,738,1
309,739,1
309,740,0
309,741,0
309,742,0
309,747,1
309,751,0
309,754,0
309,755,0
309,756,0
309,757,0
309,758,0
309,759,0
309,760,0
309,761,0
309,767,0
309,768,0
309,769,0
309,770,0
309,771,0
309,772,0
309,773,0
309,774,1
309,775,0
309,776,0
309,777,0
309,778,0
309,779,0
309,780,0
309,781,1
309,782,1
309,783,1
309,785,0
309,786,0
309,787,0
309,788,0
309,789,0
309,790,1
309,792,0
309,793,0
309,794,0
309,796,0
309,800,1
309,801,1
309,802,0
309,804,1
309,815,0
309,819,1
309,821,0
309,822,0
309,823,0
309,824,0
309,825,0
309,826,0
309,827,0
309,828,0
309,829,0
309,830,1
309,834,0
309,835,0
309,836,0
309,837,1
309,838,1
309,839,0
309,840,0
309,843,0
309,844,1
309,845,1
309,846,1
309,847,0
309,848,0
309,849,0
309,850,0
309,851,0
309,852,0
309,853,0
309,854,0
309,855,0
309,856,0
309,857,0
309,859,0
309,860,0
309,862,0
309,914,0
309,916,0
309,918,0
309,920,0
309,921,0
309,922,0
309,923,0
309,926,0
309,927,0
309,928,0
309,929,0
309,931,0
309,935,0
309,937,0
309,938,0
310,249,0
310,250,0
310,251,0
310,253,0
310,254,0
310,255,0
310,256,0
310,257,0
310,258,0
310,259,0
310,260,0
310,270,0
310,271,0
310,272,0
310,273,0
310,274,0
310,275,0
310,276,0
310,278,0
310,279,0
310,280,0
310,655,1
310,659,1
310,661,1
310,662,0
310,663,1
310,664,0
310,666,1
310,667,0
310,668,0
310,669,0
310,670,1
310,672,1
310,674,0
310,675,0
310,676,1
310,677,1
310,680,1
310,682,0
310,683,0
310,689,1
310,707,0
310,708,1
310,709,1
310,710,1
310,711,1
310,712,1
310,713,1
310,714,0
310,716,0
310,718,1
310,720,0
310,723,1
310,726,0
310,728,1
310,733,0
310,735,1
310,741,1
310,743,1
310,746,1
310,748,0
310,749,1
310,753,1
310,754,0
310,755,1
310,756,1
310,757,0
310,759,0
310,760,0
310,761,1
310,762,1
310,763,0
310,764,0
310,765,1
310,768,0
310,769,0
310,770,0
310,771,1
310,772,1
310,773,0
310,774,0
310,775,1
310,776,0
310,777,0
310,778,0
310,779,1
310,780,1
310,834,1
310,838,1
310,839,1
310,840,0
311,220,0
311,221,0
311,222,0
311,224,0
311,225,0
311,226,0
311,227,0
311,228,0
311,229,0
311,230,0
311,233,0
311,234,0
311,312,0
311,313,0
311,315,0
311,316,1
311,634,0
311,635,0
311,636,0
311,637,0
311,639,1
311,640,1
311,642,1
311,643,0
311,644,1
311,645,0
311,646,1
311,647,1
311,648,0
311,649,1
311,650,1
311,651,1
311,652,1
311,653,1
311,655,1
311,658,1
311,659,1
311,660,0
312,430,0
312,435,0
312,439,0
312,440,1
312,442,0
312,443,1
312,445,0
312,453,0
312,461,0
312,465,0
312,466,1
312,467,0
312,468,0
312,470,0
313,0,0
313,3,0
313,7,0
313,12,0
313,16,0
313,20,0
313,25,0
313,30,0
313,33,1
313,39,0
313,43,0
313,45,0
313,49,0
313,56,0
313,60,0
313,62,0
313,71,0
313,83,0
313,101,0
313,106,0
313,113,0
313,114,0
313,120,0
313,124,0
313,126,0
313,131,0
313,136,0
313,138,0
313,144,0
313,147,0
313,151,0
313,154,0
313,156,0
313,160,0
313,166,0
313,171,0
313,172,1
313,176,0
313,182,0
313,184,0
313,188,0
313,194,0
313,198,0
313,201,0
313,204,0
313,210,0
313,218,0
313,220,0
313,221,0
313,222,0
313,223,0
313,224,0
313,225,0
313,226,0
313,227,0
313,228,0
313,229,0
313,230,0
313,233,0
313,234,0
313,235,0
313,249,0
313,250,0
313,251,0
313,252,0
313,253,0
313,254,0
313,255,0
313,256,0
313,257,0
313,258,0
313,259,0
313,260,0
313,270,0
313,271,0
313,272,0
313,274,0
313,275,0
313,276,0
313,277,0
313,278,0
313,279,0
313,280,0
313,282,0
313,292,0
313,293,0
313,294,0
313,295,0
313,296,0
313,297,0
313,298,0
313,299,0
313,300,0
313,301,0
313,303,0
313,304,0
313,311,0
313,312,0
313,313,0
313,315,0
313,316,0
313,317,1
313,319,0
313,321,0
313,322,0
313,323,0
313,324,0
313,325,0
313,326,0
313,327,0
313,328,0
313,329,0
313,330,0
313,331,0
313,332,0
313,333,0
313,334,0
313,335,0
313,336,0
313,337,0
313,339,0
313,352,0
313,353,0
313,354,0
313,355,0
313,356,0
313,357,0
313,363,0
313,364,0
313,365,0
313,366,0
313,367,0
313,370,0
313,373,0
313,374,0
313,379,0
313,381,0
313,383,1
313,386,0
313,387,0
313,388,0
313,389,1
313,390,0
313,391,0
313,392,0
313,393,0
313,394,0
313,395,0
313,402,0
313,403,0
313,404,0
313,405,0
313,406,0
313,407,0
313,415,0
313,417,0
313,418,0
313,419,1
313,420,0
313,421,1
313,422,0
313,427,0
313,430,0
313,432,0
313,434,0
313,437,0
313,439,0
313,440,0
313,441,1
313,442,0
313,443,0
313,445,0
313,446,0
313,449,0
313,450,0
313,453,0
313,455,0
313,459,1
313,461,0
313,462,0
313,465,0
313,466,0
313,467,0
313,468,0
313,470,0
313,472,0
313,473,1
313,474,0
313,475,0
313,476,0
313,477,0
313,479,0
313,480,0
313,481,0
313,482,0
313,495,1
313,497,1
313,500,1
313,502,1
313,504,1
313,505,0
313,510,0
313,512,1
313,514,1
313,515,1
313,518,1
313,522,1
313,523,1
313,528,0
313,530,0
313,531,1
313,532,1
313,533,1
313,534,0
313,535,1
313,536,0
313,537,1
313,546,0
313,547,0
313,548,1
313,549,0
313,550,0
313,551,0
313,552,0
313,553,0
313,554,1
313,555,0
313,556,0
313,557,1
313,558,0
313,559,0
313,560,0
313,561,1
313,562,0
313,564,0
313,565,0
313,566,0
313,567,0
313,569,0
313,570,0
313,574,0
313,575,0
313,576,0
313,577,1
313,582,1
313,583,1
313,592,0
313,593,1
313,594,0
313,595,1
313,596,1
313,598,0
313,599,1
313,608,0
313,609,0
313,612,0
313,613,1
313,615,1
313,631,0
313,632,0
313,636,0
313,637,0
313,638,0
313,639,0
313,640,0
313,641,0
313,642,0
313,643,0
313,644,0
313,645,0
313,646,0
313,647,0
313,648,0
313,649,1
313,650,1
313,651,1
313,652,0
313,653,1
313,654,1
313,655,1
313,658,1
313,660,1
313,661,0
313,662,0
313,663,1
313,664,0
313,665,0
313,666,0
313,667,0
313,668,0
313,669,0
313,670,0
313,672,1
313,673,1
313,674,0
313,675,0
313,676,1
313,678,0
313,680,0
313,682,0
313,683,0
313,688,0
313,689,0
313,691,0
313,696,1
313,697,0
313,699,0
313,707,0
313,708,0
313,709,0
313,710,0
313,711,1
313,712,0
313,713,0
313,714,0
313,717,0
313,718,1
313,719,0
313,720,1
313,721,0
313,723,1
313,724,0
313,725,0
313,731,0
313,734,0
313,736,0
313,743,0
313,744,0
313,745,0
313,747,0
313,748,0
313,750,1
313,751,1
313,753,0
313,754,0
313,756,0
313,757,0
313,758,0
313,759,0
313,760,0
313,768,0
313,769,0
313,770,0
313,771,1
313,772,1
313,773,1
313,774,0
313,775,1
313,776,1
313,777,0
313,778,0
313,779,0
313,780,0
313,781,1
313,782,1
313,786,1
313,787,0
313,788,0
313,789,0
313,816,0
313,817,0
313,818,0
313,819,0
313,820,0
313,821,0
313,822,0
313,823,0
313,824,0
313,825,0
313,826,0
313,827,0
313,828,0
313,829,0
313,830,1
313,831,0
313,832,0
313,833,0
313,834,0
313,836,1
313,837,0
313,839,1
313,840,0
313,844,1
313,845,1
313,846,0
313,848,0
313,849,0
313,850,0
313,851,0
313,852,0
313,853,0
313,854,0
313,855,0
313,856,0
313,864,0
313,892,1
313,893,0
313,894,1
313,895,1
313,896,1
313,897,1
313,898,1
313,899,1
313,900,1
313,901,1
313,902,1
313,903,0
313,904,0
313,905,0
313,906,0
313,907,0
313,908,0
313,909,0
313,910,0
313,911,0
313,912,0
313,913,0
313,914,0
313,915,0
313,916,0
313,917,0
313,918,0
313,919,0
313,920,0
313,921,0
313,922,0
313,923,0
313,924,0
313,925,0
313,926,0
313,927,0
313,928,0
313,929,0
313,930,0
313,931,0
313,932,0
313,933,0
313,934,1
313,935,0
313,936,0
313,937,0
313,938,0
313,939,0
313,940,0
313,941,0
313,944,0
313,947,0
313,948,0
313,949,0
313,950,0
313,951,0
313,952,0
313,953,0
313,954,0
313,955,0
313,956,0
313,957,0
313,958,0
313,959,0
313,960,0
313,961,0
313,962,0
313,963,0
313,964,0
313,965,0
313,966,0
313,967,0
313,968,0
313,969,0
313,970,0
313,971,0
313,972,1
313,973,0
313,974,0
313,975,0
313,976,0
313,977,0
313,978,0
313,979,1
313,985,0
313,986,0
313,988,1
313,993,0
313,995,0
313,997,1
313,998,0
313,1001,0
313,1005,0
313,1007,0
313,1009,0
313,1010,0
313,1014,0
313,1020,0
313,1026,0
313,1029,0
313,1030,0
313,1031,0
313,1032,0
313,1033,0
313,1034,0
313,1035,0
313,1036,0
313,1037,0
313,1038,0
313,1039,0
313,1040,0
313,1041,0
313,1042,0
313,1043,0
313,1044,0
313,1045,0
313,1046,0
313,1047,0
313,1048,0
313,1049,0
313,1050,0
313,1086,1
313,1089,1
313,1095,1
313,1097,1
313,1098,0
313,1099,1
313,1100,1
313,1105,0
313,1106,1
313,1108,0
313,1109,1
313,1110,0
313,1111,0
313,1112,0
313,1113,0
313,1114,0
313,1115,1
313,1116,0
313,1117,0
313,1118,0
313,1119,1
313,1120,0
313,1121,0
313,1122,0
313,1123,0
313,1125,0
313,1129,0
313,1130,0
313,1131,1
313,1132,0
313,1133,0
313,1134,0
313,1135,1
313,1136,1
313,1139,0
313,1144,0
313,1147,1
313,1151,0
313,1154,0
313,1170,0
313,1171,0
314,0,0
314,4,0
314,10,0
314,16,0
314,19,0
314,21,0
314,29,0
314,34,0
314,42,0
314,45,0
314,52,0
314,56,0
314,58,0
314,69,0
314,76,0
314,80,0
314,83,0
314,99,0
314,101,0
314,104,0
314,109,0
314,113,0
314,118,0
314,124,0
314,127,0
314,131,0
314,135,0
314,140,0
314,148,0
314,151,0
314,789,0
314,818,1
314,819,1
314,820,0
314,821,1
314,822,0
314,823,0
314,824,0
314,825,0
314,826,0
314,827,0
314,828,0
314,829,0
314,830,0
315,261,0
315,264,0
315,265,0
315,267,0
315,268,0
315,270,0
315,271,0
315,272,0
315,273,0
315,274,0
315,275,0
315,276,0
315,277,0
315,278,0
315,279,0
315,280,0
315,281,0
315,282,0
315,283,0
315,284,1
315,285,0
315,292,0
315,293,0
315,707,0
315,708,0
315,709,1
315,710,0
315,711,1
315,712,1
315,713,0
315,714,0
315,715,0
315,717,0
315,724,1
315,725,0
315,727,0
315,728,0
315,729,0
315,730,1
315,731,1
315,732,0
315,735,1
315,738,1
315,741,1
315,749,1
315,750,0
315,751,1
315,752,0
315,754,1
315,758,0
315,760,1
315,768,0
315,769,1
315,770,0
315,771,1
315,772,1
315,773,0
315,774,0
315,775,1
315,776,0
315,777,0
315,778,1
315,779,1
315,780,1
315,834,0
315,836,1
315,837,1
315,841,0
315,842,0
315,843,0
315,844,0
315,845,0
315,846,1
315,847,1
315,848,0
315,849,0
315,850,1
315,851,0
315,852,0
315,853,0
315,855,0
315,856,0
315,857,0
315,858,0
315,859,0
315,860,0
315,861,0
315,862,0
315,863,0
315,864,0
315,865,0
315,866,0
315,868,1
315,871,1
315,872,1
315,874,1
315,877,1
315,880,1
316,239,0
316,240,0
316,241,0
316,242,0
316,244,0
316,245,0
316,249,0
316,250,0
316,251,0
316,252,0
316,253,0
316,254,0
316,255,0
316,256,0
316,257,0
316,258,0
316,259,0
316,260,0
316,262,0
316,265,1
316,266,0
316,267,0
316,270,0
316,271,0
316,272,0
316,273,0
316,274,0
316,275,0
316,276,0
316,278,1
316,280,0
316,282,0
316,283,0
316,284,0
316,285,0
316,636,0
316,638,0
316,639,1
316,640,1
316,641,1
316,643,0
316,645,0
316,647,0
316,649,0
316,650,1
316,651,1
316,652,1
316,653,1
316,655,1
316,657,1
316,658,1
316,659,0
316,661,0
316,662,0
316,663,0
316,664,1
316,665,1
316,667,0
316,668,1
316,669,1
316,670,0
316,672,0
316,675,0
316,682,0
316,707,0
316,708,1
316,709,1
316,768,0
316,769,0
316,770,1
316,771,1
316,772,1
316,773,0
316,774,1
316,775,1
316,776,1
316,777,1
316,778,0
316,779,0
316,780,1
317,0,0
317,4,0
317,6,0
317,10,0
317,16,0
317,17,0
317,23,0
317,28,0
317,31,0
317,36,0
317,39,0
317,43,0
317,47,0
317,52,0
317,56,0
317,57,0
317,64,0
317,65,0
317,71,0
317,74,0
317,79,0
317,82,0
317,86,0
317,91,0
317,94,0
317,100,0
317,101,0
317,108,0
317,113,0
317,115,1
317,118,0
317,127,0
317,133,0
317,135,0
317,151,0
317,170,0
317,193,0
317,788,0
317,826,0
317,827,0
317,828,0
317,829,0
317,830,1
318,220,0
318,221,0
318,222,0
318,223,0
318,224,0
318,225,0
318,226,0
318,227,0
318,228,0
318,229,0
318,230,0
318,231,0
318,232,0
318,233,0
318,234,0
318,235,0
318,236,0
318,237,0
318,238,0
318,239,0
318,240,0
318,241,0
318,242,0
318,243,0
318,244,1
318,245,0
318,246,1
318,309,0
318,310,0
318,311,0
318,312,0
318,313,0
318,314,0
318,315,0
318,316,0
318,317,0
318,319,0
318,320,0
318,563,0
318,636,0
318,637,0
318,638,0
318,639,0
318,640,0
318,641,1
318,642,0
318,644,1
318,645,1
318,647,1
318,649,1
318,650,1
318,651,1
318,652,1
318,653,1
318,655,1
318,656,1
318,658,0
318,659,0
318,660,1
318,661,1
319,0,1
319,1,0
319,6,0
319,9,0
319,15,0
319,19,0
319,22,0
319,27,0
319,30,0
319,34,0
319,40,0
319,44,0
319,48,0
319,51,0
319,55,0
319,60,0
319,64,0
319,66,0
319,69,0
319,75,0
319,77,0
319,81,0
319,85,0
319,95,1
319,97,0
319,101,0
319,108,0
319,113,0
319,117,1
319,119,0
319,128,0
319,130,0
319,135,0
319,138,0
319,151,0
319,157,0
319,163,0
319,170,0
319,174,0
319,177,0
319,192,0
319,198,0
319,202,1
319,205,0
319,211,0
319,217,1
319,220,1
319,221,0
319,222,0
319,224,0
319,225,0
319,226,0
319,227,0
319,230,0
319,233,0
319,234,1
319,239,1
319,242,0
319,243,0
319,244,0
319,246,0
319,249,1
319,253,1
319,255,1
319,256,0
319,257,1
319,258,1
319,259,0
319,261,0
319,262,0
319,263,0
319,265,0
319,266,0
319,267,0
319,268,0
319,270,0
319,272,1
319,273,0
319,274,0
319,275,0
319,276,0
319,278,0
319,279,1
319,280,0
319,282,0
319,283,0
319,284,0
319,285,0
319,286,1
319,287,1
319,292,0
319,293,0
319,295,0
319,298,0
319,299,1
319,300,0
319,301,1
319,310,0
319,311,0
319,312,0
319,313,0
319,315,0
319,316,1
319,319,0
319,321,1
319,322,0
319,323,1
319,324,0
319,325,1
319,326,0
319,327,0
319,328,0
319,331,0
319,472,0
319,473,0
319,474,1
319,475,1
319,476,0
319,479,0
319,480,0
319,481,0
319,482,1
319,496,1
319,497,1
319,500,1
319,503,1
319,504,1
319,505,1
319,512,1
319,513,1
319,516,1
319,517,1
319,520,1
319,523,1
319,526,1
319,529,0
319,530,1
319,531,1
319,532,0
319,533,1
319,534,1
319,536,1
319,537,1
319,546,0
319,547,0
319,558,0
319,559,0
319,560,1
319,561,0
319,562,1
319,564,1
319,565,0
319,566,0
319,567,0
319,569,1
319,570,1
319,575,1
319,576,1
319,582,1
319,583,1
319,608,1
319,613,1
319,614,1
319,631,0
319,632,0
319,633,0
319,634,0
319,636,0
319,637,1
319,639,1
319,640,0
319,641,1
319,642,0
319,644,1
319,645,0
319,648,1
319,649,1
319,650,1
319,651,1
319,652,1
319,653,1
319,655,1
319,657,0
319,659,1
319,660,1
319,661,1
319,662,0
319,663,1
319,664,1
319,665,0
319,666,0
319,667,0
319,668,1
319,669,0
319,670,1
319,672,1
319,707,1
319,708,0
319,709,1
319,710,1
319,711,1
319,712,1
319,713,0
319,714,0
319,716,0
319,718,1
319,720,1
319,731,0
319,738,1
319,748,1
319,752,0
319,768,0
319,769,0
319,770,0
319,771,0
319,772,0
319,773,1
319,774,0
319,775,1
319,776,0
319,777,0
319,778,1
319,779,1
319,780,1
319,834,0
319,836,0
319,837,1
319,838,1
319,840,1
319,843,0
319,844,1
319,845,0
319,846,1
319,847,0
319,848,1
319,849,0
319,851,0
319,852,0
319,853,0
319,854,1
319,855,0
319,856,1
319,857,1
319,859,0
319,865,0
320,220,0
320,221,0
320,222,0
320,223,0
320,224,0
320,225,0
320,226,0
320,227,0
320,228,0
320,229,0
320,230,0
320,231,0
320,232,0
320,233,0
320,234,0
320,235,0
320,236,0
320,237,0
320,249,0
320,250,0
320,251,0
320,252,0
320,253,0
320,254,0
320,255,0
320,256,0
320,257,0
320,258,0
320,259,0
320,260,0
320,262,0
320,266,0
320,267,0
320,309,0
320,310,0
320,311,0
320,312,0
320,313,0
320,314,0
320,315,0
320,316,0
320,317,0
320,319,0
320,320,0
320,563,0
320,635,0
320,636,0
320,637,0
320,639,1
320,642,1
320,644,1
320,645,0
320,646,1
320,648,1
320,649,1
320,650,0
320,651,1
320,652,1
320,654,1
320,655,0
320,656,1
320,657,1
320,658,0
320,659,1
320,661,1
320,662,0
320,663,0
320,664,1
320,665,1
320,667,1
320,668,0
320,669,1
320,670,0
320,672,1
320,674,1
320,675,1
320,677,1
320,680,1
320,682,0
320,683,0
320,686,1
320,688,1
320,691,0
320,699,0
320,703,1
320,705,1
321,46,0
321,50,0
321,59,0
321,62,1
321,68,0
321,69,0
321,73,0
321,78,0
321,81,0
321,85,0
321,90,0
321,95,1
321,99,0
321,101,0
321,108,0
321,112,0
321,117,0
321,118,0
321,125,0
322,781,0
322,783,1
322,785,0
322,786,1
322,787,1
322,815,0
322,816,0
322,818,0
322,819,0
322,820,0
322,821,1
322,822,0
322,823,0
322,824,0
322,825,0
322,826,0
322,827,0
322,828,0
323,42,0
323,74,0
323,77,0
323,81,0
323,99,0
323,101,0
323,107,0
323,113,0
323,115,0
323,126,0
323,132,0
323,136,0
323,140,0
323,249,0
323,250,0
323,251,0
323,252,0
323,253,0
323,254,0
323,255,0
323,256,0
323,257,0
323,258,0
323,259,0
323,260,0
323,262,0
323,265,0
323,266,0
323,267,0
323,268,1
323,366,0
323,472,1
323,473,1
323,474,0
323,475,1
323,476,1
323,479,1
323,480,1
323,481,1
323,482,0
323,892,0
323,893,0
323,894,1
323,895,1
323,896,0
323,897,1
323,898,1
323,900,0
323,902,1
323,903,1
323,904,1
323,905,1
323,906,0
323,907,1
323,908,1
323,909,0
323,911,0
323,912,1
323,913,0
324,514,1
324,517,1
324,520,0
324,522,1
324,524,1
324,529,0
324,530,1
324,532,1
324,533,1
324,534,1
324,535,1
324,537,1
324,546,1
324,547,0
325,261,0
325,262,0
325,263,1
325,264,0
325,265,0
325,266,0
325,267,0
325,268,0
325,269,0
325,270,0
325,272,1
325,273,1
325,274,0
325,275,0
325,276,0
325,278,0
325,279,1
325,280,0
325,282,0
325,283,0
325,284,0
325,285,0
325,287,1
325,321,0
325,322,1
325,323,0
325,324,1
325,325,1
325,326,0
325,327,0
325,328,0
325,329,0
325,330,0
325,331,0
325,332,0
325,333,0
325,336,0
325,707,1
325,708,0
325,768,0
325,769,0
325,770,0
325,771,1
325,772,1
325,773,0
325,774,0
325,775,1
325,776,0
325,782,1
325,786,1
325,787,1
325,815,1
325,819,1
325,820,1
325,821,0
325,822,0
325,823,1
325,824,0
325,825,0
325,826,0
325,827,0
325,828,0
326,0,0
326,1,0
326,10,0
326,15,1
326,18,0
326,29,1
326,44,0
326,47,0
326,49,0
326,55,0
326,60,0
326,63,0
326,71,0
326,82,0
326,99,0
326,101,0
327,427,0
327,428,0
327,430,0
327,432,0
327,435,0
327,437,0
327,439,1
327,440,1
327,442,0
327,443,0
327,445,0
327,446,0
327,450,0
327,453,0
327,455,0
327,458,0
327,460,0
327,461,0
327,462,1
327,463,0
327,464,0
327,465,0
327,466,0
327,467,0
327,468,0
327,469,0
327,470,0
327,471,0
328,0,1
328,2,0
328,8,0
328,9,0
328,13,0
328,18,0
328,22,0
328,28,1
328,29,0
328,35,0
328,39,0
328,48,0
328,52,0
328,53,0
328,58,0
328,72,0
328,74,1
328,83,0
328,101,0
328,104,0
328,109,0
328,112,0
328,119,0
328,125,0
328,127,0
328,131,0
328,136,0
328,139,0
328,151,1
328,154,0
328,157,0
328,162,0
328,167,0
328,170,0
328,172,0
328,176,0
328,182,1
328,185,0
328,189,0
328,193,0
328,196,0
328,203,0
328,206,0
328,210,0
328,212,0
328,218,0
328,220,0
328,221,0
328,224,0
328,225,0
328,226,0
328,227,0
328,228,0
328,229,0
328,230,0
328,233,0
328,234,0
328,235,0
328,236,0
328,237,0
328,238,0
328,239,0
328,243,0
328,245,0
328,249,0
328,250,0
328,251,0
328,252,0
328,253,0
328,254,0
328,255,0
328,256,0
328,257,0
328,258,0
328,259,0
328,260,0
328,261,1
328,262,0
328,263,0
328,265,0
328,266,0
328,267,0
328,268,0
328,269,0
328,270,0
328,271,0
328,272,0
328,273,0
328,274,0
328,275,0
328,276,0
328,277,0
328,278,0
328,279,0
328,280,0
328,282,0
328,283,0
328,284,0
328,292,0
328,293,0
328,294,0
328,295,0
328,298,0
328,299,0
328,300,0
328,301,0
328,303,0
328,304,0
328,308,1
328,309,1
328,311,0
328,312,0
328,313,0
328,315,0
328,316,0
328,319,0
328,321,0
328,322,1
328,326,0
328,472,1
328,473,0
328,474,1
328,475,1
328,476,1
328,479,0
328,480,1
328,481,0
328,482,0
328,494,1
328,495,0
328,496,1
328,498,1
328,501,1
328,502,1
328,503,1
328,504,1
328,512,0
328,513,1
328,514,1
328,517,1
328,518,1
328,522,0
328,524,1
328,525,1
328,526,1
328,529,1
328,530,1
328,531,1
328,532,0
328,533,1
328,535,1
328,536,1
328,537,1
328,546,0
328,547,0
328,548,0
328,549,0
328,550,0
328,551,0
328,552,1
328,553,0
328,558,0
328,559,0
328,560,1
328,561,0
328,562,0
328,563,1
328,564,0
328,565,0
328,566,0
328,567,0
328,568,1
328,569,1
328,575,1
328,578,1
328,582,1
328,583,1
328,608,0
328,609,1
328,614,1
328,631,0
328,632,0
328,633,0
328,634,0
328,635,0
328,636,0
328,637,0
328,638,0
328,639,0
328,640,0
328,641,0
328,642,0
328,644,0
328,646,0
328,648,0
328,649,1
328,650,0
328,651,1
328,652,1
328,653,0
328,654,1
328,655,0
328,656,0
328,657,0
328,658,1
328,659,0
328,660,0
328,662,0
328,663,1
328,664,0
328,665,1
328,666,0
328,667,1
328,668,0
328,669,0
328,670,0
328,672,0
328,675,0
328,677,0
328,678,0
328,679,0
328,682,0
328,686,1
328,707,1
328,708,1
328,709,1
328,710,1
328,711,1
328,712,1
328,713,0
328,714,0
328,715,1
328,717,1
328,719,0
328,723,1
328,728,0
328,729,0
328,741,1
328,742,0
328,751,1
328,754,0
328,768,0
328,769,0
328,770,1
328,771,1
328,772,1
328,773,1
328,774,1
328,775,1
328,776,1
328,777,1
328,778,0
328,779,1
328,780,1
328,781,1
328,786,1
328,787,1
328,788,0
328,789,0
328,816,0
328,817,1
328,819,1
328,820,0
328,821,1
328,822,1
328,823,1
328,824,1
328,825,0
328,826,0
328,827,1
328,828,0
328,829,1
328,830,0
328,834,0
328,836,1
328,837,0
328,838,0
328,839,0
328,840,1
328,841,0
328,842,0
328,843,0
328,844,0
328,845,0
328,846,1
328,847,1
328,849,0
328,851,0
328,853,1
328,854,0
328,855,1
328,856,0
328,857,0
328,859,0
328,861,1
328,863,0
328,864,0
328,867,1
328,872,1
328,874,0
328,876,1
328,885,1
329,0,0
329,2,1
329,12,0
329,15,0
329,18,0
329,30,1
329,42,0
329,48,0
329,49,0
329,55,0
329,57,0
329,71,0
329,74,1
329,83,0
329,101,0
329,105,0
329,107,0
329,112,0
329,117,0
329,119,0
329,122,0
329,127,0
329,130,0
329,136,0
329,140,1
329,151,0
329,157,1
329,161,0
329,170,0
329,172,1
329,177,0
329,194,0
329,196,0
329,200,0
329,205,0
329,210,0
329,220,0
329,221,0
329,222,0
329,223,0
329,224,0
329,225,0
329,226,0
329,227,0
329,228,0
329,229,0
329,230,0
329,231,0
329,233,0
329,234,0
329,235,0
329,237,0
329,238,0
329,239,0
329,243,0
329,244,0
329,245,0
329,249,0
329,250,0
329,251,0
329,252,0
329,253,0
329,254,0
329,255,0
329,256,0
329,257,0
329,258,0
329,259,0
329,260,0
329,261,0
329,262,0
329,265,0
329,266,0
329,267,0
329,268,0
329,270,1
329,272,0
329,273,1
329,274,0
329,275,0
329,276,0
329,278,0
329,280,0
329,282,0
329,283,0
329,284,0
329,285,0
329,286,0
329,287,0
329,288,1
329,289,0
329,291,0
329,292,1
329,311,0
329,312,0
329,313,1
329,315,0
329,316,0
329,472,1
329,473,1
329,474,0
329,475,1
329,476,1
329,479,0
329,480,0
329,481,0
329,482,0
329,494,1
329,495,1
329,500,1
329,503,1
329,504,1
329,505,1
329,510,1
329,511,1
329,512,1
329,513,1
329,515,0
329,516,1
329,518,1
329,521,0
329,522,1
329,523,0
329,524,1
329,526,1
329,528,0
329,529,1
329,530,1
329,531,1
329,532,1
329,533,0
329,534,1
329,535,0
329,536,1
329,537,1
329,546,0
329,547,0
329,548,0
329,549,0
329,550,0
329,551,0
329,552,0
329,553,1
329,554,0
329,555,0
329,556,0
329,557,0
329,558,0
329,559,0
329,560,0
329,561,1
329,562,1
329,564,1
329,565,0
329,566,0
329,567,0
329,568,1
329,571,1
329,575,1
329,576,1
329,577,1
329,580,1
329,609,0
329,612,1
329,615,0
329,631,0
329,632,0
329,633,1
329,636,0
329,638,1
329,639,0
329,640,0
329,641,1
329,642,1
329,643,0
329,644,1
329,645,0
329,646,0
329,647,0
329,648,0
329,649,0
329,650,0
329,651,0
329,652,1
329,654,1
329,655,1
329,656,0
329,657,0
329,658,1
329,659,0
329,660,1
329,661,0
329,662,0
329,663,1
329,664,1
329,666,1
329,667,0
329,668,0
329,669,1
329,670,0
329,672,0
329,673,0
329,674,1
329,675,1
329,676,1
329,678,1
329,680,0
329,682,1
329,685,0
329,688,0
329,689,0
329,691,0
329,694,0
329,699,1
329,700,1
329,703,0
329,707,0
329,708,0
329,709,0
329,710,0
329,711,0
329,712,1
329,713,1
329,714,0
329,717,1
329,718,0
329,719,1
329,723,1
329,730,0
329,732,0
329,738,1
329,740,1
329,743,0
329,744,0
329,748,1
329,750,1
329,755,1
329,756,0
329,757,0
329,758,0
329,759,1
329,760,1
329,761,0
329,768,0
329,769,1
329,770,0
329,771,1
329,772,1
329,773,0
329,774,0
329,775,0
329,776,1
329,777,0
329,778,0
329,779,1
329,780,1
329,834,0
329,836,0
329,837,1
329,838,1
329,839,1
329,840,0
329,841,0
329,842,0
329,843,0
329,844,1
329,845,0
329,846,1
329,847,0
329,848,1
329,850,0
329,851,1
329,852,1
329,853,0
329,854,0
329,858,0
329,861,1
329,862,0
330,239,0
330,240,0
330,241,0
330,244,0
330,245,1
330,246,1
330,249,0
330,250,0
330,251,0
330,252,0
330,253,0
330,254,0
330,255,0
330,256,0
330,257,0
330,258,0
330,259,0
330,260,0
330,262,0
330,266,0
330,636,0
330,637,0
330,639,1
330,640,1
330,641,1
330,643,0
330,646,0
330,648,0
330,649,0
330,650,0
330,651,1
330,652,1
330,653,0
330,654,1
330,655,0
330,656,1
330,657,0
330,658,0
330,659,0
330,660,0
330,661,0
330,662,0
330,663,0
330,664,0
330,665,1
330,666,1
330,667,0
330,668,0
330,669,0
330,670,0
330,672,0
330,674,1
330,675,0
330,677,1
330,678,0
330,680,0
330,681,0
330,682,1
330,684,0
330,685,1
330,686,1
330,691,0
330,695,0
330,699,1
330,707,0
330,708,0
330,768,1
330,769,1
330,770,0
330,771,1
330,772,1
330,774,1
331,230,0
331,231,0
331,232,0
331,234,0
331,235,0
331,236,0
331,237,0
331,238,0
331,239,0
331,241,0
331,242,0
331,243,0
331,245,0
331,249,0
331,250,0
331,251,0
331,252,0
331,253,0
331,255,0
331,256,0
331,257,0
331,258,1
331,259,0
331,260,0
331,636,0
331,637,1
331,638,0
331,639,1
331,640,0
331,642,1
331,643,1
331,644,0
331,645,0
331,646,0
331,647,1
331,648,0
331,649,1
331,650,1
331,651,1
331,652,0
331,653,1
331,654,0
331,655,1
331,657,1
331,660,1
331,662,0
331,663,1
331,665,1
331,666,0
331,667,0
331,668,0
331,669,0
331,670,0
331,672,0
331,675,0
331,677,0
331,679,0
331,680,0
331,682,0
331,683,0
331,684,0
331,686,1
331,687,0
331,707,0
331,708,0
331,768,0
331,769,0
331,770,0
331,771,0
332,321,0
332,322,0
332,323,0
332,324,0
332,325,0
332,326,0
332,328,0
332,331,0
332,332,0
332,784,1
332,785,1
332,786,0
332,787,1
332,788,0
332,789,0
332,790,0
332,791,0
332,793,0
332,795,0
332,797,1
332,798,1
332,799,0
332,800,0
332,801,0
332,802,0
332,803,0
332,804,0
332,805,0
332,806,0
332,807,0
332,809,0
332,810,0
332,812,0
332,813,0
332,814,0
332,815,0
332,816,0
332,817,1
332,818,0
332,819,0
332,820,0
332,821,0
332,822,0
332,823,0
332,824,0
332,825,0
332,826,0
332,827,0
332,828,0
332,829,0
332,830,0
333,892,1
333,893,1
333,894,1
333,895,1
333,896,1
333,897,1
333,898,1
333,903,0
333,904,1
333,905,0
333,906,1
333,907,1
333,908,0
333,909,0
334,250,0
334,251,0
334,252,0
334,253,0
334,254,0
334,255,0
334,256,0
334,257,1
334,258,0
334,259,0
334,260,0
334,262,0
334,266,1
334,707,0
334,708,1
334,892,1
334,893,1
334,894,1
334,895,1
334,896,1
334,897,1
334,898,0
334,900,1
334,901,1
334,903,0
334,904,1
334,905,0
334,906,0
334,907,1
334,908,0
334,909,0
334,910,0
334,911,0
334,912,1
334,913,1
335,232,1
335,237,0
335,239,0
335,240,0
335,241,0
335,242,0
335,243,0
335,244,0
335,245,0
335,246,0
335,248,0
335,249,0
335,250,1
335,251,0
335,253,0
335,254,0
335,255,0
335,256,0
335,257,0
335,258,0
335,259,0
335,270,1
335,636,0
335,637,1
335,639,1
335,640,1
335,641,1
335,644,0
335,645,0
335,646,1
335,648,0
335,649,1
335,650,0
335,651,1
335,652,1
335,653,1
335,654,0
335,655,1
335,656,1
335,658,0
335,659,1
335,660,0
335,661,1
335,662,1
335,663,0
335,664,1
335,666,1
335,667,1
335,668,0
335,669,1
335,670,0
335,672,0
335,768,0
335,769,0
335,770,1
335,771,1
335,772,1
335,773,1
335,774,1
335,775,1
335,776,1
336,223,0
336,226,0
336,230,0
336,231,0
336,232,1
336,233,0
336,234,0
336,235,0
336,236,0
336,237,0
336,238,0
336,249,0
336,253,0
336,255,0
336,256,0
336,257,1
336,258,0
336,259,0
336,261,0
336,262,0
336,264,0
336,265,0
336,266,0
336,267,0
336,268,0
336,270,0
336,271,0
336,272,0
336,273,0
336,274,0
336,275,0
336,276,0
336,278,0
336,279,1
336,280,0
336,282,0
336,283,0
336,284,0
336,285,0
336,286,0
336,287,0
336,321,0
336,322,0
336,323,0
336,324,0
336,325,0
336,326,0
336,327,0
336,328,0
336,329,0
336,330,0
336,331,0
336,332,0
336,333,1
336,636,0
336,637,1
336,638,0
336,639,0
336,640,1
336,641,1
336,643,1
336,645,0
336,646,1
336,647,0
336,649,1
336,650,1
336,651,1
336,652,0
336,653,1
336,654,1
336,655,1
336,656,1
336,657,0
336,658,1
336,659,0
336,660,0
336,661,0
336,662,1
336,663,1
336,664,0
336,665,1
336,667,0
336,668,0
336,669,0
336,670,0
336,671,0
336,672,0
336,673,1
336,674,1
336,675,0
336,678,0
336,680,0
336,682,0
336,685,1
336,686,0
336,687,0
336,688,1
336,707,0
336,708,0
336,709,0
336,710,0
336,768,0
336,769,0
336,770,1
336,771,0
336,772,1
336,773,0
336,774,0
336,775,1
336,776,1
336,777,1
336,778,1
336,779,0
336,780,1
336,782,1
336,786,1
336,787,1
336,788,0
336,789,0
336,815,0
336,816,0
336,817,1
336,819,1
336,820,1
336,821,0
336,822,1
336,823,0
336,824,1
336,825,0
336,826,0
336,827,1
336,828,0
336,829,1
336,830,0
337,0,0
337,4,0
337,10,0
337,13,1
337,19,0
337,21,0
337,29,0
337,33,1
337,53,0
338,892,1
338,893,1
338,894,1
338,895,1
338,896,1
338,897,1
338,898,0
338,903,0
338,904,0
338,905,1
338,906,1
338,907,1
338,908,0
338,909,0
339,0,0
339,2,0
339,7,0
339,12,0
339,15,0
339,19,0
339,24,0
339,26,1
339,30,0
339,35,0
339,39,0
339,55,0
339,101,0
339,106,0
339,111,0
339,115,0
339,118,0
339,125,0
339,129,0
339,131,0
339,137,0
339,139,0
339,146,0
339,151,0
339,154,0
339,158,0
339,163,0
339,166,0
339,169,0
339,173,0
339,182,0
339,186,0
339,189,0
339,195,0
339,196,0
339,200,0
339,205,0
339,208,0
339,220,0
339,221,0
339,222,0
339,223,0
339,224,0
339,225,0
339,226,0
339,227,0
339,228,0
339,229,0
339,230,0
339,231,0
339,232,0
339,233,0
339,234,0
339,235,0
339,236,0
339,237,0
339,238,0
339,239,0
339,240,0
339,241,0
339,242,0
339,243,0
339,244,0
339,245,0
339,246,0
339,248,1
339,249,0
339,250,0
339,251,0
339,252,0
339,253,0
339,254,0
339,255,0
339,256,0
339,257,0
339,258,0
339,259,0
339,260,0
339,261,0
339,262,0
339,265,0
339,266,0
339,267,0
339,268,0
339,270,0
339,271,0
339,272,0
339,273,0
339,274,0
339,275,0
339,276,0
339,277,0
339,278,0
339,279,0
339,280,0
339,281,0
339,282,1
339,292,0
339,293,0
339,294,0
339,295,0
339,296,0
339,297,0
339,298,0
339,299,0
339,300,0
339,309,0
339,310,1
339,311,0
339,312,0
339,313,0
339,315,0
339,316,0
339,317,0
339,319,0
339,321,0
339,322,0
339,323,0
339,324,0
339,325,0
339,326,0
339,327,0
339,328,0
339,329,0
339,330,0
339,331,0
339,332,0
339,333,0
339,334,0
339,335,0
339,336,0
339,337,0
339,339,0
339,349,0
339,350,0
339,351,0
339,472,1
339,473,0
339,474,0
339,475,1
339,476,1
339,479,1
339,480,1
339,481,1
339,482,0
339,494,1
339,495,0
339,496,1
339,498,1
339,499,1
339,502,1
339,503,1
339,504,1
339,510,1
339,514,1
339,515,0
339,519,1
339,520,1
339,522,1
339,523,1
339,527,1
339,530,1
339,532,1
339,533,1
339,535,1
339,536,1
339,537,1
339,546,0
339,547,0
339,548,0
339,549,0
339,550,0
339,551,0
339,552,0
339,553,0
339,554,0
339,555,0
339,556,0
339,557,0
339,558,0
339,559,0
339,560,1
339,561,0
339,562,0
339,564,0
339,565,0
339,566,0
339,567,0
339,568,1
339,570,1
339,571,0
339,574,1
339,575,1
339,577,1
339,580,1
339,583,1
339,609,0
339,610,0
339,611,0
339,612,0
339,613,0
339,614,0
339,623,0
339,627,1
339,631,0
339,636,0
339,637,0
339,638,0
339,639,0
339,640,1
339,641,0
339,642,1
339,644,0
339,646,0
339,647,0
339,648,0
339,649,1
339,650,1
339,651,1
339,652,1
339,653,1
339,654,0
339,655,0
339,656,0
339,657,0
339,658,0
339,659,0
339,660,0
339,661,1
339,662,1
339,663,0
339,664,1
339,665,0
339,667,0
339,669,0
339,670,0
339,671,0
339,674,1
339,675,0
339,678,1
339,679,0
339,680,0
339,681,0
339,682,0
339,684,0
339,685,0
339,686,0
339,690,0
339,691,0
339,696,0
339,699,0
339,700,1
339,703,1
339,704,0
339,707,0
339,708,0
339,709,0
339,710,1
339,711,1
339,712,1
339,713,0
339,714,0
339,715,1
339,716,0
339,718,0
339,721,0
339,727,0
339,729,1
339,730,0
339,731,1
339,732,0
339,735,0
339,742,0
339,752,1
339,753,0
339,754,0
339,755,0
339,757,0
339,758,0
339,759,0
339,760,0
339,761,0
339,768,0
339,769,0
339,770,0
339,771,0
339,772,1
339,773,1
339,774,1
339,775,1
339,776,1
339,777,1
339,778,0
339,779,0
339,780,1
339,782,1
339,786,1
339,787,1
339,815,0
339,818,1
339,819,1
339,820,1
339,821,0
339,822,0
339,823,0
339,824,0
339,825,1
339,826,0
339,827,1
339,828,1
339,834,0
339,836,1
339,837,0
339,838,1
339,839,1
339,840,0
339,843,0
339,844,0
339,845,1
339,846,0
339,847,0
339,848,0
339,849,0
339,850,0
339,852,1
339,853,1
339,856,1
339,857,1
339,858,0
339,859,0
339,860,0
339,861,0
339,862,0
339,864,0
339,865,0
339,866,0
339,867,0
339,868,0
339,869,1
339,870,0
339,872,0
339,874,0
339,876,0
339,877,0
339,879,0
339,880,0
339,881,1
339,884,0
339,885,0
339,887,0
339,888,0
339,889,0
339,890,0
339,914,0
339,916,0
339,918,0
339,920,0
339,921,0
339,922,0
339,923,0
339,926,0
339,927,0
339,928,0
339,929,0
339,935,0
339,937,0
339,938,0
340,41,0
340,61,0
340,67,0
340,70,0
340,76,0
340,87,0
340,96,0
340,98,0
340,101,0
340,102,0
340,107,0
340,112,0
340,114,0
340,129,0
340,132,0
340,135,0
341,0,0
341,321,0
341,322,0
341,323,0
341,324,0
341,325,0
341,326,0
341,327,0
341,328,0
341,329,0
341,330,0
341,331,0
341,332,0
341,333,0
341,334,0
341,335,0
341,336,0
341,337,0
341,338,0
341,339,0
341,341,0
341,344,0
341,345,0
341,346,0
341,347,0
341,348,0
341,349,0
341,350,0
341,351,0
341,352,0
341,353,0
341,354,0
341,355,0
341,356,0
341,357,0
341,358,0
341,359,1
341,360,0
341,363,0
341,364,0
341,365,0
341,366,0
341,367,0
341,368,0
341,370,0
341,371,0
341,373,0
341,374,0
341,375,0
341,376,0
341,377,0
341,378,0
341,379,0
341,380,0
341,381,0
341,382,0
341,383,0
341,384,0
341,385,0
341,386,0
341,387,0
341,388,0
341,389,0
341,390,0
341,391,0
341,392,0
341,393,0
341,394,0
341,395,0
341,396,0
341,400,0
341,402,0
341,403,0
341,404,0
341,405,0
341,406,0
341,407,0
341,409,0
341,410,0
341,411,0
341,412,0
341,413,0
341,414,0
341,415,0
341,416,0
341,417,0
341,418,0
341,419,0
341,420,0
341,421,0
341,422,0
341,423,0
341,426,0
341,430,0
341,432,1
341,434,0
341,435,0
341,437,0
341,439,0
341,440,0
341,441,1
341,442,0
341,443,0
341,445,0
341,446,0
341,447,0
341,449,0
341,450,0
341,451,0
341,453,1
341,455,0
341,456,0
341,461,0
341,462,0
341,464,0
341,465,0
341,466,0
341,467,0
341,468,0
341,469,0
341,470,0
341,782,0
341,785,1
341,786,1
341,787,1
341,815,1
341,816,1
341,820,0
341,821,1
341,822,0
341,823,0
341,824,0
341,825,0
341,826,0
341,827,1
341,828,1
341,831,0
341,832,0
341,833,0
341,892,1
341,893,0
341,894,0
341,895,1
341,896,1
341,897,1
341,898,0
341,900,1
341,901,1
341,903,0
341,904,0
341,905,0
341,906,0
341,907,0
341,908,0
341,909,0
341,910,0
341,911,0
341,912,0
341,913,0
341,914,0
341,915,0
341,916,0
341,917,0
341,918,0
341,920,0
341,921,0
341,923,0
341,924,0
341,926,0
341,927,0
341,928,1
341,929,0
341,935,0
341,937,0
341,938,0
341,941,0
341,942,0
341,944,0
341,945,0
341,946,0
341,947,0
341,948,0
341,949,0
341,950,0
341,951,0
341,952,0
341,953,0
341,954,0
341,955,0
341,956,0
341,957,0
341,958,0
341,959,0
341,960,0
341,962,0
341,963,0
341,964,0
341,965,0
341,967,0
341,970,1
341,974,1
341,977,1
341,979,0
341,982,0
341,986,1
341,988,1
341,997,0
341,1004,0
341,1005,0
341,1009,0
341,1010,1
341,1013,1
341,1014,0
341,1016,1
341,1020,0
341,1021,1
341,1023,0
341,1030,0
341,1031,0
341,1033,0
341,1034,0
341,1035,0
341,1036,0
341,1039,0
341,1040,1
341,1041,0
341,1043,1
341,1044,1
341,1046,0
341,1048,0
341,1050,1
341,1084,0
341,1085,0
341,1086,0
341,1087,0
341,1088,0
341,1089,0
341,1090,0
341,1091,0
341,1092,0
341,1093,0
341,1094,0
341,1095,0
341,1098,0
341,1099,1
341,1102,1
341,1105,1
341,1108,0
341,1109,0
341,1110,0
341,1111,0
341,1112,0
341,1113,0
341,1114,1
341,1117,0
341,1119,0
341,1120,1
341,1121,1
341,1122,1
341,1123,0
341,1125,1
341,1128,1
341,1129,0
341,1130,0
341,1131,0
341,1132,0
341,1136,1
341,1137,0
341,1138,1
341,1139,1
341,1140,0
341,1145,0
341,1154,0
341,1155,0
341,1156,0
341,1157,0
341,1158,0
341,1159,0
341,1160,1
341,1161,0
341,1162,0
341,1163,0
341,1164,0
341,1165,0
341,1166,1
341,1167,1
341,1168,1
341,1169,0
341,1170,0
341,1171,0
341,1172,0
341,1173,0
341,1178,0
341,1180,0
341,1185,0
341,1186,0
341,1187,0
341,1188,0
341,1189,0
342,247,0
342,249,0
342,250,0
342,251,1
342,253,0
342,255,0
342,256,0
342,259,0
342,260,0
342,262,0
342,266,1
342,270,0
342,271,0
342,272,1
342,273,1
342,274,0
342,275,0
342,276,0
342,277,0
342,278,0
342,279,0
342,280,0
342,281,1
342,292,0
342,636,1
342,637,1
342,639,1
342,640,0
342,641,1
342,643,1
342,645,0
342,646,1
342,648,0
342,649,1
342,650,1
342,651,1
342,652,1
342,654,1
342,656,0
342,658,1
342,660,1
342,661,1
342,662,1
342,663,1
342,664,0
342,665,1
342,666,0
342,668,0
342,707,0
342,708,1
342,709,0
342,710,1
342,711,0
342,712,1
342,713,0
342,714,0
342,719,1
342,721,1
342,722,1
342,723,1
342,725,0
342,728,0
342,730,0
342,735,1
342,737,1
342,742,1
342,746,1
342,749,1
342,751,0
342,753,0
342,757,0
342,760,0
342,768,0
342,769,1
342,770,1
342,771,1
342,772,1
342,773,0
342,774,1
342,775,1
342,776,1
342,777,1
342,778,1
342,779,0
342,780,1
342,834,0
342,836,1
342,838,1
342,840,1
342,843,0
342,844,1
342,845,0
342,846,0
342,847,1
342,849,0
342,850,1
342,852,1
342,856,1
342,858,1
342,864,1
343,0,0
343,1,1
343,12,0
343,14,0
343,19,1
343,31,0
343,45,0
343,50,0
343,55,0
343,59,0
343,71,1
343,75,0
343,78,0
343,84,0
343,88,0
343,94,1
343,99,0
343,101,0
343,102,0
343,108,0
343,110,0
343,117,0
343,119,0
343,125,0
343,127,1
343,131,0
343,138,0
343,147,0
343,151,0
343,158,0
343,163,0
343,171,0
343,172,1
343,177,0
343,194,0
343,197,0
343,201,1
343,204,0
343,211,0
343,220,0
343,221,0
343,222,0
343,223,0
343,224,0
343,225,0
343,226,0
343,227,0
343,228,0
343,229,0
343,230,0
343,231,0
343,232,0
343,233,0
343,234,0
343,235,0
343,236,0
343,237,0
343,238,0
343,239,0
343,242,0
343,243,0
343,244,0
343,245,0
343,249,0
343,251,0
343,252,0
343,253,0
343,254,0
343,255,0
343,256,0
343,257,0
343,258,0
343,259,0
343,260,0
343,270,0
343,271,1
343,272,0
343,273,1
343,274,0
343,275,0
343,276,0
343,278,0
343,279,0
343,280,0
343,282,0
343,283,0
343,284,0
343,285,0
343,286,0
343,287,0
343,289,0
343,292,0
343,293,0
343,294,0
343,295,0
343,296,0
343,297,0
343,298,0
343,299,0
343,309,0
343,310,0
343,311,0
343,312,0
343,313,0
343,314,0
343,315,0
343,316,0
343,317,1
343,319,0
343,320,0
343,472,0
343,473,0
343,474,1
343,475,0
343,476,1
343,477,0
343,479,1
343,480,0
343,481,0
343,482,0
343,495,1
343,496,1
343,500,1
343,502,1
343,503,1
343,504,1
343,510,0
343,511,1
343,512,1
343,513,1
343,514,1
343,515,0
343,520,1
343,521,1
343,523,1
343,527,1
343,528,1
343,530,1
343,531,1
343,532,1
343,534,1
343,535,1
343,537,1
343,546,0
343,547,0
343,548,0
343,549,0
343,550,0
343,551,0
343,552,0
343,553,1
343,554,0
343,555,1
343,556,0
343,557,0
343,558,0
343,559,1
343,560,0
343,561,0
343,562,1
343,564,1
343,565,1
343,566,0
343,567,1
343,570,1
343,571,0
343,575,1
343,576,1
343,577,1
343,582,1
343,608,1
343,610,1
343,615,1
343,631,0
343,632,0
343,633,0
343,634,0
343,636,0
343,637,1
343,639,1
343,640,1
343,641,1
343,642,0
343,643,1
343,645,0
343,647,0
343,649,1
343,650,1
343,651,1
343,652,1
343,654,1
343,655,0
343,656,0
343,657,1
343,658,1
343,659,0
343,660,0
343,661,0
343,707,0
343,708,1
343,709,1
343,710,1
343,711,0
343,712,0
343,713,1
343,714,0
343,768,1
343,769,1
343,770,0
343,771,0
343,772,1
343,773,0
343,774,1
343,775,1
343,776,1
343,777,0
343,778,0
343,779,0
343,780,1
343,834,0
343,837,1
343,838,1
343,839,1
343,843,1
343,844,1
343,845,1
343,846,0
343,847,0
343,848,0
343,849,0
343,850,1
343,851,1
343,852,1
343,853,1
343,855,0
343,856,0
343,858,0
343,859,1
343,860,0
343,861,0
343,863,1
343,864,0
343,865,0
343,867,1
343,871,1
343,872,1
343,874,0
343,876,1
343,887,1
344,270,0
344,271,0
344,272,0
344,273,0
344,274,0
344,275,0
344,276,0
344,277,0
344,278,0
344,279,0
344,280,0
344,281,0
344,282,0
344,283,0
344,284,0
344,285,1
344,292,0
344,293,0
344,294,1
344,295,0
344,709,1
344,710,0
344,711,1
344,712,1
344,713,1
344,714,0
344,716,0
344,717,1
344,718,1
344,721,1
344,724,0
344,728,0
344,729,1
344,731,0
344,733,0
344,734,1
344,736,0
344,743,1
344,746,1
344,750,1
344,755,1
344,757,0
344,758,0
344,759,0
344,834,0
344,836,1
344,837,0
344,839,1
344,840,1
344,843,1
344,844,0
344,845,1
344,846,0
344,847,1
344,850,1
344,851,1
344,853,1
344,860,1
344,862,0
344,865,1
344,867,1
344,872,1
344,876,1
344,885,0
344,887,1
345,220,0
345,221,0
345,222,0
345,223,0
345,224,0
345,225,0
345,226,0
345,227,0
345,228,0
345,229,0
345,233,0
345,234,0
345,249,0
345,256,0
345,311,0
345,312,0
345,313,0
345,315,0
345,316,0
345,319,0
345,632,0
345,633,0
345,634,0
345,636,0
345,637,1
345,638,0
345,639,0
345,640,0
345,641,1
345,642,0
345,643,0
345,644,0
345,645,0
345,646,0
345,647,0
345,648,0
345,649,1
345,650,1
345,651,1
345,652,0
345,653,0
345,654,1
345,655,0
345,656,0
345,657,1
345,660,1
345,661,0
345,662,1
345,663,1
345,664,0
345,665,1
345,669,0
345,670,0
345,671,0
345,672,0
345,674,0
345,675,0
345,678,0
345,680,1
345,681,0
345,682,0
345,684,0
345,685,0
345,686,0
345,687,1
345,690,0
345,691,0
345,693,0
345,696,0
345,697,0
345,699,0
345,701,0
345,703,0
345,705,1
345,706,0
346,0,0
346,4,1
346,11,0
346,14,0
346,18,0
346,24,0
346,26,0
346,31,0
346,35,0
346,39,0
346,44,0
346,48,0
346,51,0
346,55,1
346,59,0
346,64,0
346,69,0
346,73,0
346,79,0
346,101,0
346,104,0
346,108,0
346,112,0
346,116,0
346,118,0
346,124,0
346,129,0
346,133,1
346,135,0
346,140,0
346,144,0
346,151,0
346,155,0
346,156,0
346,163,0
346,165,0
346,171,0
346,174,1
346,176,0
346,181,1
346,185,0
346,191,0
346,192,0
346,199,0
346,203,0
346,205,0
346,211,0
346,216,0
346,472,0
346,473,1
346,474,0
346,475,1
346,476,1
346,479,1
346,480,0
346,481,1
346,482,0
346,495,1
346,497,1
346,500,1
346,502,1
346,504,1
346,505,1
346,510,1
346,511,1
346,514,1
346,517,0
346,521,1
346,524,1
346,526,1
346,529,1
346,530,1
346,531,1
346,532,0
346,533,1
346,534,1
346,535,1
346,537,1
346,546,0
346,547,0
346,548,0
346,549,0
346,550,0
346,551,0
346,552,0
346,553,1
346,558,1
346,559,0
346,560,0
346,561,0
346,562,0
346,564,0
346,565,0
346,566,0
346,567,0
346,568,1
346,571,1
346,574,1
346,576,1
346,577,1
346,583,1
346,602,1
346,603,1
346,607,1
346,609,1
346,610,0
346,615,0
346,622,0
346,623,1
346,624,0
346,625,1
346,626,0
346,627,0
346,628,0
346,629,0
346,630,0
346,631,0
346,632,0
346,633,0
346,634,0
347,140,0
347,144,1
347,146,0
347,151,0
347,157,0
347,161,0
347,170,1
347,179,1
347,194,0
347,199,1
347,200,1
347,204,0
347,211,0
347,321,0
347,322,0
347,323,0
347,324,0
347,325,0
347,326,0
347,327,0
347,328,0
347,329,0
347,330,0
347,331,0
347,332,0
347,333,0
347,334,0
347,335,0
347,336,0
347,337,0
347,338,0
347,339,0
347,349,0
347,352,0
347,353,0
347,354,0
347,355,0
347,356,0
347,357,0
347,358,0
347,360,0
347,363,0
347,472,1
347,473,1
347,474,1
347,475,1
347,476,1
347,479,1
347,480,1
347,481,0
347,482,1
347,495,1
347,496,1
347,501,1
347,502,1
347,503,1
347,504,1
347,510,1
347,511,1
347,512,1
347,513,1
347,514,0
347,515,1
347,518,1
347,520,1
347,522,1
347,524,1
347,529,1
347,531,1
347,533,1
347,535,1
347,536,1
347,537,1
347,558,1
347,559,1
347,560,1
347,561,1
347,562,1
347,564,1
347,565,1
347,566,1
347,567,0
347,568,1
347,569,1
347,575,1
347,578,1
347,582,1
347,583,1
347,608,0
347,609,1
347,610,1
347,611,0
347,612,1
347,614,1
347,615,1
347,631,1
347,632,1
347,914,0
347,916,0
347,918,0
347,920,1
347,921,0
347,923,0
347,928,0
347,929,0
347,935,0
347,937,0
347,938,0
347,944,0
348,251,0
348,257,1
348,258,0
348,262,0
348,266,0
348,267,0
348,268,1
348,270,0
348,271,0
348,272,0
348,273,1
348,274,0
348,275,0
348,276,0
348,278,1
348,280,0
348,282,0
348,283,0
348,284,0
348,285,0
348,287,1
348,707,1
348,708,1
348,709,1
348,710,0
348,711,1
348,712,0
348,713,1
348,714,0
348,716,0
348,725,0
348,768,1
348,769,1
348,770,0
348,771,0
348,772,1
348,773,1
348,774,1
348,775,0
348,776,1
348,777,1
348,778,0
348,779,1
348,780,0
348,834,0
348,836,1
348,837,0
348,839,1
348,840,1
348,843,0
348,844,0
348,846,1
348,848,0
348,849,0
348,850,1
348,851,1
348,852,0
348,853,1
348,855,0
348,856,0
348,865,0
349,0,0
349,9,0
349,13,0
349,18,0
349,32,0
349,50,0
349,54,0
350,213,1
350,220,0
350,221,0
350,222,0
350,223,0
350,224,0
350,225,0
350,226,0
350,227,0
350,228,0
350,229,0
350,230,0
350,231,0
350,232,0
350,233,0
350,234,0
350,235,0
350,236,0
350,237,0
350,238,0
350,243,0
350,311,0
350,312,0
350,313,0
350,315,1
350,316,1
350,317,0
350,319,1
350,558,0
350,559,1
350,560,0
350,561,0
350,562,0
350,564,0
350,565,0
350,566,0
350,567,0
350,568,0
350,570,1
350,573,1
350,575,1
350,579,1
350,582,1
350,583,1
350,608,1
350,609,0
350,611,0
350,612,1
350,614,0
350,615,1
350,631,0
350,632,0
350,633,0
350,634,0
351,220,0
351,221,0
351,222,0
351,223,0
351,224,0
351,225,0
351,226,0
351,227,0
351,229,0
351,310,0
351,311,0
351,312,0
351,313,0
351,315,0
351,316,0
351,317,0
351,319,0
351,564,1
351,566,1
351,569,1
351,571,1
351,574,1
351,578,0
351,579,1
351,582,1
351,583,1
351,608,1
351,614,1
351,615,1
351,631,0
351,632,0
351,633,0
351,634,0
351,635,0
352,230,0
352,231,0
352,232,0
352,233,0
352,234,0
352,235,0
352,236,0
352,237,0
352,238,0
352,239,0
352,240,0
352,241,0
352,242,0
352,243,0
352,244,0
352,245,0
352,246,0
352,247,0
352,248,0
352,249,0
352,251,0
352,252,0
352,253,0
352,254,0
352,255,0
352,256,0
352,257,0
352,258,1
352,259,0
352,260,0
352,636,0
352,637,0
352,638,1
352,639,0
352,640,1
352,641,0
352,642,0
352,644,0
352,645,0
352,646,0
352,647,0
352,648,1
352,649,1
352,650,1
352,651,1
352,652,1
352,653,0
352,654,1
352,655,0
352,656,0
352,657,1
352,658,1
352,659,0
352,660,0
352,662,0
352,664,1
352,665,0
352,666,0
352,667,1
352,668,0
352,669,0
352,670,0
352,671,0
352,672,1
352,675,0
352,682,0
353,0,0
353,3,0
353,11,0
353,16,0
353,18,0
353,23,0
353,26,0
353,31,0
353,40,0
353,43,0
353,46,0
353,51,0
353,54,0
353,58,0
353,61,0
353,72,0
353,84,0
353,93,0
353,100,0
353,101,0
353,102,0
353,108,0
353,112,0
353,121,0
353,125,0
353,129,0
353,131,0
353,136,0
353,151,0
353,156,0
353,160,0
353,168,0
353,175,0
353,176,0
353,188,0
353,192,0
353,199,0
353,203,0
353,204,0
353,211,0
353,220,0
353,221,0
353,222,0
353,223,0
353,224,0
353,225,0
353,226,0
353,227,0
353,228,0
353,229,0
353,230,0
353,231,0
353,232,0
353,233,0
353,234,0
353,235,0
353,236,0
353,237,0
353,238,0
353,239,0
353,241,0
353,243,0
353,249,0
353,250,0
353,251,0
353,252,0
353,253,0
353,254,0
353,255,0
353,256,0
353,257,0
353,258,0
353,259,0
353,260,0
353,262,0
353,266,0
353,267,0
353,268,0
353,270,0
353,271,0
353,272,0
353,273,0
353,274,0
353,275,0
353,276,0
353,277,0
353,278,0
353,279,0
353,280,0
353,312,0
353,313,1
353,315,0
353,316,0
353,473,0
353,475,1
353,476,1
353,479,0
353,480,0
353,481,0
353,482,1
353,485,0
353,494,1
353,503,1
353,504,0
353,505,1
353,508,1
353,510,1
353,511,1
353,512,1
353,513,1
353,515,0
353,516,0
353,520,0
353,521,1
353,525,1
353,528,0
353,529,1
353,530,0
353,531,1
353,532,0
353,535,1
353,558,1
353,559,1
353,560,1
353,561,0
353,562,0
353,564,0
353,565,0
353,566,0
353,567,0
353,569,0
353,570,1
353,574,1
353,575,1
353,576,1
353,577,0
353,578,0
353,579,0
353,580,1
353,581,1
353,582,1
353,583,1
353,609,1
353,614,1
353,615,1
353,631,0
353,636,0
353,637,1
353,638,0
353,639,1
353,640,1
353,642,1
353,644,0
353,645,1
353,647,0
353,649,1
353,650,1
353,651,1
353,652,1
353,653,1
353,655,1
353,658,1
353,659,1
353,661,1
353,662,1
353,663,0
353,664,1
353,666,0
353,667,0
353,668,0
353,670,0
353,671,0
353,672,0
353,707,1
353,708,0
353,709,0
353,710,0
353,711,1
353,712,0
353,713,0
353,714,0
353,719,0
353,720,0
353,721,0
353,723,0
353,724,0
353,725,0
353,726,0
353,731,0
353,732,1
353,733,0
353,736,0
353,737,0
353,739,0
353,740,0
353,742,0
353,744,0
353,745,0
353,747,0
353,750,1
353,752,0
353,755,0
353,756,1
353,758,0
353,759,0
353,760,1
353,768,0
353,769,0
353,770,0
353,771,1
353,772,1
353,773,0
353,774,0
353,775,1
353,776,0
353,777,0
353,778,0
353,779,0
353,780,0
354,249,0
354,250,0
354,251,0
354,252,0
354,253,0
354,254,0
354,255,0
354,256,0
354,257,0
354,258,1
354,259,0
354,260,0
354,262,0
354,266,0
354,270,0
354,271,0
354,272,0
354,273,0
354,274,0
354,275,0
354,276,0
354,278,0
354,279,0
354,280,0
354,282,0
354,292,0
354,293,0
354,294,0
354,295,0
354,297,0
354,298,0
354,707,0
354,708,1
354,709,1
354,710,1
354,711,1
354,712,1
354,713,0
354,714,1
354,716,0
354,721,1
354,722,1
354,725,0
354,729,0
354,730,1
354,733,0
354,738,1
354,740,0
354,745,0
354,749,1
354,752,0
354,755,0
354,756,1
354,757,0
354,758,0
354,759,0
354,760,1
354,761,1
354,763,1
354,764,0
354,765,0
354,766,1
354,767,1
354,768,1
354,769,1
354,770,0
354,771,0
354,772,1
354,773,0
354,774,1
354,775,1
354,776,1
354,777,0
354,778,0
354,779,0
354,780,1
354,834,0
354,838,1
354,839,1
354,840,1
354,843,0
354,844,0
354,845,1
354,847,0
354,848,0
354,851,1
354,852,1
354,855,1
354,860,1
354,861,0
354,862,0
354,865,1
354,866,0
354,867,0
354,871,1
354,874,1
354,877,0
354,879,0
354,881,1
354,884,1
354,887,0
354,889,0
354,890,0
355,0,1
356,0,0
356,2,0
356,9,0
356,15,0
356,17,0
356,23,0
356,31,0
356,44,0
356,46,0
356,51,0
356,54,0
356,59,0
356,63,0
356,66,0
356,69,0
356,74,0
356,78,0
356,81,0
356,85,1
356,95,0
356,99,0
356,101,0
356,103,0
356,109,0
356,113,0
356,119,0
356,124,0
356,127,0
356,133,0
356,134,0
356,138,0
356,144,0
356,148,0
356,151,1
356,152,0
356,156,1
356,162,0
356,168,1
356,174,1
356,179,0
356,193,0
356,220,0
356,221,0
356,222,0
356,223,0
356,224,0
356,225,0
356,226,0
356,227,0
356,228,0
356,229,0
356,230,0
356,233,0
356,234,0
356,238,0
356,249,0
356,251,0
356,252,0
356,253,0
356,254,1
356,255,0
356,256,0
356,257,0
356,258,0
356,259,0
356,260,0
356,270,0
356,271,0
356,272,0
356,273,1
356,274,0
356,275,0
356,276,0
356,277,0
356,278,0
356,279,0
356,280,0
356,281,0
356,282,0
356,283,0
356,284,0
356,292,0
356,293,0
356,295,0
356,298,0
356,299,1
356,300,0
356,301,0
356,303,0
356,309,0
356,310,0
356,311,0
356,312,0
356,313,0
356,315,1
356,316,0
356,317,1
356,318,0
356,319,0
356,321,0
356,322,0
356,323,0
356,324,0
356,325,1
356,326,0
356,327,0
356,328,0
356,329,0
356,330,0
356,331,0
356,332,0
356,333,0
356,334,0
356,335,0
356,336,0
356,337,0
356,339,0
356,348,0
356,350,0
356,351,1
356,472,0
356,473,1
356,474,1
356,475,1
356,476,1
356,479,0
356,480,1
356,481,0
356,482,0
356,496,1
356,497,1
356,500,1
356,503,1
356,504,1
356,505,1
356,510,1
356,511,1
356,512,1
356,513,1
356,514,1
356,515,0
356,518,1
356,519,0
356,521,0
356,522,1
356,525,1
356,529,1
356,530,1
356,531,1
356,532,0
356,533,1
356,535,1
356,536,1
356,537,1
356,546,1
356,547,1
356,548,1
356,549,1
356,550,1
356,551,1
356,552,1
356,553,1
356,558,1
356,559,1
356,560,1
356,561,1
356,562,1
356,564,0
356,565,0
356,566,0
356,567,0
356,570,1
356,571,1
356,574,1
356,576,1
356,577,1
356,583,1
356,609,1
356,610,1
356,613,1
356,631,0
356,632,1
356,633,0
356,634,0
356,635,0
356,636,0
356,638,1
356,639,1
356,640,1
356,641,1
356,643,0
356,646,1
356,648,0
356,649,0
356,650,1
356,651,1
356,652,0
356,653,1
356,655,0
356,656,1
356,657,0
356,658,0
356,659,0
356,660,0
356,662,0
356,663,1
356,664,1
356,666,1
356,667,0
356,668,1
356,669,0
356,670,1
356,671,0
356,707,0
356,708,0
356,709,1
356,710,1
356,711,0
356,712,1
356,713,0
356,714,0
356,768,1
356,769,0
356,770,0
356,771,1
356,772,1
356,773,1
356,774,1
356,775,1
356,776,1
356,777,1
356,778,0
356,779,0
356,780,1
356,834,0
356,837,1
356,838,1
356,843,1
356,845,1
356,847,1
356,848,0
356,849,0
356,850,0
356,851,0
356,852,0
356,853,0
356,855,0
356,856,0
356,857,0
356,858,0
356,859,0
356,860,0
356,861,0
356,862,0
356,863,0
356,864,0
356,865,0
357,0,0
357,4,0
357,10,0
357,13,0
357,20,0
357,24,0
357,30,0
357,41,0
357,48,0
357,51,0
357,54,0
357,57,0
357,71,0
357,93,0
357,99,0
357,101,0
357,105,0
357,107,0
357,112,0
357,116,0
357,120,0
357,124,0
357,126,0
357,133,0
357,135,0
357,138,0
357,146,0
357,151,0
357,152,0
357,156,0
357,162,0
357,168,0
357,173,0
357,177,0
357,185,0
357,189,0
357,193,0
357,220,0
357,221,0
357,225,0
357,226,0
357,227,0
357,229,0
357,230,0
357,231,0
357,232,0
357,233,0
357,234,0
357,235,0
357,236,0
357,237,0
357,238,0
357,239,0
357,240,0
357,241,0
357,242,0
357,243,0
357,244,0
357,245,0
357,246,0
357,248,0
357,249,1
357,251,0
357,253,0
357,255,0
357,256,0
357,257,0
357,259,0
357,262,1
357,270,0
357,271,0
357,272,0
357,273,0
357,274,0
357,275,0
357,276,0
357,278,1
357,280,0
357,282,0
357,285,1
357,292,0
357,293,0
357,294,0
357,295,0
357,297,0
357,298,0
357,300,0
357,301,0
357,303,0
357,311,0
357,312,0
357,313,0
357,315,0
357,316,1
357,321,0
357,322,0
357,324,0
357,325,1
357,326,0
357,327,0
357,328,0
357,329,0
357,330,0
357,331,0
357,332,1
357,333,1
357,334,0
357,335,0
357,336,0
357,337,0
357,338,1
357,339,0
357,348,0
357,351,0
357,352,0
357,353,0
357,354,0
357,355,0
357,356,0
357,357,0
357,358,1
357,363,0
357,472,1
357,473,1
357,474,1
357,475,1
357,476,1
357,479,0
357,480,1
357,481,0
357,482,0
357,495,1
357,496,1
357,501,1
357,502,0
357,503,1
357,505,1
357,510,1
357,511,0
357,512,0
357,513,1
357,514,0
357,515,1
357,518,1
357,521,1
357,523,0
357,524,1
357,528,1
357,529,1
357,530,1
357,531,1
357,532,0
357,533,0
357,534,1
357,535,1
357,537,1
357,546,0
357,547,0
357,558,0
357,559,1
357,560,0
357,561,0
357,562,1
357,564,0
357,565,0
357,566,0
357,567,0
357,568,1
357,570,1
357,574,1
357,577,1
357,582,1
357,583,1
357,608,1
357,609,1
357,610,0
357,611,1
357,612,1
357,613,1
357,614,1
357,615,1
357,631,0
357,632,1
357,636,0
357,637,0
357,638,1
357,639,0
357,640,0
357,641,1
357,642,1
357,643,1
357,645,0
357,646,0
357,648,0
357,649,1
357,650,1
357,651,1
357,652,0
357,654,1
357,655,1
357,656,1
357,657,0
357,658,1
357,659,1
357,661,0
357,662,1
357,663,1
357,664,0
357,666,0
357,667,1
357,668,0
357,669,1
357,670,0
357,671,0
357,673,1
357,675,0
357,676,1
357,677,1
357,679,0
357,682,0
357,683,0
357,685,0
357,688,1
357,689,0
357,691,0
357,699,0
357,702,0
357,703,0
357,707,0
357,708,1
357,709,1
357,710,1
357,711,0
357,712,0
357,713,0
357,714,0
357,717,1
357,718,1
357,720,1
357,722,0
357,729,0
357,730,0
357,732,1
357,737,1
357,738,0
357,740,1
357,744,0
357,750,1
357,754,0
357,755,1
357,756,0
357,757,0
357,758,0
357,759,0
357,760,1
357,761,1
357,763,0
357,764,1
357,767,1
357,768,0
357,769,1
357,770,1
357,771,1
357,772,1
357,773,1
357,774,0
357,775,1
357,776,1
357,777,1
357,778,1
357,779,0
357,780,1
357,781,1
357,786,1
357,787,1
357,815,1
357,818,1
357,819,1
357,820,0
357,821,0
357,822,1
357,823,0
357,824,1
357,825,0
357,826,0
357,827,1
357,828,0
357,829,1
357,830,1
357,834,0
357,836,1
357,838,0
357,840,1
357,843,1
357,845,0
357,846,0
357,847,0
357,849,0
357,850,1
357,852,0
357,853,0
357,854,0
357,856,1
357,859,0
357,862,1
357,892,1
357,893,1
357,894,1
357,895,1
357,897,0
357,899,1
357,900,1
357,901,1
357,903,1
357,904,0
357,905,0
357,906,0
357,907,0
357,908,1
357,909,1
357,910,0
357,911,1
357,912,1
357,913,1
357,914,1
357,916,0
357,918,1
357,920,0
357,921,1
357,922,0
357,923,0
357,926,0
357,927,0
357,928,0
357,929,0
357,935,0
357,937,0
357,938,0
357,941,0
357,944,0
357,946,0
357,947,0
357,950,0
357,951,0
357,953,0
357,954,0
357,955,0
357,956,0
357,959,1
357,960,1
357,963,1
357,967,1
357,979,1
357,980,1
357,986,1
357,991,1
357,994,0
357,1000,1
357,1009,1
357,1017,0
357,1018,1
357,1020,1
357,1021,1
357,1022,1
357,1023,1
357,1024,0
357,1026,0
357,1027,0
357,1028,0
357,1030,0
357,1032,0
357,1034,0
357,1035,0
357,1036,0
358,415,1
358,896,1
358,897,1
358,898,0
358,900,0
358,902,1
358,903,1
358,904,1
358,905,1
358,906,1
358,907,1
358,908,0
358,909,1
359,270,0
359,271,0
359,272,0
359,273,0
359,274,0
359,275,0
359,276,0
359,278,0
359,279,0
359,280,0
359,282,0
359,321,0
359,322,0
359,324,0
359,325,0
359,326,0
359,327,0
359,328,0
359,329,0
359,330,0
359,331,0
359,332,0
359,333,0
359,334,0
359,335,0
359,336,0
359,711,1
359,712,1
359,713,1
359,714,0
359,715,0
359,720,1
359,723,0
359,729,0
359,730,1
359,731,1
359,732,1
359,735,0
359,736,0
359,737,1
359,739,0
359,743,0
359,744,0
359,748,1
359,750,1
359,751,1
359,753,1
359,756,0
359,781,1
359,786,1
359,787,1
359,816,0
359,819,1
359,820,1
359,821,0
359,822,0
359,823,1
359,824,1
359,825,0
359,826,1
359,827,0
359,828,1
359,829,0
359,830,0
360,892,1
360,893,1
360,894,1
360,895,1
360,896,1
360,897,1
360,898,1
360,899,0
360,900,0
360,901,0
360,902,1
360,903,0
360,904,0
360,905,0
360,906,0
360,907,0
360,908,0
360,909,0
361,0,0
361,4,0
361,9,0
361,16,1
361,17,1
361,23,0
361,30,0
361,48,0
361,50,0
361,56,0
361,59,0
361,101,0
361,104,0
361,107,0
361,110,1
361,118,0
361,124,0
361,128,0
361,151,0
361,155,0
361,158,0
361,163,0
361,168,0
361,173,0
361,179,0
361,191,1
361,194,0
361,196,0
361,203,0
361,204,0
361,210,0
361,217,0
361,220,0
361,221,0
361,222,0
361,225,0
361,226,0
361,227,0
361,228,0
361,230,0
361,233,0
361,234,0
361,235,0
361,236,0
361,237,0
361,238,0
361,249,0
361,250,0
361,251,0
361,252,1
361,253,0
361,254,0
361,255,0
361,256,0
361,257,0
361,258,0
361,259,0
361,260,0
361,261,0
361,262,0
361,264,0
361,265,0
361,266,0
361,267,0
361,268,0
361,269,0
361,270,0
361,271,0
361,272,0
361,273,1
361,274,0
361,275,0
361,276,0
361,278,0
361,280,0
361,282,0
361,283,0
361,284,0
361,285,0
361,287,0
361,292,0
361,293,0
361,294,0
361,295,0
361,297,0
361,298,0
361,299,0
361,300,0
361,301,0
361,303,0
361,304,0
361,305,0
361,307,0
361,308,0
361,311,0
361,312,0
361,313,1
361,315,0
361,316,0
361,321,0
361,322,0
361,323,0
361,324,0
361,325,0
361,326,0
361,327,0
361,328,0
361,329,0
361,330,0
361,331,0
361,332,0
361,333,0
361,334,0
361,335,0
361,336,0
361,337,0
361,339,0
361,341,0
361,344,0
361,346,1
361,348,0
361,349,1
361,352,0
361,354,0
361,355,0
361,356,0
361,357,0
361,358,0
361,359,0
361,360,0
361,362,0
361,363,0
361,472,1
361,473,1
361,474,0
361,475,1
361,476,1
361,479,0
361,480,1
361,481,0
361,482,1
361,494,1
361,497,1
361,500,1
361,502,1
361,503,1
361,505,1
361,512,1
361,513,1
361,514,1
361,515,1
361,518,0
361,522,1
361,523,1
361,527,1
361,530,0
361,531,1
361,532,1
361,533,1
361,535,1
361,536,1
361,537,1
361,546,0
361,547,0
361,558,0
361,559,1
361,560,1
361,561,1
361,562,1
361,564,0
361,565,0
361,566,0
361,567,0
361,568,1
361,571,1
361,574,1
361,577,1
361,578,1
361,583,1
361,608,1
361,612,1
361,615,1
361,631,0
361,632,1
361,633,0
361,634,1
361,635,0
361,636,1
361,637,0
361,639,0
361,640,0
361,641,0
361,642,0
361,644,1
361,645,1
361,647,0
361,648,0
361,649,1
361,650,1
361,651,1
361,652,0
361,653,1
361,654,1
361,655,0
361,656,0
361,657,1
361,658,1
361,659,0
361,660,0
361,661,1
361,663,1
361,664,1
361,666,1
361,667,1
361,668,0
361,669,1
361,670,1
361,672,0
361,707,0
361,708,0
361,709,0
361,710,0
361,711,1
361,712,0
361,713,0
361,714,0
361,720,0
361,721,1
361,730,1
361,732,1
361,768,0
361,769,0
361,770,0
361,771,1
361,772,1
361,773,0
361,774,0
361,775,1
361,776,1
361,777,0
361,778,0
361,779,1
361,780,0
361,781,1
361,782,1
361,785,1
361,787,0
361,788,0
361,789,1
361,815,1
361,816,1
361,819,0
361,820,0
361,821,0
361,822,0
361,823,0
361,824,0
361,825,1
361,826,0
361,827,0
361,828,0
361,829,0
361,830,0
361,834,0
361,835,0
361,836,0
361,837,1
361,838,0
361,839,0
361,840,0
361,843,0
361,844,0
361,845,0
361,846,1
361,849,0
361,850,0
361,851,1
361,853,1
361,855,0
361,856,1
361,859,0
361,860,0
361,861,0
361,862,0
361,863,0
361,865,0
361,867,0
361,868,0
361,871,0
361,872,1
361,874,0
361,875,0
361,876,0
361,877,1
361,880,0
361,884,0
361,914,0
361,916,0
361,918,0
361,920,0
361,921,0
361,923,0
361,924,0
361,926,0
361,927,0
361,928,0
361,929,1
361,934,0
361,935,0
361,937,1
361,938,0
361,941,0
361,944,0
361,946,1
361,947,0
361,959,0
361,968,1
362,0,0
362,3,0
362,5,0
362,10,0
362,16,0
362,20,0
362,22,0
362,25,0
362,29,0
362,36,0
362,40,0
362,44,0
362,45,0
362,52,0
362,56,0
362,60,0
362,64,0
362,72,0
362,75,0
362,77,0
362,83,0
362,101,0
362,103,0
362,109,0
362,112,0
362,115,0
362,119,0
362,124,0
362,126,0
362,131,0
362,151,0
362,153,0
362,157,0
362,160,0
362,171,0
362,172,0
362,177,0
362,181,0
362,185,0
362,191,0
362,193,0
362,197,0
362,203,0
362,205,0
362,211,0
362,218,0
362,220,0
362,221,0
362,222,0
362,223,0
362,224,0
362,225,0
362,226,0
362,227,0
362,228,0
362,229,0
362,230,0
362,231,0
362,232,0
362,233,0
362,234,0
362,235,0
362,236,0
362,237,0
362,238,0
362,239,0
362,240,0
362,241,0
362,242,0
362,243,0
362,244,0
362,245,0
362,249,0
362,251,0
362,252,0
362,253,0
362,255,0
362,256,0
362,257,0
362,258,0
362,259,1
362,262,0
362,270,0
362,271,0
362,272,0
362,273,0
362,274,0
362,275,0
362,276,0
362,277,0
362,278,0
362,279,0
362,280,0
362,281,0
362,282,0
362,283,0
362,284,0
362,285,0
362,292,0
362,293,0
362,294,0
362,295,0
362,297,0
362,298,0
362,299,0
362,300,0
362,301,1
362,303,0
362,304,0
362,305,0
362,307,0
362,308,0
362,309,0
362,310,0
362,311,0
362,312,0
362,313,0
362,314,0
362,315,0
362,316,1
362,317,0
362,318,0
362,319,0
362,321,0
362,322,0
362,323,0
362,324,0
362,325,0
362,326,0
362,327,0
362,328,0
362,329,0
362,330,0
362,331,0
362,332,0
362,333,0
362,334,0
362,335,0
362,336,0
362,337,0
362,339,0
362,342,0
362,344,0
362,346,0
362,347,0
362,348,0
362,352,0
362,354,0
362,355,0
362,357,0
362,358,0
362,359,0
362,360,0
362,361,1
362,362,0
362,363,0
362,364,0
362,365,0
362,366,0
362,367,0
362,370,0
362,371,0
362,374,0
362,375,0
362,376,0
362,379,0
362,380,0
362,383,0
362,386,0
362,387,0
362,388,0
362,389,0
362,390,0
362,391,0
362,392,0
362,393,0
362,394,0
362,395,0
362,396,0
362,398,1
362,400,1
362,402,0
362,404,0
362,405,0
362,406,0
362,407,0
362,409,0
362,411,0
362,412,0
362,413,0
362,414,0
362,415,1
362,416,0
362,417,0
362,418,0
362,419,0
362,420,0
362,421,0
362,422,0
362,426,0
362,427,1
362,430,0
362,432,0
362,434,0
362,435,0
362,437,0
362,439,0
362,442,0
362,443,0
362,445,0
362,446,0
362,450,0
362,472,1
362,473,1
362,474,0
362,475,1
362,476,1
362,479,1
362,480,1
362,481,0
362,482,0
362,494,1
362,495,1
362,500,1
362,502,1
362,503,1
362,504,1
362,510,1
362,511,1
362,512,1
362,513,1
362,514,0
362,515,1
362,517,1
362,520,0
362,521,1
362,524,1
362,528,1
362,529,1
362,530,1
362,531,1
362,532,1
362,534,1
362,535,1
362,537,1
362,546,0
362,547,0
362,548,0
362,549,0
362,558,0
362,559,0
362,560,1
362,561,0
362,562,0
362,563,1
362,564,0
362,565,0
362,566,0
362,567,0
362,570,1
362,571,1
362,572,1
362,575,0
362,576,1
362,577,0
362,578,0
362,579,1
362,580,0
362,581,0
362,583,1
362,601,1
362,605,0
362,609,1
362,611,1
362,614,0
362,623,0
362,625,0
362,626,1
362,627,1
362,629,0
362,630,0
362,631,0
362,632,0
362,633,0
362,634,0
362,635,0
362,636,0
362,637,1
362,639,0
362,642,0
362,643,0
362,644,0
362,645,0
362,646,0
362,647,0
362,648,0
362,649,0
362,650,1
362,651,1
362,652,0
362,653,1
362,654,1
362,655,1
362,656,1
362,657,1
362,658,0
362,660,0
362,662,0
362,663,0
362,664,0
362,665,1
362,666,1
362,667,0
362,707,0
362,708,0
362,709,1
362,710,1
362,711,0
362,712,1
362,713,0
362,714,0
362,715,0
362,716,0
362,724,0
362,725,0
362,726,0
362,727,0
362,729,1
362,731,0
362,733,0
362,734,0
362,736,0
362,737,0
362,738,0
362,744,0
362,748,1
362,749,1
362,751,1
362,752,0
362,753,0
362,754,0
362,755,0
362,756,0
362,757,0
362,758,0
362,759,0
362,760,0
362,761,0
362,763,0
362,768,0
362,769,0
362,770,0
362,771,1
362,772,1
362,773,0
362,774,0
362,775,0
362,776,1
362,777,0
362,778,0
362,779,1
362,780,0
362,784,1
362,786,1
362,787,1
362,816,0
362,818,0
362,819,0
362,820,0
362,821,1
362,822,0
362,823,0
362,824,0
362,825,0
362,826,0
362,827,0
362,828,0
362,831,0
362,832,0
362,833,0
362,834,0
362,836,0
362,837,1
362,838,1
362,839,1
362,843,1
362,845,0
362,846,0
362,847,0
362,848,0
362,849,0
362,850,0
362,851,0
362,852,0
362,853,0
362,854,0
362,855,0
362,856,0
362,858,0
362,860,0
362,861,0
362,862,0
362,863,1
362,864,0
362,865,0
362,892,1
362,893,0
362,894,1
362,895,1
362,896,0
362,897,1
362,898,1
362,900,0
362,903,0
362,904,0
362,905,0
362,906,0
362,907,0
362,908,0
362,909,0
362,914,0
362,916,0
362,918,1
362,920,0
362,921,0
362,922,0
362,923,0
362,924,0
362,926,0
362,927,0
362,928,0
362,929,0
362,931,0
362,932,0
362,934,0
362,935,0
362,937,0
362,938,0
362,941,0
362,944,0
362,945,0
362,946,0
362,947,0
362,948,1
362,950,0
362,951,0
362,952,0
362,953,0
362,954,0
362,955,0
362,956,0
362,957,0
362,958,0
362,959,0
362,961,0
362,963,1
362,965,0
362,969,0
362,972,1
362,974,0
362,976,0
362,977,0
362,979,0
362,982,1
362,987,1
362,990,0
362,993,0
362,995,0
362,997,0
362,1005,0
362,1009,0
362,1010,0
362,1011,0
362,1012,0
362,1015,0
362,1016,0
362,1021,0
362,1022,0
362,1023,1
362,1024,0
362,1025,0
362,1026,0
362,1027,0
362,1029,0
362,1037,0
362,1038,0
363,270,0
363,271,0
363,272,0
363,273,0
363,274,0
363,275,0
363,276,0
363,277,0
363,278,0
363,279,0
363,280,0
363,281,0
363,282,0
363,283,1
363,292,0
363,293,0
363,294,0
363,295,0
363,298,0
363,299,0
363,300,0
363,301,0
363,303,0
363,304,0
363,305,0
363,308,0
363,321,0
363,322,0
363,323,0
363,324,0
363,325,0
363,326,0
363,327,0
363,328,0
363,329,0
363,330,0
363,331,0
363,332,0
363,333,0
363,334,0
363,335,0
363,336,0
363,337,0
363,338,0
363,339,0
363,340,0
363,341,0
363,344,0
363,345,0
363,346,0
363,347,0
363,348,0
363,352,0
363,354,0
363,355,0
363,357,0
363,358,0
363,359,1
363,360,0
363,362,0
363,363,0
363,364,0
363,365,0
363,366,0
363,367,0
363,368,0
363,370,0
363,371,0
363,373,0
363,374,0
363,376,1
363,380,0
363,381,0
363,382,0
363,383,0
363,384,0
363,386,0
363,387,0
363,388,0
363,389,1
363,390,0
363,391,0
363,392,1
363,393,0
363,394,0
363,395,0
363,396,0
363,397,0
363,400,0
363,402,0
363,403,0
363,404,0
363,405,0
363,406,0
363,407,0
363,417,0
363,418,0
363,420,0
363,421,0
363,422,0
363,426,1
363,707,0
363,708,1
363,709,0
363,710,0
363,711,1
363,712,0
363,713,0
363,714,0
363,768,0
363,769,1
363,770,0
363,771,1
363,772,1
363,773,0
363,774,0
363,775,1
363,776,0
363,777,0
363,778,0
363,779,1
363,780,1
363,782,1
363,785,1
363,787,1
363,815,0
363,816,0
363,817,0
363,819,1
363,820,0
363,821,0
363,822,0
363,823,0
363,824,0
363,825,1
363,826,0
363,827,0
363,828,0
363,831,0
363,832,0
363,833,1
363,834,0
363,838,1
363,839,1
363,840,1
363,844,0
363,845,1
363,846,0
363,849,0
363,852,1
363,853,1
363,854,0
363,855,0
363,856,1
363,857,1
363,860,0
363,862,0
363,872,1
363,874,1
363,876,1
363,892,1
363,893,0
363,894,1
363,895,1
363,896,0
363,897,0
363,898,0
363,899,1
363,900,0
363,903,0
363,904,0
363,905,0
363,906,1
363,907,0
363,908,0
363,909,0
363,911,0
363,914,0
363,916,0
363,918,0
363,920,0
363,921,0
363,923,0
363,926,0
363,927,0
363,929,0
363,935,0
363,937,0
363,938,0
363,941,0
363,944,0
363,946,1
363,947,0
363,948,0
363,950,0
363,951,0
363,952,0
363,953,0
363,954,0
363,955,0
363,956,0
363,957,0
363,958,0
363,959,0
363,963,0
363,965,0
363,967,1
363,970,1
363,974,1
363,975,0
363,977,1
363,979,0
363,983,0
363,984,0
363,988,0
363,994,0
363,997,0
363,999,0
363,1003,0
363,1008,1
363,1009,0
363,1010,0
363,1012,1
363,1013,1
363,1017,1
363,1021,1
363,1022,0
363,1023,0
363,1024,1
363,1025,1
363,1026,0
363,1027,1
363,1028,1
363,1029,0
363,1033,0
363,1034,0
363,1035,0
363,1038,0
364,365,1
364,907,0
364,908,0
364,909,0
364,910,1
364,911,1
364,913,1
365,0,0
365,2,0
365,8,0
365,11,0
365,13,0
365,20,0
365,23,0
365,32,0
365,36,0
365,37,0
365,46,1
365,51,0
365,53,0
365,101,0
365,104,0
365,109,0
365,110,0
365,116,0
365,119,0
365,124,0
365,128,0
365,151,0
365,152,0
365,159,0
365,161,0
365,164,0
365,168,0
365,173,0
365,179,0
365,182,0
365,186,0
365,190,0
365,193,0
365,196,0
365,202,0
365,206,0
365,210,0
365,214,0
365,217,0
365,220,0
365,221,0
365,225,0
365,227,0
365,228,0
365,310,0
365,311,0
365,312,0
365,313,0
365,315,0
365,316,0
365,319,0
365,472,0
365,473,0
365,474,0
365,475,1
365,476,1
365,479,0
365,480,0
365,481,0
365,482,0
365,494,1
365,495,0
365,496,0
365,497,1
365,498,1
365,500,0
365,501,0
365,502,0
365,503,0
365,504,1
365,505,0
365,510,0
365,511,1
365,512,0
365,513,0
365,514,0
365,515,0
365,516,0
365,517,0
365,518,0
365,520,0
365,521,0
365,522,0
365,525,0
365,528,0
365,529,0
365,530,0
365,531,0
365,532,0
365,533,0
365,534,0
365,535,0
365,536,0
365,537,1
365,546,0
365,547,0
365,548,0
365,549,0
365,550,0
365,551,0
365,552,1
365,553,0
365,558,1
365,559,0
365,560,0
365,561,0
365,562,0
365,563,0
365,564,0
365,565,0
365,566,0
365,567,0
365,568,0
365,569,0
365,570,0
365,571,0
365,572,0
365,573,0
365,574,1
365,575,0
365,576,0
365,577,0
365,578,1
365,580,0
365,581,1
365,582,1
365,583,0
365,608,0
365,612,0
365,631,0
365,632,0
365,633,0
365,634,0
365,635,0
366,307,0
366,308,0
366,321,0
366,322,0
366,323,0
366,324,0
366,325,0
366,326,0
366,327,0
366,328,0
366,329,0
366,330,0
366,331,0
366,332,0
366,333,0
366,334,0
366,335,0
366,336,0
366,337,0
366,338,0
366,339,0
366,344,0
366,345,1
366,346,0
366,347,0
366,349,0
366,351,0
366,352,0
366,353,0
366,354,0
366,355,0
366,356,0
366,357,0
366,360,1
366,363,0
366,782,1
366,786,1
366,787,1
366,816,1
366,819,1
366,820,1
366,821,1
366,822,0
366,823,0
366,824,1
366,825,1
366,826,1
366,827,1
366,828,0
366,914,0
366,916,0
366,918,0
366,920,0
366,921,0
366,922,0
366,923,0
366,926,0
366,927,0
366,928,0
366,929,0
366,935,0
366,937,0
366,938,0
366,941,0
366,944,0
366,945,0
366,946,0
366,947,0
366,959,0
366,962,0
366,966,1
366,968,0
366,972,1
367,631,0
368,220,0
368,221,0
368,222,0
368,224,0
368,225,0
368,226,0
368,227,0
368,229,0
368,230,0
368,233,0
368,234,0
368,235,0
368,237,0
368,238,0
368,249,0
368,250,0
368,251,0
368,252,0
368,253,0
368,255,0
368,256,0
368,257,0
368,258,0
368,259,0
368,261,0
368,262,0
368,263,0
368,264,0
368,265,0
368,266,0
368,267,0
368,268,0
368,270,0
368,271,0
368,272,1
368,273,0
368,274,0
368,275,0
368,276,0
368,277,0
368,278,1
368,279,0
368,280,0
368,292,0
368,293,0
368,294,0
368,295,0
368,296,0
368,297,0
368,298,0
368,299,0
368,300,0
368,301,0
368,302,0
368,303,1
368,311,0
368,312,1
368,313,0
368,315,0
368,316,0
368,317,1
368,319,0
368,636,0
368,638,1
368,639,1
368,640,1
368,642,1
368,644,0
368,645,0
368,646,1
368,647,0
368,649,1
368,650,1
368,652,1
368,653,0
368,655,1
368,657,1
368,660,1
368,661,0
368,664,0
368,665,1
368,666,1
368,667,0
368,668,0
368,669,0
368,670,1
368,672,0
368,675,0
368,678,0
368,680,1
368,682,0
368,684,0
368,687,1
368,707,0
368,708,0
368,709,0
368,710,0
368,711,0
368,712,1
368,713,0
368,714,0
368,717,0
368,725,0
368,726,0
368,727,0
368,729,0
368,768,0
368,769,0
368,770,0
368,771,1
368,772,0
368,773,0
368,774,0
368,775,1
368,776,1
368,777,0
368,778,0
368,779,1
368,780,0
368,781,1
368,786,1
368,787,1
368,815,0
368,816,0
368,818,0
368,819,1
368,820,0
368,834,0
368,835,0
368,836,0
368,837,1
368,838,0
368,839,0
368,840,1
368,843,0
368,844,1
368,845,1
368,847,1
368,848,0
368,849,0
368,850,0
368,851,1
368,852,0
368,853,0
368,854,0
368,855,0
368,856,0
368,858,0
368,859,0
368,860,0
368,861,1
369,101,0
369,103,0
369,107,0
369,112,0
369,117,0
369,119,0
369,122,0
369,129,0
369,133,0
369,134,0
369,138,0
369,249,0
369,250,0
369,251,0
369,252,0
369,253,0
369,254,0
369,255,0
369,256,0
369,257,0
369,258,0
369,259,0
369,260,0
369,262,0
369,265,1
369,266,0
369,267,0
369,268,0
369,412,0
369,415,0
369,417,0
369,418,0
369,419,0
369,420,0
369,421,0
369,422,0
369,426,0
369,435,0
369,892,1
369,893,0
369,894,0
369,895,0
369,896,1
369,897,0
369,898,0
369,899,0
369,900,1
369,901,1
369,903,0
369,904,0
369,905,0
369,906,0
369,907,0
369,908,0
369,909,0
369,910,0
369,911,0
369,912,0
369,913,0
370,222,0
370,223,0
370,224,0
370,225,0
370,226,0
370,228,0
370,229,0
370,230,0
370,231,0
370,232,0
370,233,0
370,234,0
370,235,0
370,236,0
370,237,0
370,238,0
370,239,0
370,243,0
370,636,0
370,637,1
370,639,0
370,640,1
370,641,1
370,643,1
370,645,0
370,648,1
370,649,1
370,650,1
370,651,0
370,652,1
370,653,1
370,655,0
370,656,0
370,657,0
370,658,0
370,659,0
370,660,0
370,661,0
370,663,1
370,664,1
370,666,0
370,667,0
370,668,1
370,669,0
370,671,0
371,249,0
371,250,0
371,251,0
371,252,0
371,253,0
371,254,0
371,255,1
371,256,0
371,257,0
371,258,0
371,259,0
371,260,0
371,262,0
371,266,0
371,892,1
371,893,0
371,894,1
371,895,1
371,896,1
371,897,1
371,898,1
371,900,1
371,902,1
372,220,0
372,221,0
372,309,0
372,311,0
372,312,0
372,313,0
372,315,0
372,316,1
372,317,0
372,319,0
372,633,0
372,634,0
372,635,0
373,0,1
373,4,1
373,11,0
373,14,1
373,20,0
373,21,0
373,30,0
373,41,1
373,48,1
373,49,0
373,56,0
373,58,0
373,70,0
373,76,0
373,79,0
373,81,0
373,101,0
373,105,0
373,106,0
373,112,0
373,119,0
373,125,0
373,128,0
373,130,1
373,151,0
373,158,0
373,160,0
373,170,0
373,174,1
373,177,0
373,193,0
373,196,0
373,200,0
373,211,0
373,220,0
373,221,0
373,222,0
373,223,0
373,224,0
373,225,0
373,226,0
373,227,0
373,228,0
373,229,0
373,230,0
373,233,0
373,234,0
373,235,0
373,237,0
373,239,0
373,241,1
373,242,0
373,243,0
373,244,0
373,245,0
373,249,0
373,250,0
373,251,0
373,252,0
373,253,0
373,254,0
373,255,0
373,256,0
373,257,0
373,258,0
373,259,0
373,260,0
373,270,0
373,272,1
373,273,0
373,274,0
373,275,0
373,276,0
373,277,0
373,278,0
373,279,0
373,280,0
373,281,0
373,282,0
373,283,0
373,284,1
373,285,0
373,286,0
373,287,0
373,288,1
373,289,0
373,290,0
373,291,0
373,292,0
373,293,0
373,294,0
373,295,0
373,297,0
373,298,0
373,300,0
373,302,0
373,303,0
373,304,0
373,305,0
373,309,0
373,310,0
373,311,0
373,312,0
373,313,0
373,314,1
373,315,0
373,316,1
373,317,0
373,319,0
373,321,0
373,322,1
373,323,0
373,324,0
373,325,0
373,326,0
373,327,0
373,328,0
373,329,0
373,330,0
373,331,0
373,332,0
373,333,0
373,334,0
373,335,0
373,336,0
373,337,0
373,338,0
373,339,0
373,341,1
373,344,1
373,350,0
373,351,0
373,352,0
373,353,0
373,354,0
373,355,0
373,356,0
373,357,0
373,358,0
373,359,1
373,360,0
373,361,0
373,362,0
373,363,0
373,472,1
373,473,1
373,474,1
373,475,1
373,476,1
373,479,0
373,480,0
373,481,0
373,482,0
373,494,1
373,495,0
373,499,1
373,501,1
373,502,1
373,503,1
373,505,1
373,510,1
373,513,1
373,514,1
373,515,1
373,518,1
373,521,0
373,522,1
373,523,1
373,528,1
373,530,1
373,531,1
373,532,0
373,534,1
373,535,1
373,537,1
373,546,0
373,547,0
373,548,0
373,549,0
373,550,0
373,551,0
373,552,0
373,553,0
373,558,0
373,559,0
373,560,0
373,561,1
373,562,0
373,564,0
373,565,0
373,566,0
373,567,0
373,568,1
373,571,0
373,572,1
373,575,1
373,576,1
373,577,0
373,581,1
373,582,1
373,611,1
373,612,1
373,615,0
373,631,0
373,632,0
373,633,0
373,634,1
373,635,0
373,636,0
373,637,1
373,639,0
373,640,1
373,641,0
373,642,0
373,643,0
373,644,1
373,645,0
373,646,0
373,647,0
373,648,0
373,649,1
373,650,1
373,651,1
373,652,0
373,654,1
373,656,1
373,657,0
373,659,1
373,660,1
373,661,0
373,662,1
373,663,0
373,665,1
373,666,0
373,667,1
373,670,0
373,672,1
373,707,1
373,708,0
373,709,0
373,710,1
373,711,1
373,712,0
373,713,1
373,714,0
373,731,1
373,733,0
373,768,0
373,769,0
373,770,0
373,771,1
373,772,1
373,773,1
373,774,0
373,775,1
373,776,1
373,777,0
373,778,1
373,779,0
373,780,0
373,834,0
373,836,1
373,838,0
373,839,1
373,840,0
373,843,1
373,844,0
373,846,0
373,847,1
373,848,1
373,852,1
373,855,1
373,861,0
373,862,1
373,864,1
373,865,0
373,876,0
373,914,0
373,915,1
373,916,0
373,918,1
373,920,1
373,921,0
373,922,0
373,923,0
373,924,1
373,925,1
373,926,0
373,927,0
373,928,0
373,929,0
373,930,0
373,931,0
373,934,0
373,935,0
373,936,1
373,937,1
373,938,0
373,941,0
373,944,0
373,947,1
373,959,0
373,963,1
373,976,1
373,978,0
373,979,0
373,983,0
373,985,0
373,987,0
373,992,0
373,993,1
373,1005,1
373,1009,1
373,1017,0
373,1020,0
373,1029,0
373,1030,0
373,1031,0
373,1034,0
374,249,0
374,259,0
374,292,0
374,707,0
374,708,0
374,709,1
374,710,1
374,711,1
374,712,0
374,713,0
374,714,0
374,716,0
374,717,1
374,718,0
374,719,0
374,722,0
374,724,0
374,726,0
374,728,1
374,731,0
374,732,0
374,735,0
374,738,1
374,740,0
374,742,1
374,744,0
374,746,0
374,750,0
374,768,1
374,769,0
374,770,1
374,771,1
374,772,1
374,773,0
374,774,1
374,775,1
374,776,1
374,777,1
374,778,1
374,779,0
374,780,1
374,781,1
374,786,1
374,787,1
374,815,1
374,816,0
374,817,1
374,819,1
374,820,0
374,821,0
374,822,1
374,823,1
374,824,1
374,825,0
374,826,1
374,827,0
374,828,1
374,834,0
374,836,1
374,837,0
374,838,1
374,839,1
374,843,1
374,846,1
374,847,0
374,848,1
374,849,0
374,850,1
374,851,0
374,852,1
374,853,0
374,854,0
374,856,0
374,857,1
374,861,0
374,865,0
374,866,0
374,867,0
374,868,0
374,869,0
374,871,0
374,872,0
374,874,0
374,875,0
374,876,0
374,877,0
374,879,0
374,880,0
374,881,0
374,882,0
374,883,0
374,884,0
374,885,0
374,887,0
374,888,0
374,889,0
374,890,0
375,249,0
375,251,0
375,253,0
375,255,0
375,256,0
375,257,0
375,258,0
375,259,0
375,262,0
375,263,0
375,265,0
375,266,0
375,267,0
375,268,0
375,269,0
375,707,0
375,708,0
375,768,1
375,769,0
375,770,0
375,892,1
375,893,0
375,894,1
375,895,1
375,896,1
375,897,0
375,898,1
375,903,0
375,904,1
375,905,0
375,906,0
375,907,0
375,908,0
375,909,0
375,910,0
375,911,0
375,912,0
375,913,0
376,132,0
376,137,0
376,140,1
377,222,0
377,224,0
377,225,0
377,226,0
377,227,0
377,228,0
377,229,0
377,230,0
377,233,0
377,234,1
377,235,0
377,237,0
377,238,0
377,239,0
377,241,0
377,242,0
377,243,0
377,244,0
377,249,0
377,259,0
377,636,1
377,637,1
377,639,1
377,640,1
377,641,1
377,643,1
377,645,1
377,648,0
377,649,1
377,650,1
377,651,1
377,652,1
377,654,1
377,655,0
377,657,1
377,659,1
377,662,1
377,663,1
377,664,1
377,666,1
377,668,1
377,669,1
377,670,1
377,671,1
377,674,1
377,675,1
377,678,0
377,680,1
377,682,0
377,683,0
377,684,1
377,686,0
377,687,0
377,688,1
377,690,1
377,691,0
377,699,0
377,701,1
378,270,0
378,271,0
378,272,0
378,273,0
378,274,0
378,275,0
378,276,0
378,278,1
378,280,0
378,282,0
378,283,0
378,284,0
378,285,1
378,288,0
378,289,0
378,290,0
378,291,1
378,292,0
378,293,0
378,294,0
378,295,0
378,297,1
378,298,0
378,300,0
378,302,0
378,303,0
378,304,0
378,305,0
378,321,0
378,322,0
378,323,0
378,324,0
378,325,0
378,326,0
378,327,0
378,328,0
378,329,0
378,330,0
378,331,0
378,332,0
378,333,0
378,334,0
378,335,0
378,336,0
378,337,0
378,339,0
378,340,1
378,341,0
378,342,0
378,344,0
378,346,0
378,347,0
378,348,0
378,714,1
378,718,1
378,720,1
378,721,0
378,725,0
378,728,0
378,729,0
378,741,1
378,742,1
378,744,0
378,749,1
378,753,0
378,755,1
378,756,0
378,757,0
378,758,1
378,759,1
378,760,0
378,761,1
378,762,1
378,763,1
378,765,1
378,766,0
378,782,1
378,785,1
378,787,1
378,788,0
378,789,0
378,791,1
378,795,1
378,798,1
378,805,1
378,814,0
378,815,1
378,816,0
378,817,1
378,818,0
378,819,1
378,820,0
378,821,0
378,822,0
378,823,1
378,824,1
378,825,1
378,826,0
378,827,0
378,828,0
378,829,1
378,830,1
378,834,0
378,837,1
378,838,1
378,839,1
378,840,0
378,843,1
378,846,1
378,847,1
378,848,0
378,849,1
378,851,0
378,854,1
378,855,1
378,859,0
378,862,1
378,864,1
379,0,0
379,11,0
379,16,0
379,17,0
379,24,0
379,29,0
379,41,0
379,45,0
379,52,0
379,55,0
379,57,0
379,70,0
379,75,0
379,79,0
379,83,0
379,101,0
379,103,0
379,108,0
379,111,0
379,114,1
379,121,0
379,124,0
379,126,0
379,133,0
379,135,0
379,139,0
379,151,0
379,159,0
379,160,0
379,169,0
379,194,0
379,199,0
379,200,1
379,211,0
379,220,1
379,221,0
379,222,0
379,225,0
379,226,0
379,227,0
379,228,0
379,229,1
379,230,0
379,231,0
379,232,0
379,233,0
379,234,0
379,235,0
379,236,0
379,237,0
379,238,0
379,239,0
379,242,0
379,243,0
379,244,0
379,245,1
379,249,0
379,250,1
379,251,0
379,252,0
379,253,0
379,254,0
379,255,0
379,256,0
379,257,0
379,258,0
379,259,0
379,260,0
379,262,0
379,266,0
379,267,1
379,270,0
379,271,0
379,272,0
379,274,0
379,275,0
379,276,0
379,277,0
379,278,1
379,279,0
379,280,0
379,281,0
379,282,0
379,283,0
379,284,0
379,285,0
379,286,0
379,287,0
379,288,1
379,289,0
379,290,0
379,291,0
379,292,0
379,293,0
379,294,0
379,295,0
379,298,0
379,300,0
379,301,0
379,303,0
379,305,0
379,312,0
379,313,0
379,315,0
379,316,0
379,321,1
379,322,0
379,323,0
379,324,0
379,325,0
379,326,0
379,327,0
379,328,1
379,329,0
379,330,0
379,331,0
379,332,0
379,333,0
379,334,0
379,335,0
379,336,0
379,337,0
379,339,0
379,340,0
379,341,0
379,342,0
379,343,0
379,344,0
379,345,0
379,346,0
379,347,0
379,348,0
379,349,0
379,352,0
379,354,0
379,355,0
379,357,0
379,358,0
379,360,0
379,363,0
379,472,0
379,473,0
379,474,0
379,475,1
379,476,1
379,479,0
379,480,1
379,481,0
379,482,1
379,496,1
379,497,1
379,500,1
379,502,1
379,503,1
379,504,1
379,505,0
379,510,1
379,511,1
379,512,1
379,513,1
379,515,1
379,516,1
379,519,0
379,520,0
379,522,1
379,524,1
379,526,1
379,528,0
379,529,0
379,530,1
379,532,1
379,533,1
379,534,1
379,535,1
379,536,1
379,537,0
379,546,0
379,558,0
379,559,0
379,560,0
379,561,0
379,562,0
379,564,1
379,565,1
379,566,0
379,567,0
379,568,0
379,569,1
379,572,1
379,575,0
379,576,1
379,577,1
379,581,1
379,609,1
379,610,1
379,613,1
379,631,0
379,632,0
379,633,0
379,636,0
379,637,1
379,638,1
379,639,0
379,640,1
379,642,1
379,643,0
379,645,0
379,646,0
379,647,0
379,648,1
379,649,1
379,650,1
379,651,1
379,652,1
379,653,1
379,655,0
379,656,0
379,657,0
379,658,0
379,659,1
379,660,0
379,661,1
379,663,0
379,664,1
379,665,0
379,667,0
379,668,0
379,670,1
379,671,0
379,707,1
379,708,1
379,709,1
379,710,1
379,711,1
379,712,1
379,713,0
379,714,0
379,715,0
379,719,1
379,721,1
379,722,0
379,724,0
379,726,0
379,728,0
379,729,1
379,734,0
379,736,0
379,738,0
379,741,1
379,742,1
379,747,0
379,749,0
379,750,0
379,751,0
379,752,1
379,754,1
379,755,1
379,757,0
379,758,0
379,759,1
379,760,0
379,761,0
379,762,1
379,763,0
379,764,1
379,767,1
379,768,0
379,769,1
379,770,0
379,771,1
379,772,1
379,773,0
379,774,0
379,775,1
379,776,0
379,777,1
379,778,0
379,779,1
379,780,0
379,834,0
379,836,1
379,837,1
379,840,1
379,843,0
379,845,1
379,847,1
379,848,1
379,849,1
379,852,1
379,856,0
379,857,0
379,858,0
379,859,0
379,860,0
379,861,1
379,862,0
379,863,1
379,864,0
379,865,0
379,872,1
379,874,1
379,876,1
379,880,1
379,885,1
379,914,1
379,915,0
379,916,0
379,918,0
379,920,1
379,921,0
379,922,0
379,923,0
379,924,0
379,926,0
379,927,0
379,928,0
379,929,0
379,931,1
379,932,1
379,934,0
379,935,0
379,936,0
379,937,0
379,938,0
380,240,0
380,242,0
380,244,0
380,245,0
380,249,0
380,250,0
380,251,0
380,252,0
380,253,0
380,254,0
380,255,0
380,256,0
380,257,0
380,258,0
380,259,0
380,260,0
380,262,0
380,266,0
380,270,1
380,271,1
380,272,1
380,273,0
380,274,0
380,275,0
380,276,0
380,277,0
380,278,0
380,279,0
380,280,0
380,281,0
380,636,0
380,637,0
380,639,1
380,640,1
380,641,1
380,643,1
380,645,0
380,646,0
380,648,0
380,649,1
380,650,1
380,651,1
380,652,1
380,653,1
380,655,1
380,656,0
380,657,1
380,658,1
380,660,1
380,661,1
380,663,0
380,664,1
380,666,1
380,667,1
380,668,0
380,669,0
380,670,1
380,672,0
380,673,0
380,674,0
380,675,1
380,678,0
380,679,0
380,680,1
380,681,1
380,682,0
380,683,0
380,686,0
380,690,0
380,696,0
380,699,1
380,704,0
380,707,1
380,708,1
380,709,1
380,710,1
380,711,1
380,712,1
380,713,0
380,714,1
380,716,0
380,717,0
380,724,1
380,726,0
380,732,0
380,738,0
380,740,1
380,741,1
380,748,1
380,751,1
380,752,1
380,755,1
380,756,0
380,758,1
380,761,1
380,768,1
380,769,1
380,770,0
380,771,1
380,772,1
380,773,1
380,774,0
380,775,1
380,776,0
380,777,1
380,778,1
380,779,1
380,780,1
381,221,0
381,222,0
381,224,0
381,225,0
381,226,0
381,227,0
381,228,0
381,229,0
381,230,0
381,233,0
381,234,0
381,235,0
381,237,0
381,238,0
382,261,0
382,262,0
382,263,0
382,265,0
382,266,0
382,267,0
382,268,0
382,707,0
382,708,0
383,222,0
383,223,0
383,226,0
383,229,0
383,230,1
383,233,0
383,234,0
383,235,0
383,239,0
383,243,0
383,245,0
383,636,0
383,637,0
383,639,1
384,247,0
384,248,0
384,249,1
384,250,0
384,251,0
384,252,0
384,253,0
384,254,0
384,255,0
384,256,0
384,257,1
384,258,1
384,259,0
384,260,0
384,270,0
384,272,0
384,273,0
384,274,0
384,275,0
384,636,0
384,637,0
384,639,1
384,640,0
384,641,1
384,644,0
384,646,1
384,648,0
384,649,0
384,650,0
384,651,1
384,652,1
384,653,1
384,654,1
384,655,1
384,656,1
384,657,1
384,660,0
384,661,1
384,663,0
384,664,0
384,666,1
384,667,1
384,707,0
384,708,1
384,709,0
384,710,1
384,768,1
384,769,1
384,770,0
384,771,1
384,772,1
384,773,0
384,774,0
384,775,1
384,776,0
384,777,0
384,778,0
384,779,1
384,780,1
385,220,0
385,221,0
385,224,0
385,225,0
385,227,0
385,228,0
385,229,1
385,309,1
385,310,1
385,311,0
385,312,0
385,313,0
385,314,1
385,315,0
385,316,1
385,317,0
385,318,1
385,319,0
385,633,0
385,634,0
386,0,0
386,4,1
386,12,0
386,13,1
386,19,0
386,24,0
386,32,0
386,42,0
386,47,0
386,49,0
386,56,0
386,59,0
386,64,0
386,71,0
386,73,0
386,79,0
386,82,0
386,88,0
386,91,1
386,94,1
386,100,0
386,101,0
386,103,0
386,106,0
386,112,0
386,114,0
386,121,0
386,124,0
386,128,0
386,151,0
386,152,1
386,156,1
386,162,0
386,169,0
386,173,1
386,179,0
386,187,0
386,191,1
386,193,0
386,197,0
386,202,0
386,206,0
386,211,0
386,214,0
386,217,0
386,220,0
386,221,0
386,222,0
386,223,0
386,224,0
386,225,0
386,226,0
386,227,0
386,228,0
386,229,0
386,230,0
386,231,0
386,232,0
386,233,0
386,234,0
386,235,0
386,236,0
386,237,0
386,238,0
386,243,0
386,249,0
386,250,0
386,251,0
386,252,0
386,253,0
386,254,0
386,255,0
386,256,0
386,257,0
386,258,0
386,259,0
386,260,0
386,262,0
386,270,0
386,271,0
386,272,1
386,273,0
386,274,0
386,275,0
386,276,0
386,277,0
386,278,0
386,279,0
386,280,1
386,281,0
386,282,0
386,292,0
386,293,0
386,294,0
386,295,0
386,297,0
386,298,0
386,300,0
386,301,0
386,303,0
386,311,0
386,312,0
386,313,0
386,315,0
386,316,0
386,319,1
386,321,0
386,322,0
386,323,0
386,324,0
386,325,0
386,326,0
386,327,0
386,328,0
386,329,0
386,330,0
386,331,0
386,332,0
386,333,0
386,334,0
386,335,0
386,336,0
386,337,1
386,339,0
386,342,1
386,348,0
386,352,0
386,353,0
386,354,0
386,355,0
386,356,0
386,357,0
386,360,1
386,363,0
386,472,1
386,473,0
386,474,0
386,475,0
386,476,0
386,477,0
386,478,0
386,479,0
386,480,0
386,481,0
386,482,0
386,494,0
386,495,0
386,496,0
386,497,1
386,498,1
386,499,1
386,500,1
386,501,0
386,502,1
386,503,0
386,504,0
386,505,1
386,511,1
386,514,0
386,515,0
386,516,0
386,517,1
386,518,1
386,519,1
386,520,1
386,521,0
386,522,1
386,524,1
386,526,1
386,528,0
386,529,0
386,530,0
386,531,1
386,532,0
386,533,0
386,534,0
386,535,0
386,536,1
386,537,0
386,546,0
386,547,0
386,548,1
386,549,0
386,550,0
386,551,0
386,552,0
386,553,0
386,554,0
386,555,1
386,556,1
386,557,1
386,558,0
386,559,0
386,560,0
386,561,0
386,562,1
386,563,0
386,564,0
386,565,0
386,566,0
386,567,0
386,568,1
386,569,1
386,570,0
386,572,1
386,575,0
386,576,1
386,577,0
386,578,1
386,579,1
386,580,0
386,581,1
386,583,1
386,609,1
386,614,0
386,635,0
386,636,0
386,637,0
386,638,0
386,639,0
386,640,0
386,641,0
386,642,1
386,644,0
386,645,0
386,646,0
386,647,0
386,649,1
386,650,1
386,651,1
386,652,0
386,653,1
386,655,0
386,656,1
386,657,0
386,658,0
386,659,0
386,660,0
386,661,0
386,662,1
386,663,0
386,664,0
386,665,1
386,666,1
386,667,0
386,668,0
386,669,0
386,670,0
386,672,1
386,674,0
386,675,0
386,676,0
386,677,0
386,678,1
386,680,0
386,682,0
386,684,0
386,685,0
386,686,0
386,691,0
386,692,0
386,695,0
386,696,0
386,698,1
386,699,0
386,700,0
386,707,0
386,708,0
386,709,0
386,710,0
386,711,0
386,712,0
386,713,0
386,714,0
386,768,0
386,769,0
386,770,0
386,771,0
386,772,0
386,773,0
386,774,1
386,775,1
386,776,1
386,777,0
386,778,1
386,779,1
386,780,0
386,781,1
386,782,1
386,783,1
386,785,0
386,786,0
386,787,0
386,788,0
386,789,0
386,791,0
386,792,0
386,796,1
386,798,0
386,800,1
386,801,1
386,802,0
386,811,1
386,816,1
386,819,1
386,820,1
386,821,0
386,822,1
386,823,0
386,824,0
386,825,0
386,826,0
386,827,0
386,828,1
386,829,0
386,830,0
386,834,0
386,837,0
386,838,1
386,839,1
386,840,1
386,843,0
386,844,1
386,846,0
386,847,0
386,848,0
386,849,0
386,850,0
386,851,0
386,852,0
386,853,0
386,854,0
386,855,0
386,856,0
386,858,0
386,859,0
386,864,0
386,865,0
386,866,1
386,867,0
386,871,0
386,872,0
386,874,1
386,876,1
386,879,0
386,880,0
386,887,0
386,889,1
386,914,0
386,916,0
386,917,0
386,918,0
386,919,0
386,920,0
386,921,0
386,922,0
386,923,0
386,924,0
386,925,0
386,926,0
386,927,0
386,928,0
386,929,0
386,930,0
386,931,0
386,932,1
386,933,0
386,934,0
386,935,0
386,936,0
386,937,0
386,938,0
386,939,1
386,940,0
386,941,0
386,942,0
386,943,0
386,944,0
386,945,0
386,946,0
386,947,0
386,959,0
386,961,1
386,962,1
386,963,0
386,964,1
386,966,0
386,969,0
386,973,1
386,976,0
386,978,0
386,979,0
386,981,1
386,1000,0
386,1009,1
387,0,0
387,3,0
387,11,0
387,13,1
387,19,0
387,30,1
387,42,1
387,46,0
387,49,0
387,54,0
387,58,0
387,70,0
387,83,0
387,100,0
387,101,1
387,104,0
387,106,0
387,113,0
387,114,0
387,119,0
387,125,0
387,129,0
387,131,0
387,139,1
387,151,1
387,152,1
387,156,0
387,162,0
387,165,0
387,171,1
387,173,0
387,177,0
387,182,1
387,184,0
387,190,0
387,195,0
387,199,0
387,201,0
387,204,0
387,211,0
387,217,0
387,220,0
387,221,0
387,222,0
387,224,0
387,225,0
387,226,0
387,227,0
387,229,0
387,230,1
387,233,0
387,234,0
387,238,0
387,243,0
387,249,0
387,251,0
387,253,0
387,254,0
387,255,0
387,256,0
387,257,0
387,258,0
387,259,0
387,262,0
387,270,0
387,271,0
387,272,0
387,273,1
387,274,0
387,275,0
387,276,1
387,278,0
387,292,0
387,293,0
387,295,0
387,296,1
387,297,0
387,298,0
387,299,0
387,309,1
387,310,0
387,311,0
387,312,0
387,313,0
387,314,0
387,315,0
387,316,0
387,317,0
387,318,1
387,319,0
387,321,0
387,326,0
387,472,1
387,473,1
387,474,1
387,475,1
387,476,1
387,477,0
387,478,1
387,479,1
387,480,1
387,481,0
387,482,1
387,494,1
387,495,1
387,500,1
387,502,1
387,503,1
387,504,1
387,510,1
387,511,1
387,514,1
387,516,1
387,520,1
387,523,1
387,526,1
387,529,1
387,530,1
387,532,1
387,533,1
387,534,1
387,535,0
387,536,1
387,537,1
387,546,0
387,547,1
387,548,1
387,549,1
387,550,0
387,551,1
387,552,0
387,553,0
387,554,0
387,555,0
387,556,0
387,557,0
387,558,1
387,559,0
387,560,0
387,561,1
387,562,1
387,564,0
387,565,0
387,566,0
387,567,0
387,568,1
387,569,1
387,575,1
387,576,1
387,577,1
387,582,1
387,609,1
387,610,1
387,611,1
387,614,0
387,615,1
387,631,0
387,632,0
387,636,1
387,637,0
387,639,1
387,640,0
387,641,1
387,642,1
387,643,0
387,645,0
387,646,0
387,647,0
387,648,0
387,649,1
387,650,1
387,651,0
387,652,1
387,654,1
387,655,0
387,656,0
387,657,0
387,658,0
387,659,0
387,660,1
387,661,1
387,663,1
387,664,0
387,666,1
387,667,0
387,668,0
387,669,1
387,670,1
387,672,0
387,674,0
387,675,0
387,677,0
387,680,1
387,682,0
387,683,0
387,684,1
387,686,0
387,690,0
387,691,0
387,707,0
387,708,1
387,709,1
387,710,0
387,711,1
387,712,0
387,713,0
387,714,0
387,718,1
387,734,1
387,768,1
387,769,1
387,770,1
387,771,1
387,772,1
387,773,1
387,774,1
387,775,1
387,776,1
387,777,1
387,778,0
387,779,0
387,780,0
387,834,0
387,837,1
387,838,1
387,839,1
387,843,1
387,845,1
387,846,1
387,848,1
387,850,1
387,852,1
387,853,0
387,855,1
387,856,0
387,857,1
387,858,1
387,861,1
387,865,0
388,239,0
388,240,1
388,241,0
388,242,0
388,244,0
388,245,0
388,249,0
388,250,0
388,251,0
388,252,0
388,253,0
388,254,0
388,255,0
388,256,0
388,257,0
388,258,0
388,259,0
388,260,0
388,261,1
388,262,0
388,263,0
388,265,0
388,266,0
388,267,0
388,268,0
388,269,0
388,636,0
388,637,1
388,639,0
388,640,1
388,641,0
388,642,0
388,644,0
388,645,0
388,646,0
388,647,1
388,648,0
388,649,1
388,650,0
388,651,1
388,652,1
388,654,1
388,655,0
388,656,1
388,657,1
388,658,1
388,659,0
388,660,1
388,661,1
388,663,0
388,664,1
388,666,1
388,667,0
388,668,0
388,669,0
388,670,1
388,671,0
388,672,0
388,707,0
388,708,0
388,709,0
388,710,0
388,711,0
388,712,1
388,713,0
388,714,0
388,768,0
388,769,0
388,770,0
388,771,0
388,772,1
388,773,0
388,774,1
388,775,1
388,776,0
388,777,0
388,778,0
388,779,0
388,780,0
389,0,1
389,321,0
389,322,0
389,323,0
389,324,0
389,325,0
389,326,0
389,327,0
389,328,0
389,329,0
389,330,0
389,331,0
389,332,0
389,333,0
389,334,0
389,335,0
389,336,0
389,337,0
389,338,0
389,339,0
389,349,0
389,350,0
389,351,0
389,352,0
389,353,0
389,354,0
389,355,0
389,356,0
389,357,0
389,360,0
389,363,0
389,364,0
389,365,0
389,366,0
389,367,0
389,370,0
389,371,0
389,373,0
389,374,0
389,378,0
389,379,0
389,380,0
389,382,0
389,383,0
389,386,0
389,387,0
389,388,0
389,389,0
389,390,0
389,391,0
389,392,0
389,393,0
389,394,0
389,395,0
389,396,0
389,399,0
389,400,0
389,402,0
389,403,0
389,404,0
389,405,0
389,406,0
389,407,0
389,412,0
389,413,0
389,414,0
389,415,0
389,417,0
389,418,0
389,419,0
389,420,0
389,421,0
389,422,0
389,427,0
389,435,0
389,831,0
389,832,0
389,833,0
389,892,1
389,893,0
389,894,1
389,895,1
389,896,0
389,897,0
389,898,0
389,900,1
389,901,1
389,902,1
389,903,1
389,904,0
389,905,1
389,906,1
389,907,0
389,908,0
389,909,0
389,914,0
389,916,0
389,918,0
389,920,0
389,921,0
389,922,1
389,923,0
389,926,0
389,927,0
389,928,0
389,929,0
389,935,0
389,937,0
389,938,0
389,941,0
389,944,0
389,945,0
389,946,0
389,947,0
389,950,0
389,951,0
389,952,0
389,953,0
389,954,0
389,955,0
389,956,0
389,958,0
389,959,0
389,962,0
389,963,0
389,964,1
389,967,1
389,968,0
389,969,0
389,970,1
389,971,1
389,975,1
389,976,1
389,978,0
389,1009,0
389,1010,1
389,1017,0
389,1018,0
389,1020,0
389,1021,1
389,1023,1
390,270,0
390,271,1
390,272,1
390,273,0
390,274,0
390,275,0
390,276,0
390,278,0
390,280,1
390,321,0
390,322,0
390,323,0
390,324,0
390,325,0
390,326,0
390,327,0
390,328,0
390,329,0
390,330,0
390,331,0
390,332,1
390,333,1
390,334,0
390,335,1
390,336,0
390,337,0
390,338,1
390,339,0
390,340,1
390,341,0
390,342,0
390,344,0
390,345,1
390,346,1
390,347,0
390,349,1
390,351,0
390,352,0
390,355,0
390,357,0
390,710,1
390,769,1
390,770,0
390,771,1
390,772,1
390,773,0
390,774,1
390,775,1
390,776,1
390,777,0
390,778,0
390,779,1
390,780,0
390,781,1
390,786,1
390,787,1
390,815,1
390,819,1
390,820,1
390,821,0
390,822,1
390,823,1
390,824,1
390,825,0
390,826,0
390,827,0
390,834,0
390,914,0
390,916,0
390,918,0
390,920,0
390,921,0
390,922,0
390,923,0
390,926,0
390,927,0
390,928,0
390,929,0
390,930,0
390,931,1
390,935,0
390,937,0
390,938,0
391,709,0
391,710,0
391,711,0
391,712,0
391,713,0
391,714,0
391,715,0
391,718,0
391,719,0
391,720,0
391,723,0
391,729,0
391,730,0
391,732,0
391,733,0
391,734,0
391,740,0
391,744,0
391,754,0
391,834,0
391,835,0
391,836,0
391,837,0
391,838,0
391,839,0
391,840,0
391,841,0
391,842,0
391,843,0
391,844,0
391,845,0
391,846,0
391,847,0
391,848,0
391,849,0
391,850,0
391,851,0
391,852,0
391,853,0
391,854,0
391,855,0
391,856,0
391,857,0
391,858,0
391,859,0
391,860,0
391,861,0
391,862,0
391,863,0
391,864,0
391,865,0
391,866,0
391,867,0
391,868,0
391,869,0
391,870,0
391,871,0
391,872,0
391,874,0
391,875,0
391,876,0
391,877,0
391,879,0
391,880,0
391,881,0
391,884,0
391,885,0
391,887,0
391,888,0
391,889,0
391,890,0
392,0,0
392,2,0
392,5,0
392,11,0
392,13,0
392,17,0
392,24,0
392,25,0
392,31,0
392,35,0
392,37,0
392,43,0
392,45,0
392,49,0
392,53,0
392,58,0
392,69,0
392,74,0
392,80,0
392,81,0
392,101,0
392,105,0
392,106,0
392,111,0
392,116,0
392,118,0
392,125,0
392,127,0
392,132,0
392,137,0
392,141,0
392,144,0
392,148,0
392,151,0
392,158,0
392,162,0
392,169,0
392,174,0
392,176,0
392,190,1
392,194,0
392,197,0
392,202,0
392,204,0
392,208,0
392,215,0
392,216,0
392,220,0
392,221,0
392,222,0
392,223,0
392,224,0
392,225,0
392,226,0
392,227,0
392,228,0
392,229,0
392,230,0
392,231,0
392,232,0
392,233,0
392,234,0
392,235,0
392,236,0
392,237,0
392,238,0
392,239,0
392,242,0
392,243,0
392,244,0
392,245,0
392,249,0
392,250,0
392,251,0
392,252,0
392,253,0
392,254,0
392,255,0
392,256,0
392,257,0
392,258,0
392,259,0
392,260,0
392,261,0
392,262,0
392,263,0
392,264,0
392,265,0
392,266,0
392,267,0
392,268,0
392,269,0
392,270,0
392,271,0
392,272,0
392,273,1
392,274,0
392,275,0
392,276,0
392,277,0
392,278,0
392,279,0
392,280,0
392,281,0
392,282,0
392,283,0
392,284,0
392,285,0
392,286,0
392,287,0
392,292,0
392,293,0
392,294,0
392,295,0
392,297,0
392,298,0
392,300,0
392,302,0
392,309,0
392,310,1
392,311,0
392,312,0
392,313,0
392,315,0
392,316,0
392,317,0
392,318,0
392,319,0
392,321,0
392,322,0
392,323,0
392,324,0
392,325,0
392,326,0
392,327,0
392,328,0
392,329,0
392,330,0
392,331,0
392,332,0
392,333,0
392,334,0
392,335,0
392,336,0
392,337,0
392,338,0
392,339,0
392,344,0
392,348,0
392,349,0
392,350,0
392,351,0
392,472,0
392,473,1
392,474,1
392,475,1
392,476,1
392,477,0
392,478,0
392,479,0
392,480,0
392,481,0
392,482,0
392,495,1
392,497,1
392,501,1
392,502,0
392,503,1
392,504,0
392,505,1
392,510,1
392,511,0
392,512,0
392,513,1
392,514,1
392,515,0
392,518,0
392,521,1
392,522,0
392,523,1
392,524,0
392,525,1
392,526,1
392,528,1
392,529,0
392,530,0
392,531,0
392,532,0
392,533,1
392,534,1
392,536,1
392,538,0
392,539,0
392,540,1
392,541,0
392,546,0
392,547,0
392,548,0
392,549,0
392,550,0
392,551,0
392,552,0
392,553,0
392,554,0
392,556,1
392,557,0
392,558,1
392,559,0
392,560,1
392,561,1
392,562,0
392,564,0
392,565,0
392,566,0
392,567,0
392,568,1
392,569,1
392,574,1
392,575,0
392,578,1
392,582,1
392,583,1
392,609,1
392,611,1
392,615,1
392,631,0
392,632,0
392,633,0
392,636,0
392,637,1
392,638,1
392,639,0
392,640,0
392,641,0
392,642,0
392,643,1
392,646,0
392,648,0
392,649,0
392,650,0
392,651,1
392,652,1
392,654,1
392,655,1
392,658,1
392,659,1
392,661,0
392,662,0
392,664,0
392,665,0
392,707,0
392,708,1
392,709,0
392,710,0
392,711,0
392,712,1
392,713,0
392,714,0
392,716,0
392,724,0
392,726,0
392,733,0
392,736,0
392,739,0
392,744,0
392,746,0
392,750,0
392,751,1
392,752,1
392,755,0
392,756,0
392,758,0
392,759,0
392,761,0
392,768,1
392,769,1
392,770,0
392,771,1
392,772,1
392,773,0
392,774,0
392,775,0
392,776,0
392,777,0
392,778,0
392,779,0
392,780,0
392,781,0
392,782,1
392,785,1
392,786,1
392,787,1
392,815,0
392,818,1
392,819,0
392,820,0
392,821,0
392,822,0
392,823,1
392,824,0
392,825,0
392,826,0
392,827,0
392,828,0
392,829,1
392,834,0
392,836,0
392,837,0
392,838,1
392,839,1
392,840,1
392,841,0
392,842,0
392,843,0
392,844,0
392,845,0
392,846,1
392,847,0
392,849,0
392,850,0
392,851,0
392,852,0
392,854,0
392,855,0
392,856,1
392,857,0
392,858,0
392,859,0
392,860,0
392,861,0
392,862,0
392,863,0
392,864,0
392,865,0
392,914,0
392,916,0
392,918,0
392,920,0
392,921,0
392,923,0
392,926,0
392,927,1
392,928,0
392,929,0
392,935,0
392,937,0
393,101,1
393,109,0
393,110,0
393,118,0
393,123,0
393,127,0
393,249,0
393,250,0
393,251,0
393,252,0
393,253,0
393,254,0
393,255,0
393,256,0
393,257,1
393,258,0
393,259,0
393,260,1
393,261,0
393,262,0
393,263,0
393,264,0
393,265,0
393,266,0
393,267,0
393,268,0
393,269,0
393,892,0
393,893,0
393,894,0
393,895,0
393,896,1
393,897,0
393,898,0
393,903,0
393,904,0
393,905,0
393,906,0
393,907,0
393,908,0
393,909,0
393,911,0
394,321,0
394,322,0
394,326,0
394,331,0
394,782,1
394,783,1
394,785,1
394,786,0
394,787,0
394,815,1
394,819,1
394,820,1
394,821,1
394,822,0
394,823,1
394,824,0
394,825,0
394,826,1
394,827,1
395,0,0
395,9,0
395,14,0
395,19,0
395,24,0
395,25,0
395,29,0
395,41,0
395,45,0
395,50,0
395,56,0
395,59,0
395,63,0
395,81,0
395,101,0
395,105,0
395,107,0
395,112,0
395,117,0
395,119,0
395,123,0
395,127,0
395,130,0
395,136,0
395,151,0
395,157,0
395,161,0
395,168,0
395,175,1
395,177,0
395,191,1
395,195,0
395,199,0
395,203,1
395,220,0
395,221,0
395,222,0
395,223,0
395,224,0
395,225,0
395,226,0
395,227,0
395,228,0
395,229,0
395,230,0
395,231,0
395,232,0
395,233,0
395,234,0
395,235,0
395,236,0
395,237,0
395,238,0
395,239,0
395,241,0
395,243,0
395,244,0
395,245,0
395,249,0
395,250,0
395,251,0
395,252,0
395,253,0
395,254,0
395,255,0
395,256,0
395,257,0
395,258,0
395,259,0
395,260,0
395,261,1
395,262,0
395,263,0
395,264,0
395,265,0
395,266,0
395,267,0
395,268,0
395,269,0
395,270,0
395,271,0
395,272,0
395,273,0
395,274,0
395,275,0
395,276,0
395,277,0
395,278,0
395,279,0
395,280,0
395,281,0
395,282,0
395,283,0
395,284,0
395,285,0
395,286,0
395,287,0
395,292,0
395,293,0
395,294,0
395,295,0
395,297,0
395,298,0
395,299,0
395,300,0
395,301,0
395,311,0
395,312,0
395,313,1
395,315,0
395,316,0
395,322,0
395,323,0
395,324,0
395,325,0
395,326,0
395,327,0
395,328,0
395,329,0
395,330,0
395,331,0
395,332,0
395,333,0
395,334,0
395,335,0
395,336,0
395,337,0
395,338,0
395,339,0
395,345,0
395,347,0
395,348,0
395,349,0
395,350,0
395,351,0
395,352,0
395,353,0
395,354,0
395,355,0
395,356,0
395,357,0
395,358,0
395,359,0
395,360,0
395,363,0
395,365,0
395,367,0
395,472,1
395,473,1
395,474,1
395,475,1
395,476,1
395,477,1
395,478,1
395,479,0
395,480,1
395,481,0
395,482,0
395,494,1
395,496,1
395,501,1
395,503,1
395,504,1
395,505,1
395,512,1
395,513,1
395,515,1
395,516,1
395,521,1
395,522,1
395,523,1
395,529,1
395,530,1
395,531,1
395,532,1
395,533,0
395,534,1
395,536,1
395,537,1
395,546,0
395,547,0
395,548,0
395,549,0
395,550,0
395,551,0
395,552,0
395,553,1
395,554,0
395,555,1
395,556,0
395,557,0
395,558,0
395,559,0
395,560,0
395,561,0
395,562,1
395,564,0
395,565,1
395,566,0
395,567,0
395,568,1
395,569,1
395,572,0
395,576,0
395,578,1
395,580,1
395,582,1
395,609,1
395,614,1
395,615,0
395,631,0
395,632,0
395,633,0
395,634,0
395,635,0
395,636,0
395,637,0
395,638,0
395,639,1
395,640,1
395,641,0
395,642,0
395,643,0
395,645,0
395,648,0
395,649,1
395,650,0
395,651,0
395,652,1
395,653,0
395,654,1
395,655,1
395,656,0
395,657,0
395,658,1
395,659,0
395,660,0
395,661,0
395,663,1
395,664,0
395,665,1
395,666,0
395,668,0
395,669,0
395,671,0
395,707,0
395,708,0
395,709,1
395,710,1
395,711,0
395,712,0
395,713,0
395,714,0
395,718,0
395,722,0
395,724,0
395,725,0
395,726,0
395,728,0
395,730,0
395,731,1
395,732,0
395,733,0
395,735,0
395,736,0
395,738,0
395,744,0
395,746,0
395,747,0
395,749,0
395,752,1
395,753,0
395,754,0
395,759,0
395,760,0
395,768,0
395,769,0
395,770,0
395,771,0
395,772,0
395,773,0
395,774,0
395,775,1
395,776,1
395,777,0
395,778,1
395,779,0
395,780,0
395,834,0
395,835,0
395,836,1
395,837,0
395,838,1
395,839,1
395,840,0
395,843,1
395,844,0
395,845,0
395,846,1
395,847,0
395,848,0
395,849,0
395,850,0
395,851,0
395,852,0
395,853,0
395,855,0
395,856,0
395,857,0
395,858,0
395,859,0
395,860,0
395,861,0
395,862,0
395,863,0
395,864,0
395,865,0
395,892,1
395,893,0
395,894,1
395,895,1
395,896,0
395,897,0
395,898,1
395,899,1
395,900,1
395,901,1
395,902,1
395,903,1
395,904,0
395,905,1
395,906,1
395,907,0
395,908,0
395,909,0
395,910,0
395,911,0
395,912,0
395,913,0
395,914,0
395,915,0
395,916,0
395,917,0
395,918,0
395,919,0
395,920,0
395,921,0
395,922,0
395,923,0
395,924,0
395,925,0
395,926,0
395,927,0
395,928,0
395,929,0
395,931,0
395,933,0
395,934,0
395,935,0
395,936,0
395,937,0
395,938,0
395,939,0
395,940,0
395,941,0
395,943,0
395,944,0
395,945,0
395,946,0
395,947,0
395,950,0
395,951,0
395,953,0
395,954,0
395,955,0
395,956,0
395,959,0
395,963,1
395,965,1
395,971,0
395,979,0
395,981,0
395,984,1
395,986,0
395,987,0
395,989,0
395,994,0
395,997,1
395,1000,0
395,1002,0
395,1006,0
395,1007,1
395,1008,0
395,1009,0
395,1012,0
395,1013,0
395,1019,0
395,1020,0
395,1026,0
395,1029,0
395,1030,0
395,1032,0
395,1033,0
395,1036,0
395,1037,0
395,1038,0
396,312,0
397,0,0
397,3,1
397,11,0
397,16,0
397,19,0
397,31,1
397,41,0
397,46,0
397,52,0
397,55,0
397,59,0
397,70,1
397,75,0
397,79,1
397,83,0
397,101,0
397,109,0
397,113,0
397,117,0
397,118,0
397,122,0
397,127,1
397,151,0
397,157,1
397,162,0
397,171,0
397,175,0
397,177,1
397,195,0
397,197,1
397,202,1
397,220,0
397,221,0
397,222,0
397,223,0
397,224,0
397,225,0
397,226,0
397,227,0
397,228,0
397,229,1
397,230,0
397,231,0
397,232,0
397,233,0
397,234,0
397,235,0
397,236,0
397,237,1
397,249,0
397,250,0
397,251,0
397,252,0
397,253,0
397,254,0
397,255,0
397,256,0
397,257,0
397,258,0
397,259,0
397,260,0
397,261,0
397,262,0
397,263,1
397,264,0
397,265,0
397,266,0
397,267,0
397,268,0
397,270,0
397,271,0
397,272,0
397,273,0
397,274,0
397,275,0
397,276,0
397,277,0
397,278,0
397,279,0
397,280,0
397,282,0
397,283,0
397,284,0
397,285,0
397,287,1
397,292,0
397,293,0
397,294,0
397,295,0
397,297,0
397,298,0
397,300,0
397,302,0
397,303,0
397,304,1
397,305,0
397,311,1
397,312,0
397,313,1
397,315,0
397,316,0
397,321,0
397,322,0
397,323,0
397,324,1
397,325,0
397,326,0
397,327,0
397,328,0
397,329,0
397,330,0
397,331,0
397,332,0
397,333,0
397,334,0
397,335,0
397,336,0
397,337,0
397,339,0
397,349,0
397,352,0
397,353,0
397,354,0
397,355,0
397,356,0
397,357,0
397,358,0
397,359,0
397,360,0
397,361,0
397,362,0
397,363,0
397,364,0
397,365,0
397,366,0
397,367,0
397,373,0
397,374,0
397,379,0
397,472,0
397,473,1
397,474,1
397,475,1
397,476,1
397,477,0
397,478,0
397,479,1
397,480,1
397,481,1
397,482,1
397,494,1
397,496,1
397,501,1
397,502,1
397,503,1
397,505,1
397,510,1
397,513,1
397,515,1
397,516,1
397,518,1
397,522,1
397,528,1
397,529,1
397,530,1
397,532,1
397,533,1
397,534,1
397,535,0
397,536,1
397,537,1
397,546,0
397,547,0
397,548,1
397,549,0
397,550,0
397,551,0
397,552,0
397,553,1
397,554,1
397,555,1
397,556,1
397,558,0
397,559,0
397,560,1
397,561,1
397,562,1
397,564,0
397,565,0
397,566,1
397,567,0
397,568,1
397,571,1
397,575,1
397,576,1
397,579,1
397,582,1
397,583,1
397,608,1
397,610,1
397,611,1
397,612,1
397,614,1
397,615,0
397,631,0
397,632,0
397,633,0
397,634,0
397,635,0
397,636,1
397,637,0
397,639,1
397,640,0
397,641,1
397,642,0
397,644,1
397,645,1
397,648,1
397,649,1
397,650,1
397,651,1
397,652,1
397,653,0
397,654,1
397,655,0
397,656,0
397,657,0
397,658,0
397,660,1
397,661,0
397,662,0
397,663,1
397,664,0
397,665,0
397,666,0
397,667,1
397,668,0
397,669,0
397,670,0
397,671,0
397,674,0
397,675,1
397,677,0
397,680,1
397,682,0
397,686,0
397,687,1
397,707,0
397,708,0
397,709,0
397,710,0
397,711,0
397,712,1
397,713,0
397,714,0
397,768,0
397,769,0
397,770,0
397,771,1
397,772,1
397,773,0
397,774,0
397,775,0
397,776,0
397,777,0
397,778,0
397,779,0
397,780,1
397,782,1
397,785,1
397,787,1
397,815,1
397,816,1
397,820,1
397,821,0
397,822,0
397,823,1
397,824,1
397,825,1
397,826,0
397,827,1
397,828,0
397,829,1
397,830,1
397,834,0
397,836,1
397,837,1
397,838,1
397,839,0
397,843,0
397,844,0
397,845,0
397,846,1
397,850,1
397,851,1
397,853,0
397,855,0
397,856,0
397,857,0
397,858,0
397,859,1
397,861,0
397,864,1
397,865,0
397,892,1
397,893,0
397,894,1
397,895,1
397,896,0
397,897,0
397,898,1
397,899,0
397,900,0
397,901,1
397,902,1
397,903,0
397,904,0
397,905,0
397,906,0
397,907,0
397,908,0
397,909,0
397,914,0
397,916,0
397,917,0
397,918,0
397,920,0
397,921,0
397,923,0
397,924,0
397,926,0
397,927,0
397,928,0
397,929,0
397,935,0
397,937,0
397,938,0
397,939,0
397,940,0
397,941,0
397,944,0
397,945,1
397,946,1
397,947,0
397,950,0
397,951,0
397,953,0
397,954,0
397,955,0
397,956,0
397,959,0
397,966,1
397,969,0
397,970,0
397,972,1
397,973,1
397,976,0
397,979,0
397,987,0
397,997,0
397,1000,0
397,1001,0
397,1009,0
397,1012,0
397,1015,1
397,1017,0
397,1018,0
397,1020,0
397,1024,0
397,1030,0
397,1031,0
397,1033,0
397,1034,0
397,1037,0
397,1038,0
398,0,0
398,4,1
398,8,1
398,10,0
398,14,0
398,19,0
398,32,0
398,47,0
398,52,0
398,54,0
398,59,0
398,82,0
398,101,0
398,102,0
398,106,0
398,111,0
398,114,0
398,121,0
398,124,0
398,128,0
398,133,0
398,151,0
398,152,0
398,156,0
398,163,0
398,164,0
398,168,0
398,175,0
398,177,0
398,184,0
398,190,0
398,194,0
398,220,0
398,221,0
398,222,0
398,224,0
398,225,0
398,226,0
398,227,0
398,229,0
398,230,0
398,231,0
398,232,0
398,233,0
398,234,0
398,235,0
398,236,0
398,237,0
398,238,0
398,239,0
398,240,0
398,241,0
398,242,0
398,243,0
398,244,0
398,245,0
398,246,0
398,247,1
398,248,0
398,249,0
398,250,0
398,251,0
398,252,0
398,253,0
398,254,0
398,255,0
398,256,0
398,257,0
398,258,0
398,259,0
398,270,0
398,272,1
398,273,1
398,274,0
398,275,0
398,276,0
398,278,0
398,279,1
398,280,0
398,282,1
398,285,0
398,286,0
398,287,0
398,288,0
398,289,0
398,291,1
398,292,0
398,293,0
398,294,0
398,295,0
398,298,0
398,300,0
398,302,0
398,303,0
398,304,0
398,305,0
398,309,0
398,310,0
398,311,0
398,312,0
398,313,0
398,315,0
398,316,0
398,317,0
398,319,0
398,472,0
398,473,0
398,474,0
398,475,0
398,476,0
398,479,0
398,480,0
398,481,0
398,482,0
398,495,1
398,496,1
398,500,0
398,501,1
398,502,1
398,503,1
398,504,0
398,510,1
398,511,1
398,512,1
398,513,1
398,514,0
398,515,0
398,518,1
398,521,0
398,522,0
398,523,1
398,524,1
398,527,1
398,528,0
398,530,1
398,532,0
398,533,1
398,535,1
398,536,1
398,537,1
398,546,0
398,547,0
398,548,0
398,549,0
398,551,0
398,553,0
398,558,0
398,559,0
398,560,0
398,561,0
398,562,1
398,563,0
398,564,0
398,565,0
398,566,0
398,567,0
398,568,1
398,570,1
398,574,1
398,576,1
398,577,1
398,583,1
398,608,1
398,609,1
398,615,1
398,631,0
398,632,0
398,633,0
398,634,0
398,635,0
398,636,0
398,637,0
398,638,0
398,639,0
398,640,0
398,641,0
398,642,0
398,643,0
398,645,0
398,646,1
398,647,0
398,648,0
398,649,1
398,650,1
398,651,1
398,652,1
398,654,0
398,655,1
398,656,1
398,657,0
398,658,1
398,659,0
398,660,0
398,661,1
398,662,1
398,663,0
398,664,0
398,665,0
398,666,0
398,667,0
398,669,1
398,672,0
398,707,0
398,708,0
398,709,0
398,710,0
398,711,1
398,712,0
398,713,0
398,714,0
398,716,0
398,717,1
398,721,0
398,724,1
398,725,0
398,728,0
398,731,1
398,732,0
398,736,0
398,741,1
398,747,1
398,751,1
398,755,0
398,757,0
398,758,1
398,759,1
398,760,1
398,761,1
398,768,0
398,769,0
398,770,1
398,771,1
398,772,1
398,773,1
398,774,1
398,775,1
398,776,1
398,777,1
398,778,0
398,779,0
398,780,0
398,834,0
398,838,1
398,839,1
398,840,1
398,841,0
398,843,0
398,844,0
398,845,1
398,846,0
398,847,0
398,848,0
398,849,1
398,850,1
398,851,0
398,852,0
398,853,0
398,854,0
398,855,0
398,856,0
398,857,0
398,862,0
398,863,0
399,0,0
399,10,1
399,16,0
399,20,0
399,23,0
399,30,0
399,41,0
399,47,0
399,50,0
399,53,0
399,58,0
399,61,0
399,70,0
399,76,0
399,84,0
399,98,0
399,312,0
400,250,0
400,252,0
400,253,0
400,254,0
400,257,0
400,258,0
400,260,0
400,262,0
400,263,0
400,265,0
400,266,0
400,267,0
400,268,0
400,269,0
400,270,0
400,271,0
400,272,1
400,273,0
400,274,0
400,275,0
400,276,0
400,277,0
400,278,0
400,280,1
400,282,0
400,283,0
400,284,0
400,285,0
400,286,0
400,287,0
400,288,1
400,289,0
400,292,0
400,293,0
400,295,0
400,707,0
400,708,0
400,709,0
400,710,0
400,711,0
400,712,1
400,713,0
400,714,0
400,715,0
400,718,0
400,722,0
400,723,0
400,725,1
400,730,0
400,734,0
400,768,0
400,769,0
400,770,1
400,771,1
400,772,1
400,773,0
400,774,0
400,775,1
400,776,1
400,777,1
400,778,1
400,779,0
400,780,0
400,834,0
400,835,0
400,836,0
400,837,0
400,838,0
400,839,1
400,840,0
400,841,0
400,843,0
400,844,0
400,845,0
400,846,1
400,847,0
400,848,0
400,849,0
400,850,0
400,851,0
400,852,0
400,853,0
400,854,0
400,855,0
400,856,0
400,858,0
400,860,0
400,861,0
400,863,0
400,864,0
400,865,1
401,0,0
401,4,0
401,8,0
401,10,0
401,16,0
401,20,0
401,25,0
401,29,0
401,35,0
401,44,0
401,47,0
401,52,0
401,54,0
401,59,0
401,66,0
401,71,0
401,83,0
401,101,0
401,102,0
401,106,0
401,112,0
401,117,0
401,118,0
401,125,0
401,128,0
401,133,0
401,136,0
401,140,0
401,146,0
401,151,0
401,156,0
401,161,0
401,169,0
401,174,1
401,176,0
401,194,0
401,198,1
401,203,0
401,472,0
401,473,1
401,474,1
401,475,1
401,476,1
401,479,1
401,480,0
401,481,0
401,482,0
401,494,1
401,497,0
401,500,1
401,501,1
401,502,1
401,503,1
401,505,1
401,510,1
401,511,1
401,512,1
401,513,1
401,514,1
401,516,1
401,517,0
401,518,1
401,520,1
401,521,0
401,522,1
401,523,1
401,528,0
401,530,1
401,531,1
401,532,0
401,535,1
401,537,1
402,265,0
402,892,1
402,893,0
402,894,1
402,895,1
402,896,1
402,897,0
402,898,0
402,903,1
402,904,0
402,905,0
402,906,0
402,907,0
402,908,0
402,909,1
402,910,1
402,911,1
402,912,0
402,913,1
403,262,0
403,265,0
403,266,0
403,267,0
403,268,1
403,367,0
403,892,1
403,893,0
403,894,1
403,895,1
403,896,1
403,897,1
403,898,1
403,899,1
403,900,1
403,903,0
403,904,1
403,905,0
403,906,0
403,907,1
403,908,0
403,909,1
403,911,0
403,913,0
404,232,0
404,236,0
404,237,0
404,238,0
404,239,0
404,240,0
404,241,0
404,242,0
404,243,0
404,244,0
404,245,0
404,246,0
404,249,0
404,251,0
404,253,0
404,255,0
404,256,0
404,257,0
404,258,0
404,259,0
404,636,0
404,638,0
404,639,1
404,640,0
404,641,1
404,642,0
404,643,0
404,644,0
404,645,0
404,646,0
404,647,0
404,648,0
404,649,0
404,650,0
404,651,1
404,652,0
404,653,1
404,654,1
404,655,1
404,657,1
404,660,0
405,220,0
405,221,0
405,222,0
405,223,0
405,224,0
405,225,0
405,226,0
405,227,0
405,228,0
405,229,0
405,230,0
405,231,0
405,232,0
405,233,0
405,234,0
405,235,0
405,237,0
405,238,0
405,310,0
405,311,0
405,313,0
405,315,0
405,319,0
406,412,0
406,415,1
406,418,0
406,419,1
406,421,0
407,0,1
407,11,0
407,14,1
407,18,0
407,24,0
407,29,1
408,290,1
408,291,0
408,292,0
408,293,0
408,321,0
408,322,0
408,325,0
408,326,0
408,331,0
408,781,1
408,786,1
408,787,1
408,788,1
408,789,1
408,795,1
408,796,1
408,799,1
408,805,1
408,809,0
408,816,1
408,817,1
408,820,1
408,821,0
408,822,1
408,823,0
408,824,1
408,825,0
408,826,0
408,827,0
408,828,0
408,829,1
408,830,1
409,137,0
409,138,0
409,147,0
409,150,0
409,249,1
409,250,1
409,251,1
409,252,0
409,253,0
409,255,0
409,256,0
409,257,0
409,258,1
409,259,0
409,472,0
409,473,0
409,474,1
409,475,1
409,476,1
409,479,0
409,480,1
409,481,1
409,482,1
409,494,1
409,501,1
409,502,1
409,503,1
409,504,1
409,707,0
409,708,0
409,892,1
409,893,1
409,894,1
409,895,1
409,896,1
409,897,0
409,898,0
409,900,1
409,903,1
409,904,0
409,905,1
409,906,1
409,907,0
409,908,0
409,909,1
409,910,0
409,911,0
409,912,1
409,913,0
410,0,0
410,3,0
410,10,0
410,16,0
410,19,0
410,21,0
410,30,0
410,47,0
410,49,0
410,53,0
410,58,0
410,66,1
410,73,0
410,77,0
410,83,0
410,101,0
410,106,0
410,113,0
410,124,0
410,129,0
410,130,0
410,136,1
411,242,1
411,245,0
411,249,0
411,250,0
411,251,0
411,252,0
411,253,0
411,254,0
411,255,0
411,256,0
411,257,0
411,258,0
411,259,0
411,260,0
411,262,0
411,266,0
411,270,0
411,271,0
411,272,0
411,273,0
411,274,0
411,275,0
411,276,0
411,277,0
411,278,0
411,279,0
411,280,0
411,281,0
411,282,0
411,283,0
411,284,0
411,285,0
411,286,1
411,287,0
411,292,0
411,293,0
411,295,0
411,636,0
411,638,1
411,639,0
411,641,1
411,642,1
411,645,0
411,648,1
411,649,1
411,650,1
411,651,0
411,652,1
411,654,1
411,655,1
411,658,1
411,660,0
411,661,1
411,663,1
411,664,1
411,665,1
411,667,0
411,668,0
411,669,1
411,670,0
411,672,1
411,674,0
411,675,1
411,676,0
411,680,1
411,682,0
411,685,0
411,686,1
411,707,1
411,708,1
411,709,1
411,710,1
411,711,0
411,712,0
411,713,1
411,714,0
411,768,1
411,769,1
411,770,1
411,771,1
411,772,1
411,773,1
411,774,0
411,775,1
411,776,0
411,777,1
411,778,0
411,779,0
411,780,0
411,834,0
411,836,1
411,838,1
411,840,1
411,843,0
411,844,1
411,845,1
411,846,1
411,847,1
411,849,1
411,853,1
411,856,1
411,858,0
411,861,0
411,863,1
411,864,1
411,865,0
412,0,0
412,5,0
412,12,0
412,14,0
412,17,0
412,25,1
412,30,0
412,33,1
412,39,0
412,43,1
412,46,0
412,50,0
412,53,0
412,59,0
412,84,0
412,101,0
412,102,0
412,107,0
412,111,0
412,117,0
412,118,0
412,124,0
412,127,0
412,131,0
412,134,0
412,140,0
412,145,1
412,147,0
412,151,0
412,152,1
412,159,0
412,163,0
412,169,0
412,177,0
412,194,0
412,220,0
412,221,0
412,222,0
412,223,0
412,224,0
412,225,0
412,226,0
412,227,0
412,228,0
412,229,0
412,230,0
412,231,0
412,232,0
412,233,0
412,234,0
412,235,0
412,236,0
412,237,0
412,238,0
412,239,0
412,240,0
412,241,0
412,242,0
412,243,0
412,245,0
412,249,0
412,251,0
412,253,0
412,255,0
412,256,0
412,257,0
412,258,0
412,259,0
412,262,0
412,266,0
412,267,0
412,268,0
412,270,0
412,271,0
412,272,0
412,273,0
412,274,0
412,275,0
412,276,0
412,277,0
412,278,0
412,279,1
412,280,0
412,282,0
412,283,0
412,284,0
412,285,0
412,286,0
412,287,0
412,289,0
412,292,0
412,293,0
412,294,0
412,295,0
412,309,0
412,310,0
412,311,0
412,312,0
412,313,0
412,314,0
412,315,0
412,316,0
412,317,0
412,318,0
412,319,0
412,320,1
412,472,0
412,473,0
412,474,1
412,475,1
412,476,1
412,479,0
412,480,1
412,481,0
412,482,1
412,494,1
412,495,0
412,498,1
412,502,1
412,503,1
412,504,1
412,510,1
412,511,1
412,512,1
412,513,1
412,514,0
412,515,0
412,516,1
412,519,1
412,521,0
412,523,1
412,524,1
412,528,0
412,530,0
412,531,1
412,532,1
412,535,1
412,536,0
412,537,1
412,546,0
412,547,0
412,548,0
412,549,0
412,550,0
412,551,0
412,552,0
412,553,0
412,558,0
412,559,0
412,560,0
412,561,0
412,562,1
412,564,1
412,565,1
412,566,0
412,567,1
412,568,0
412,569,0
412,570,1
412,571,1
412,572,1
412,573,0
412,574,1
412,578,1
412,582,1
412,583,1
412,610,1
412,614,0
412,624,1
412,631,0
412,632,0
412,633,0
412,634,0
412,635,0
412,636,0
412,637,0
412,638,1
412,639,1
412,640,0
412,641,1
412,642,0
412,643,0
412,644,0
412,645,0
412,646,0
412,647,0
412,648,0
412,649,1
412,650,1
412,651,0
412,652,0
412,653,0
412,654,0
412,655,1
412,656,1
412,657,0
412,658,1
412,659,0
412,660,0
412,662,1
412,663,1
412,664,1
412,666,0
412,667,0
412,669,0
412,670,0
412,671,0
412,707,0
412,708,1
412,709,0
412,710,1
412,711,0
412,712,1
412,713,0
412,714,0
412,715,1
412,718,0
412,721,0
412,727,1
412,729,1
412,731,1
412,732,0
412,734,0
412,735,0
412,741,1
412,742,1
412,749,0
412,751,0
412,757,0
412,768,0
412,769,1
412,770,0
412,772,0
412,774,0
412,775,1
412,776,1
412,777,0
412,778,0
412,779,1
412,780,0
412,834,0
412,836,1
412,837,1
412,838,1
412,839,0
412,840,0
412,843,0
412,845,1
412,847,1
412,849,1
412,850,1
412,851,0
412,852,0
412,853,0
412,854,0
412,856,0
412,857,0
412,858,0
412,859,0
412,861,0
412,862,0
412,864,0
413,230,0
413,231,0
413,232,0
413,233,0
413,234,0
413,235,0
413,236,0
413,237,0
413,238,0
413,239,0
413,240,0
413,241,0
413,242,0
413,243,0
413,249,0
413,250,0
413,251,0
413,252,0
413,253,0
413,254,0
413,255,0
413,256,0
413,257,0
413,258,0
413,259,0
413,260,0
413,262,0
413,266,0
413,267,0
413,268,0
413,636,0
413,637,0
413,638,0
413,639,0
413,640,1
413,642,1
413,643,0
413,644,0
413,645,0
413,646,0
413,647,1
413,648,0
413,649,1
413,650,1
413,651,1
413,652,1
413,653,0
413,655,0
413,656,0
413,657,0
413,658,0
413,659,0
413,660,0
413,661,0
413,663,0
413,664,0
413,666,1
413,667,1
413,669,0
413,672,0
414,0,0
414,1,0
414,10,0
414,14,1
414,18,0
414,30,0
414,45,1
414,49,0
414,55,0
414,101,0
414,103,0
414,108,0
414,110,0
414,114,0
414,121,0
414,124,0
414,128,0
414,133,0
414,136,0
414,140,0
414,147,0
414,472,0
414,473,1
414,474,1
414,475,1
414,476,1
414,479,1
414,480,0
414,481,0
414,482,0
415,222,0
415,223,0
415,224,0
415,226,0
415,228,0
415,229,0
415,230,0
415,231,0
415,232,0
415,233,0
415,234,0
415,235,0
415,236,0
415,237,0
415,238,0
415,239,0
415,240,0
415,241,0
415,242,0
415,243,0
415,244,0
415,245,0
415,246,0
415,248,0
415,636,0
415,638,0
415,639,1
415,640,0
415,641,0
415,642,1
415,645,0
416,0,1
416,3,0
416,10,0
416,14,0
416,20,0
416,21,0
416,29,0
416,51,1
416,54,0
416,101,0
416,107,0
416,111,0
417,0,0
417,3,0
417,11,1
417,15,1
417,18,0
417,22,0
417,32,1
417,45,0
417,50,0
417,56,0
417,58,0
417,101,0
417,105,0
417,108,0
417,113,1
417,128,1
417,131,1
417,139,0
417,151,0
417,156,0
417,161,0
417,171,0
417,174,0
417,176,0
417,186,0
417,193,0
417,197,0
417,203,0
417,205,0
417,220,0
417,221,0
417,222,0
417,224,0
417,225,0
417,226,0
417,227,0
417,230,0
417,231,0
417,232,0
417,233,0
417,234,0
417,235,0
417,236,0
417,237,0
417,238,0
417,239,0
417,240,0
417,241,0
417,242,0
417,243,0
417,244,0
417,245,0
417,246,0
417,248,0
417,249,0
417,250,0
417,251,0
417,252,0
417,253,0
417,254,0
417,255,0
417,256,0
417,257,0
417,258,0
417,259,0
417,260,0
417,262,0
417,270,0
417,271,0
417,272,0
417,273,1
417,274,0
417,275,0
417,276,0
417,278,0
417,279,1
417,280,0
417,282,0
417,283,0
417,284,0
417,292,0
417,293,0
417,294,0
417,295,0
417,297,0
417,298,0
417,300,1
417,311,1
417,312,1
417,313,0
417,315,0
417,316,1
417,321,0
417,322,0
417,323,0
417,324,1
417,325,1
417,326,1
417,327,1
417,328,0
417,331,1
417,332,0
417,333,0
417,334,0
417,335,0
417,336,0
417,337,0
417,339,0
417,344,0
417,348,0
417,350,0
417,352,0
417,353,0
417,354,0
417,355,0
417,356,0
417,357,0
417,358,0
417,360,0
417,363,0
417,364,0
417,365,0
417,366,0
417,367,0
417,368,0
417,370,0
417,371,0
417,373,0
417,374,0
417,378,1
417,381,0
417,382,0
417,383,1
417,384,1
417,386,0
417,387,0
417,388,0
417,389,1
417,391,1
417,392,1
417,393,0
417,394,0
417,395,0
417,402,0
417,404,0
417,405,0
417,406,1
417,407,0
417,412,0
417,415,1
417,417,0
417,418,0
417,419,1
417,420,1
417,421,1
417,426,0
417,427,0
417,428,0
417,430,0
417,432,0
417,434,0
417,435,0
417,436,1
417,437,0
417,439,1
417,440,0
417,442,1
417,443,0
417,445,0
417,446,1
417,453,0
417,455,0
417,461,0
417,462,1
417,465,0
417,466,1
417,468,0
417,470,0
417,472,1
417,473,0
417,474,0
417,475,1
417,476,1
417,479,0
417,480,0
417,481,1
417,482,1
417,494,0
417,495,1
417,496,1
417,497,1
417,498,0
417,499,1
417,500,0
417,501,0
417,502,1
417,503,0
417,504,1
417,505,1
417,510,1
417,511,1
417,512,1
417,513,1
417,514,0
417,515,0
417,518,1
417,519,1
417,521,1
417,523,1
417,527,1
417,529,1
417,530,1
417,531,1
417,532,0
417,533,1
417,534,1
417,535,1
417,536,1
417,558,0
417,559,0
417,560,0
417,561,0
417,562,0
417,564,1
417,565,0
417,566,0
417,567,1
417,568,1
417,569,1
417,573,1
417,577,1
417,582,1
417,583,1
417,608,1
417,612,0
417,614,1
417,631,0
417,636,0
417,637,1
417,639,1
417,640,1
417,642,1
417,643,0
417,645,0
417,648,0
417,649,1
417,650,1
417,651,1
417,652,1
417,654,1
417,655,0
417,656,1
417,658,0
417,659,1
417,660,1
417,661,0
417,663,1
417,665,1
417,666,1
417,668,1
417,669,1
417,672,0
417,707,0
417,708,0
417,709,0
417,710,0
417,711,0
417,712,1
417,713,0
417,714,0
417,717,0
417,722,0
417,723,0
417,724,1
417,725,0
417,726,1
417,728,1
417,730,1
417,733,1
417,734,0
417,740,0
417,744,1
417,746,1
417,753,1
417,755,0
417,756,0
417,757,0
417,758,0
417,759,0
417,760,0
417,761,0
417,764,0
417,768,1
417,769,1
417,770,0
417,771,1
417,772,1
417,773,0
417,774,0
417,775,1
417,776,1
417,777,0
417,778,0
417,779,1
417,780,1
417,781,0
417,782,1
417,783,1
417,785,1
417,786,0
417,787,0
417,818,0
417,819,1
417,820,1
417,821,0
417,822,1
417,823,1
417,824,1
417,825,0
417,826,0
417,827,0
417,828,0
417,831,0
417,832,0
417,833,0
417,834,0
417,836,0
417,837,0
417,838,0
417,839,1
417,840,1
417,845,1
417,846,1
417,847,0
417,848,0
417,849,0
417,850,0
417,851,1
417,852,1
417,853,0
417,855,0
417,856,0
417,857,0
417,860,1
417,861,1
417,862,0
417,863,0
417,864,0
417,867,0
417,872,1
417,874,0
417,876,0
417,877,0
417,892,1
417,893,0
417,894,1
417,895,1
417,896,1
417,897,0
417,898,0
417,900,1
417,903,0
417,904,0
417,905,0
417,906,0
417,907,0
417,908,0
417,909,0
417,910,0
417,911,0
417,912,0
417,913,0
417,914,0
417,915,1
417,916,0
417,918,0
417,919,0
417,920,0
417,921,0
417,922,0
417,923,0
417,924,0
417,925,0
417,926,0
417,927,0
417,928,0
417,929,0
417,930,0
417,931,0
417,934,0
417,935,0
417,936,0
417,937,0
417,938,0
417,939,0
417,940,0
417,941,0
417,943,0
417,944,0
417,945,0
417,946,0
417,947,0
417,950,0
417,951,0
417,953,0
417,954,0
417,955,0
417,956,0
417,958,0
417,959,0
417,966,0
417,979,0
417,985,0
417,994,0
417,995,1
417,996,0
417,1003,0
417,1005,0
417,1009,0
417,1010,1
417,1011,1
417,1012,0
417,1013,0
417,1015,0
417,1016,1
417,1017,1
417,1019,0
417,1020,0
417,1021,1
417,1022,0
417,1023,0
417,1024,1
417,1026,0
417,1027,1
417,1028,1
417,1031,0
417,1039,0
417,1040,0
417,1041,0
417,1042,0
417,1043,0
417,1044,0
417,1045,0
417,1046,0
417,1047,0
417,1048,0
417,1049,0
417,1050,0
417,1084,1
417,1085,1
417,1087,0
417,1090,0
417,1091,0
417,1093,0
417,1094,0
417,1096,1
417,1097,0
417,1099,0
417,1102,1
417,1104,0
417,1108,0
417,1109,0
417,1110,0
417,1111,0
417,1112,0
417,1113,0
417,1114,0
417,1115,0
417,1116,0
417,1117,0
417,1118,0
417,1119,0
417,1120,0
417,1121,0
417,1122,0
417,1123,0
417,1126,0
417,1127,1
417,1130,0
417,1132,0
417,1133,0
417,1134,1
417,1135,0
417,1138,1
417,1139,0
417,1142,0
417,1143,1
417,1145,0
417,1147,0
417,1148,0
417,1150,1
417,1151,0
417,1152,1
417,1153,1
417,1154,0
417,1155,0
417,1156,0
417,1157,0
417,1158,0
417,1159,0
417,1160,0
417,1161,0
417,1162,0
417,1163,0
417,1164,0
417,1165,0
417,1166,1
417,1167,0
417,1168,0
417,1169,0
417,1170,0
417,1171,0
417,1172,0
417,1173,0
417,1174,1
417,1177,0
417,1178,1
417,1179,1
417,1181,0
417,1182,0
417,1183,0
417,1184,0
417,1185,0
417,1186,0
417,1187,0
417,1188,0
417,1189,0
418,892,0
418,893,0
418,894,1
418,895,0
418,896,1
418,897,1
418,898,0
418,903,0
418,904,0
418,905,0
418,906,0
418,907,0
418,908,1
418,909,0
418,910,1
418,911,0
418,912,0
418,913,0
419,0,0
419,4,0
419,9,0
419,16,0
419,17,0
419,24,0
419,27,0
419,31,0
419,34,0
419,39,0
419,47,0
419,49,0
419,55,0
419,60,0
419,101,0
419,105,0
419,109,0
419,111,0
419,117,0
419,118,0
419,124,0
419,129,0
419,130,0
419,137,0
419,151,0
419,158,0
419,163,0
419,169,0
419,175,0
419,176,0
419,195,0
419,197,0
419,202,0
419,205,0
419,472,0
419,473,1
419,474,0
419,475,0
419,476,1
419,479,1
419,480,0
419,481,0
419,482,0
419,495,1
419,502,1
419,503,1
419,505,1
419,511,1
419,514,1
419,521,1
419,522,1
419,523,1
419,524,1
419,525,1
419,526,1
419,527,1
419,528,1
419,529,1
419,530,1
419,533,1
419,534,0
419,536,0
419,537,1
419,546,0
419,547,1
419,548,0
419,549,0
419,550,1
419,551,1
419,552,0
419,553,0
420,415,0
420,419,0
420,892,0
420,893,0
420,894,1
420,895,1
420,896,1
420,897,1
420,898,0
420,900,1
420,903,0
420,904,1
420,906,0
420,907,1
420,908,1
421,0,0
421,4,0
421,10,0
421,13,1
421,19,0
421,22,0
421,27,1
421,29,1
421,34,1
421,39,0
421,43,1
421,45,0
421,50,0
421,53,0
421,58,0
421,70,0
421,88,0
421,92,1
421,94,1
421,99,0
421,101,0
421,108,0
421,110,0
421,114,0
421,121,0
421,124,0
421,126,0
421,132,0
421,136,0
421,138,0
421,145,1
421,149,0
421,151,0
421,153,0
421,158,0
421,163,0
421,166,0
421,170,0
421,174,0
421,176,0
421,182,0
421,187,0
421,188,0
421,192,0
421,197,0
421,203,0
421,472,0
421,473,0
421,474,1
421,475,1
421,476,1
421,478,1
421,479,0
421,480,0
421,481,1
421,482,0
421,494,0
421,497,1
421,498,1
421,501,1
421,502,1
421,503,1
421,504,1
421,505,0
421,510,0
421,511,1
421,514,1
421,515,1
421,516,0
421,517,0
421,518,1
421,520,1
421,521,1
421,522,1
421,523,1
421,524,0
421,527,1
421,528,0
421,530,1
421,531,1
421,532,0
421,533,0
421,535,1
421,536,1
421,537,1
421,546,0
421,547,0
422,0,0
422,1,0
422,10,0
422,16,0
422,17,0
422,21,0
422,29,0
422,41,0
422,47,0
422,49,0
422,53,0
422,58,0
422,61,1
422,82,0
422,719,0
422,721,0
422,722,1
422,737,0
422,738,0
422,741,0
422,742,1
422,743,0
422,745,0
422,747,0
422,751,0
422,752,0
422,753,0
422,760,0
422,782,1
422,785,1
422,786,1
422,787,0
422,788,0
422,789,0
422,815,0
422,816,1
422,819,0
422,821,0
422,822,0
422,823,1
422,824,1
422,825,0
422,826,0
422,827,0
422,828,1
422,829,0
422,830,0
422,834,0
422,836,1
422,838,1
422,839,0
422,840,1
422,841,0
422,843,0
422,844,0
422,845,1
422,846,1
422,847,1
422,848,0
422,849,0
422,850,0
422,851,0
422,852,0
422,853,0
422,854,0
422,855,0
422,856,0
422,857,0
422,859,0
422,860,0
422,862,0
422,863,1
422,864,0
423,250,0
423,251,0
423,252,0
423,253,0
423,254,0
423,256,0
423,257,0
423,258,0
423,260,0
423,262,0
423,266,0
423,267,1
424,46,1
424,52,0
424,56,1
424,59,0
424,67,0
424,76,1
424,78,0
424,83,0
424,96,0
424,100,0
424,101,0
424,108,0
424,113,0
424,116,1
424,127,0
424,131,1
424,140,0
424,249,0
424,250,1
424,251,0
424,252,0
424,253,0
424,254,0
424,255,1
424,256,0
424,257,0
424,258,0
424,259,0
424,260,0
425,0,0
425,4,0
425,12,0
425,16,0
425,19,0
425,30,1
425,48,1
425,49,0
425,54,0
425,60,0
425,83,0
425,101,0
425,104,0
425,108,0
425,112,0
425,121,0
425,124,0
425,129,0
425,133,0
425,137,0
425,138,1
425,151,0
425,157,0
425,162,0
425,169,0
425,172,0
425,178,0
425,195,0
425,196,1
425,220,0
425,221,0
425,222,0
425,223,0
425,224,0
425,225,0
425,226,0
425,227,0
425,228,0
425,229,0
425,230,0
425,231,0
425,232,0
425,233,0
425,234,0
425,235,0
425,236,0
425,237,0
425,238,0
425,239,0
425,240,1
425,241,0
425,242,0
425,243,0
425,244,0
425,245,0
425,249,0
425,250,0
425,251,0
425,253,0
425,255,0
425,256,0
425,257,0
425,258,1
425,259,0
425,262,0
425,266,0
425,267,0
425,270,0
425,271,0
425,272,0
425,273,0
425,274,0
425,275,0
425,276,0
425,278,0
425,280,0
425,282,0
425,285,0
425,287,1
425,288,0
425,289,0
425,292,0
425,293,0
425,294,0
425,295,0
425,298,0
425,299,0
425,300,0
425,301,0
425,310,1
425,311,0
425,312,0
425,313,0
425,315,0
425,316,0
425,319,0
425,472,1
425,473,0
425,474,1
425,475,1
425,476,1
425,479,0
425,480,1
425,481,1
425,482,0
425,496,1
425,497,1
425,500,1
425,504,1
425,505,1
425,510,1
425,511,1
425,512,1
425,513,1
425,514,1
425,517,1
425,520,0
425,521,1
425,522,1
425,528,1
425,529,1
425,530,1
425,531,1
425,532,0
425,533,1
425,534,0
425,535,1
425,536,1
425,537,1
425,546,0
425,547,1
425,549,0
425,558,1
425,559,1
425,560,0
425,561,1
425,562,1
425,564,0
425,565,0
425,566,0
425,567,0
425,568,1
425,570,1
425,572,1
425,576,1
425,577,1
425,582,1
425,608,0
425,609,1
425,610,1
425,611,1
425,612,0
425,613,1
425,614,0
425,615,0
425,631,1
425,632,0
425,633,0
425,636,0
425,637,0
425,639,0
425,640,0
425,642,1
425,644,1
425,645,0
425,648,1
425,649,1
425,650,1
425,651,1
425,652,1
425,653,0
425,655,0
425,658,1
425,659,1
425,660,1
425,662,0
425,663,0
425,664,1
425,665,1
425,667,0
425,668,1
425,669,0
425,670,0
425,671,1
425,674,1
425,675,0
425,677,1
425,680,0
425,682,0
425,684,0
425,686,1
425,689,1
425,691,0
425,693,1
425,696,1
425,698,1
425,699,0
425,700,1
425,703,1
425,705,1
425,707,0
425,708,1
425,709,0
425,710,1
425,711,0
425,712,1
425,713,0
425,714,0
425,715,0
425,716,0
425,718,1
425,724,0
425,725,1
425,727,1
425,728,0
425,729,1
425,730,0
425,732,0
425,735,1
425,740,1
425,743,1
425,748,1
425,751,1
425,753,0
425,755,1
425,756,0
425,757,0
425,758,0
425,759,0
425,760,0
425,761,1
425,764,0
425,768,1
425,769,1
425,770,0
425,771,1
425,772,1
425,773,1
425,774,0
425,775,1
425,776,1
425,777,1
425,778,1
425,779,0
425,780,1
425,834,0
425,836,1
425,837,1
425,838,1
425,844,1
425,845,1
425,846,0
425,847,1
425,850,1
425,852,1
425,856,1
425,857,0
425,858,0
425,860,1
425,862,0
425,863,0
425,864,1
425,866,0
425,867,0
425,868,1
425,872,0
425,877,1
426,128,0
426,131,0
426,134,0
426,138,0
426,249,0
426,250,0
426,251,0
426,252,0
426,253,0
426,254,0
426,255,0
426,256,0
426,257,0
426,258,0
426,259,0
426,260,0
426,262,0
426,412,0
426,415,0
426,417,0
426,418,0
426,419,0
426,420,0
426,421,0
426,422,0
426,426,0
426,427,1
426,432,0
426,434,0
426,435,0
426,437,0
426,440,0
426,442,0
426,443,0
426,445,0
426,446,0
426,453,0
426,462,0
426,465,1
426,473,0
426,474,1
426,475,1
426,476,1
426,892,0
426,893,0
426,894,1
426,895,1
426,896,1
426,897,1
426,898,0
426,899,0
426,900,0
426,901,0
426,903,1
426,904,0
426,905,1
426,906,1
426,907,0
426,908,1
426,909,1
426,910,0
426,911,1
426,912,0
426,913,0
427,0,1
427,4,0
427,11,0
427,15,0
427,18,0
427,27,1
427,30,0
427,36,0
427,39,0
427,41,0
427,48,0
427,49,0
427,55,0
427,59,0
427,62,0
427,72,0
427,73,0
427,80,0
427,84,0
427,100,0
427,101,0
427,102,0
427,109,0
427,110,0
427,117,0
427,119,0
427,124,0
427,127,0
427,130,0
427,137,0
427,151,0
427,158,0
427,161,0
427,169,0
427,173,0
427,179,0
427,191,0
427,192,0
427,199,0
427,200,1
427,220,0
427,221,0
427,222,0
427,223,0
427,224,0
427,225,0
427,226,0
427,227,0
427,228,0
427,229,0
427,230,0
427,232,0
427,233,0
427,234,0
427,235,0
427,236,0
427,237,0
427,238,0
427,249,0
427,250,0
427,251,0
427,252,0
427,253,0
427,254,0
427,255,0
427,256,0
427,257,0
427,258,0
427,259,0
427,260,0
427,262,0
427,266,0
427,309,0
427,310,0
427,311,0
427,312,0
427,313,0
427,314,1
427,315,0
427,316,0
427,317,1
427,318,0
427,319,0
427,472,1
427,473,1
427,474,1
427,475,1
427,476,1
427,479,1
427,480,1
427,481,0
427,482,0
427,494,1
427,497,1
427,501,1
427,502,1
427,503,1
427,504,1
427,510,0
427,511,0
427,512,0
427,513,0
427,514,0
427,515,0
427,519,0
427,520,0
427,523,1
427,525,1
427,529,0
427,530,1
427,531,1
427,532,1
427,534,1
427,535,1
427,537,1
427,546,0
427,547,0
427,548,0
427,549,0
427,550,0
427,551,0
427,552,0
427,553,0
427,558,1
427,559,0
427,560,1
427,561,1
427,562,0
427,564,0
427,565,0
427,566,0
427,567,0
427,570,1
427,571,1
427,574,1
427,577,1
427,578,1
427,580,1
427,581,0
427,608,1
427,609,0
427,613,0
427,614,1
427,631,0
427,632,0
427,633,0
427,634,0
427,636,0
427,638,0
427,639,0
427,640,0
427,641,1
427,642,0
427,648,0
427,649,1
427,650,1
427,651,1
427,652,1
427,654,1
427,655,1
427,656,0
427,657,0
427,658,0
427,659,0
427,660,0
427,661,0
427,662,1
427,663,0
427,664,1
427,665,1
427,666,1
427,668,1
427,670,0
427,674,0
427,675,0
427,679,1
427,680,1
427,682,0
427,684,1
427,685,0
427,686,0
427,687,0
427,699,0
428,0,0
428,2,1
428,10,0
428,15,0
428,17,0
428,23,0
428,30,0
428,42,0
428,45,0
428,52,0
428,56,0
428,57,0
428,68,0
428,69,0
428,75,0
428,77,0
428,82,0
428,98,1
428,101,0
428,104,0
428,108,0
428,113,0
428,115,0
428,121,0
428,125,0
428,128,0
428,130,0
428,134,0
428,139,1
428,151,0
428,153,0
428,159,0
428,162,0
428,169,0
428,174,0
428,178,0
428,184,0
428,189,1
428,193,0
428,199,0
428,200,0
428,205,0
428,210,0
428,220,0
428,221,0
428,222,1
428,225,0
428,227,0
428,228,0
428,309,0
428,310,0
428,311,0
428,312,1
428,313,1
428,314,0
428,315,1
428,316,0
428,317,0
428,318,0
428,319,0
428,320,1
428,472,1
428,473,1
428,474,1
428,475,1
428,476,1
428,477,0
428,479,0
428,480,0
428,481,1
428,482,1
428,495,1
428,497,1
428,501,1
428,503,1
428,504,1
428,505,1
428,510,1
428,511,1
428,512,1
428,513,1
428,514,1
428,515,0
428,516,0
428,518,1
428,521,0
428,524,1
428,528,1
428,530,0
428,531,1
428,532,0
428,533,0
428,534,0
428,535,1
428,536,1
428,537,1
428,546,0
428,547,0
428,548,1
428,549,0
428,550,0
428,551,0
428,552,0
428,553,0
428,554,1
428,555,0
428,556,1
428,558,0
428,559,0
428,560,0
428,561,0
428,562,0
428,564,0
428,565,0
428,566,0
428,567,0
428,568,0
428,569,1
428,572,1
428,575,1
428,576,0
428,577,0
428,580,1
428,582,1
428,583,1
428,608,0
428,609,0
428,613,1
428,614,1
428,615,1
428,631,0
428,632,0
428,633,0
429,0,0
429,14,0
429,30,1
430,151,0
430,550,0
430,551,0
430,552,0
430,553,0
430,554,0
430,555,0
430,556,0
430,557,0
430,559,0
430,560,1
430,561,0
430,562,0
430,564,0
430,565,0
430,566,0
430,567,0
430,568,0
430,569,0
430,574,0
430,578,0
430,579,1
430,582,1
430,583,0
430,587,1
430,590,1
430,591,1
430,608,1
430,609,1
430,610,1
430,611,1
430,612,1
430,613,0
430,614,0
430,615,0
430,631,0
431,0,0
431,2,0
431,12,0
431,15,0
431,20,0
431,24,0
431,29,0
431,48,0
431,49,0
431,54,0
431,58,0
431,101,0
431,105,0
431,107,0
431,111,0
431,115,0
431,121,0
431,125,0
431,126,0
431,131,1
431,151,0
431,157,0
431,160,0
431,170,0
431,175,1
431,178,0
431,188,0
431,192,0
431,198,0
431,203,0
431,204,0
431,210,0
431,218,1
431,220,0
431,221,0
431,222,0
431,223,0
431,224,0
431,225,0
431,226,0
431,227,0
431,228,0
431,229,0
431,230,0
431,231,0
431,232,0
431,233,0
431,234,0
431,235,0
431,236,0
431,237,0
431,238,0
431,239,1
431,243,0
431,309,1
431,310,1
431,311,0
431,312,0
431,313,0
431,314,1
431,315,0
431,316,0
431,317,0
431,319,0
431,472,1
431,473,1
431,474,1
431,475,1
431,476,1
431,477,0
431,479,0
431,480,1
431,481,0
431,482,0
431,494,1
431,495,1
431,500,1
431,502,1
431,503,1
431,504,1
431,510,1
431,511,1
431,512,1
431,513,1
431,515,1
431,516,1
431,520,1
431,521,0
431,522,1
431,523,1
431,528,1
431,529,0
431,530,1
431,531,1
431,532,0
431,533,0
431,534,1
431,535,1
431,537,1
431,546,0
431,547,0
431,548,0
431,549,0
431,550,0
431,551,0
431,552,0
431,553,0
431,555,0
431,556,1
431,557,1
431,558,0
431,559,1
431,560,0
431,561,1
431,562,0
431,564,0
431,565,1
431,566,1
431,567,0
431,568,1
431,569,0
431,573,1
431,575,1
431,577,1
431,582,1
431,583,1
431,608,0
431,614,1
431,615,1
431,631,0
431,632,0
431,633,0
431,634,0
432,249,0
432,250,0
432,251,0
432,252,0
432,253,0
432,254,0
432,255,0
432,256,0
432,257,0
432,258,0
432,259,0
432,260,0
432,261,0
432,262,0
432,264,0
432,265,0
432,266,0
432,267,0
432,268,0
432,269,1
432,270,0
432,271,0
432,272,0
432,273,0
432,274,0
432,275,0
432,276,0
432,277,0
432,278,0
432,279,0
432,280,0
432,281,0
432,282,0
432,292,0
432,293,0
432,294,0
432,295,0
432,297,0
432,298,0
432,299,0
432,300,0
432,321,0
432,322,0
432,323,0
432,324,0
432,325,0
432,326,0
432,327,0
432,328,0
432,329,0
432,330,0
432,331,0
432,332,0
432,333,0
432,334,0
432,335,0
432,336,0
432,337,0
432,339,0
432,342,0
432,348,0
432,352,0
432,353,0
432,354,0
432,355,0
432,356,0
432,357,0
432,358,0
432,359,0
432,360,0
432,362,0
432,363,0
432,707,0
432,708,0
432,709,0
432,710,0
432,711,1
432,712,0
432,713,0
432,714,0
432,715,0
432,716,0
432,717,1
432,725,0
432,726,0
432,731,1
432,732,0
432,733,0
432,734,0
432,739,1
432,768,0
432,769,1
432,770,0
432,771,1
432,772,1
432,773,0
432,774,0
432,775,1
432,776,1
432,777,0
432,778,0
432,779,1
432,780,0
432,781,1
432,785,1
432,787,1
432,788,0
432,789,0
432,790,1
432,791,1
432,796,0
432,797,0
432,799,0
432,800,1
432,801,0
432,802,0
432,815,0
432,816,0
432,819,0
432,820,0
432,821,0
432,822,0
432,823,0
432,824,0
432,825,0
432,826,0
432,827,0
432,828,0
432,829,0
432,830,0
432,834,0
432,836,1
432,837,1
432,838,1
432,840,0
432,843,0
432,844,0
432,846,1
432,847,0
432,848,0
432,849,0
432,850,0
432,851,0
432,852,0
432,853,0
432,854,0
432,855,0
432,856,0
432,857,0
432,858,0
432,859,0
432,860,0
432,861,0
432,862,0
432,864,0
432,865,0
432,914,0
432,916,0
432,918,0
432,919,0
432,920,0
432,921,0
432,922,0
432,923,0
432,924,0
432,925,0
432,926,0
432,927,0
432,928,0
432,929,0
432,931,0
432,934,0
432,935,0
432,937,0
432,938,0
432,940,0
432,941,0
432,942,0
432,944,0
432,945,0
432,946,0
432,947,0
432,950,0
432,951,0
432,953,0
432,954,0
432,959,0
432,960,0
432,963,0
432,964,0
432,965,0
432,966,0
432,967,0
432,968,0
432,969,0
432,970,0
432,972,0
432,973,0
432,974,1
432,975,0
432,976,0
432,977,0
432,978,0
432,1009,0
432,1011,0
432,1012,0
432,1014,0
432,1017,0
432,1018,0
432,1020,0
432,1027,0
432,1028,0
432,1029,0
432,1030,0
432,1031,0
432,1035,0
432,1036,0
432,1037,0
432,1038,0
433,0,0
433,4,0
433,7,0
433,9,0
433,13,0
433,17,0
433,22,0
433,25,0
433,30,0
433,34,0
433,38,0
433,41,0
433,45,0
433,50,0
433,56,0
433,59,0
433,74,0
433,84,0
433,101,0
433,104,0
433,109,0
433,112,0
433,115,0
433,118,0
433,125,0
433,127,0
433,133,0
433,135,0
433,151,0
433,152,0
433,157,0
433,160,0
433,164,0
433,168,0
433,173,0
433,179,0
433,183,0
433,184,0
433,190,0
433,193,0
433,197,0
433,220,0
433,221,0
433,222,0
433,223,0
433,224,0
433,225,0
433,226,0
433,227,0
433,228,0
433,229,0
433,230,0
433,231,0
433,232,0
433,233,0
433,234,0
433,235,0
433,236,0
433,237,0
433,238,0
433,249,0
433,250,0
433,251,0
433,252,0
433,253,0
433,254,0
433,255,0
433,256,0
433,257,0
433,258,0
433,259,0
433,260,0
433,270,0
433,271,0
433,272,0
433,273,0
433,274,0
433,275,0
433,276,0
433,277,0
433,278,0
433,280,0
433,309,0
433,310,1
433,311,0
433,312,0
433,313,0
433,315,0
433,316,0
433,317,0
433,319,0
433,472,0
433,473,1
433,474,1
433,475,1
433,476,1
433,479,0
433,480,0
433,481,0
433,482,1
433,494,0
433,495,0
433,496,0
433,497,0
433,498,0
433,499,0
433,500,0
433,501,0
433,502,1
433,503,0
433,510,1
433,511,1
433,512,0
433,513,1
433,514,0
433,515,0
433,516,0
433,518,0
433,519,0
433,520,0
433,523,0
433,528,0
433,530,0
433,531,0
433,532,0
433,533,0
433,534,1
433,537,1
433,546,0
433,547,0
433,548,1
433,549,1
433,551,0
433,552,0
433,553,0
433,558,0
433,559,0
433,560,0
433,561,0
433,562,0
433,564,0
433,565,0
433,566,0
433,567,0
433,568,0
433,569,1
433,572,1
433,575,1
433,576,0
433,577,0
433,578,1
433,579,1
433,580,1
433,581,1
433,583,0
433,608,0
433,609,1
433,614,0
433,631,0
433,632,0
433,633,0
433,634,0
433,636,0
433,637,1
433,639,1
433,640,1
433,642,1
433,646,0
433,648,0
433,649,1
433,650,1
433,651,1
433,653,1
433,655,0
433,656,0
433,657,0
433,658,0
433,659,0
433,660,0
433,661,0
433,662,0
433,663,0
433,664,0
433,665,0
433,666,0
433,667,0
433,668,0
433,669,0
433,672,0
433,682,0
433,707,1
433,708,0
433,709,0
433,710,0
433,711,0
433,712,0
433,713,0
433,714,0
433,715,0
433,718,0
433,719,0
433,720,1
433,723,0
433,724,0
433,726,0
433,727,0
433,730,0
433,733,1
433,735,0
433,736,0
433,737,0
433,740,0
433,741,0
433,747,1
433,749,1
433,750,0
433,752,0
433,754,0
433,755,0
433,756,0
433,757,0
433,758,0
433,759,0
433,760,0
433,761,0
433,763,0
433,765,0
433,766,0
433,768,0
433,769,1
433,770,0
433,771,1
433,772,0
433,773,1
433,774,0
433,775,1
433,776,1
433,777,0
433,778,1
433,779,1
433,780,0
434,249,0
434,250,0
434,251,0
434,252,0
434,253,0
434,254,0
434,255,0
434,256,0
434,257,0
434,258,0
434,259,0
434,260,0
434,262,0
434,263,1
434,265,0
434,266,0
434,267,0
434,268,0
434,892,1
434,893,1
434,894,1
434,895,1
434,896,1
434,897,1
434,898,1
434,899,1
434,900,0
434,902,1
434,903,1
434,904,0
434,905,1
434,906,0
434,907,1
434,908,0
434,909,1
435,132,1
435,140,0
435,144,0
435,147,0
435,150,0
435,249,0
435,251,0
435,253,0
435,255,0
435,256,0
435,257,0
435,258,0
435,259,0
435,260,0
435,472,1
435,473,1
435,474,1
435,475,1
435,476,1
435,479,1
435,480,1
435,481,1
435,482,1
435,494,1
435,495,0
435,498,1
435,500,1
435,503,1
435,504,1
435,505,0
435,522,1
435,892,1
435,893,1
435,894,0
435,895,1
435,896,1
435,897,1
435,898,0
435,900,1
435,902,1
435,903,0
435,904,1
435,905,0
435,906,0
435,907,1
435,908,0
435,909,1
435,910,0
435,911,1
435,912,0
435,913,0
436,0,1
436,1,0
436,11,0
436,15,0
436,17,0
436,26,0
436,29,0
436,45,0
436,50,0
436,56,0
436,58,0
436,84,0
436,101,0
436,103,0
436,106,0
436,110,0
436,117,0
436,118,0
436,123,0
436,126,0
436,151,0
436,155,0
436,156,0
436,163,0
436,166,0
436,169,0
436,174,0
436,178,0
436,182,1
436,187,0
436,191,0
436,192,0
436,220,0
436,221,0
436,225,0
436,227,0
436,228,0
436,229,0
436,230,0
436,231,0
436,232,0
436,233,0
436,234,0
436,235,0
436,236,0
436,237,0
436,238,0
436,239,0
436,243,0
436,249,0
436,250,0
436,253,0
436,255,0
436,256,0
436,257,0
436,258,1
436,259,0
436,270,0
436,271,0
436,272,0
436,273,0
436,274,0
436,275,0
436,276,0
436,277,0
436,278,0
436,279,0
436,280,0
436,281,0
436,282,0
436,283,0
436,284,0
436,285,0
436,286,0
436,287,0
436,288,0
436,289,0
436,292,0
436,293,0
436,294,0
436,295,0
436,297,0
436,298,0
436,300,0
436,311,0
436,312,0
436,313,0
436,315,0
436,316,0
436,319,0
436,321,0
436,322,0
436,323,0
436,324,0
436,325,0
436,326,0
436,327,0
436,328,0
436,329,0
436,330,0
436,331,0
436,332,0
436,333,0
436,334,0
436,335,0
436,336,0
436,337,0
436,338,0
436,339,0
436,349,0
436,351,0
436,352,0
436,353,0
436,354,0
436,355,0
436,356,0
436,357,0
436,358,0
436,360,0
436,363,0
436,472,0
436,473,1
436,474,1
436,475,1
436,476,0
436,477,0
436,479,0
436,480,1
436,481,0
436,482,1
436,495,1
436,497,1
436,500,1
436,502,1
436,503,1
436,505,1
436,510,1
436,511,1
436,512,1
436,513,1
436,514,1
436,516,0
436,517,0
436,519,0
436,520,0
436,521,1
436,522,1
436,526,1
436,529,0
436,530,1
436,531,1
436,533,1
436,535,1
436,536,1
436,537,1
436,546,0
436,547,0
436,548,0
436,549,0
436,550,0
436,551,0
436,552,0
436,553,0
436,554,0
436,556,0
436,557,1
436,558,0
436,559,0
436,560,0
436,561,0
436,562,1
436,563,0
436,564,0
436,565,0
436,566,0
436,567,0
436,569,0
436,570,1
436,571,1
436,574,0
436,575,1
436,578,1
436,582,1
436,583,1
436,608,1
436,611,0
436,614,1
436,631,0
436,632,0
436,633,0
436,634,1
436,635,0
436,636,0
436,638,0
436,639,1
436,640,0
436,641,0
436,642,0
436,643,0
436,644,0
436,645,0
436,646,0
436,647,0
436,648,0
436,649,1
436,650,0
436,651,0
436,652,1
436,654,1
436,655,1
436,657,1
436,660,1
436,661,0
436,662,0
436,663,0
436,664,0
436,665,1
436,666,0
436,667,0
436,668,0
436,669,0
436,670,0
436,671,0
436,672,0
436,707,0
436,708,0
436,709,0
436,710,0
436,711,0
436,712,0
436,713,0
436,714,0
436,768,0
436,769,0
436,770,0
436,771,1
436,772,0
436,773,1
436,774,0
436,775,1
436,776,1
436,777,0
436,778,0
436,779,0
436,780,0
436,782,1
436,785,1
436,787,1
436,788,0
436,789,1
436,816,1
436,817,1
436,819,0
436,820,0
436,821,0
436,822,1
436,823,1
436,824,1
436,825,0
436,826,0
436,827,0
436,828,0
436,829,1
436,830,0
436,834,0
436,836,0
436,837,1
436,838,1
436,840,1
436,841,0
436,842,0
436,843,0
436,844,0
436,845,0
436,846,0
436,847,0
436,848,1
436,849,1
436,851,0
436,853,1
436,855,0
436,858,0
436,859,1
436,861,0
436,862,1
436,864,0
436,866,0
436,867,0
436,868,0
436,871,0
436,872,1
436,874,0
436,875,0
436,876,1
436,877,0
436,887,0
436,892,0
436,893,0
436,894,1
436,895,1
436,896,1
436,897,1
436,898,1
436,900,0
436,902,1
436,903,0
436,904,0
436,905,0
436,906,0
436,907,0
436,908,0
436,909,1
436,914,0
436,916,0
436,917,0
436,918,0
436,919,0
436,920,0
436,921,0
436,923,0
436,924,0
436,925,0
436,926,0
436,927,1
436,928,0
436,929,0
436,930,1
436,931,0
436,932,1
436,933,0
436,934,0
436,935,0
436,936,0
436,937,0
436,938,0
436,939,0
436,940,0
436,941,0
436,944,0
436,945,0
436,946,0
436,947,0
436,950,0
436,951,0
436,953,0
436,954,0
436,955,0
436,956,0
436,959,0
436,961,1
436,962,0
436,964,0
436,966,1
436,967,1
436,968,0
436,970,0
436,971,0
436,973,0
436,977,0
436,1009,0
436,1015,1
436,1029,0
436,1030,1
436,1032,0
436,1033,0
436,1034,0
436,1035,0
437,139,0
437,144,0
437,149,0
437,150,1
437,249,0
437,472,1
437,473,1
437,474,0
437,475,1
438,631,0
439,0,0
439,3,0
439,8,0
439,10,0
439,15,0
439,19,0
439,22,0
439,25,1
439,31,0
439,35,0
439,39,0
439,43,0
439,47,0
439,50,0
439,54,0
439,60,0
439,82,1
439,101,0
439,103,0
439,107,0
439,113,0
439,114,0
439,118,0
439,124,0
439,129,0
439,133,0
439,137,0
439,138,0
439,146,0
439,150,0
439,151,0
439,154,1
439,158,0
439,160,0
439,171,0
439,173,1
439,179,0
439,194,0
439,558,0
439,559,0
439,560,1
439,561,1
439,562,1
439,564,0
439,565,1
439,566,1
439,567,0
439,758,0
439,760,0
439,762,0
439,765,0
439,782,1
439,784,1
439,785,1
439,787,0
439,817,1
439,819,1
439,820,1
439,821,0
439,822,1
439,823,1
439,824,0
439,825,0
439,826,0
439,827,0
439,834,0
439,836,0
439,837,1
439,838,1
439,840,1
439,843,0
439,844,0
439,845,0
439,846,1
439,848,0
439,849,1
439,850,1
439,851,1
439,852,0
439,855,0
439,857,0
439,858,0
439,859,0
439,860,1
439,861,0
439,862,0
439,863,0
439,864,0
439,865,0
439,866,0
439,867,0
439,868,0
439,869,0
439,870,0
439,871,0
439,872,0
439,874,0
439,875,0
439,876,0
439,877,0
440,143,0
440,150,0
440,249,0
441,231,0
441,232,0
441,236,0
441,237,0
441,238,0
441,243,0
442,0,0
442,3,0
442,8,0
442,11,0
442,16,1
442,17,0
442,23,0
442,25,1
442,29,0
442,36,0
442,40,0
442,48,1
442,51,0
442,53,0
442,101,0
442,104,0
442,108,0
442,111,0
442,114,0
442,119,0
442,124,0
442,126,0
442,131,0
442,135,0
442,140,0
442,151,0
442,156,0
442,162,0
442,171,0
442,173,0
442,179,0
442,194,0
442,199,0
442,203,0
442,207,0
442,210,0
442,212,0
442,218,0
442,472,1
442,473,0
442,474,1
442,475,1
442,476,1
442,479,1
442,480,0
442,481,0
442,482,0
442,488,1
442,495,0
442,496,1
442,500,1
442,501,1
442,502,1
442,503,1
442,505,1
442,510,1
442,511,1
442,512,1
442,513,1
442,514,1
442,516,1
442,517,0
442,519,0
442,521,1
442,522,1
442,524,1
442,528,1
442,530,1
442,531,1
442,532,1
442,533,0
442,534,0
442,535,0
442,536,1
442,537,0
442,546,0
442,547,0
442,548,0
442,549,0
442,551,0
442,553,0
442,558,0
442,561,0
442,562,0
442,564,0
442,565,0
442,566,0
442,567,0
442,568,0
442,569,0
442,570,1
442,571,0
442,572,0
442,573,1
442,574,1
442,575,0
442,576,1
442,577,0
442,582,1
442,583,0
442,591,1
442,610,0
442,614,0
442,615,1
442,631,0
443,0,0
443,12,1
443,15,1
443,19,0
443,21,1
443,29,1
443,45,1
443,49,0
443,53,1
443,57,0
443,101,0
443,109,1
443,113,0
443,118,0
443,128,0
443,131,0
443,137,0
443,141,0
443,142,0
443,151,0
443,156,1
443,162,0
443,171,0
443,178,0
443,194,0
443,196,1
443,201,1
443,204,0
443,220,0
443,221,0
443,225,1
443,227,0
443,228,0
443,230,0
443,233,0
443,234,1
443,235,0
443,236,0
443,239,0
443,241,0
443,243,0
443,244,0
443,245,1
443,249,0
443,251,0
443,253,0
443,254,1
443,255,0
443,256,0
443,257,1
443,258,1
443,259,0
443,262,0
443,266,0
443,267,0
443,270,1
443,272,1
443,273,1
443,274,0
443,275,0
443,276,1
443,278,1
443,280,0
443,282,0
443,283,0
443,284,0
443,285,1
443,292,0
443,293,0
443,294,0
443,295,0
443,298,0
443,299,0
443,300,0
443,303,0
443,311,1
443,312,0
443,313,1
443,315,1
443,316,0
443,321,0
443,322,0
443,323,0
443,324,0
443,325,0
443,326,0
443,327,0
443,328,0
443,329,0
443,330,0
443,331,0
443,332,0
443,333,0
443,334,0
443,335,0
443,336,0
443,337,0
443,339,0
443,348,0
443,352,0
443,357,0
443,472,1
443,473,1
443,474,1
443,475,1
443,476,1
443,479,1
443,480,0
443,481,1
443,482,1
443,495,1
443,496,0
443,497,1
443,498,1
443,499,1
443,502,0
443,503,1
443,504,1
443,505,1
443,510,1
443,511,1
443,515,1
443,516,1
443,519,1
443,522,1
443,526,1
443,529,1
443,530,1
443,531,1
443,532,0
443,533,1
443,534,1
443,536,1
443,537,1
443,546,0
443,547,1
443,548,0
443,549,0
443,558,0
443,559,1
443,560,1
443,561,1
443,562,1
443,564,0
443,565,1
443,566,0
443,567,1
443,570,1
443,571,1
443,574,1
443,577,1
443,578,1
443,582,1
443,608,0
443,609,0
443,610,1
443,611,1
443,612,1
443,613,1
443,614,0
443,615,1
443,631,0
443,632,0
443,633,1
443,636,1
443,637,0
443,639,1
443,640,1
443,642,1
443,644,1
443,645,0
443,648,0
443,649,1
443,650,1
443,651,1
443,652,1
443,654,1
443,656,1
443,657,1
443,660,1
443,662,1
443,663,1
443,664,1
443,666,1
443,667,1
443,668,0
443,669,0
443,671,1
443,672,0
443,675,1
443,682,1
443,707,0
443,708,1
443,709,0
443,710,0
443,711,0
443,712,1
443,713,0
443,714,0
443,715,1
443,717,1
443,723,1
443,724,0
443,730,1
443,739,1
443,742,1
443,745,1
443,748,1
443,752,1
443,755,1
443,756,0
443,757,0
443,759,0
443,761,1
443,768,0
443,769,1
443,770,0
443,771,1
443,772,1
443,773,1
443,774,1
443,775,1
443,776,1
443,777,1
443,778,1
443,779,1
443,780,0
443,781,0
443,782,1
443,786,1
443,787,1
443,788,1
443,815,1
443,816,0
443,819,0
443,820,1
443,821,0
443,822,1
443,823,1
443,824,1
443,825,1
443,826,1
443,827,1
443,828,0
443,829,0
443,830,1
443,834,0
443,837,1
443,838,1
443,839,1
443,840,0
443,843,0
443,844,1
443,847,1
443,849,1
443,850,1
443,852,1
443,859,0
443,861,1
443,863,1
443,864,1
443,867,1
443,872,1
443,876,1
443,889,1
443,914,0
443,916,1
443,918,0
443,920,1
443,921,1
443,923,1
443,926,0
443,928,0
443,929,0
443,935,0
443,937,1
443,938,0
444,231,0
444,232,0
444,236,0
444,237,0
444,238,0
444,239,0
444,241,0
444,243,0
444,249,0
444,250,0
444,251,0
444,252,1
444,253,0
444,254,0
444,255,0
444,256,0
444,257,0
444,258,0
444,259,0
444,260,0
444,262,1
444,266,0
444,636,1
444,638,0
444,639,1
444,640,1
444,642,1
444,643,1
444,645,1
444,648,1
444,649,0
444,650,1
444,651,1
444,652,1
444,654,1
444,655,1
444,656,1
444,658,1
444,660,0
444,661,0
444,662,1
444,663,1
444,664,1
444,665,1
444,667,1
444,668,0
444,669,1
444,670,0
444,671,1
444,675,0
444,682,0
444,687,0
444,688,1
444,689,1
444,707,1
444,708,1
444,768,0
444,769,1
444,770,0
444,771,1
444,772,0
444,773,0
444,774,0
445,231,0
445,236,0
445,239,0
445,240,0
445,241,0
445,242,0
445,243,0
445,244,0
445,245,0
445,246,0
445,248,0
445,249,0
445,251,0
445,253,0
445,255,0
445,256,0
445,257,0
445,258,0
445,259,0
445,636,0
445,637,1
445,638,0
445,639,0
445,640,0
445,641,0
445,642,0
445,643,1
445,645,0
445,646,1
445,647,0
445,649,1
445,650,1
445,651,1
445,652,1
445,654,1
445,655,1
445,658,1
445,660,1
445,661,0
445,662,0
445,663,0
445,664,0
445,665,0
445,666,0
445,667,1
445,668,1
445,669,0
445,671,0
445,674,0
445,675,0
445,677,0
445,682,0
445,684,1
446,249,0
446,250,0
446,251,0
446,252,1
446,253,0
446,254,0
446,255,0
446,256,0
446,257,0
446,258,0
446,259,0
446,270,0
446,271,0
446,272,0
446,273,0
446,274,0
446,275,0
446,276,0
446,277,0
446,278,0
446,279,0
446,280,0
446,281,0
446,650,0
446,651,1
446,655,0
446,657,1
446,660,1
446,662,1
446,663,1
446,664,1
446,666,1
446,667,0
446,668,0
446,669,1
446,671,0
446,672,0
446,673,0
446,675,1
446,676,0
446,682,0
446,683,0
446,685,0
446,686,1
446,687,1
446,688,0
446,689,0
446,691,0
446,699,1
446,707,1
446,708,1
446,709,1
446,710,1
446,711,1
446,712,1
446,713,1
446,714,0
446,731,0
446,768,0
446,769,1
446,770,0
446,771,1
446,772,1
446,773,0
446,774,0
446,775,1
446,776,1
446,777,0
446,778,0
446,779,0
446,780,1
446,782,1
446,786,1
446,787,1
446,816,0
446,817,1
446,819,1
446,820,0
446,821,1
446,822,0
446,824,1
446,834,0
446,836,1
446,837,1
446,839,1
446,843,0
446,844,0
446,845,1
446,846,1
446,848,1
446,850,0
446,851,0
446,854,0
446,855,1
446,856,1
446,857,0
446,858,0
446,859,0
446,860,0
446,861,1
446,862,0
446,863,1
446,864,0
446,865,0
447,240,0
447,241,0
447,242,0
447,246,0
447,249,0
447,250,0
447,251,0
447,252,0
447,253,0
447,254,1
447,255,0
447,256,0
447,257,0
447,258,1
447,259,0
447,260,0
447,270,0
447,271,0
447,272,0
447,273,0
447,274,0
447,275,0
447,276,0
447,278,1
447,280,0
447,282,0
447,283,0
447,636,1
447,637,1
447,639,0
447,640,1
447,642,0
447,644,1
447,645,0
447,648,0
447,649,1
447,650,1
447,651,1
447,652,1
447,654,1
447,655,1
447,656,1
447,657,1
447,659,1
447,660,0
447,661,1
447,663,0
447,665,0
447,666,1
447,667,0
447,668,0
447,669,0
447,670,0
447,671,1
447,672,0
447,673,0
447,675,0
447,677,1
447,680,1
447,682,0
447,683,0
447,686,0
447,687,0
447,688,0
447,689,0
447,690,0
447,691,0
447,692,1
447,696,1
447,699,0
447,701,0
447,703,1
447,706,0
447,707,1
447,708,1
447,709,0
447,710,0
447,711,1
447,712,1
447,713,1
447,714,0
447,768,1
447,769,1
447,770,1
447,771,1
447,772,1
447,773,1
447,774,1
447,775,1
447,776,0
447,777,1
447,778,0
447,779,1
447,780,1
448,0,1
448,2,1
448,6,0
448,9,0
448,16,0
448,20,0
448,30,1
448,38,0
448,43,0
448,48,0
448,52,0
448,53,0
448,58,0
448,64,0
448,67,1
448,69,0
448,73,0
448,77,0
448,82,0
448,85,0
448,91,0
448,93,0
448,97,0
448,101,0
448,109,0
448,110,0
448,115,0
448,119,0
448,126,1
448,151,0
448,155,0
448,157,0
448,163,0
448,171,0
448,175,1
448,178,0
448,186,0
448,189,0
448,195,0
448,198,0
448,201,0
448,211,0
448,220,0
448,221,0
448,222,0
448,223,0
448,224,0
448,225,0
448,226,0
448,227,0
448,228,0
448,229,0
448,230,0
448,231,0
448,232,0
448,233,0
448,234,0
448,235,0
448,236,0
448,237,0
448,238,0
448,239,0
448,240,0
448,241,0
448,242,0
448,243,0
448,244,0
448,245,0
448,249,0
448,250,0
448,251,0
448,252,0
448,253,0
448,254,0
448,255,0
448,256,0
448,257,0
448,258,0
448,259,0
448,260,0
448,270,0
448,271,0
448,272,0
448,273,0
448,274,0
448,275,0
448,276,0
448,277,0
448,278,0
448,279,0
448,280,0
448,292,0
448,293,0
448,294,0
448,295,0
448,296,0
448,297,0
448,298,0
448,299,0
448,300,0
448,301,0
448,302,0
448,311,0
448,312,0
448,313,0
448,315,0
448,316,0
448,319,0
448,321,0
448,322,0
448,323,0
448,324,0
448,325,0
448,326,0
448,327,0
448,328,0
448,329,0
448,330,0
448,331,0
448,332,0
448,333,0
448,334,0
448,335,0
448,336,0
448,337,0
448,339,0
448,352,0
448,353,0
448,354,0
448,355,0
448,356,0
448,357,0
448,358,0
448,359,0
448,360,0
448,361,1
448,362,0
448,363,0
448,364,0
448,365,0
448,366,0
448,367,0
448,368,0
448,370,0
448,371,0
448,372,0
448,373,0
448,374,0
448,375,0
448,376,0
448,377,0
448,378,0
448,379,0
448,380,0
448,381,0
448,382,0
448,383,0
448,384,0
448,385,0
448,386,0
448,387,0
448,388,0
448,389,0
448,390,0
448,391,0
448,392,0
448,393,0
448,394,0
448,395,0
448,396,1
448,400,0
448,402,0
448,403,0
448,404,0
448,405,0
448,406,0
448,407,0
448,412,0
448,415,1
448,417,0
448,418,0
448,419,0
448,421,1
448,422,0
448,426,0
448,427,1
448,430,0
448,432,0
448,434,0
448,435,0
448,439,0
448,440,0
448,441,1
448,442,0
448,443,0
448,445,0
448,446,0
448,447,0
448,448,0
448,449,0
448,450,0
448,451,0
448,452,1
448,453,0
448,455,0
448,459,0
448,461,0
448,462,0
448,464,0
448,465,0
448,466,1
448,467,0
448,468,0
448,470,0
448,472,1
448,473,1
448,474,1
448,475,1
448,476,1
448,477,0
448,478,0
448,479,1
448,480,1
448,481,1
448,482,0
448,494,1
448,496,1
448,500,0
448,501,1
448,502,1
448,503,1
448,504,1
448,510,1
448,511,1
448,512,1
448,513,1
448,515,1
448,516,1
448,520,1
448,521,0
448,523,1
448,528,1
448,529,1
448,530,1
448,532,0
448,533,1
448,534,0
448,535,0
448,536,1
448,537,1
448,546,0
448,547,1
448,548,0
448,549,0
448,550,0
448,551,0
448,552,0
448,553,1
448,554,1
448,556,1
448,557,1
448,558,1
448,559,1
448,560,0
448,561,0
448,562,0
448,564,0
448,565,0
448,566,1
448,567,1
448,568,1
448,569,0
448,573,1
448,574,1
448,576,0
448,577,1
448,578,0
448,580,1
448,582,1
448,583,1
448,608,1
448,610,1
448,614,1
448,631,0
448,632,0
448,636,0
448,638,1
448,639,0
448,640,1
448,641,0
448,642,0
448,643,1
448,644,0
448,645,0
448,646,0
448,647,0
448,648,0
448,649,0
448,650,1
448,651,1
448,652,1
448,653,1
448,655,0
448,656,0
448,657,0
448,658,1
448,659,1
448,660,1
448,662,0
448,663,0
448,664,0
448,665,1
448,666,1
448,667,0
448,668,0
448,669,1
448,670,1
448,671,0
448,673,1
448,674,0
448,675,1
448,680,0
448,682,0
448,683,0
448,685,1
448,686,0
448,688,1
448,689,1
448,691,0
448,707,0
448,708,0
448,709,1
448,710,1
448,711,0
448,712,0
448,713,0
448,714,0
448,768,1
448,769,1
448,770,1
448,771,1
448,772,1
448,773,1
448,774,1
448,775,1
448,776,1
448,777,0
448,778,1
448,779,1
448,780,0
448,781,1
448,784,1
448,786,1
448,787,0
448,788,0
448,789,0
448,815,1
448,816,1
448,819,1
448,821,1
448,822,0
448,823,1
448,824,0
448,825,0
448,826,0
448,827,0
448,828,0
448,829,1
448,830,1
448,831,0
448,832,0
448,833,0
448,834,0
448,836,1
448,837,1
448,838,1
448,840,0
448,841,0
448,842,0
448,843,0
448,844,0
448,845,0
448,846,0
448,847,0
448,848,0
448,849,0
448,850,0
448,851,0
448,852,0
448,853,0
448,855,0
448,856,1
448,857,0
448,892,1
448,893,0
448,894,1
448,895,1
448,896,0
448,897,1
448,898,1
448,903,1
448,904,0
448,905,1
448,906,1
448,907,0
448,908,0
448,909,0
448,910,0
448,911,0
448,912,0
448,913,0
448,914,0
448,916,0
448,918,0
448,919,0
448,920,0
448,921,0
448,922,0
448,923,0
448,925,0
448,926,0
448,927,0
448,928,0
448,929,0
448,935,0
448,937,0
448,938,0
448,941,0
448,942,0
448,944,0
448,945,0
448,946,0
448,947,0
448,950,0
448,951,0
448,952,0
448,953,0
448,954,0
448,955,0
448,956,0
448,957,0
448,959,0
448,961,0
448,962,1
448,963,0
448,964,1
448,965,0
448,966,1
448,967,1
448,969,0
448,970,0
448,971,0
448,973,0
448,974,1
448,975,1
448,976,0
448,978,1
448,979,1
448,980,1
448,982,1
448,984,0
448,988,0
448,992,0
448,993,0
448,994,0
448,995,1
448,997,0
448,998,1
448,999,0
448,1000,0
448,1002,0
448,1004,0
448,1005,0
448,1006,0
448,1008,0
448,1009,0
448,1010,0
448,1011,0
448,1012,0
448,1013,0
448,1016,0
448,1017,0
448,1018,0
448,1019,0
448,1021,0
448,1025,0
448,1027,0
448,1028,1
448,1032,0
448,1035,0
448,1039,0
448,1041,0
448,1042,1
448,1043,0
448,1044,0
448,1046,0
448,1048,0
448,1049,1
448,1050,1
448,1084,0
448,1085,0
448,1086,0
448,1087,0
448,1088,0
448,1089,0
448,1090,0
448,1091,0
448,1092,0
448,1093,0
448,1094,0
448,1095,0
448,1096,1
448,1097,0
448,1098,0
448,1099,0
448,1100,0
448,1101,0
448,1102,0
448,1103,0
448,1104,0
448,1105,0
448,1106,0
448,1107,0
449,0,0
449,16,1
449,321,0
449,322,0
449,323,0
449,324,0
449,325,0
449,326,0
449,327,0
449,328,0
449,329,0
449,330,0
449,331,0
449,332,0
449,333,0
449,334,0
449,335,0
449,336,0
449,337,0
449,338,0
449,339,0
449,349,0
449,350,0
449,351,0
449,352,0
449,354,0
449,355,0
449,356,0
449,357,0
449,363,0
449,364,0
449,365,0
449,366,0
449,367,0
449,368,0
449,370,1
449,374,0
449,375,0
449,376,0
449,378,0
449,379,0
449,380,0
449,382,0
449,383,0
449,386,0
449,387,0
449,388,0
449,389,1
449,390,0
449,392,0
449,393,0
449,394,0
449,395,0
449,396,0
449,398,0
449,399,0
449,400,0
449,402,0
449,403,0
449,404,0
449,405,0
449,407,0
449,417,0
449,418,0
449,419,0
449,421,1
449,422,0
449,426,0
449,427,0
449,430,1
449,432,0
449,831,0
449,832,1
449,833,0
449,892,1
449,893,0
449,894,1
449,895,1
449,896,1
449,897,1
449,898,0
449,900,1
449,903,0
449,904,0
449,905,0
449,906,1
449,907,1
449,908,0
449,909,0
449,911,0
449,914,1
449,915,0
449,916,0
449,918,0
449,920,0
449,921,0
449,922,0
449,923,0
449,924,0
449,926,0
449,927,0
449,928,0
449,929,0
449,930,1
449,931,0
449,932,0
449,934,0
449,935,0
449,936,1
449,937,0
449,938,1
449,939,1
449,941,0
449,944,0
449,946,0
449,950,0
449,951,0
449,952,0
449,953,0
449,954,0
449,955,0
449,956,0
449,958,0
449,959,0
449,967,0
449,975,0
449,979,1
449,984,1
449,992,0
449,1000,0
449,1009,0
449,1011,1
449,1015,1
449,1016,0
449,1017,1
449,1019,0
449,1020,1
449,1021,0
449,1022,0
449,1023,0
449,1025,1
449,1026,1
449,1028,0
449,1029,0
449,1032,0
449,1035,1
449,1036,0
450,558,0
451,249,0
451,250,1
451,251,0
451,253,0
451,255,0
451,256,0
451,257,1
451,258,0
451,259,0
451,262,0
451,265,0
451,266,0
451,267,0
451,268,1
451,270,0
451,272,0
451,273,1
451,274,0
451,275,0
451,662,0
451,664,1
451,667,0
451,668,0
451,669,1
451,670,0
451,672,1
451,675,0
451,682,0
451,707,0
451,708,0
451,709,1
451,710,0
451,711,0
451,712,0
451,713,0
451,714,0
451,734,1
451,768,0
451,769,1
451,770,0
451,771,1
451,772,1
451,773,1
451,774,1
451,775,1
451,776,1
451,777,0
451,778,1
451,779,0
451,780,0
452,0,0
452,1,0
452,11,0
452,14,0
452,18,0
452,30,0
452,44,0
452,48,0
452,52,0
452,56,0
452,59,0
452,68,0
452,69,0
452,76,0
452,79,0
452,81,0
452,101,0
452,104,0
452,109,0
452,112,0
452,114,0
452,118,0
452,125,0
452,128,0
452,133,0
452,134,0
452,151,0
452,153,0
452,159,0
452,163,0
452,167,0
452,170,0
452,173,0
452,178,0
452,182,0
452,185,0
452,189,0
452,192,0
452,196,0
452,202,0
452,206,0
452,211,0
452,215,1
452,216,0
452,220,0
452,221,0
452,222,0
452,224,0
452,225,0
452,226,0
452,227,0
452,228,0
452,229,0
452,309,0
452,310,0
452,311,0
452,312,0
452,313,0
452,315,0
452,316,0
452,317,0
452,319,0
452,473,0
452,475,0
452,476,0
452,479,0
452,480,0
452,481,0
452,482,0
452,502,0
452,503,0
452,504,0
452,505,0
452,511,0
452,512,0
452,515,0
452,517,1
452,518,0
452,520,0
452,521,1
452,522,0
452,523,0
452,524,0
452,525,1
452,526,1
452,527,0
452,528,0
452,529,0
452,532,1
452,534,1
452,535,1
452,536,1
452,537,0
452,546,0
452,547,0
452,548,0
452,549,0
452,550,1
452,551,1
452,552,0
452,553,0
452,555,0
452,556,0
452,557,1
452,558,0
452,559,0
452,560,0
452,561,0
452,562,0
452,564,0
452,565,0
452,566,0
452,567,0
452,568,0
452,569,0
452,570,0
452,571,0
452,572,0
452,574,0
452,575,1
452,576,1
452,577,0
452,578,0
452,579,0
452,580,1
452,581,0
452,582,1
452,583,1
452,609,1
452,610,1
452,614,0
452,615,1
452,631,0
452,632,0
452,633,0
452,634,0
453,709,0
453,710,0
453,711,0
453,712,0
453,713,0
453,714,0
453,773,1
453,774,0
453,775,0
453,776,0
453,777,0
453,778,0
453,779,0
453,780,0
453,834,0
453,835,0
453,836,0
453,837,0
453,838,1
453,839,0
453,840,0
453,841,0
453,842,0
453,843,0
453,844,0
453,845,0
453,846,0
453,847,0
453,848,0
453,849,0
453,850,0
453,851,0
453,852,0
453,853,0
453,854,0
453,855,0
453,856,0
453,858,0
453,859,0
453,864,0
454,0,0
454,1,1
454,11,0
454,16,0
454,18,1
454,24,0
454,31,0
454,48,0
454,49,0
454,55,1
454,60,0
454,82,0
455,321,0
455,322,0
455,323,0
455,324,0
455,325,0
455,326,0
455,327,0
455,328,0
455,329,0
455,330,0
455,331,0
455,332,0
455,333,0
455,334,0
455,335,0
455,336,0
455,337,0
455,338,0
455,339,0
455,344,0
455,345,0
455,346,0
455,347,0
455,348,0
455,349,0
455,350,0
455,351,0
455,352,0
455,353,0
455,354,0
455,355,0
455,356,0
455,357,0
455,358,0
455,360,0
455,363,0
455,788,0
455,789,1
455,791,1
455,794,1
455,799,1
455,807,1
455,820,1
455,821,0
455,822,0
455,823,1
455,824,0
455,825,0
455,826,1
455,827,1
455,828,0
455,829,1
455,830,0
455,914,0
455,915,0
455,916,0
455,918,0
455,920,0
455,921,0
455,922,0
455,923,0
455,924,1
455,926,0
455,927,0
455,928,0
455,929,0
455,930,0
455,935,0
455,936,0
455,937,0
455,938,0
455,939,0
455,940,0
456,251,0
456,252,0
456,253,0
456,257,0
456,258,0
456,262,1
456,265,1
456,266,0
456,267,0
456,270,0
456,272,0
456,273,0
456,274,0
456,275,0
456,276,0
456,278,0
456,280,0
456,282,0
456,283,0
456,284,0
456,285,1
456,292,0
456,707,0
456,708,1
456,709,0
456,710,1
456,711,1
456,712,1
456,713,1
456,714,0
456,719,1
456,720,1
456,721,1
456,727,0
456,728,0
456,733,1
456,734,0
456,768,0
456,769,0
456,770,0
456,771,1
456,772,1
456,773,0
456,774,0
456,775,1
456,776,1
456,777,0
456,778,0
456,779,0
456,780,1
456,834,0
456,836,1
456,837,1
456,840,1
456,843,0
456,844,1
456,845,1
456,850,1
456,851,1
456,852,1
456,853,0
456,859,1
456,860,0
456,862,0
456,863,0
456,864,0
457,270,0
457,271,1
457,272,0
457,274,0
457,275,0
457,276,0
457,277,0
457,278,0
457,279,0
457,280,0
457,281,0
457,282,0
457,283,0
457,284,0
457,285,0
457,286,0
457,287,0
457,288,0
457,289,0
457,321,0
457,322,0
457,323,0
457,324,0
457,325,0
457,326,0
457,327,0
457,328,0
457,329,0
457,330,0
457,331,0
457,332,0
457,333,0
457,334,0
457,709,0
457,710,0
457,768,0
457,769,0
457,770,0
457,771,1
457,772,1
457,773,1
457,774,1
457,775,1
457,776,1
457,777,1
457,778,0
457,779,1
457,780,1
457,782,1
457,785,1
457,787,1
457,788,0
457,789,0
457,817,1
457,818,0
457,819,0
457,820,1
457,821,1
457,822,0
457,823,0
457,824,0
457,825,0
457,826,0
457,827,0
457,828,0
457,829,0
457,830,0
457,914,1
457,923,1
457,929,1
457,937,0
458,944,0
459,563,0
459,632,0
459,633,0
459,634,0
459,635,0
460,0,1
460,3,0
460,7,0
460,12,0
460,16,0
460,18,0
460,22,0
460,25,0
460,30,0
460,36,0
460,39,0
460,43,0
460,46,0
460,49,0
460,53,0
460,57,0
460,63,0
460,70,0
460,84,0
460,100,0
460,101,0
460,103,0
460,109,0
460,112,0
460,117,0
460,118,0
460,124,0
460,126,0
460,133,0
460,137,0
460,138,0
460,144,0
460,146,0
460,150,0
460,151,0
460,155,0
460,156,0
460,161,0
460,167,0
460,168,0
460,174,0
460,177,0
460,180,0
460,184,0
460,190,0
460,195,0
460,199,0
460,200,0
460,205,0
460,210,0
460,220,0
460,221,0
460,222,0
460,223,0
460,224,0
460,225,0
460,226,0
460,227,0
460,228,0
460,229,0
460,230,0
460,231,0
460,232,0
460,233,0
460,234,0
460,235,0
460,236,0
460,237,0
460,238,0
460,239,0
460,240,0
460,241,0
460,243,0
460,244,0
460,245,0
460,309,0
460,310,0
460,311,0
460,312,0
460,313,0
460,314,0
460,315,0
460,316,0
460,317,0
460,319,0
460,472,0
460,473,1
460,474,1
460,475,0
460,476,1
460,478,0
460,479,0
460,480,1
460,481,0
460,482,1
460,495,1
460,496,1
460,498,1
460,501,0
460,502,0
460,503,1
460,504,1
460,505,1
460,510,1
460,511,0
460,513,0
460,514,0
460,515,0
460,516,1
460,518,1
460,520,0
460,521,0
460,523,0
460,524,1
460,525,0
460,526,1
460,528,1
460,529,1
460,530,0
460,531,1
460,532,1
460,533,0
460,534,1
460,535,1
460,537,1
460,546,0
460,547,1
460,548,0
460,549,0
460,550,0
460,558,0
460,559,0
460,560,1
460,561,0
460,562,0
460,564,0
460,565,0
460,566,0
460,567,0
460,569,1
460,570,1
460,572,1
460,575,0
460,576,0
460,577,0
460,578,0
460,579,1
460,580,1
460,581,1
460,582,0
460,583,1
460,608,0
460,614,1
460,615,0
460,631,0
460,632,0
461,249,0
461,250,1
461,251,0
461,252,0
461,253,0
461,254,0
461,255,0
461,256,0
461,257,0
461,258,0
461,259,0
461,260,1
461,262,0
461,265,0
461,266,0
461,267,0
461,270,0
461,271,0
461,272,0
461,273,0
461,274,0
461,275,0
461,276,0
461,278,0
461,279,0
461,280,0
461,282,0
461,283,0
461,284,0
461,285,0
461,286,0
461,287,0
461,288,0
461,289,0
461,643,1
461,646,1
461,648,0
461,649,1
461,650,0
461,651,1
461,652,1
461,654,1
461,655,1
461,658,1
461,660,1
461,661,0
461,663,1
461,664,0
461,665,1
461,666,1
461,667,1
461,668,1
461,669,1
461,670,0
461,671,0
461,674,0
461,675,0
461,678,0
461,679,0
461,680,0
461,681,0
461,682,0
461,686,0
461,687,0
461,689,1
461,690,1
461,691,0
461,695,0
461,699,0
461,707,0
461,708,0
461,709,1
461,710,0
461,711,1
461,712,1
461,713,1
461,714,0
461,716,0
461,721,1
461,723,0
461,725,1
461,728,1
461,730,1
461,732,0
461,735,1
461,736,1
461,737,1
461,738,1
461,739,1
461,740,0
461,741,0
461,742,1
461,754,1
461,755,0
461,756,0
461,757,0
461,758,0
461,759,0
461,760,0
461,761,0
461,766,0
461,768,0
461,769,0
461,770,0
461,771,1
461,772,1
461,773,0
461,774,0
461,775,1
461,776,1
461,777,0
461,778,0
461,779,0
461,780,0
461,834,0
461,838,1
461,839,1
461,840,1
461,843,0
461,844,1
461,846,0
461,847,1
461,850,1
461,851,1
461,853,0
461,855,1
461,856,0
461,859,1
462,125,0
463,249,0
463,250,0
463,251,0
463,252,0
463,253,0
463,254,0
463,255,0
463,256,0
463,257,0
463,258,0
463,259,0
463,260,0
463,262,0
463,263,0
463,265,0
463,266,0
463,267,0
463,268,0
463,269,1
463,707,1
463,708,1
463,709,1
463,710,1
463,711,1
463,712,1
463,713,1
463,768,1
463,769,1
463,770,1
463,771,1
463,772,1
463,773,1
463,774,1
463,775,0
463,776,1
463,777,1
463,778,0
463,779,1
463,780,1
463,892,1
463,893,0
463,894,1
463,895,1
463,896,0
463,897,1
463,898,1
463,900,1
463,903,1
463,904,0
463,905,1
463,906,1
463,907,0
463,908,0
463,909,0
463,910,0
463,911,1
463,912,1
463,913,0
464,249,0
464,250,0
464,251,0
464,252,0
464,253,0
464,254,0
464,255,0
464,256,0
464,257,0
464,258,0
464,259,0
464,260,0
464,261,0
464,262,0
464,265,0
464,266,0
464,267,0
464,268,0
464,892,1
464,893,1
464,894,1
464,895,1
464,896,0
464,897,0
464,898,1
464,899,1
464,900,0
464,901,1
464,903,0
464,904,0
464,905,0
464,906,0
464,907,0
464,908,0
464,909,0
465,151,0
465,159,0
465,160,0
465,171,0
465,195,0
466,736,0
466,737,1
466,745,0
466,749,0
466,750,1
466,751,0
466,752,0
466,753,0
466,754,0
466,755,0
466,756,0
466,757,0
466,758,0
466,759,0
466,760,0
466,761,0
466,763,0
466,767,0
466,834,0
466,835,0
466,836,0
466,837,1
466,838,0
466,839,0
466,840,0
466,843,0
466,844,0
466,845,1
466,846,0
466,847,0
466,848,0
466,849,0
466,850,0
466,851,0
466,852,0
466,853,0
466,855,0
466,856,0
466,857,0
466,858,0
466,859,0
466,860,0
466,861,0
466,862,0
466,863,0
466,864,0
466,865,0
466,866,0
466,867,0
466,868,0
466,869,1
466,870,0
466,871,0
466,872,0
466,873,0
466,874,0
466,875,0
466,876,0
466,877,0
466,879,0
466,881,0
466,882,0
466,885,0
466,889,0
466,890,0
467,0,0
467,1,0
467,12,0
467,16,0
467,18,0
467,23,0
467,29,0
467,41,0
467,47,0
467,49,0
467,53,0
467,58,0
467,64,0
467,65,0
467,70,0
467,82,0
467,101,0
467,105,0
467,107,0
467,111,0
467,114,0
467,121,0
467,124,0
467,128,0
467,151,0
467,153,0
467,156,0
467,160,0
467,167,0
467,169,0
467,172,0
467,178,0
467,181,0
467,184,0
467,189,0
467,192,0
467,198,0
467,201,0
467,206,0
467,211,0
467,219,0
467,220,0
467,221,0
467,222,0
467,223,0
467,224,0
467,225,0
467,226,0
467,227,0
467,228,0
467,229,0
467,230,0
467,231,0
467,233,0
467,234,0
467,235,0
467,249,0
467,250,0
467,251,0
467,252,0
467,253,0
467,254,0
467,255,0
467,256,0
467,257,0
467,258,0
467,259,0
467,260,0
467,262,0
467,266,1
467,270,0
467,271,0
467,272,0
467,273,0
467,274,0
467,275,0
467,276,0
467,277,0
467,278,0
467,279,0
467,280,0
467,281,0
467,282,0
467,283,0
467,284,0
467,285,0
467,286,0
467,287,0
467,288,0
467,289,0
467,292,0
467,293,0
467,294,0
467,295,0
467,296,0
467,297,0
467,298,0
467,299,0
467,300,0
467,301,0
467,302,0
467,303,0
467,304,0
467,305,0
467,307,0
467,308,0
467,309,0
467,310,0
467,311,0
467,312,0
467,313,0
467,315,0
467,316,0
467,317,0
467,319,0
467,321,0
467,322,0
467,323,0
467,324,0
467,325,0
467,326,0
467,327,0
467,328,0
467,329,0
467,330,0
467,331,0
467,332,0
467,333,0
467,334,0
467,335,0
467,336,0
467,337,0
467,338,0
467,339,0
467,343,0
467,344,0
467,346,0
467,347,1
467,348,0
467,349,0
467,350,0
467,351,0
467,352,0
467,353,0
467,354,0
467,355,0
467,356,0
467,357,0
467,363,0
467,364,0
467,365,0
467,366,0
467,367,0
467,370,0
467,371,0
467,373,0
467,374,0
467,375,0
467,376,0
467,377,0
467,378,0
467,380,0
467,381,0
467,382,0
467,383,0
467,386,0
467,387,0
467,388,0
467,389,0
467,390,0
467,391,0
467,392,0
467,393,0
467,394,0
467,395,0
467,402,0
467,404,0
467,405,0
467,406,0
467,407,0
467,412,0
467,413,0
467,414,1
467,415,0
467,417,0
467,418,0
467,419,0
467,420,1
467,421,1
467,422,0
467,426,0
467,427,0
467,428,1
467,430,0
467,432,0
467,433,0
467,434,0
467,435,0
467,436,0
467,437,0
467,439,0
467,440,0
467,441,0
467,442,0
467,443,0
467,445,0
467,446,0
467,447,0
467,449,0
467,450,0
467,451,0
467,453,0
467,454,0
467,455,0
467,460,0
467,461,0
467,464,1
467,465,0
467,468,1
467,469,0
467,470,0
467,471,0
467,472,0
467,473,1
467,474,0
467,475,0
467,476,0
467,479,0
467,480,0
467,481,0
467,482,0
467,494,0
467,495,0
467,496,0
467,498,1
467,499,0
467,500,0
467,501,1
467,502,0
467,503,1
467,504,1
467,505,1
467,510,1
467,511,1
467,512,1
467,513,1
467,515,0
467,516,1
467,518,0
467,521,1
467,523,0
467,524,0
467,527,1
467,528,1
467,530,1
467,531,1
467,532,0
467,533,0
467,534,0
467,535,1
467,536,1
467,537,0
467,546,0
467,547,0
467,558,0
467,559,0
467,560,0
467,561,0
467,562,0
467,564,0
467,565,0
467,566,0
467,567,0
467,568,1
467,569,0
467,572,1
467,574,1
467,575,0
467,576,0
467,577,0
467,578,0
467,579,1
467,580,0
467,581,1
467,582,0
467,583,0
467,608,0
467,609,0
467,610,0
467,611,0
467,612,0
467,613,0
467,614,0
467,615,0
467,631,0
467,632,0
467,633,0
467,634,0
467,635,0
467,636,0
467,637,0
467,638,0
467,639,0
467,640,0
467,641,0
467,642,0
467,643,0
467,644,0
467,645,0
467,646,0
467,647,0
467,648,0
467,649,0
467,650,0
467,651,0
467,652,0
467,653,1
467,654,0
467,655,0
467,656,1
467,657,0
467,658,0
467,659,0
467,660,0
467,661,0
467,662,0
467,663,0
467,664,0
467,665,0
467,666,0
467,667,0
467,669,0
467,671,0
467,672,0
467,707,0
467,708,0
467,709,0
467,710,0
467,711,0
467,712,0
467,768,0
467,769,0
467,770,0
467,771,0
467,772,0
467,773,0
467,774,0
467,775,0
467,776,0
467,777,0
467,778,0
467,779,0
467,780,0
467,781,0
467,782,0
467,783,1
467,784,0
467,785,0
467,786,0
467,787,0
467,816,0
467,817,1
467,818,0
467,819,1
467,820,0
467,821,1
467,822,1
467,823,0
467,824,0
467,825,0
467,826,0
467,827,0
467,831,0
467,832,0
467,833,0
467,834,0
467,835,0
467,836,0
467,837,0
467,838,0
467,839,0
467,840,0
467,843,0
467,844,0
467,845,0
467,846,0
467,847,1
467,848,1
467,849,0
467,850,0
467,851,0
467,852,0
467,853,0
467,854,0
467,855,0
467,856,0
467,857,0
467,859,0
467,860,0
467,862,0
467,864,0
467,865,0
467,892,0
467,893,1
467,894,1
467,895,0
467,896,0
467,897,0
467,898,0
467,899,0
467,900,1
467,901,1
467,902,1
467,903,0
467,904,0
467,905,0
467,906,0
467,907,0
467,908,0
467,909,0
467,914,0
467,916,0
467,918,0
467,920,0
467,921,0
467,922,0
467,923,0
467,924,0
467,926,0
467,927,0
467,928,0
467,929,0
467,931,1
467,935,0
467,937,0
467,938,0
467,939,0
467,941,0
467,942,0
467,943,0
467,944,0
467,945,0
467,946,0
467,947,0
467,948,0
467,949,0
467,950,0
467,951,0
467,952,0
467,953,0
467,954,0
467,955,0
467,956,0
467,957,0
467,959,0
467,960,0
467,961,0
467,962,0
467,963,0
467,964,0
467,965,0
467,967,0
467,968,1
467,969,0
467,970,0
467,971,0
467,972,1
467,973,0
467,974,0
467,975,0
467,976,0
467,977,0
467,978,0
467,979,0
467,980,0
467,996,0
467,1009,0
467,1017,0
467,1029,0
467,1030,0
467,1034,0
467,1035,1
467,1038,0
467,1039,0
467,1040,0
467,1041,0
467,1042,0
467,1043,0
467,1044,1
467,1045,0
467,1046,0
467,1047,0
467,1048,0
467,1049,0
467,1050,0
467,1054,0
467,1055,0
467,1056,0
467,1057,0
467,1059,0
467,1061,0
467,1062,0
467,1063,0
467,1066,0
467,1067,0
467,1068,0
467,1069,0
467,1070,0
467,1071,0
467,1072,0
467,1073,0
467,1075,0
467,1076,0
467,1077,0
467,1078,0
467,1079,0
467,1080,0
467,1081,0
467,1082,0
467,1083,0
467,1084,0
467,1085,0
467,1086,0
467,1087,0
467,1088,1
467,1089,0
467,1090,0
467,1091,1
467,1092,0
467,1093,0
467,1094,1
467,1095,1
467,1096,0
467,1098,0
467,1100,1
467,1103,1
467,1104,0
467,1106,0
467,1107,0
467,1108,0
467,1109,0
467,1110,0
467,1111,0
467,1112,0
467,1113,0
467,1114,0
467,1115,0
467,1116,0
467,1117,0
467,1118,1
467,1119,1
467,1120,0
467,1121,0
467,1122,0
467,1123,1
467,1124,0
467,1125,0
467,1126,0
467,1127,0
467,1128,0
467,1129,0
467,1130,0
467,1131,0
467,1132,0
467,1133,0
467,1134,0
467,1135,0
467,1136,0
467,1138,0
467,1139,1
467,1141,0
467,1142,0
467,1143,0
467,1145,0
467,1146,0
467,1147,0
467,1148,1
467,1149,0
467,1150,0
467,1151,0
467,1152,0
467,1153,0
467,1154,0
467,1155,0
467,1156,0
467,1157,0
467,1158,0
467,1159,0
467,1160,0
467,1161,0
467,1162,0
467,1163,0
467,1164,0
467,1165,0
467,1166,0
467,1167,0
467,1168,0
467,1169,0
467,1170,0
467,1171,0
467,1172,0
467,1173,0
467,1174,0
467,1175,0
467,1176,0
467,1177,0
467,1178,0
467,1179,0
467,1180,0
467,1181,0
467,1182,0
467,1183,0
467,1184,0
467,1185,0
467,1186,0
467,1187,0
467,1188,0
467,1189,0
467,1190,0
467,1191,0
467,1195,1
467,1196,1
467,1197,0
467,1198,0
467,1199,0
467,1200,0
467,1203,0
467,1204,0
467,1205,0
468,0,0
468,4,0
468,8,0
468,9,0
468,14,1
468,17,0
468,23,0
468,27,1
468,31,0
468,35,0
468,37,0
468,41,0
468,45,0
468,52,0
468,55,0
468,57,0
468,64,0
468,67,1
468,71,0
468,75,0
468,78,0
468,81,0
468,101,0
468,104,0
468,109,0
468,110,0
468,114,0
468,120,0
468,125,0
468,126,0
468,151,0
468,153,1
468,159,0
468,163,0
468,168,0
468,172,1
468,177,0
468,186,0
468,191,0
468,193,0
468,198,0
468,201,0
468,220,0
468,221,0
468,222,0
468,223,0
468,224,0
468,225,0
468,226,0
468,227,0
468,228,0
468,229,0
468,230,0
468,233,0
468,234,0
468,235,0
468,243,0
468,249,0
468,251,0
468,253,0
468,254,0
468,255,0
468,256,0
468,257,1
468,258,0
468,259,0
468,260,0
468,309,0
468,310,0
468,311,0
468,312,0
468,313,0
468,315,0
468,316,0
468,317,1
468,319,0
468,473,1
468,475,1
468,476,1
468,479,0
468,480,0
468,481,0
468,482,0
468,495,1
468,502,0
468,503,0
468,504,1
468,505,1
468,510,1
468,511,1
468,512,1
468,513,1
468,515,1
468,520,0
468,522,1
468,523,1
468,524,1
468,525,1
468,526,0
468,527,1
468,528,0
468,529,1
468,530,1
468,532,0
468,534,0
468,535,1
468,536,1
468,537,1
468,546,0
468,547,0
468,548,0
468,549,0
468,550,0
468,551,0
468,552,0
468,553,0
468,554,0
468,555,0
468,556,0
468,557,0
468,558,1
468,559,0
468,560,0
468,561,0
468,562,0
468,564,0
468,565,0
468,566,0
468,567,0
468,576,1
468,577,0
468,578,1
468,580,1
468,582,1
468,583,0
468,608,1
468,609,1
468,612,1
468,631,0
468,636,0
468,637,0
468,639,1
468,640,1
468,641,1
468,642,0
468,643,0
468,645,0
468,646,0
468,647,0
468,648,0
468,649,1
468,650,1
468,651,1
468,652,0
468,653,0
468,656,1
468,658,0
468,660,1
468,662,1
468,663,1
468,664,1
468,665,1
468,667,0
468,668,0
468,669,1
468,670,1
468,672,0
468,675,0
468,682,1
469,220,0
469,221,0
469,222,0
469,223,0
469,224,0
469,225,0
469,226,0
469,227,0
469,228,0
469,229,0
469,230,0
469,231,0
469,232,0
469,233,0
469,234,0
469,235,0
469,236,0
469,237,0
469,238,0
469,239,0
469,240,0
469,241,0
469,242,0
469,243,0
469,244,0
469,245,0
469,246,0
469,247,0
469,248,0
469,309,0
469,310,0
469,311,0
469,312,0
469,313,0
469,315,0
469,316,1
469,319,0
469,558,0
469,559,0
469,560,0
469,561,0
469,562,0
469,563,0
469,564,1
469,565,0
469,566,0
469,567,0
469,568,0
469,569,0
469,573,1
469,574,1
469,576,0
469,581,1
469,582,1
469,609,0
469,631,0
469,632,0
469,633,0
469,634,0
469,635,0
469,636,0
469,638,0
469,639,1
469,640,0
469,642,1
469,643,0
469,646,0
469,648,0
469,649,1
469,650,1
469,651,0
469,652,1
469,653,0
469,654,1
469,655,0
469,656,0
469,657,0
469,658,0
469,659,0
469,660,0
470,249,0
470,251,0
470,253,1
470,255,0
470,256,0
470,258,0
470,259,0
470,270,0
470,271,0
470,272,0
470,273,0
470,274,0
470,275,0
470,276,0
470,278,0
470,280,0
470,661,0
470,662,0
470,663,1
470,664,0
470,666,0
470,667,0
470,668,0
470,669,0
470,671,0
470,672,0
470,673,0
470,674,0
470,675,0
470,680,0
470,682,1
470,684,1
470,686,0
470,687,0
470,688,1
470,689,0
470,699,0
470,707,1
470,708,1
470,709,0
470,710,1
470,711,1
470,712,0
470,713,0
470,714,0
470,717,0
470,719,0
470,720,0
470,721,1
470,722,1
470,725,0
470,730,0
470,731,1
470,736,0
470,740,0
470,745,1
470,746,0
470,747,1
470,748,1
470,749,0
470,750,0
470,755,1
470,757,0
470,758,0
470,759,0
470,760,1
470,761,0
470,768,1
470,769,1
470,770,0
470,771,1
470,772,1
470,773,1
470,774,0
470,775,1
470,776,1
470,777,0
470,778,0
470,779,1
470,780,1
471,221,0
471,222,0
471,223,0
471,224,0
471,225,0
471,226,0
471,227,0
471,228,0
471,229,0
471,230,0
471,233,0
471,234,0
471,235,0
471,238,1
472,249,0
472,250,0
472,251,0
472,252,0
472,253,0
472,254,0
472,255,0
472,256,0
472,257,0
472,258,0
472,259,0
472,260,0
472,262,0
472,266,0
472,270,0
472,271,0
472,272,0
472,273,0
472,274,0
472,275,0
472,276,0
472,277,0
472,278,0
472,279,0
472,280,0
472,281,0
472,282,0
472,283,0
472,284,0
472,285,0
472,292,1
472,655,1
472,656,1
472,657,0
472,660,1
472,661,0
472,662,1
472,663,0
472,664,1
472,665,1
472,667,1
472,668,1
472,669,1
472,670,1
472,672,1
472,675,0
472,682,0
472,707,0
472,708,1
472,709,1
472,710,1
472,711,1
472,712,1
472,713,0
472,714,1
472,716,0
472,718,1
472,724,0
472,726,0
472,727,0
472,734,1
472,740,1
472,743,1
472,745,0
472,747,1
472,751,1
472,754,0
472,768,1
472,769,1
472,770,1
472,771,1
472,772,1
472,773,1
472,774,1
472,775,1
472,776,1
472,777,1
472,778,0
472,779,1
472,780,0
472,834,0
472,836,1
472,837,1
472,839,1
472,840,0
472,843,1
472,844,1
472,846,0
472,847,0
472,852,1
472,853,1
472,855,0
472,856,1
472,858,1
472,862,1
472,863,1
472,864,0
473,0,0
473,3,0
473,6,0
473,11,0
473,13,0
473,20,0
473,22,0
473,27,0
473,29,0
473,36,0
473,40,0
473,44,0
473,45,0
473,49,0
473,55,0
473,59,0
473,61,1
473,70,0
473,74,0
473,77,0
473,83,0
473,101,0
473,107,0
473,110,0
473,115,0
473,118,0
473,124,0
473,128,0
473,130,0
473,137,0
473,141,0
473,151,0
473,154,0
473,158,0
473,160,0
473,168,0
473,175,0
473,177,0
473,189,0
473,194,0
473,196,0
473,202,0
473,204,0
473,211,0
473,214,0
473,216,0
473,220,0
473,221,0
473,222,0
473,223,0
473,224,0
473,225,0
473,226,0
473,227,0
473,228,0
473,229,0
473,230,0
473,231,0
473,232,0
473,233,0
473,234,0
473,235,0
473,236,0
473,237,0
473,238,0
473,239,0
473,243,0
473,245,0
473,249,0
473,250,0
473,251,0
473,252,1
473,253,0
473,254,0
473,255,0
473,256,0
473,257,0
473,258,0
473,259,0
473,260,0
473,310,0
473,311,0
473,312,0
473,313,1
473,315,0
473,316,0
473,317,0
473,319,0
473,472,0
473,473,0
473,474,0
473,475,0
473,476,0
473,479,0
473,480,0
473,481,0
473,482,1
473,494,0
473,495,0
473,496,1
473,497,0
473,498,1
473,499,1
473,500,1
473,501,0
473,502,0
473,503,1
473,504,1
473,505,1
473,510,0
473,511,1
473,514,1
473,515,0
473,516,0
473,517,0
473,518,0
473,519,0
473,520,0
473,521,0
473,522,1
473,523,1
473,528,1
473,530,1
473,532,1
473,533,1
473,534,1
473,535,1
473,536,0
473,537,1
473,546,0
473,547,0
473,548,1
473,549,0
473,550,0
473,551,0
473,552,0
473,553,0
473,554,0
473,555,0
473,556,0
473,557,0
473,558,0
473,559,1
473,560,1
473,561,1
473,562,1
473,564,1
473,565,1
473,566,0
473,567,0
473,568,1
473,569,0
473,570,1
473,574,1
473,575,1
473,576,1
473,582,1
473,583,1
473,603,1
473,606,1
473,608,0
473,609,0
473,615,1
473,623,1
473,624,1
473,628,0
473,630,1
473,631,0
473,632,0
473,633,0
473,634,0
473,635,0
473,636,0
473,638,0
473,639,0
473,640,1
473,642,1
473,643,0
473,645,0
473,646,0
473,647,0
473,648,0
473,649,1
473,650,0
473,651,0
473,652,1
473,653,1
473,654,0
473,655,1
473,657,0
473,659,1
473,660,1
473,661,0
473,662,0
473,663,1
473,664,0
473,665,0
473,666,0
473,670,0
473,671,0
474,220,0
474,221,0
474,225,0
474,227,0
474,310,1
474,311,0
474,312,0
474,313,0
474,315,0
474,316,0
474,319,1
475,0,0
475,4,0
475,11,0
475,16,1
475,18,0
475,30,0
475,35,0
475,39,0
475,51,0
475,55,0
475,101,0
475,102,0
475,107,0
475,112,0
475,114,0
475,118,0
475,123,0
475,129,0
475,132,0
475,136,0
475,138,0
475,144,0
475,149,0
475,150,0
475,151,0
475,156,0
475,163,0
475,170,0
475,173,1
475,177,0
475,188,1
475,194,0
475,199,0
475,220,0
475,221,0
475,222,0
475,223,0
475,224,0
475,225,0
475,226,0
475,227,0
475,228,0
475,229,0
475,230,0
475,231,0
475,232,0
475,233,0
475,234,0
475,235,0
475,236,0
475,237,0
475,238,0
475,239,0
475,243,0
475,245,0
475,249,1
475,250,0
475,251,0
475,252,0
475,253,0
475,254,0
475,255,0
475,256,0
475,257,0
475,258,0
475,259,0
475,260,0
475,262,0
475,263,0
475,264,0
475,265,0
475,266,0
475,267,0
475,268,0
475,269,0
475,270,0
475,271,0
475,272,0
475,273,0
475,274,0
475,275,0
475,276,0
475,277,0
475,278,0
475,279,0
475,280,0
475,281,0
475,282,0
475,283,0
475,284,0
475,292,0
475,293,0
475,294,0
475,295,0
475,298,0
475,299,0
475,300,0
475,301,0
475,302,0
475,303,0
475,304,0
475,305,0
475,311,1
475,312,0
475,313,0
475,315,0
475,316,0
475,321,0
475,322,0
475,323,0
475,324,0
475,325,0
475,326,0
475,327,0
475,328,0
475,329,0
475,330,0
475,331,0
475,332,0
475,333,0
475,472,1
475,473,1
475,474,1
475,475,1
475,476,1
475,479,0
475,480,1
475,481,0
475,482,0
475,494,0
475,495,1
475,500,1
475,501,1
475,502,0
475,503,1
475,504,0
475,505,1
475,510,1
475,511,1
475,512,1
475,515,1
475,516,0
475,517,1
475,520,1
475,521,1
475,525,1
475,528,1
475,529,1
475,530,1
475,531,1
475,533,0
475,534,1
475,535,1
475,536,0
475,537,0
475,546,0
475,547,0
475,558,0
475,559,0
475,560,0
475,561,0
475,562,0
475,564,0
475,565,0
475,566,0
475,567,0
475,568,1
475,569,1
475,570,0
475,571,1
475,572,0
475,573,1
475,575,0
475,576,1
475,577,1
475,582,1
475,609,1
475,612,0
475,615,0
475,631,0
475,632,0
475,633,0
475,636,0
475,637,1
475,638,0
475,639,1
475,640,1
475,642,1
475,644,1
475,645,0
475,647,1
475,649,1
475,650,1
475,651,1
475,652,1
475,653,1
475,655,1
475,656,1
475,658,0
475,659,1
475,660,1
475,661,0
475,662,0
475,663,1
475,664,0
475,665,0
475,666,0
475,667,0
475,668,0
475,669,0
475,670,0
475,671,0
475,673,1
475,674,0
475,675,0
475,676,0
475,678,0
475,682,1
475,683,1
475,686,1
475,689,0
475,691,0
475,699,0
475,707,0
475,708,0
475,709,0
475,710,0
475,711,1
475,712,1
475,713,0
475,714,0
475,715,0
475,716,0
475,718,1
475,724,0
475,727,1
475,729,0
475,730,0
475,731,0
475,733,1
475,734,0
475,768,0
475,769,0
475,770,0
475,771,0
475,772,1
475,773,0
475,774,0
475,775,1
475,776,0
475,777,0
475,778,0
475,779,0
475,780,0
475,782,1
475,783,1
475,785,1
475,786,0
475,787,0
475,788,1
475,815,0
475,816,0
475,817,0
475,818,1
475,819,0
475,820,0
475,821,0
475,822,0
475,823,0
475,824,0
475,825,0
475,826,0
475,827,0
475,828,0
475,829,0
475,830,0
475,834,0
475,836,1
475,837,1
475,838,1
475,839,0
475,840,0
475,841,0
475,842,0
475,843,0
475,844,0
475,845,0
475,846,0
475,847,1
475,848,1
475,849,0
475,850,0
475,851,1
475,852,0
475,853,0
475,855,0
475,856,1
475,857,0
475,859,0
475,860,0
475,861,0
475,862,0
475,863,0
475,864,0
475,865,0
476,293,0
476,295,0
476,297,0
476,298,0
476,300,0
476,303,0
476,304,0
476,305,0
476,308,0
476,321,0
476,322,0
476,323,0
476,324,1
476,325,0
476,326,0
476,327,0
476,328,0
476,329,0
476,330,0
476,331,0
476,332,0
476,333,1
476,334,0
476,335,0
476,336,0
476,337,1
476,338,1
476,339,0
476,340,0
476,341,0
476,342,0
476,344,0
476,345,1
476,346,1
476,347,0
476,348,0
476,349,0
476,351,0
476,352,0
476,354,0
476,355,0
476,357,0
476,782,0
476,785,1
476,786,1
476,787,0
476,788,0
476,789,1
476,790,1
476,798,0
476,799,1
476,800,1
476,810,0
476,814,1
476,817,0
476,818,1
476,819,1
476,820,1
476,821,0
476,822,0
476,823,1
476,824,0
476,825,0
476,826,0
476,827,1
476,828,1
476,829,0
476,830,1
476,914,0
476,916,0
476,917,0
476,918,0
476,919,0
476,920,0
476,921,0
476,923,0
476,924,0
476,925,0
476,926,1
476,927,0
476,928,0
476,929,0
476,933,0
476,935,0
476,936,0
476,937,0
476,938,0
476,939,0
476,940,0
477,0,0
477,2,0
477,6,0
477,11,0
477,15,0
477,18,0
477,24,0
477,27,0
477,29,0
477,39,0
477,42,0
477,45,0
477,52,0
477,56,0
477,59,0
477,63,0
477,65,0
477,72,0
477,75,0
477,80,0
477,81,0
477,94,0
477,99,0
477,101,0
477,104,0
477,106,0
477,113,0
477,117,0
477,119,0
477,124,0
477,127,0
477,133,0
477,136,0
477,141,0
477,149,0
477,151,0
477,155,0
477,158,0
477,160,0
477,165,0
477,171,0
477,172,0
477,177,0
477,180,0
477,187,0
477,190,0
477,194,0
477,196,0
477,473,0
477,475,1
477,476,1
477,479,0
477,480,0
477,481,0
477,482,0
477,495,1
477,501,0
477,502,1
477,503,1
477,505,1
477,511,1
477,514,1
477,520,1
477,522,1
477,523,1
477,524,1
477,525,1
477,526,1
477,527,1
477,528,1
477,529,1
477,531,1
477,534,0
477,535,1
477,536,1
477,537,1
477,546,0
477,547,0
477,548,1
477,549,1
477,550,0
477,551,0
477,552,0
477,553,0
477,558,0
477,559,0
477,560,0
477,561,0
477,562,0
477,564,0
477,565,0
477,566,0
477,567,0
477,568,1
477,569,0
477,570,1
477,572,1
477,574,0
477,575,1
477,577,1
477,578,1
477,580,1
477,608,0
477,609,1
477,615,0
478,0,0
478,9,0
478,14,0
478,19,0
478,29,1
478,37,0
478,42,0
478,46,1
478,52,1
478,53,0
478,57,0
478,69,0
478,87,0
478,92,0
478,93,0
478,99,1
478,101,0
478,108,0
478,110,0
478,124,1
478,128,0
478,132,0
478,135,0
478,140,1
478,151,0
478,157,0
478,163,0
478,168,0
478,172,1
478,179,0
478,192,0
478,196,0
478,200,0
478,204,0
478,211,0
478,218,0
478,220,0
478,221,0
478,225,0
478,226,0
478,227,0
478,230,0
478,231,0
478,232,0
478,233,0
478,234,0
478,235,0
478,236,0
478,237,0
478,238,0
478,239,0
478,243,0
478,244,0
478,249,0
478,251,0
478,253,0
478,255,0
478,256,0
478,257,1
478,258,0
478,259,0
478,262,0
478,266,0
478,270,0
478,271,0
478,272,0
478,273,0
478,274,0
478,275,0
478,276,0
478,277,0
478,278,0
478,279,0
478,280,0
478,281,0
478,282,1
478,285,0
478,287,0
478,292,0
478,293,0
478,295,0
478,298,0
478,299,0
478,300,0
478,309,1
478,311,0
478,312,0
478,313,1
478,315,0
478,316,1
478,319,0
478,321,1
478,322,0
478,323,0
478,324,0
478,325,0
478,326,0
478,327,0
478,328,0
478,329,1
478,330,0
478,331,0
478,332,0
478,333,1
478,334,0
478,335,0
478,336,0
478,337,0
478,339,1
478,472,1
478,473,0
478,474,1
478,475,1
478,476,1
478,479,1
478,480,1
478,481,1
478,482,0
478,494,1
478,495,1
478,501,1
478,503,1
478,504,1
478,505,1
478,510,1
478,511,0
478,512,0
478,513,1
478,516,1
478,517,1
478,520,0
478,521,1
478,522,1
478,523,1
478,528,1
478,529,0
478,530,1
478,531,1
478,532,1
478,534,1
478,536,1
478,537,1
478,546,0
478,547,1
478,558,1
478,559,0
478,560,1
478,561,0
478,562,1
478,564,0
478,565,0
478,566,0
478,567,0
478,569,1
478,570,0
478,574,1
478,577,1
478,582,1
478,583,1
478,608,1
478,609,1
478,615,1
478,631,0
478,632,1
478,633,0
478,636,0
478,638,0
478,639,0
478,640,1
478,641,1
478,642,1
478,646,0
478,648,0
478,649,1
478,650,1
478,651,1
478,652,1
478,653,1
478,655,1
478,658,1
478,660,1
478,661,1
478,663,1
478,664,1
478,665,0
478,668,1
478,672,1
478,707,0
478,708,1
478,709,0
478,710,0
478,711,1
478,712,1
478,713,0
478,714,1
478,719,0
478,728,1
478,730,0
478,768,1
478,769,1
478,770,1
478,771,1
478,772,1
478,773,0
478,774,1
478,775,1
478,776,1
478,777,0
478,778,0
478,779,1
478,780,1
478,781,0
478,783,1
478,785,1
478,786,1
478,787,0
478,816,0
478,817,1
478,819,1
478,820,1
478,821,1
478,822,1
478,823,1
478,824,1
478,825,1
478,826,0
478,827,1
478,828,0
478,834,0
478,837,1
478,838,1
478,840,1
478,843,1
478,844,0
478,845,1
478,846,0
478,847,1
478,848,1
478,853,0
478,854,1
478,855,0
478,856,1
478,857,1
478,858,1
478,861,0
478,872,1
478,874,1
478,876,1
478,880,1
479,563,0
479,632,0
479,633,0
479,634,0
479,635,0
480,110,0
480,118,0
480,125,0
480,128,0
480,132,0
480,134,0
480,138,0
480,142,1
480,249,0
480,250,1
480,251,0
480,252,1
480,253,0
480,254,0
480,255,0
480,256,0
480,257,1
480,258,1
480,259,0
480,262,0
480,266,0
480,472,0
480,473,1
480,474,1
480,475,1
480,476,1
480,482,1
480,892,1
480,893,0
480,894,1
480,895,1
480,896,0
480,897,1
480,898,0
480,903,0
480,904,1
480,905,1
480,906,0
480,907,1
480,908,1
480,909,0
480,911,1
480,912,1
481,85,1
481,92,0
481,101,0
481,107,0
481,112,1
481,127,0
481,131,0
481,135,1
482,321,1
482,781,1
482,782,1
482,786,0
482,787,1
482,817,1
482,818,0
482,819,1
482,820,0
482,821,0
482,822,1
482,823,1
482,824,1
482,825,0
482,826,0
482,827,0
482,828,1
483,151,0
483,152,0
483,159,0
483,162,0
483,167,0
483,170,0
483,174,0
483,178,0
483,183,0
483,186,0
483,190,0
483,192,0
483,196,0
483,200,0
483,205,0
483,220,0
483,221,0
483,222,0
483,223,0
483,224,0
483,225,0
483,226,0
483,227,0
483,228,0
483,229,0
483,230,0
483,231,0
483,232,0
483,233,0
483,234,0
483,235,0
483,236,0
483,237,0
483,238,0
483,239,0
483,241,0
483,243,0
483,244,0
483,309,0
483,310,0
483,311,0
483,312,0
483,313,0
483,314,0
483,315,0
483,316,0
483,317,0
483,318,0
483,319,0
483,472,0
483,473,1
483,474,0
483,475,1
483,476,1
483,479,0
483,480,0
483,481,0
483,482,0
483,495,0
483,496,1
483,499,0
483,500,1
483,503,1
483,504,1
483,505,0
483,510,0
483,511,0
483,512,0
483,513,0
483,515,0
483,520,0
483,522,0
483,523,0
483,524,0
483,525,0
483,526,0
483,527,0
483,528,0
483,529,0
483,530,1
483,531,1
483,533,1
483,534,1
483,535,1
483,537,1
483,546,0
483,547,0
483,548,0
483,549,0
483,558,0
483,559,1
483,560,0
483,561,1
483,562,0
483,564,0
483,565,0
483,566,0
483,567,0
483,568,1
483,569,1
483,570,1
483,574,0
483,575,1
483,576,1
483,577,1
483,578,1
483,579,0
483,580,1
483,582,1
483,583,0
483,609,0
483,615,0
483,631,0
483,632,0
483,633,0
483,634,0
484,202,0
484,204,0
484,208,0
484,215,0
484,217,0
484,220,0
484,221,0
484,225,0
484,309,1
484,310,0
484,311,0
484,312,0
484,313,0
484,314,0
484,315,0
484,316,0
484,317,1
484,319,0
484,558,1
484,559,0
484,560,0
484,561,1
484,562,1
484,564,0
484,565,0
484,566,1
484,567,1
484,568,1
484,570,1
484,572,1
484,574,1
484,576,1
484,577,1
484,583,1
484,609,1
484,610,0
484,615,0
484,631,0
484,632,0
484,633,0
484,634,0
485,944,0
486,222,0
486,223,0
486,224,0
486,228,0
486,229,0
486,230,0
486,233,0
486,234,0
486,235,0
486,237,0
486,238,0
486,243,0
486,636,0
486,637,0
486,639,0
486,640,0
486,641,0
486,642,0
486,643,0
486,645,1
486,646,0
486,647,0
486,648,0
486,649,1
486,650,1
486,651,0
486,652,0
486,653,1
486,654,1
486,656,0
486,657,0
486,658,1
486,660,1
487,0,1
487,12,0
487,14,0
487,18,0
487,29,1
487,45,1
487,52,0
487,53,0
487,59,0
487,74,0
487,77,0
487,82,0
487,87,0
487,90,0
487,95,1
487,100,0
487,101,0
487,104,0
487,106,0
487,112,0
487,114,0
487,118,0
487,124,0
487,126,1
487,130,1
487,138,0
487,144,0
487,151,0
487,158,0
487,162,0
487,168,1
487,177,1
487,195,0
487,196,1
487,202,1
487,204,1
487,219,0
487,220,0
487,221,0
487,222,0
487,223,0
487,224,0
487,225,0
487,226,0
487,227,0
487,228,0
487,229,0
487,233,0
487,249,0
487,251,1
487,253,1
487,255,0
487,256,0
487,258,0
487,259,0
487,292,0
487,311,0
487,312,0
487,313,0
487,315,0
487,316,1
487,319,0
487,472,1
487,473,1
487,474,1
487,475,1
487,476,1
487,479,1
487,480,1
487,481,0
487,482,1
487,495,1
487,496,1
487,500,1
487,502,1
487,504,1
487,505,1
487,511,1
487,513,1
487,514,1
487,517,1
487,521,1
487,522,1
487,523,1
487,526,1
487,530,1
487,531,1
487,532,1
487,535,1
487,536,1
487,537,1
487,546,0
487,547,1
487,548,0
487,549,1
487,558,1
487,559,0
487,560,1
487,561,1
487,562,1
487,564,1
487,565,0
487,566,0
487,567,0
487,569,0
487,570,1
487,574,1
487,575,1
487,577,1
487,580,1
487,583,1
487,608,1
487,613,1
487,615,0
487,631,1
487,632,1
487,636,1
487,637,1
487,639,1
487,640,1
487,642,1
487,643,1
487,646,0
487,648,0
487,649,1
487,650,1
487,651,1
487,652,1
487,654,1
487,655,1
487,656,1
487,657,1
487,660,0
487,661,1
487,663,1
487,664,0
487,666,0
487,667,1
487,668,0
487,669,0
487,671,0
487,707,0
487,708,0
487,709,1
487,768,1
487,769,0
487,770,1
487,771,1
487,772,1
487,773,1
487,774,1
487,775,1
487,776,1
487,777,0
487,778,0
487,779,0
487,780,1
488,412,0
488,422,0
488,892,1
488,893,0
488,894,0
488,895,0
488,896,1
488,897,1
488,898,1
488,903,0
488,904,1
488,905,1
488,906,1
488,907,0
488,908,0
488,909,0
488,910,0
488,911,1
488,912,0
488,913,0
489,270,0
489,271,0
489,272,0
489,273,0
489,274,0
489,275,0
489,278,1
489,709,0
489,710,1
489,711,1
489,712,1
489,713,1
489,714,0
489,716,0
489,717,0
489,719,0
489,721,0
489,724,0
489,729,1
489,730,0
489,732,0
489,733,0
489,734,0
489,736,0
489,740,0
489,742,0
489,746,0
489,747,1
489,749,1
489,750,0
489,752,1
489,753,0
489,754,0
489,755,0
489,756,0
489,757,0
489,758,0
489,759,0
489,760,0
489,761,0
489,767,0
489,773,0
489,774,0
489,775,1
489,776,0
489,777,1
489,778,0
489,779,1
489,780,0
490,230,0
490,231,0
490,232,0
490,233,0
490,234,0
490,235,0
490,236,0
490,237,0
490,238,0
490,239,0
490,240,0
490,241,0
490,242,0
490,243,0
490,244,0
490,245,0
490,246,0
490,248,0
490,636,0
490,637,0
490,638,0
490,639,0
490,640,1
490,641,0
490,642,1
490,645,1
490,648,0
491,0,0
491,1,0
491,5,0
491,12,0
491,15,0
491,17,0
491,23,0
491,25,1
491,30,0
491,33,0
491,38,0
491,52,0
491,56,0
491,101,0
491,109,0
491,113,0
491,118,0
491,124,0
491,126,0
491,131,0
491,137,0
491,140,0
491,143,0
491,147,0
491,151,0
491,152,1
491,157,0
491,162,0
491,170,0
491,175,0
491,179,0
491,183,1
491,184,0
491,190,0
491,195,0
491,196,0
491,202,0
491,207,0
491,210,0
491,215,0
491,218,0
491,220,0
491,221,0
491,222,0
491,223,0
491,224,0
491,225,0
491,226,0
491,227,0
491,228,0
491,229,0
491,230,0
491,231,0
491,232,0
491,233,0
491,234,0
491,235,0
491,236,0
491,237,0
491,238,1
491,249,1
491,250,0
491,251,0
491,252,0
491,253,0
491,254,0
491,255,0
491,256,0
491,257,0
491,258,0
491,259,0
491,260,0
491,262,0
491,263,1
491,264,0
491,265,0
491,266,0
491,267,0
491,268,0
491,269,0
491,270,0
491,271,0
491,272,0
491,273,0
491,274,0
491,275,0
491,276,0
491,277,0
491,278,0
491,279,0
491,280,0
491,281,0
491,282,0
491,283,0
491,284,0
491,285,1
491,292,0
491,293,0
491,294,0
491,295,0
491,296,0
491,297,0
491,298,0
491,299,0
491,300,0
491,301,0
491,302,0
491,311,1
491,312,0
491,313,1
491,315,0
491,316,0
491,472,1
491,473,1
491,474,1
491,475,0
491,476,1
491,479,0
491,480,0
491,481,0
491,482,0
491,494,1
491,495,1
491,496,1
491,498,1
491,500,0
491,501,0
491,502,1
491,503,0
491,504,1
491,505,1
491,510,1
491,511,0
491,512,1
491,513,1
491,514,1
491,515,0
491,519,1
491,521,1
491,522,1
491,523,1
491,524,0
491,526,1
491,527,0
491,529,1
491,530,1
491,531,1
491,532,1
491,534,1
491,535,1
491,537,1
491,546,0
491,547,0
491,548,1
491,549,0
491,550,0
491,551,1
491,552,0
491,553,0
491,558,0
491,559,0
491,560,1
491,561,0
491,562,1
491,564,0
491,565,0
491,566,0
491,567,0
491,569,0
491,570,0
491,571,0
491,572,1
491,574,1
491,575,1
491,576,0
491,577,0
491,578,1
491,580,0
491,582,0
491,585,0
491,586,0
491,588,1
491,589,1
491,609,0
491,610,1
491,615,1
491,623,0
491,628,1
491,631,0
491,636,0
491,637,0
491,638,0
491,639,0
491,640,0
491,641,0
491,642,0
491,644,0
491,645,0
491,646,0
491,647,0
491,649,1
491,650,1
491,651,0
491,652,0
491,653,0
491,655,0
491,658,0
491,659,0
491,662,1
491,663,1
491,664,1
491,666,1
491,667,0
491,668,0
491,669,0
491,670,0
491,671,0
491,672,0
491,707,0
491,708,0
491,709,0
491,710,0
491,711,1
491,712,0
491,713,0
491,714,0
491,715,0
491,719,0
491,720,0
491,723,0
491,730,0
491,733,0
491,768,0
491,769,1
491,770,0
491,771,0
491,772,1
491,773,0
491,774,0
491,775,0
491,776,0
491,777,0
491,778,0
491,779,0
491,780,0
491,781,1
491,786,1
491,787,0
491,816,1
491,819,0
491,820,1
491,821,0
491,822,0
491,823,0
491,824,0
491,825,0
491,826,0
491,834,0
491,836,1
491,837,1
491,838,1
491,839,0
491,840,0
491,841,0
491,842,0
491,843,0
491,844,0
491,845,0
491,846,0
491,847,0
491,848,0
491,849,0
491,850,0
491,851,0
491,852,0
491,853,0
491,854,0
491,855,0
491,856,0
491,857,0
491,858,0
491,859,0
491,860,0
491,861,0
491,862,0
491,863,0
491,864,0
491,865,0
492,321,1
492,782,1
492,786,1
492,787,1
492,815,0
492,816,1
492,819,1
492,820,1
492,821,1
492,822,0
492,823,1
492,824,1
492,825,0
492,826,0
492,827,0
492,828,0
493,0,0
493,11,0
493,13,0
493,16,0
493,17,1
493,19,0
493,30,1
493,31,0
493,43,1
493,46,0
493,49,0
493,54,0
493,60,0
493,68,1
493,73,0
493,82,0
493,98,1
493,101,0
494,109,0
494,112,0
494,121,0
494,125,0
494,127,0
494,133,0
494,249,0
494,251,0
494,253,0
494,255,0
494,256,0
494,257,0
494,258,1
494,259,0
494,262,0
495,105,0
495,112,0
495,115,0
495,121,0
495,125,0
495,129,0
495,133,0
495,135,0
495,472,0
495,473,0
495,474,0
495,475,0
495,476,0
495,479,0
495,480,0
495,481,0
495,482,0
496,292,0
496,293,0
496,294,0
496,295,0
496,297,0
496,298,0
496,299,0
496,300,0
496,301,0
496,302,0
496,303,0
496,321,0
496,322,0
496,323,0
496,324,0
496,325,0
496,326,0
496,327,0
496,328,0
496,329,0
496,330,0
496,331,0
496,332,0
496,333,0
496,334,0
496,335,0
496,336,0
496,337,0
496,338,0
496,339,0
496,344,0
496,349,0
496,350,0
496,351,0
496,352,0
496,353,0
496,354,0
496,355,0
496,356,0
496,357,0
496,358,0
496,363,0
496,781,0
496,783,0
496,785,1
496,786,1
496,787,1
496,815,0
496,816,1
496,817,1
496,819,1
496,820,1
496,821,0
496,822,0
496,823,1
496,824,0
496,825,0
496,826,0
496,827,0
496,828,0
496,914,0
496,915,0
496,916,0
496,917,0
496,918,0
496,919,0
496,920,0
496,921,0
496,922,0
496,923,0
496,924,0
496,925,0
496,926,0
496,927,0
496,928,0
496,929,0
496,930,0
496,931,0
496,932,0
496,933,0
496,934,0
496,935,0
496,936,0
496,937,0
496,938,0
496,939,0
496,940,1
496,941,0
496,944,0
496,946,1
496,959,0
496,960,0
496,962,0
496,963,1
496,964,0
496,968,1
496,969,1
496,972,1
496,973,0
496,975,1
496,976,0
496,977,1
496,978,0
497,250,0
497,251,0
497,252,0
497,253,0
497,254,0
497,257,1
497,260,0
497,262,0
497,265,0
497,266,0
497,267,0
497,707,0
497,892,1
497,893,1
497,894,1
497,895,1
497,896,1
497,897,0
497,898,0
497,899,1
497,900,1
497,901,1
497,902,0
497,903,0
497,904,1
497,905,1
497,906,0
497,907,1
497,908,0
497,909,0
498,632,0
499,125,0
499,127,0
499,130,1
499,134,0
499,249,0
499,250,0
499,251,0
499,252,0
499,253,0
499,254,0
499,255,0
499,256,0
499,257,0
499,258,0
499,259,0
499,260,0
499,262,0
499,364,1
499,411,0
499,412,0
499,413,0
499,414,1
499,415,0
499,417,0
499,418,0
499,419,0
499,420,0
499,421,0
499,422,0
499,426,0
499,427,0
499,428,0
499,430,0
499,432,0
499,434,0
499,435,0
499,436,1
499,437,0
499,892,1
499,893,0
499,894,0
499,895,1
499,896,1
499,897,1
499,898,1
499,903,1
499,904,0
499,905,1
499,906,0
499,907,1
499,908,1
499,909,1
499,911,1
499,912,0
500,151,0
500,154,0
500,158,0
500,161,0
500,165,0
500,170,0
500,173,0
500,177,0
500,180,0
500,185,0
500,190,0
500,194,0
500,197,0
500,203,0
500,204,0
500,311,0
500,312,0
500,313,0
500,315,0
500,316,0
500,317,0
500,319,0
500,558,0
500,559,0
500,560,0
500,561,1
500,562,1
500,563,0
500,564,0
500,565,0
500,566,0
500,567,0
500,568,1
500,571,1
500,573,1
500,576,0
500,581,1
500,583,1
500,600,0
500,605,0
500,607,0
500,609,1
500,610,0
500,615,0
500,623,0
500,624,0
500,625,0
500,626,0
500,627,1
500,628,0
500,629,0
500,630,1
500,631,0
500,632,0
500,633,0
500,634,0
500,635,0
501,220,0
501,221,0
501,222,0
501,224,0
501,225,0
501,226,0
501,227,0
501,229,0
501,310,0
501,314,0
501,317,0
501,320,0
502,221,0
502,225,0
502,227,0
502,914,0
502,918,1
502,920,0
502,929,0
502,937,0
503,0,0
503,4,0
503,5,0
503,9,0
503,13,0
503,18,0
503,27,1
503,29,0
503,41,1
503,48,0
503,51,0
503,56,0
503,60,0
503,70,1
503,81,0
503,93,1
503,97,0
503,101,1
503,105,0
503,109,0
503,111,0
503,115,0
503,119,0
503,122,0
503,126,0
503,131,0
503,135,0
503,151,0
503,154,0
503,158,0
503,163,0
503,166,0
503,168,0
503,175,0
503,176,0
503,181,0
503,184,0
503,191,0
503,193,0
503,197,0
503,203,0
503,205,0
503,211,0
503,216,0
503,220,0
503,221,0
503,222,0
503,223,0
503,224,0
503,225,0
503,226,0
503,227,0
503,228,0
503,229,0
503,230,0
503,233,0
503,234,0
503,235,0
503,239,0
503,241,0
503,243,0
503,249,0
503,250,0
503,251,0
503,252,1
503,253,0
503,254,0
503,255,0
503,256,0
503,257,0
503,258,0
503,259,0
503,260,1
503,262,0
503,265,0
503,266,0
503,267,0
503,268,0
503,269,0
503,270,0
503,271,0
503,272,0
503,273,0
503,274,0
503,275,0
503,276,0
503,277,0
503,278,0
503,280,1
503,281,0
503,282,0
503,283,0
503,284,0
503,285,0
503,286,0
503,287,0
503,288,0
503,289,0
503,290,0
503,292,0
503,293,0
503,294,0
503,295,0
503,296,0
503,297,0
503,298,0
503,299,0
503,300,0
503,301,0
503,302,0
503,303,0
503,304,0
503,305,0
503,308,0
503,309,0
503,310,0
503,311,0
503,312,1
503,313,0
503,314,0
503,315,0
503,316,0
503,317,0
503,318,0
503,319,0
503,320,0
503,321,0
503,322,0
503,323,0
503,324,0
503,325,0
503,326,0
503,327,0
503,328,0
503,329,0
503,330,0
503,331,0
503,332,0
503,333,0
503,334,0
503,335,0
503,336,0
503,352,0
503,353,0
503,354,0
503,355,0
503,356,0
503,357,0
503,360,0
503,363,0
503,472,0
503,473,0
503,474,0
503,475,0
503,476,1
503,479,0
503,480,0
503,481,0
503,482,0
503,494,1
503,495,0
503,496,0
503,497,0
503,498,1
503,499,1
503,500,1
503,501,1
503,502,1
503,503,0
503,504,0
503,505,0
503,510,1
503,511,0
503,512,0
503,513,1
503,515,0
503,516,0
503,518,1
503,520,1
503,521,0
503,523,1
503,524,0
503,525,1
503,527,0
503,528,0
503,529,0
503,530,1
503,531,1
503,532,1
503,533,0
503,534,0
503,535,0
503,536,1
503,537,0
503,546,0
503,547,0
503,548,0
503,549,0
503,551,0
503,553,0
503,558,0
503,559,0
503,560,0
503,561,0
503,562,0
503,564,0
503,565,0
503,566,0
503,567,0
503,568,0
503,569,1
503,574,1
503,575,1
503,576,1
503,577,0
503,578,1
503,579,0
503,580,0
503,581,0
503,582,0
503,583,0
503,608,0
503,609,0
503,610,0
503,612,0
503,613,1
503,615,0
503,631,0
503,632,1
503,636,0
503,637,0
503,638,0
503,639,0
503,640,0
503,641,0
503,642,0
503,643,0
503,644,0
503,645,0
503,646,0
503,647,0
503,648,0
503,649,1
503,650,0
503,651,0
503,652,0
503,653,1
503,654,0
503,655,0
503,656,0
503,657,0
503,658,0
503,659,0
503,660,0
503,661,0
503,662,0
503,663,0
503,664,0
503,665,0
503,666,0
503,668,0
503,669,0
503,671,0
503,674,0
503,675,0
503,677,1
503,678,0
503,680,0
503,681,0
503,682,0
503,684,0
503,685,0
503,686,0
503,691,0
503,692,1
503,699,0
503,707,0
503,708,0
503,709,0
503,710,0
503,711,1
503,712,1
503,713,0
503,714,1
503,716,1
503,717,0
503,719,1
503,723,1
503,730,1
503,737,1
503,739,1
503,740,1
503,741,0
503,743,1
503,746,1
503,752,1
503,758,0
503,759,1
503,761,1
503,765,1
503,766,0
503,767,1
503,768,0
503,769,0
503,770,0
503,771,0
503,772,0
503,773,0
503,774,0
503,775,0
503,776,0
503,777,0
503,778,0
503,779,0
503,780,0
503,781,0
503,782,0
503,783,0
503,784,0
503,785,0
503,786,0
503,787,0
503,788,0
503,789,0
503,815,0
503,816,0
503,820,0
503,821,0
503,822,0
503,823,0
503,824,0
503,825,0
503,826,0
503,827,0
503,828,0
503,829,0
503,830,0
503,834,0
503,838,1
503,840,1
503,843,1
503,846,1
503,847,0
503,849,1
503,851,1
503,853,1
503,859,1
503,861,1
503,864,1
503,914,0
503,915,0
503,916,0
503,917,0
503,918,0
503,919,0
503,920,0
503,921,0
503,922,1
503,923,0
503,924,0
503,925,0
503,926,0
503,927,0
503,928,0
503,929,0
503,930,0
503,931,0
503,932,0
503,933,0
503,934,0
503,935,0
503,936,0
503,937,0
503,938,0
503,939,0
503,940,0
503,941,0
503,942,0
503,944,0
503,945,0
503,946,0
503,947,0
503,959,0
503,963,0
503,964,0
503,965,0
504,0,0
504,4,0
504,10,0
504,16,0
504,19,0
504,25,1
504,29,0
504,39,0
504,42,0
504,48,0
504,51,1
504,56,0
504,57,0
504,72,0
504,88,0
504,95,0
504,97,0
504,101,0
504,107,0
504,112,0
504,118,0
504,126,0
504,130,0
504,138,0
504,149,0
505,312,0
505,563,1
505,564,0
505,565,0
505,566,0
505,567,0
505,569,1
505,570,1
505,575,1
505,576,0
505,577,0
505,578,1
505,580,1
505,581,0
505,583,1
505,608,0
505,612,1
505,615,0
505,631,0
505,632,0
505,633,0
505,634,0
505,635,0
506,737,1
506,749,0
506,750,0
506,753,1
506,755,0
506,756,0
506,758,0
506,759,0
506,760,0
506,781,0
506,785,1
506,786,1
506,787,1
506,816,0
506,819,0
506,820,1
506,821,0
506,822,0
506,823,1
506,824,1
506,825,0
506,826,1
506,827,1
506,828,0
506,834,0
506,836,1
506,838,0
506,839,1
506,840,1
506,843,0
506,845,1
506,847,1
506,848,0
506,849,0
506,850,1
506,851,1
506,852,0
506,853,0
506,855,0
506,856,1
506,857,0
506,858,0
506,859,0
506,860,0
506,861,0
506,862,0
506,863,0
506,864,0
506,865,0
507,249,0
507,250,0
507,251,0
507,252,0
507,253,0
507,254,0
507,255,0
507,256,0
507,257,0
507,258,0
507,259,0
507,260,0
507,262,0
507,265,0
507,266,0
507,267,0
507,268,0
507,270,0
507,271,0
507,272,1
507,273,0
507,274,0
507,275,0
507,276,0
507,278,0
507,279,0
507,280,0
507,282,0
507,283,0
507,284,0
507,285,0
507,286,0
507,287,0
507,289,0
507,292,0
507,293,0
507,295,0
507,690,0
507,693,0
507,699,0
507,707,0
507,708,1
507,709,0
507,710,0
507,711,0
507,712,1
507,713,0
507,714,0
507,717,0
507,719,0
507,722,0
507,725,0
507,727,0
507,728,0
507,731,1
507,732,0
507,733,0
507,734,0
507,735,0
507,737,0
507,738,0
507,741,1
507,744,0
507,746,0
507,747,0
507,748,0
507,752,1
507,756,0
507,757,0
507,758,0
507,759,0
507,760,0
507,768,0
507,769,0
507,770,0
507,771,0
507,772,0
507,773,0
507,774,0
507,775,0
507,776,0
507,777,0
507,778,0
507,779,1
507,780,0
507,834,0
507,835,0
507,836,0
507,837,1
507,838,0
507,839,1
507,840,1
507,843,1
507,844,0
507,845,0
507,846,0
507,847,1
507,848,0
507,849,0
507,850,0
507,851,0
507,852,0
507,853,0
507,854,0
507,855,0
507,856,0
507,857,0
507,858,0
507,859,0
507,860,0
507,861,0
507,862,0
507,863,0
507,864,0
507,865,0
507,866,0
507,867,0
507,868,1
507,872,1
507,876,0
507,887,0
507,889,0
508,244,0
508,245,0
508,246,1
508,247,1
508,248,0
508,249,0
508,250,0
508,251,0
508,252,0
508,253,0
508,255,0
508,256,0
508,257,1
508,258,0
508,259,0
508,260,0
508,262,0
508,264,0
508,265,0
508,266,1
508,267,0
508,268,0
508,269,0
508,270,0
508,271,0
508,272,0
508,273,0
508,274,0
508,275,0
508,276,0
508,278,1
508,279,0
508,280,0
508,282,0
508,283,1
508,284,1
508,285,0
508,287,1
508,292,0
508,636,1
508,637,1
508,639,1
508,640,1
508,642,0
508,643,1
508,645,1
508,646,1
508,648,0
508,649,1
508,650,1
508,651,1
508,652,1
508,654,1
508,655,0
508,657,1
508,658,1
508,659,1
508,661,1
508,662,1
508,663,1
508,664,0
508,666,0
508,667,0
508,668,0
508,669,1
508,670,1
508,672,1
508,674,0
508,675,0
508,679,1
508,680,1
508,681,0
508,682,0
508,686,1
508,688,1
508,689,0
508,690,0
508,691,0
508,693,1
508,695,0
508,699,0
508,704,0
508,707,0
508,708,1
508,709,1
508,710,1
508,711,1
508,712,0
508,713,0
508,714,0
508,718,0
508,720,1
508,723,1
508,727,1
508,729,1
508,732,1
508,734,0
508,743,1
508,768,0
508,769,0
508,770,1
508,771,0
508,772,1
508,773,1
508,774,1
508,775,1
508,776,1
508,777,1
508,778,0
508,779,0
508,780,1
508,781,1
508,785,1
508,787,1
508,817,1
508,819,1
508,820,1
508,821,0
508,822,0
508,823,1
508,825,0
508,826,1
508,827,1
508,828,0
508,829,1
508,834,0
508,836,1
508,837,1
508,839,1
508,840,0
508,843,1
508,846,1
508,847,0
508,849,0
508,851,1
508,853,1
508,855,1
508,861,1
508,864,0
509,0,0
509,11,0
509,13,0
509,17,0
509,23,0
509,31,0
509,41,0
509,45,1
509,49,0
509,56,0
509,57,0
509,72,0
509,84,0
509,85,0
509,92,1
509,95,0
509,99,0
509,101,0
509,109,0
509,110,0
509,119,0
509,122,0
509,129,0
509,133,0
509,136,0
509,151,0
509,152,0
509,159,0
509,161,0
509,170,0
509,173,0
509,176,0
509,187,0
509,191,0
509,193,0
509,199,0
509,220,0
509,221,0
509,225,0
509,309,0
509,310,0
509,311,0
509,312,0
509,313,0
509,314,0
509,315,0
509,316,1
509,317,1
509,319,0
509,320,0
509,472,0
509,473,1
509,474,1
509,475,1
509,476,1
509,479,1
509,480,0
509,481,0
509,482,1
509,494,1
509,495,1
509,501,1
509,502,1
509,503,1
509,504,1
509,510,1
509,511,1
509,512,1
509,513,1
509,514,1
509,515,0
509,516,1
509,519,1
509,521,0
509,522,1
509,523,1
509,527,1
509,529,0
509,530,0
509,531,1
509,532,1
509,533,0
509,534,1
509,535,1
509,537,1
509,546,1
509,547,0
509,548,0
509,549,0
509,550,0
509,551,1
509,552,0
509,553,1
509,558,1
509,559,0
509,560,1
509,561,1
509,562,1
509,563,0
509,564,0
509,565,0
509,566,0
509,567,0
509,568,1
509,570,0
509,571,1
509,574,0
509,575,1
509,576,1
509,577,1
509,583,1
509,608,0
509,609,0
509,615,1
509,631,0
509,632,0
509,633,0
509,634,0
509,635,0
510,0,0
510,2,0
510,9,0
510,16,0
510,17,0
510,22,0
510,29,0
510,45,0
510,50,0
510,56,0
510,59,0
510,67,0
510,75,0
510,78,0
510,82,0
510,95,0
510,97,0
510,101,0
510,104,0
510,109,0
510,111,0
510,126,0
510,133,0
510,137,0
510,151,0
510,158,1
510,160,0
510,170,0
510,176,0
510,194,0
510,196,0
510,203,0
510,207,0
510,210,0
510,213,0
510,216,0
510,781,1
510,782,1
510,785,0
510,786,1
510,787,0
510,789,0
510,815,0
510,816,1
510,819,1
510,820,1
510,821,0
510,822,0
510,823,0
510,824,1
510,825,0
510,826,0
510,827,0
510,828,0
510,829,0
510,830,0
510,879,0
510,880,1
510,881,0
511,0,1
511,3,0
511,6,0
511,9,0
511,14,0
511,20,0
511,22,0
511,28,1
511,31,0
511,36,0
511,37,0
511,43,0
511,45,0
511,49,0
511,56,0
511,58,0
511,64,0
511,65,1
511,70,0
511,73,0
511,77,0
511,81,0
511,101,0
511,105,0
511,106,0
511,112,0
511,116,0
511,119,0
511,124,0
511,128,0
511,133,0
511,136,0
511,139,0
511,143,0
511,148,0
511,150,0
511,151,0
511,155,1
511,157,0
511,160,0
511,164,0
511,170,0
511,175,0
511,179,0
511,187,0
511,190,1
511,194,0
511,196,0
511,201,1
511,220,0
511,221,0
511,222,0
511,223,0
511,224,0
511,225,0
511,226,0
511,227,0
511,228,0
511,229,0
511,230,0
511,231,0
511,232,0
511,233,0
511,234,0
511,235,0
511,236,0
511,237,0
511,238,0
511,239,0
511,243,0
511,244,1
511,245,0
511,249,0
511,250,0
511,251,0
511,252,0
511,253,0
511,254,0
511,255,0
511,256,0
511,257,0
511,258,0
511,259,0
511,260,0
511,262,0
511,265,0
511,266,0
511,267,0
511,270,0
511,271,0
511,272,0
511,273,0
511,274,0
511,275,0
511,276,0
511,277,0
511,278,0
511,279,0
511,280,0
511,281,1
511,292,0
511,293,0
511,294,0
511,295,0
511,296,0
511,297,0
511,298,0
511,299,0
511,300,0
511,301,0
511,302,0
511,303,0
511,304,0
511,305,0
511,306,0
511,307,0
511,308,0
511,309,1
511,310,0
511,311,0
511,312,0
511,313,0
511,315,0
511,316,0
511,319,0
511,321,0
511,322,0
511,323,0
511,324,0
511,325,0
511,326,0
511,327,0
511,328,0
511,329,0
511,330,0
511,331,0
511,332,0
511,333,0
511,334,0
511,335,0
511,336,0
511,337,0
511,339,0
511,472,1
511,473,1
511,474,1
511,475,1
511,476,1
511,477,0
511,478,0
511,479,0
511,480,1
511,481,1
511,482,0
511,495,1
511,496,1
511,498,1
511,502,1
511,503,1
511,505,1
511,512,1
511,513,1
511,515,1
511,516,1
511,521,1
511,522,1
511,526,1
511,530,1
511,531,1
511,532,0
511,533,1
511,535,1
511,536,1
511,537,1
511,546,0
511,547,0
511,548,0
511,549,0
511,550,0
511,551,0
511,552,0
511,553,1
511,554,0
511,555,0
511,557,1
511,558,0
511,559,0
511,560,0
511,561,0
511,562,0
511,564,0
511,565,0
511,566,0
511,567,0
511,568,1
511,569,1
511,573,1
511,575,0
511,578,1
511,582,1
511,583,1
511,609,0
511,610,1
511,613,0
511,631,0
511,632,0
511,633,0
511,634,1
511,636,1
511,637,1
511,638,1
511,639,0
511,640,1
511,641,0
511,642,1
511,643,0
511,645,1
511,646,0
511,648,0
511,649,1
511,650,0
511,651,0
511,652,1
511,654,1
511,655,0
511,656,1
511,657,0
511,658,0
511,659,0
511,660,0
511,661,1
511,663,1
511,665,0
511,666,1
511,667,0
511,668,1
511,669,0
511,670,0
511,671,0
511,672,0
511,673,0
511,674,0
511,675,1
511,676,0
511,677,1
511,680,0
511,682,0
511,684,1
511,686,0
511,689,0
511,690,0
511,691,0
511,692,1
511,693,0
511,696,0
511,697,0
511,699,0
511,700,0
511,702,0
511,703,0
511,707,0
511,708,0
511,709,0
511,710,0
511,711,0
511,712,0
511,713,0
511,714,0
511,716,0
511,717,1
511,719,1
511,721,0
511,723,0
511,724,0
511,725,0
511,727,0
511,729,1
511,730,1
511,737,0
511,739,1
511,741,1
511,743,1
511,749,0
511,752,0
511,754,0
511,755,1
511,756,0
511,757,0
511,758,0
511,759,0
511,760,1
511,761,0
511,764,0
511,768,1
511,769,0
511,770,0
511,771,1
511,772,1
511,773,0
511,774,0
511,775,1
511,776,0
511,777,0
511,778,0
511,779,0
511,780,0
511,834,0
511,836,1
511,837,0
511,838,1
511,839,1
511,843,1
511,844,1
511,845,1
511,846,0
511,847,0
511,848,0
511,849,1
511,851,1
511,852,0
511,855,0
511,856,0
511,857,0
511,858,0
511,859,0
511,860,0
511,861,0
511,862,0
511,863,0
511,864,0
511,865,0
511,866,0
511,867,0
511,868,0
511,869,0
511,871,0
511,872,0
511,874,0
511,875,0
511,876,0
511,877,0
511,887,1
511,889,0
511,890,0
512,0,0
512,11,0
512,16,0
512,20,0
512,21,0
512,31,0
512,47,1
512,49,0
512,56,0
512,57,0
512,75,0
512,84,0
512,101,0
512,103,0
512,107,0
512,112,1
512,118,0
512,123,0
512,127,0
512,130,0
512,136,0
512,140,0
512,149,0
512,151,0
512,159,1
512,170,0
512,193,0
512,472,0
512,473,1
512,474,1
512,475,1
512,476,1
512,479,0
512,480,1
512,481,0
512,482,0
512,494,1
512,497,1
512,500,1
512,502,0
512,503,1
512,504,1
512,505,1
512,510,1
512,511,1
512,512,1
512,513,1
512,514,1
512,515,1
512,520,0
512,521,1
512,522,1
512,525,1
512,528,1
512,530,1
512,532,1
512,533,1
512,534,1
512,535,1
512,537,0
512,546,1
512,547,1
512,549,0
513,239,0
513,240,0
513,241,0
513,242,0
513,244,0
513,245,0
513,249,0
513,250,0
513,251,0
513,252,0
513,253,0
513,254,0
513,255,0
513,256,0
513,257,0
513,258,0
513,259,0
513,260,0
513,636,0
513,638,0
513,639,1
513,640,1
513,642,1
513,644,0
513,645,0
513,646,0
513,647,0
513,648,0
513,649,1
513,650,1
513,651,1
513,652,1
513,653,0
513,654,1
513,655,1
513,656,0
513,657,0
513,658,1
513,659,0
513,660,0
513,661,0
513,663,0
513,664,0
513,665,1
513,667,0
513,669,0
513,672,0
513,707,0
513,708,0
513,768,0
513,769,0
513,770,0
513,771,1
513,772,0
513,773,0
513,774,0
514,0,0
514,1,0
514,5,0
514,9,0
514,15,0
514,20,0
514,21,0
514,27,0
514,30,0
514,33,0
514,40,0
514,52,0
514,56,0
514,321,0
514,736,0
514,737,0
514,744,0
514,745,0
514,746,0
514,748,0
514,750,0
514,752,0
514,753,0
514,756,0
514,781,1
514,782,0
514,785,0
514,786,1
514,815,0
514,816,0
514,817,0
514,819,1
514,820,0
514,821,0
514,822,0
514,823,0
514,824,0
514,825,0
514,826,0
514,827,0
514,828,0
514,829,0
514,830,0
514,834,0
514,836,0
514,837,1
514,838,1
514,839,1
514,840,0
514,843,0
514,844,0
514,845,1
514,846,1
514,848,0
514,849,0
514,850,0
514,851,0
514,852,0
514,853,0
514,854,0
514,855,0
514,856,0
514,857,0
514,858,0
514,859,0
514,860,0
514,861,0
514,862,0
514,863,0
514,864,0
514,865,0
514,866,0
514,867,0
514,868,0
514,869,0
514,870,0
514,871,0
514,872,0
514,874,0
514,875,0
514,876,0
514,877,0
514,878,1
514,879,0
514,885,0
514,887,0
514,889,0
514,890,0
515,0,0
515,1,0
515,12,0
515,13,0
515,19,0
515,26,0
515,32,0
515,43,1
515,45,0
515,50,0
515,55,0
515,58,0
515,72,0
515,75,0
515,78,0
515,84,0
515,101,0
515,109,0
515,112,0
515,119,0
515,124,0
515,127,0
515,133,0
515,151,0
515,154,0
515,157,0
515,160,0
515,168,0
515,173,0
515,177,0
515,191,0
515,193,0
515,199,0
515,201,0
515,205,0
515,220,0
515,221,0
515,222,0
515,223,0
515,224,0
515,225,0
515,226,0
515,227,0
515,228,0
515,229,0
515,230,0
515,233,0
515,234,0
515,235,0
515,238,0
515,239,0
515,241,0
515,242,0
515,243,0
515,244,0
515,249,0
515,250,1
515,251,0
515,252,0
515,253,0
515,254,0
515,255,0
515,256,0
515,257,0
515,258,0
515,259,0
515,260,0
515,262,0
515,266,0
515,270,0
515,271,0
515,272,0
515,273,0
515,274,0
515,275,0
515,276,0
515,278,0
515,279,0
515,280,0
515,282,0
515,283,0
515,284,0
515,292,0
515,293,0
515,295,0
515,298,0
515,300,0
515,301,1
515,302,0
515,303,0
515,311,0
515,312,0
515,313,0
515,315,0
515,316,0
515,319,0
515,322,0
515,323,0
515,324,0
515,325,0
515,326,0
515,327,0
515,328,0
515,329,0
515,330,0
515,331,0
515,332,0
515,333,1
515,334,0
515,335,0
515,336,0
515,337,0
515,339,0
515,341,0
515,344,0
515,345,0
515,346,0
515,347,0
515,348,1
515,349,1
515,351,0
515,352,0
515,354,0
515,355,0
515,356,0
515,357,0
515,472,0
515,473,1
515,474,1
515,475,1
515,476,1
515,479,0
515,480,1
515,481,1
515,482,1
515,495,1
515,497,1
515,499,1
515,501,0
515,502,1
515,504,1
515,505,1
515,510,1
515,511,0
515,512,1
515,513,0
515,515,1
515,516,1
515,520,1
515,521,0
515,522,1
515,523,0
515,524,1
515,528,1
515,529,0
515,530,1
515,531,1
515,532,1
515,534,1
515,535,1
515,536,1
515,537,0
515,546,0
515,547,0
515,558,0
515,559,1
515,560,0
515,561,1
515,562,0
515,564,0
515,565,0
515,566,0
515,567,0
515,568,1
515,570,1
515,573,1
515,576,1
515,577,1
515,582,1
515,608,1
515,609,1
515,615,1
515,631,0
515,632,0
515,633,0
515,634,0
515,635,0
515,636,0
515,637,0
515,639,0
515,640,0
515,642,0
515,643,0
515,644,0
515,645,0
515,646,0
515,647,0
515,648,0
515,649,1
515,650,1
515,651,1
515,652,1
515,653,0
515,655,0
515,656,0
515,657,0
515,658,1
515,659,1
515,660,0
515,662,0
515,663,0
515,664,1
515,666,1
515,667,0
515,668,0
515,669,0
515,671,0
515,707,0
515,708,1
515,709,1
515,710,1
515,711,1
515,712,0
515,713,0
515,714,0
515,715,0
515,719,1
515,722,0
515,728,0
515,729,1
515,730,0
515,731,1
515,733,0
515,735,1
515,740,0
515,742,1
515,748,1
515,750,1
515,754,0
515,755,0
515,756,0
515,757,1
515,758,0
515,759,0
515,760,0
515,761,0
515,763,1
515,767,0
515,768,1
515,769,1
515,770,0
515,771,1
515,772,1
515,773,0
515,774,0
515,775,1
515,776,0
515,777,0
515,778,0
515,779,1
515,780,1
515,834,0
515,836,1
515,837,1
515,838,1
515,839,0
515,844,1
515,845,1
515,847,1
515,848,0
515,849,1
515,850,0
515,851,1
515,854,1
515,855,0
515,856,0
515,914,0
515,916,1
515,918,0
515,920,1
515,921,0
515,922,1
515,923,0
515,926,0
515,927,0
515,928,0
515,929,0
515,935,1
515,937,0
515,938,0
516,247,0
516,248,0
517,239,0
517,240,0
517,241,0
517,242,0
517,244,0
517,245,0
517,246,0
517,248,0
517,249,0
517,250,0
517,251,0
517,252,0
517,253,0
517,254,0
517,255,0
517,256,0
517,257,1
517,258,0
517,259,0
517,260,0
517,262,0
517,265,0
517,266,0
517,267,0
517,268,1
517,636,0
517,638,1
517,639,1
517,640,1
517,641,1
517,642,0
517,644,0
517,646,1
517,648,0
517,649,1
517,650,1
517,651,1
517,652,1
517,654,1
517,655,0
517,656,0
517,657,0
517,658,1
517,659,0
517,660,1
517,661,0
517,662,0
517,663,0
517,664,1
517,666,1
517,667,0
517,668,0
517,669,0
517,670,1
517,671,1
517,672,0
517,674,1
517,682,0
517,684,0
517,707,1
517,708,0
517,709,0
517,710,0
517,711,1
517,712,0
517,714,0
517,768,1
517,769,1
517,770,1
517,771,1
517,772,1
517,773,0
517,774,1
517,775,1
517,776,1
517,777,1
517,778,0
517,779,0
517,780,0
518,0,1
518,4,0
518,5,0
518,12,0
518,13,0
518,19,0
518,21,0
518,28,0
518,32,0
518,35,0
518,40,0
518,47,0
518,51,0
518,53,0
518,101,0
518,103,0
518,107,0
518,110,0
518,114,0
518,119,0
518,125,0
518,128,0
518,132,0
518,136,0
518,151,0
518,152,0
518,156,0
518,163,0
518,166,0
518,170,0
518,173,0
518,179,0
518,183,1
518,184,0
518,190,0
518,192,0
518,220,0
518,221,0
518,222,0
518,223,0
518,224,0
518,225,0
518,226,0
518,227,0
518,228,0
518,229,0
518,230,0
518,233,0
518,234,0
518,235,0
518,236,0
518,237,0
518,238,0
518,249,0
518,250,0
518,251,0
518,252,0
518,253,0
518,254,0
518,255,0
518,256,0
518,257,0
518,258,0
518,259,0
518,260,0
518,262,0
518,265,0
518,266,0
518,267,0
518,268,1
518,270,0
518,271,0
518,272,0
518,273,0
518,274,0
518,275,0
518,276,0
518,277,0
518,278,0
518,279,0
518,280,1
518,281,1
518,292,0
518,293,0
518,294,0
518,295,0
518,298,0
518,299,0
518,300,0
518,301,1
518,303,0
518,305,0
518,307,0
518,308,0
518,309,0
518,310,0
518,311,0
518,312,0
518,313,0
518,314,0
518,315,0
518,316,1
518,317,0
518,319,0
518,321,0
518,322,0
518,324,0
518,326,0
518,328,0
518,329,0
518,330,0
518,331,0
518,332,0
518,472,0
518,473,0
518,474,0
518,475,1
518,476,1
518,479,0
518,480,1
518,481,0
518,482,0
518,494,0
518,495,1
518,498,1
518,500,1
518,502,1
518,503,1
518,504,1
518,505,0
518,510,1
518,511,1
518,512,1
518,513,1
518,514,0
518,515,1
518,520,1
518,521,0
518,522,1
518,523,1
518,526,0
518,529,1
518,530,0
518,531,1
518,533,1
518,534,1
518,536,1
518,537,1
518,546,0
518,547,0
518,548,0
518,549,0
518,550,0
518,552,0
518,553,0
518,558,0
518,559,0
518,560,0
518,561,0
518,562,1
518,563,0
518,564,0
518,565,0
518,566,0
518,567,0
518,568,1
518,569,1
518,570,0
518,572,1
518,574,0
518,575,0
518,577,1
518,581,1
518,583,1
518,609,0
518,611,0
518,612,1
518,615,0
518,631,0
518,632,0
518,633,0
518,634,0
518,635,0
518,636,0
518,637,0
518,638,0
518,639,0
518,640,0
518,641,0
518,642,0
518,643,0
518,644,0
518,645,0
518,646,0
518,647,0
518,648,0
518,649,1
518,650,1
518,651,0
518,652,1
518,653,0
518,654,1
518,655,0
518,656,0
518,657,0
518,658,0
518,659,0
518,660,0
518,662,0
518,663,1
518,664,1
518,666,0
518,667,0
518,668,0
518,669,0
518,670,0
518,672,0
518,673,0
518,674,0
518,675,0
518,676,0
518,679,0
518,680,1
518,681,1
518,682,0
518,686,1
518,689,1
518,691,0
518,696,0
518,699,0
518,703,0
518,707,0
518,708,1
518,709,0
518,710,0
518,711,1
518,712,1
518,713,0
518,714,0
518,768,0
518,769,0
518,770,0
518,771,1
518,772,1
518,773,0
518,774,1
518,775,1
518,776,1
518,777,1
518,778,1
518,779,0
518,780,1
518,781,0
518,782,0
518,785,1
518,786,1
518,787,0
518,815,1
518,817,1
518,820,1
518,821,0
518,822,0
518,823,0
518,824,0
518,825,0
518,826,0
518,834,0
518,836,0
518,837,0
518,838,1
518,839,1
518,840,0
518,843,0
518,844,0
518,845,0
518,846,0
518,847,0
518,848,0
518,849,1
518,850,0
518,851,0
518,852,0
518,853,0
518,855,0
518,857,1
518,858,0
518,859,0
518,860,0
518,861,0
518,862,0
518,863,0
518,864,0
518,865,0
518,866,0
518,867,0
518,868,0
518,869,0
518,871,0
518,872,0
518,874,0
518,875,0
518,876,0
518,877,0
518,879,0
518,880,0
518,881,1
518,882,0
518,885,0
518,887,0
518,889,0
518,890,0
519,101,0
519,106,0
519,110,0
519,125,0
519,127,0
519,133,0
519,141,0
519,148,0
519,151,0
519,158,1
519,159,1
519,162,0
519,168,0
519,171,0
519,176,1
519,177,1
519,193,1
519,194,1
519,196,0
519,199,0
519,201,1
519,203,0
519,205,1
519,206,0
519,210,0
519,215,1
519,218,0
519,219,0
519,472,1
519,473,1
519,474,1
519,475,1
519,476,1
519,479,1
519,480,1
519,481,1
519,482,0
519,494,1
519,497,1
519,501,1
519,502,1
519,504,1
519,505,1
519,510,1
519,511,1
519,512,1
519,513,1
519,514,1
519,515,1
519,520,0
519,521,1
519,523,1
519,528,1
519,529,1
519,530,1
519,531,1
519,533,1
519,535,1
519,537,1
519,558,0
519,559,1
519,560,1
519,561,1
519,562,1
519,563,1
519,564,1
519,565,0
519,566,0
519,567,0
519,568,1
519,569,1
519,572,1
519,576,1
519,577,1
519,583,1
519,608,1
519,609,1
519,610,1
519,611,1
519,612,1
519,613,1
519,614,1
519,615,1
519,631,0
519,632,0
519,633,0
519,634,1
519,635,0
519,941,0
520,220,0
520,221,0
520,223,0
520,224,0
520,225,0
520,226,0
520,227,0
520,228,0
520,229,0
520,230,0
520,231,0
520,232,0
520,233,0
520,234,0
520,235,0
520,236,0
520,237,0
520,238,0
521,0,0
521,1,0
521,5,0
521,12,0
521,14,0
521,19,0
521,22,0
521,25,1
521,32,0
521,34,0
521,40,0
521,42,0
521,48,0
521,50,0
521,55,0
521,58,0
521,64,0
521,67,1
521,72,0
521,101,1
521,102,0
521,109,0
521,110,0
521,114,0
521,119,0
521,125,0
521,126,0
521,132,0
521,136,0
521,141,0
521,145,0
521,149,0
521,150,0
521,151,0
521,156,0
521,160,0
521,168,1
521,178,0
521,195,0
521,198,0
521,203,0
521,207,0
521,211,0
521,220,0
521,221,0
521,225,0
521,226,0
521,227,0
521,230,1
521,233,0
521,234,0
521,235,0
521,237,0
521,238,0
521,239,0
521,241,0
521,242,0
521,243,0
521,244,0
521,245,0
521,249,0
521,251,0
521,252,0
521,253,0
521,255,0
521,256,0
521,257,0
521,258,1
521,259,0
521,262,0
521,265,1
521,266,0
521,267,0
521,268,1
521,270,0
521,271,0
521,272,0
521,273,1
521,274,0
521,275,0
521,276,0
521,277,0
521,278,0
521,279,0
521,280,1
521,281,0
521,282,1
521,285,1
521,292,0
521,293,0
521,294,0
521,295,0
521,298,0
521,299,0
521,300,0
521,311,1
521,312,0
521,313,0
521,315,0
521,316,0
521,321,0
521,322,1
521,323,0
521,324,1
521,325,0
521,326,0
521,327,0
521,328,0
521,329,0
521,330,0
521,331,0
521,332,0
521,333,0
521,334,0
521,335,0
521,336,0
521,337,0
521,339,1
521,344,1
521,348,0
521,349,0
521,350,0
521,351,1
521,352,0
521,354,0
521,355,0
521,356,1
521,357,0
521,358,0
521,360,0
521,363,0
521,472,0
521,473,1
521,474,1
521,475,0
521,476,1
521,479,1
521,480,1
521,481,0
521,482,1
521,494,1
521,495,1
521,500,1
521,502,1
521,504,1
521,505,1
521,510,1
521,511,1
521,512,1
521,513,1
521,515,1
521,516,1
521,520,0
521,521,1
521,523,1
521,524,1
521,528,1
521,530,1
521,531,1
521,532,1
521,533,0
521,534,1
521,535,1
521,537,1
521,546,0
521,547,0
521,558,0
521,559,0
521,560,0
521,561,0
521,562,1
521,564,0
521,565,0
521,566,0
521,567,0
521,569,1
521,570,1
521,574,1
521,575,0
521,576,0
521,577,0
521,578,1
521,582,1
521,583,1
521,609,0
521,614,1
521,615,1
521,631,0
521,632,0
521,633,0
521,636,1
521,637,0
521,638,1
521,639,1
521,640,1
521,641,1
521,643,0
521,645,0
521,646,0
521,647,0
521,648,0
521,649,1
521,650,1
521,651,1
521,652,1
521,654,1
521,655,1
521,656,1
521,657,1
521,658,1
521,660,0
521,661,0
521,662,0
521,663,1
521,664,0
521,665,1
521,667,0
521,668,1
521,669,0
521,670,1
521,671,0
521,672,1
521,675,1
521,707,0
521,708,0
521,709,1
521,710,1
521,711,1
521,712,0
521,713,0
521,714,0
521,716,1
521,718,0
521,724,1
521,727,0
521,728,0
521,730,0
521,734,0
521,736,0
521,742,0
521,744,1
521,749,0
521,754,1
521,755,0
521,756,1
521,757,0
521,759,0
521,762,1
521,768,1
521,769,1
521,770,0
521,771,1
521,772,0
521,773,0
521,774,1
521,775,0
521,776,1
521,777,1
521,778,1
521,779,1
521,780,1
521,781,0
521,782,1
521,784,1
521,785,1
521,786,0
521,787,0
521,788,1
521,789,0
521,790,1
521,799,1
521,800,1
521,802,0
521,815,1
521,817,1
521,819,1
521,820,0
521,821,0
521,822,1
521,823,1
521,824,0
521,825,0
521,826,0
521,827,1
521,828,0
521,829,1
521,830,1
521,834,0
521,835,0
521,836,1
521,837,0
521,838,1
521,839,0
521,840,0
521,843,1
521,844,0
521,845,0
521,847,0
521,848,0
521,849,0
521,850,0
521,851,1
521,852,1
521,853,0
521,854,0
521,855,0
521,856,0
521,858,0
521,861,0
521,862,0
521,914,1
521,916,0
521,918,0
521,920,0
521,921,0
521,923,0
521,926,0
521,927,0
521,928,0
521,929,0
521,934,0
521,935,0
521,936,0
521,937,0
521,938,0
521,941,0
521,942,1
521,944,0
521,946,0
521,947,0
521,959,0
521,960,0
521,961,0
521,963,1
521,966,1
521,970,0
521,973,0
521,976,1
521,978,0
521,979,1
521,1007,1
521,1009,0
521,1021,1
521,1022,0
521,1024,0
521,1027,0
521,1029,0
521,1031,0
521,1033,1
521,1035,0
521,1037,0
521,1038,0
522,0,0
522,9,0
522,14,0
522,17,0
522,32,0
522,38,0
522,42,0
522,46,0
522,52,0
522,56,0
522,60,0
522,62,0
522,67,0
522,70,0
522,75,0
522,80,0
522,83,0
522,88,0
522,96,0
522,100,0
522,101,0
522,107,0
522,112,0
522,118,0
522,125,0
522,126,0
522,131,0
522,137,0
522,139,0
522,145,1
522,151,0
522,152,0
522,157,0
522,163,0
522,164,0
522,168,0
522,175,0
522,177,0
522,187,0
522,190,1
522,195,0
522,199,1
522,202,0
522,220,0
522,221,0
522,222,0
522,224,0
522,225,0
522,227,0
522,230,0
522,231,0
522,232,0
522,233,0
522,234,0
522,235,0
522,236,0
522,237,0
522,238,0
522,243,0
522,249,0
522,250,0
522,251,0
522,252,0
522,253,0
522,255,0
522,256,0
522,257,1
522,258,0
522,259,0
522,260,1
522,270,0
522,309,0
522,310,0
522,311,0
522,312,0
522,313,1
522,314,0
522,315,0
522,316,0
522,317,0
522,318,0
522,319,0
522,320,0
522,472,0
522,473,1
522,474,0
522,475,1
522,476,1
522,477,0
522,479,0
522,480,1
522,481,1
522,482,1
522,494,1
522,495,1
522,500,1
522,502,1
522,504,1
522,505,1
522,512,1
522,513,1
522,514,1
522,516,1
522,519,1
522,522,1
522,524,0
522,526,1
522,529,1
522,530,0
522,531,1
522,532,1
522,533,0
522,534,0
522,535,1
522,536,1
522,537,1
522,546,0
522,547,1
522,548,1
522,549,1
522,550,0
522,551,1
522,552,0
522,553,0
522,554,1
522,556,1
522,557,1
522,558,0
522,559,0
522,560,1
522,561,0
522,562,1
522,564,0
522,565,1
522,566,1
522,567,0
522,568,1
522,569,0
522,572,1
522,575,1
522,576,1
522,582,1
522,583,1
522,608,0
522,609,0
522,613,1
522,631,0
522,632,1
522,636,0
522,637,1
522,638,0
522,639,1
522,640,1
522,642,0
522,643,1
522,645,1
522,646,0
522,648,0
522,649,1
522,650,0
522,651,1
522,652,1
522,654,1
522,655,1
522,656,1
522,657,0
522,659,1
522,660,0
522,661,1
522,663,0
522,664,1
522,665,1
522,667,0
522,668,1
522,670,0
522,672,0
522,707,0
522,708,1
522,709,1
522,710,1
522,711,0
522,712,0
522,713,0
522,714,0
522,717,0
522,718,1
522,720,1
522,722,0
522,726,0
522,728,1
522,729,0
522,730,0
522,731,0
522,768,0
522,769,0
522,770,1
522,771,1
522,772,1
522,773,1
522,774,1
522,775,1
522,776,1
522,777,1
522,778,1
522,779,1
522,780,1
523,240,0
523,246,0
523,248,0
523,249,0
523,250,0
523,251,0
523,252,0
523,253,0
523,254,0
523,255,0
523,256,0
523,257,0
523,258,0
523,259,0
523,260,0
523,262,0
523,265,0
523,266,0
523,267,0
523,270,0
523,271,0
523,272,1
523,273,0
523,274,0
523,275,0
523,636,1
523,637,1
523,639,1
523,640,0
523,641,0
523,643,0
523,645,0
523,646,0
523,647,0
523,648,0
523,649,1
523,650,0
523,651,1
523,652,1
523,654,1
523,655,0
523,656,1
523,657,1
523,659,1
523,661,0
523,664,0
523,665,1
523,666,1
523,667,0
523,672,0
523,707,1
523,708,1
523,709,1
523,710,1
523,711,0
523,712,1
523,713,0
523,714,0
523,715,0
523,718,0
523,731,0
523,732,0
523,733,1
523,768,0
523,769,1
523,770,0
523,771,0
523,772,1
523,773,0
523,774,0
523,775,1
523,776,0
523,777,0
523,778,1
523,779,0
523,780,1
524,0,1
524,2,0
524,8,0
524,9,0
524,14,0
524,19,0
524,21,0
524,26,1
524,30,0
524,34,0
524,40,0
524,42,0
524,45,0
524,49,0
524,56,0
524,57,0
524,63,0
524,66,0
524,70,0
524,82,0
524,95,0
524,98,0
524,101,0
524,109,0
524,111,0
524,120,0
524,125,0
524,129,0
524,133,0
524,151,0
524,159,0
524,162,0
524,171,0
524,175,0
524,179,0
524,187,0
524,193,0
524,197,0
524,200,0
524,205,0
524,208,0
524,220,0
524,221,0
524,222,0
524,224,0
524,225,0
524,226,0
524,227,0
524,229,0
524,230,0
524,233,0
524,234,0
524,235,0
524,237,0
524,249,0
524,250,1
524,251,0
524,252,0
524,253,0
524,254,0
524,255,0
524,256,0
524,257,0
524,258,0
524,259,0
524,260,0
524,262,0
524,265,0
524,266,0
524,267,0
524,268,0
524,270,0
524,271,0
524,272,0
524,273,0
524,274,0
524,275,0
524,276,0
524,277,0
524,278,0
524,279,0
524,280,0
524,281,0
524,282,0
524,283,0
524,284,0
524,285,0
524,287,0
524,292,0
524,293,0
524,294,0
524,295,0
524,297,0
524,298,0
524,300,1
524,309,0
524,310,0
524,311,0
524,312,0
524,313,1
524,315,1
524,316,1
524,317,1
524,319,0
524,321,0
524,322,0
524,324,0
524,325,0
524,326,0
524,328,0
524,329,0
524,330,0
524,331,0
524,332,0
524,333,0
524,334,0
524,335,0
524,336,0
524,337,0
524,339,0
524,341,0
524,342,0
524,343,0
524,344,0
524,345,0
524,346,1
524,347,0
524,348,0
524,472,1
524,473,1
524,474,1
524,475,1
524,476,1
524,479,0
524,480,1
524,481,0
524,482,0
524,494,1
524,497,1
524,499,1
524,501,0
524,503,1
524,504,1
524,505,1
524,510,1
524,511,1
524,512,1
524,513,1
524,514,0
524,515,0
524,516,0
524,517,1
524,518,1
524,520,0
524,521,1
524,522,1
524,528,1
524,529,1
524,530,1
524,531,1
524,533,1
524,534,1
524,535,1
524,537,1
524,546,0
524,547,0
524,558,0
524,559,0
524,560,1
524,561,1
524,562,1
524,564,1
524,565,0
524,566,0
524,567,1
524,569,0
524,570,1
524,572,1
524,575,1
524,577,1
524,582,1
524,583,1
524,608,0
524,609,0
524,612,0
524,629,1
524,631,0
524,632,0
524,636,0
524,638,1
524,640,0
524,641,1
524,642,0
524,644,0
524,645,0
524,646,0
524,648,0
524,649,1
524,650,1
524,651,0
524,652,1
524,654,1
524,655,0
524,656,0
524,657,1
524,658,0
524,659,1
524,660,0
524,662,0
524,663,0
524,664,1
524,666,1
524,667,0
524,670,0
524,671,1
524,707,0
524,708,1
524,709,0
524,710,0
524,711,0
524,712,1
524,713,0
524,714,0
524,716,0
524,719,0
524,722,0
524,730,1
524,733,1
524,736,0
524,738,1
524,745,0
524,748,0
524,751,0
524,754,0
524,768,1
524,769,0
524,770,0
524,771,1
524,772,1
524,773,0
524,774,1
524,775,1
524,776,0
524,777,1
524,778,1
524,779,1
524,780,0
524,781,1
524,786,1
524,787,1
524,788,0
524,789,1
524,815,1
524,816,1
524,819,1
524,821,0
524,822,1
524,823,1
524,824,1
524,825,0
524,826,1
524,827,0
524,828,0
524,829,1
524,830,0
524,834,0
524,837,1
524,838,1
524,839,0
524,840,1
524,843,0
524,845,1
524,846,1
524,848,0
524,849,0
524,850,0
524,851,1
524,852,0
524,853,0
524,854,1
524,855,0
524,856,0
524,861,0
524,862,0
524,863,0
524,865,1
524,867,1
524,872,1
524,874,1
524,880,1
524,885,1
524,889,1
525,0,0
525,8,0
525,10,0
525,15,0
525,20,0
525,21,0
525,25,1
525,30,0
525,36,0
525,39,0
525,46,0
525,51,0
525,54,0
525,60,1
525,101,0
525,108,0
525,111,0
525,116,0
525,119,0
525,124,0
525,128,0
525,133,0
525,709,0
525,710,0
525,711,1
525,712,0
525,713,1
525,714,0
525,715,0
525,718,0
525,719,0
525,720,1
525,721,0
525,723,0
525,724,0
525,727,1
525,730,0
525,734,0
525,735,0
525,737,0
525,739,0
525,745,0
525,746,0
525,747,0
525,749,0
525,752,0
525,775,1
525,776,0
525,777,1
525,778,0
525,779,0
525,780,0
525,781,0
525,782,0
525,783,0
525,784,1
525,785,0
525,786,0
525,787,0
525,788,1
525,789,0
525,815,1
525,819,1
525,820,1
525,821,0
525,822,0
525,823,0
525,824,0
525,825,0
525,826,0
525,827,1
525,828,0
525,829,0
525,830,0
525,834,0
525,836,1
525,837,0
525,838,1
525,840,1
525,843,1
525,844,0
525,845,0
525,847,0
525,848,0
525,849,0
525,850,0
525,851,0
525,852,0
525,853,0
525,854,0
525,855,0
525,856,0
525,858,1
525,861,0
526,0,1
526,3,0
526,6,1
526,12,0
526,15,0
526,17,0
526,21,0
526,28,0
526,31,0
526,34,0
526,40,0
526,42,0
526,46,0
526,51,0
526,56,0
526,59,0
526,65,1
526,72,0
526,74,0
526,78,0
526,83,0
526,101,0
526,109,0
526,113,0
526,121,0
526,125,0
526,127,0
526,133,0
526,135,0
526,139,0
526,144,0
526,150,0
526,151,0
526,152,1
526,158,0
526,162,0
526,168,1
526,174,1
526,176,0
526,193,0
526,220,0
526,221,0
526,222,0
526,223,0
526,224,0
526,225,0
526,226,0
526,227,0
526,228,0
526,229,0
526,230,0
526,233,0
526,234,0
526,235,0
526,237,0
526,238,0
526,239,0
526,240,0
526,241,0
526,242,0
526,243,0
526,244,0
526,245,0
526,246,0
526,249,1
526,250,0
526,251,0
526,252,0
526,253,0
526,254,0
526,255,0
526,256,0
526,257,0
526,258,0
526,259,0
526,260,0
526,262,0
526,270,0
526,271,0
526,272,0
526,273,0
526,274,0
526,275,0
526,276,0
526,278,0
526,280,0
526,282,0
526,285,0
526,286,0
526,287,0
526,289,0
526,292,0
526,293,0
526,294,0
526,295,0
526,298,0
526,299,0
526,300,0
526,301,0
526,302,0
526,303,0
526,309,0
526,310,1
526,311,0
526,312,0
526,313,1
526,315,0
526,316,1
526,317,0
526,318,0
526,319,0
526,321,0
526,322,0
526,323,0
526,324,0
526,325,0
526,326,0
526,327,0
526,328,0
526,329,0
526,330,0
526,331,0
526,332,0
526,333,0
526,334,0
526,335,0
526,336,0
526,337,0
526,338,0
526,339,0
526,342,0
526,343,1
526,348,0
526,349,0
526,351,0
526,352,0
526,354,0
526,355,0
526,356,0
526,357,0
526,358,0
526,359,1
526,360,0
526,363,0
526,364,1
526,365,0
526,366,0
526,367,0
526,368,0
526,370,0
526,371,0
526,373,0
526,374,0
526,375,0
526,376,1
526,377,0
526,380,0
526,381,0
526,382,0
526,383,1
526,384,0
526,386,0
526,387,0
526,388,0
526,389,1
526,390,0
526,391,0
526,392,0
526,393,0
526,394,0
526,395,0
526,402,0
526,403,0
526,404,0
526,405,0
526,406,0
526,407,0
526,408,1
526,415,1
526,417,1
526,419,1
526,420,0
526,421,1
526,422,0
526,426,0
526,427,0
526,430,1
526,432,0
526,434,0
526,435,1
526,437,1
526,439,1
526,440,0
526,441,0
526,442,0
526,443,0
526,444,1
526,445,0
526,446,0
526,447,0
526,449,0
526,450,0
526,451,0
526,453,0
526,455,0
526,456,0
526,461,0
526,462,0
526,464,0
526,465,0
526,466,1
526,467,0
526,468,1
526,469,0
526,470,0
526,472,0
526,473,1
526,474,1
526,475,1
526,476,1
526,479,0
526,480,0
526,481,0
526,482,0
526,495,1
526,496,1
526,498,0
526,501,1
526,502,1
526,504,1
526,505,1
526,510,1
526,511,1
526,512,1
526,513,0
526,514,1
526,515,0
526,517,1
526,518,1
526,521,1
526,522,1
526,528,1
526,529,1
526,530,1
526,531,1
526,532,0
526,533,1
526,535,1
526,536,1
526,537,1
526,546,0
526,547,1
526,548,0
526,549,0
526,550,0
526,551,0
526,552,0
526,553,0
526,554,1
526,556,0
526,557,1
526,558,1
526,559,0
526,560,0
526,561,0
526,562,0
526,563,0
526,564,0
526,565,0
526,566,0
526,567,0
526,568,1
526,569,0
526,570,1
526,574,1
526,575,0
526,577,0
526,578,0
526,579,1
526,580,1
526,582,1
526,583,1
526,608,0
526,609,1
526,612,1
526,631,0
526,632,0
526,633,0
526,634,0
526,635,0
526,636,0
526,637,0
526,638,0
526,639,0
526,640,0
526,641,0
526,642,0
526,644,0
526,645,0
526,646,0
526,647,0
526,648,1
526,649,1
526,650,1
526,651,1
526,652,1
526,653,1
526,655,0
526,656,1
526,657,0
526,659,1
526,660,1
526,661,1
526,662,1
526,664,0
526,665,1
526,666,0
526,668,0
526,670,0
526,671,0
526,707,0
526,708,0
526,709,0
526,710,1
526,711,0
526,712,1
526,713,0
526,714,0
526,720,1
526,721,0
526,722,1
526,723,0
526,725,0
526,729,1
526,730,1
526,731,1
526,732,1
526,734,0
526,741,1
526,744,0
526,747,1
526,749,1
526,752,1
526,753,0
526,755,0
526,758,0
526,759,0
526,760,1
526,761,0
526,762,0
526,763,0
526,766,0
526,767,0
526,768,0
526,769,0
526,770,1
526,771,1
526,772,1
526,773,0
526,774,0
526,775,1
526,776,0
526,777,1
526,778,0
526,779,0
526,780,0
526,782,1
526,783,1
526,786,1
526,787,0
526,815,0
526,816,1
526,819,0
526,821,1
526,822,0
526,823,0
526,824,1
526,825,0
526,826,0
526,827,0
526,828,0
526,831,0
526,832,0
526,833,0
526,834,0
526,837,1
526,838,1
526,839,0
526,840,0
526,843,1
526,844,0
526,845,1
526,848,0
526,849,0
526,850,0
526,851,0
526,852,0
526,853,0
526,854,0
526,855,0
526,856,0
526,858,0
526,860,0
526,861,0
526,862,0
526,863,0
526,892,1
526,893,0
526,894,1
526,895,1
526,896,0
526,897,1
526,898,1
526,899,1
526,900,1
526,903,1
526,904,0
526,905,0
526,906,0
526,907,0
526,908,0
526,909,0
526,914,0
526,915,0
526,916,0
526,917,0
526,918,0
526,920,0
526,921,0
526,923,0
526,926,0
526,927,0
526,928,0
526,929,0
526,935,0
526,937,0
526,938,0
526,939,0
526,941,0
526,942,1
526,944,0
526,945,0
526,946,0
526,947,0
526,950,0
526,951,0
526,953,0
526,954,0
526,955,0
526,956,1
526,959,0
526,960,0
526,963,0
526,965,0
526,966,1
526,968,1
526,978,0
526,979,0
526,1001,1
526,1009,1
526,1010,1
526,1012,0
526,1015,0
526,1018,0
526,1020,0
526,1022,0
526,1023,1
526,1025,1
526,1027,0
526,1028,1
526,1032,0
526,1036,0
526,1039,0
526,1043,1
526,1045,1
526,1047,0
526,1049,0
526,1050,0
526,1056,1
526,1058,0
526,1066,1
526,1067,1
526,1069,0
526,1070,1
526,1072,0
526,1073,1
526,1074,0
526,1075,0
526,1076,0
526,1077,0
526,1079,0
526,1080,1
526,1081,0
526,1082,0
526,1083,0
526,1085,0
526,1088,1
526,1089,0
526,1092,1
526,1093,1
526,1094,1
526,1097,1
526,1098,1
526,1101,0
526,1106,1
526,1108,0
526,1109,1
526,1110,0
526,1111,0
526,1112,0
526,1113,1
526,1114,0
526,1115,0
526,1116,0
526,1117,0
526,1118,0
526,1119,1
526,1120,0
526,1121,0
526,1122,0
526,1123,1
526,1127,1
526,1130,1
526,1133,0
526,1134,1
526,1137,1
526,1140,0
526,1145,0
526,1146,1
526,1147,0
526,1148,0
526,1150,0
526,1151,1
526,1152,0
526,1154,0
526,1156,0
526,1159,1
526,1160,0
526,1163,0
526,1164,0
526,1165,0
526,1169,0
526,1170,0
526,1171,0
526,1172,0
526,1173,0
526,1174,0
526,1175,0
526,1176,0
526,1177,1
526,1178,0
526,1179,0
526,1180,0
526,1181,0
526,1182,0
526,1183,0
526,1184,0
526,1185,0
526,1186,0
526,1187,0
526,1188,0
526,1189,0
526,1192,0
526,1193,0
526,1194,1
526,1195,0
526,1196,0
526,1197,0
526,1199,0
526,1200,0
526,1201,0
526,1202,0
526,1203,1
526,1204,0
526,1205,0
527,321,0
527,781,1
527,782,0
527,784,1
527,785,1
527,786,1
527,787,0
527,817,0
527,818,1
527,819,1
527,820,0
527,821,1
527,822,1
527,823,0
527,824,0
527,825,0
527,826,0
527,827,1
527,828,0
528,477,0
528,530,0
528,531,1
528,533,0
528,534,0
528,535,0
528,536,1
528,537,0
528,546,0
528,547,0
528,548,0
528,549,0
528,550,0
528,551,0
528,552,0
528,553,1
528,554,1
528,555,0
528,556,0
528,557,1
528,558,0
528,559,0
528,561,1
528,562,0
529,0,0
529,3,1
529,10,0
529,15,0
529,17,0
529,21,0
529,28,0
529,29,1
529,34,0
529,47,0
529,51,0
529,55,0
529,58,0
529,72,0
529,76,0
529,80,0
529,83,0
529,101,0
529,102,0
529,109,0
529,112,0
529,117,0
529,121,0
529,125,0
529,126,0
529,132,0
529,137,0
529,141,0
529,143,1
529,148,0
529,473,1
530,412,0
530,415,0
530,417,0
530,418,0
530,419,0
530,420,0
530,421,0
530,422,0
530,426,0
530,427,0
530,428,0
530,430,0
530,432,0
530,433,0
530,434,0
530,435,0
530,436,0
530,437,0
530,892,0
530,893,0
530,894,1
530,895,1
530,896,0
530,897,0
530,898,1
530,899,0
530,900,1
530,903,0
530,904,0
530,905,0
530,906,0
530,907,0
530,908,0
530,909,0
530,910,1
530,911,0
530,912,0
530,913,1
531,249,0
531,250,0
531,251,0
531,252,0
531,253,0
531,254,0
531,255,0
531,256,0
531,257,0
531,258,0
531,259,0
531,260,0
531,262,0
531,266,0
531,267,0
531,270,0
531,271,0
531,272,0
531,273,0
531,274,0
531,275,0
531,276,0
531,278,0
531,279,0
531,280,0
531,282,0
531,283,0
531,702,0
531,707,0
531,708,0
531,709,1
531,710,1
531,711,0
531,712,1
531,713,0
531,714,0
531,716,0
531,717,1
531,718,0
531,722,1
531,725,0
531,728,0
531,729,0
531,730,0
531,732,1
531,733,1
531,737,0
531,738,1
531,742,1
531,753,1
531,768,0
531,769,0
531,770,0
531,771,1
531,772,0
531,773,0
531,774,0
531,775,1
531,776,1
531,777,0
531,778,0
531,779,1
531,780,1
531,834,0
531,836,0
531,838,1
531,840,1
531,841,0
531,842,0
531,843,0
531,844,0
531,845,0
531,846,0
531,847,0
531,848,0
531,849,0
531,850,0
531,851,0
531,852,1
531,853,0
531,854,0
531,855,0
531,856,0
531,857,0
531,858,0
531,859,0
531,860,0
531,861,0
531,862,0
531,863,0
531,864,0
531,865,0
531,872,0
532,0,0
532,2,0
532,6,1
532,10,0
532,14,1
532,18,0
532,22,0
532,32,0
532,40,0
532,47,0
532,50,0
532,54,0
532,58,0
532,81,0
532,101,1
532,105,0
532,108,0
532,111,0
532,114,0
532,119,0
532,124,0
532,129,0
532,132,0
532,136,0
532,139,0
532,145,0
532,146,0
532,150,0
532,151,0
532,170,0
532,472,1
532,473,1
532,474,1
532,475,1
532,476,0
532,479,0
532,480,1
532,481,1
532,482,0
532,495,1
532,500,1
532,502,1
532,503,0
532,505,1
532,510,1
532,511,1
532,512,1
532,513,1
532,514,1
532,519,0
532,522,1
532,523,0
532,524,0
532,525,0
532,526,0
532,527,0
532,528,0
532,529,0
532,534,0
532,535,0
532,536,1
532,537,1
533,214,0
533,220,0
533,221,0
533,222,0
533,225,0
533,226,0
533,227,0
533,228,0
533,229,0
533,230,0
533,233,0
533,234,1
533,238,0
533,239,0
533,243,0
533,245,0
533,249,0
533,253,0
533,255,0
533,256,0
533,258,0
533,259,0
533,260,0
533,261,1
533,262,0
533,264,0
533,265,0
533,266,0
533,268,0
533,270,0
533,272,1
533,274,0
533,275,1
533,312,1
533,313,0
533,315,0
533,316,1
533,558,0
533,559,0
533,560,0
533,561,1
533,562,1
533,564,1
533,565,1
533,566,0
533,567,0
533,568,1
533,570,1
533,574,1
533,579,1
533,580,1
533,583,1
533,608,0
533,609,1
533,612,1
533,613,1
533,615,1
533,631,1
533,632,1
533,633,0
533,634,0
533,636,0
533,637,1
533,639,1
533,640,1
533,642,0
533,644,1
533,645,0
533,646,0
533,647,0
533,649,1
533,650,1
533,651,1
533,652,1
533,654,1
533,655,0
533,656,1
533,657,1
533,658,1
533,660,0
533,663,1
533,666,1
533,707,0
533,708,0
533,709,1
533,710,0
533,711,1
533,712,1
533,713,1
533,714,1
533,768,0
533,769,1
533,770,0
533,771,0
533,772,1
533,773,1
533,774,0
533,775,0
533,776,1
533,777,0
533,778,0
533,779,1
533,780,1
534,155,0
534,161,0
534,165,0
534,173,0
534,179,0
534,181,1
534,187,0
534,188,0
534,558,0
534,559,0
534,560,0
534,561,1
534,562,1
534,564,0
534,565,0
534,566,0
534,567,0
534,568,1
534,569,1
534,570,1
534,571,1
534,572,0
534,574,0
534,575,0
534,576,0
534,577,0
534,578,1
534,579,0
534,580,1
534,581,1
534,582,1
534,583,0
534,608,1
534,609,0
534,610,0
534,613,1
534,614,0
534,631,0
534,632,0
535,0,0
535,2,1
535,12,0
535,14,1
535,19,0
535,22,0
535,31,1
535,44,0
535,47,0
535,51,0
535,54,0
535,58,0
535,63,0
535,73,1
535,83,0
535,101,0
535,107,0
535,113,1
535,118,0
535,124,0
535,128,0
535,133,0
535,137,0
535,140,0
535,144,0
535,148,0
535,151,0
535,158,0
535,160,0
535,171,0
535,179,1
535,193,0
535,198,0
535,200,1
535,210,0
535,220,0
535,221,0
535,222,0
535,224,0
535,225,0
535,226,0
535,227,0
535,228,0
535,229,0
535,230,0
535,233,0
535,234,1
535,249,0
535,250,0
535,255,0
535,256,0
535,259,0
535,309,0
535,310,0
535,311,0
535,312,0
535,313,0
535,315,1
535,316,0
535,317,1
535,318,1
535,319,0
535,472,1
535,473,0
535,474,1
535,475,1
535,476,1
535,479,1
535,480,1
535,481,0
535,482,1
535,495,1
535,496,1
535,500,1
535,502,1
535,503,1
535,505,1
535,510,1
535,513,1
535,514,1
535,516,1
535,521,1
535,523,1
535,525,1
535,528,1
535,530,1
535,531,1
535,533,1
535,534,1
535,535,1
535,536,1
535,546,0
535,547,1
535,548,0
535,549,0
535,558,0
535,559,0
535,560,0
535,561,0
535,562,0
535,564,0
535,565,0
535,566,0
535,567,0
535,569,1
535,571,1
535,572,1
535,574,0
535,575,0
535,577,0
535,578,1
535,579,1
535,582,0
535,583,1
535,608,0
535,609,1
535,610,1
535,612,1
535,615,0
535,631,0
535,632,0
535,633,0
535,634,0
535,636,0
535,637,0
535,638,0
535,639,1
535,640,0
535,641,1
535,642,1
535,644,0
535,645,1
535,647,0
535,648,0
535,649,1
535,650,1
535,651,1
535,652,0
535,653,1
535,654,1
535,655,1
535,656,1
535,658,0
535,659,0
535,660,0
535,661,0
535,663,0
535,664,1
535,665,1
535,666,0
536,152,0
536,156,0
536,162,0
536,164,0
536,175,0
536,179,0
536,182,0
536,184,0
536,190,0
536,198,0
536,201,0
536,204,0
536,208,0
536,216,0
536,220,0
536,221,0
536,222,0
536,223,0
536,224,0
536,225,0
536,226,0
536,227,0
536,228,0
536,229,0
536,309,0
536,311,0
536,312,0
536,313,0
536,315,0
536,316,0
536,317,0
536,319,0
536,558,0
536,559,0
536,560,1
536,561,0
536,562,0
536,564,0
536,565,0
536,566,0
536,567,0
536,568,1
536,569,1
536,575,1
536,576,0
536,577,1
536,578,1
536,579,1
536,580,0
536,581,1
536,582,0
536,583,1
536,608,0
536,609,0
536,612,0
536,615,0
536,631,0
536,632,0
536,633,0
537,1039,0
537,1040,1
537,1043,1
537,1045,0
537,1046,0
537,1049,1
537,1086,1
537,1092,1
537,1093,1
537,1096,1
537,1102,1
537,1107,1
537,1108,1
537,1109,1
537,1110,0
537,1111,0
537,1112,0
537,1113,0
537,1115,0
537,1118,1
537,1121,1
537,1122,1
537,1125,0
537,1127,1
537,1129,0
537,1131,0
537,1133,0
537,1134,1
537,1137,0
537,1147,0
537,1148,0
537,1150,1
537,1151,1
537,1152,0
537,1156,0
537,1163,0
537,1164,1
537,1165,0
537,1166,1
537,1170,1
537,1171,0
537,1185,1
538,781,1
538,782,0
538,785,1
538,786,1
538,787,1
538,788,0
538,815,0
538,816,1
538,819,1
538,820,0
538,821,0
538,822,1
538,823,0
538,824,0
538,825,0
538,826,0
538,827,0
538,828,0
538,829,0
538,830,1
539,214,0
539,220,0
539,221,0
539,222,0
539,223,0
539,224,0
539,225,0
539,226,0
539,227,0
539,228,0
539,229,0
539,230,0
539,231,0
539,232,0
539,233,0
539,234,0
539,235,0
539,236,0
539,237,0
539,238,0
539,239,0
539,241,1
539,243,0
539,309,0
539,310,1
539,311,0
539,312,0
539,313,0
539,314,0
539,315,0
539,316,0
539,317,0
539,318,0
539,319,0
539,320,0
539,558,0
539,559,0
539,560,0
539,561,0
539,562,1
539,564,0
539,565,0
539,566,0
539,567,0
539,568,1
539,570,1
539,571,0
539,572,1
539,574,0
539,575,1
539,576,0
539,577,0
539,580,1
539,581,1
539,583,1
539,611,0
539,612,0
539,615,0
539,631,0
539,632,0
540,941,0
540,944,0
541,0,0
541,4,0
541,9,0
541,16,0
541,19,0
541,30,0
541,42,0
541,48,0
541,49,0
541,54,0
541,59,0
541,61,0
541,72,0
541,76,0
541,78,0
541,83,0
541,101,0
541,103,0
541,107,0
541,110,0
541,114,0
541,119,0
541,125,0
541,126,0
541,131,0
541,151,0
541,152,1
541,158,0
541,161,0
541,169,0
541,173,1
541,178,0
541,185,0
541,189,0
541,193,0
541,220,0
541,221,0
541,222,0
541,223,0
541,224,0
541,225,0
541,226,0
541,227,0
541,229,0
541,230,0
541,231,0
541,232,0
541,233,0
541,234,0
541,235,0
541,236,0
541,237,0
541,238,0
541,239,0
541,243,0
541,249,0
541,250,0
541,251,0
541,252,0
541,253,0
541,254,0
541,255,0
541,256,0
541,257,0
541,258,0
541,259,0
541,260,0
541,262,0
541,265,1
541,266,0
541,267,0
541,268,0
541,309,1
541,310,0
541,311,0
541,312,0
541,313,0
541,314,0
541,315,0
541,316,1
541,317,0
541,319,0
541,472,1
541,473,1
541,474,1
541,475,1
541,476,1
541,479,0
541,480,1
541,481,1
541,482,0
541,496,1
541,497,1
541,501,1
541,502,1
541,503,1
541,505,1
541,510,1
541,511,1
541,512,1
541,513,1
541,515,1
541,516,1
541,517,1
541,520,0
541,521,0
541,522,1
541,528,1
541,529,1
541,530,1
541,531,1
541,533,1
541,534,0
541,535,1
541,536,1
541,537,1
541,546,0
541,547,1
541,548,0
541,549,0
541,550,1
541,551,1
541,552,1
541,553,1
541,558,1
541,559,1
541,560,1
541,561,1
541,562,1
541,564,1
541,565,0
541,566,0
541,567,0
541,568,1
541,570,1
541,574,1
541,577,1
541,578,1
541,582,1
541,608,0
541,609,1
541,610,1
541,611,0
541,612,1
541,613,0
541,614,0
541,615,0
541,631,1
541,636,1
541,637,1
541,639,1
541,641,1
541,643,1
541,645,0
541,648,1
541,649,0
541,650,1
541,651,0
541,652,1
541,653,1
541,654,0
541,656,1
541,657,0
541,658,1
541,660,1
541,661,1
541,663,1
541,664,1
541,665,0
541,667,0
541,668,1
541,669,0
541,670,1
541,672,1
541,682,0
542,250,0
542,251,0
542,252,0
542,253,0
542,254,0
542,255,0
542,256,0
542,257,0
542,258,0
542,259,0
542,260,0
542,262,0
542,265,1
542,266,0
542,267,0
542,268,1
542,418,0
542,419,0
542,420,0
542,421,0
542,422,0
542,892,0
542,893,0
542,894,1
542,895,1
542,896,1
542,897,0
542,898,1
542,903,0
542,904,0
542,905,0
542,906,1
542,907,0
542,908,1
542,909,0
542,911,1
543,63,0
543,73,0
543,80,0
543,81,0
543,96,0
543,98,0
543,101,0
543,103,0
543,107,0
543,112,0
543,119,0
544,242,0
544,246,0
544,247,0
544,248,0
544,249,0
544,250,0
544,251,0
544,252,0
544,253,0
544,254,0
544,255,0
544,256,0
544,257,0
544,258,0
544,259,0
544,260,0
544,262,0
544,266,1
544,270,0
544,271,0
544,272,0
544,273,0
544,274,0
544,275,0
544,276,0
544,277,0
544,278,0
544,279,0
544,280,0
544,281,0
544,636,0
544,637,1
544,638,1
544,639,0
544,640,1
544,641,0
544,642,1
544,643,0
544,646,0
544,648,0
544,649,1
544,650,1
544,651,1
544,652,1
544,654,1
544,655,1
544,656,0
544,657,0
544,658,1
544,659,0
544,660,0
544,661,0
544,662,0
544,663,0
544,664,0
544,665,1
544,666,0
544,667,0
544,672,0
544,707,0
544,708,0
544,709,0
544,710,1
544,711,0
544,712,0
544,713,0
544,714,0
544,715,0
544,719,0
544,722,1
544,727,0
544,731,0
544,732,0
544,768,0
544,769,0
544,770,1
544,771,1
544,772,0
544,773,1
544,774,0
544,775,0
544,776,0
544,777,1
544,778,1
544,779,1
544,780,0
545,262,0
545,263,0
545,265,0
545,266,0
545,267,0
545,268,0
545,269,0
545,892,1
545,893,0
545,894,1
545,895,1
545,896,1
545,897,0
545,898,0
545,900,1
545,903,0
545,904,0
545,905,0
545,906,0
545,907,0
545,908,0
545,909,0
546,222,0
546,223,0
546,224,0
546,226,0
546,229,0
546,230,0
546,231,0
546,232,0
546,233,0
546,234,0
546,235,0
546,236,0
546,237,0
546,238,0
546,239,0
546,240,0
546,241,0
546,242,0
546,243,0
546,244,0
546,245,0
546,246,0
546,248,0
546,636,0
546,638,1
546,639,1
546,640,0
546,641,1
546,642,0
546,643,0
546,645,0
546,646,0
546,648,0
546,649,1
546,650,1
546,651,1
546,652,0
546,653,1
546,654,1
546,655,0
546,656,0
546,657,0
546,658,0
546,659,0
546,660,0
546,661,1
546,662,0
546,663,0
546,664,1
546,665,0
546,666,1
546,669,0
546,670,1
546,671,0
546,672,0
546,673,1
546,674,1
546,675,0
546,676,0
546,679,1
546,680,0
546,682,0
546,684,0
546,686,1
546,688,0
546,691,0
547,222,0
547,224,0
547,226,0
547,229,1
547,230,0
547,231,0
547,232,0
547,233,0
547,234,0
547,235,0
547,236,0
547,237,0
547,238,0
547,243,0
547,636,0
547,637,0
547,638,1
547,639,0
547,640,0
547,641,0
547,642,0
547,644,0
547,645,0
547,646,0
547,647,0
547,648,0
547,649,0
547,650,0
547,651,0
547,652,1
547,653,1
547,654,0
547,655,0
547,656,0
547,657,0
547,658,0
547,659,0
547,660,0
547,661,1
547,662,0
547,663,0
547,664,0
547,665,0
547,666,0
547,667,0
547,668,0
547,669,0
547,670,0
547,671,0
547,672,0
547,674,0
547,675,1
547,678,1
547,680,0
547,682,0
547,686,0
548,321,0
548,783,1
548,786,1
548,787,1
548,788,0
548,789,0
548,815,0
548,816,0
548,820,1
548,821,0
548,822,1
548,823,0
548,824,0
548,825,0
548,826,0
548,827,1
548,828,0
548,829,1
548,830,0
549,220,0
549,221,0
549,222,0
549,223,0
549,224,0
549,225,0
549,226,0
549,227,0
549,228,0
549,229,0
549,230,0
549,233,0
549,234,0
549,235,0
549,237,0
549,238,0
550,270,0
550,271,0
550,272,0
550,273,0
550,274,0
550,275,0
550,276,0
550,277,0
550,278,0
550,279,0
550,280,0
550,281,0
550,282,0
550,292,0
550,293,0
550,294,0
550,295,0
550,298,0
550,299,0
550,300,0
550,762,0
550,766,0
550,781,1
550,783,1
550,786,1
550,787,0
550,815,1
550,816,1
550,819,1
550,821,0
550,822,1
550,823,1
550,824,0
550,825,1
550,826,0
550,827,0
550,828,0
550,834,0
550,836,1
550,837,1
550,839,1
550,840,0
550,843,1
550,844,1
550,845,1
550,846,0
550,847,0
550,848,0
550,850,1
550,851,1
550,852,0
550,853,0
550,857,1
550,858,1
550,859,1
550,861,0
550,863,0
550,864,0
550,868,1
550,871,0
550,872,0
550,876,1
550,877,1
550,885,1
551,0,0
551,4,0
551,12,0
551,13,1
551,18,0
551,24,0
551,31,0
552,633,0
552,634,0
553,249,0
553,250,0
553,251,0
553,252,0
553,253,0
553,254,0
553,255,0
553,256,0
553,257,0
553,258,0
553,259,0
553,260,0
553,262,0
553,266,0
553,267,0
553,268,1
553,655,0
553,656,0
553,658,0
553,659,1
553,660,1
553,662,1
553,663,0
553,664,1
553,665,1
553,667,0
553,668,0
553,669,0
553,670,0
553,671,0
553,673,0
553,674,1
553,675,0
553,676,0
553,679,0
553,680,1
553,681,1
553,682,0
553,683,1
553,686,1
553,690,0
553,691,0
553,692,0
553,696,0
553,699,0
553,701,0
553,705,0
553,707,0
553,708,0
553,768,0
553,769,0
553,770,0
553,771,0
553,772,1
553,773,0
553,774,0
554,0,0
554,4,0
554,8,0
554,11,0
554,14,0
554,18,0
554,22,0
554,28,0
554,30,0
554,33,0
554,37,0
554,47,0
554,51,0
554,56,0
554,58,0
554,81,0
554,101,0
554,102,0
554,109,0
554,110,0
554,117,0
554,118,0
554,125,0
554,129,0
554,132,0
554,136,0
554,138,0
554,147,0
554,151,0
554,152,0
554,159,0
554,160,0
554,167,0
554,169,0
554,173,0
554,178,0
554,182,0
554,186,0
554,191,0
554,193,0
554,220,0
554,221,0
554,222,0
554,223,0
554,224,0
554,225,0
554,227,0
554,228,0
554,229,0
554,309,1
554,311,0
554,312,0
554,313,0
554,315,0
554,316,0
554,317,0
554,319,0
554,472,0
554,473,0
554,474,0
554,475,0
554,476,0
554,479,0
554,480,0
554,481,1
554,482,0
554,494,0
554,495,1
554,496,1
554,498,1
554,500,0
554,501,0
554,502,0
554,503,1
554,504,1
554,505,1
554,510,1
554,511,0
554,512,1
554,513,0
554,514,0
554,515,0
554,519,0
554,521,0
554,522,0
554,523,0
554,526,1
554,528,0
554,530,0
554,532,0
554,534,0
554,537,1
554,538,0
554,539,0
554,540,0
554,541,0
554,546,0
554,547,0
554,558,0
554,559,0
554,560,0
554,561,0
554,562,1
554,563,0
554,564,0
554,565,0
554,566,0
554,567,0
554,568,0
554,569,0
554,570,0
554,571,1
554,572,0
554,573,0
554,575,0
554,576,1
554,577,0
554,579,1
554,580,1
554,582,0
554,583,0
554,593,0
554,598,1
554,608,0
554,610,0
554,615,0
554,623,0
554,627,0
554,630,0
554,631,0
554,632,0
554,633,0
554,634,0
554,635,0
555,0,0
555,2,1
555,9,0
555,16,0
555,18,0
555,24,0
555,32,0
555,44,0
555,47,1
555,50,0
555,54,0
555,57,1
555,61,0
555,66,1
555,76,0
555,79,0
555,84,0
555,101,0
555,102,0
555,106,0
555,110,0
555,114,0
555,120,0
555,125,0
555,127,0
555,133,0
555,151,0
555,152,0
555,158,0
555,163,0
555,169,1
555,173,1
555,177,0
555,194,0
555,197,0
555,202,1
555,204,0
555,208,1
555,220,0
555,221,0
555,222,1
555,224,0
555,225,0
555,226,0
555,227,0
555,229,0
555,230,0
555,231,0
555,233,0
555,234,0
555,235,0
555,238,0
555,239,0
555,241,0
555,242,0
555,243,0
555,245,0
555,246,0
555,247,0
555,248,0
555,249,0
555,250,0
555,251,0
555,252,1
555,253,0
555,254,0
555,255,0
555,256,0
555,257,0
555,258,0
555,259,0
555,260,0
555,270,0
555,271,0
555,272,0
555,273,0
555,274,0
555,275,0
555,276,0
555,277,0
555,278,0
555,279,0
555,280,0
555,281,0
555,282,0
555,283,0
555,284,0
555,292,0
555,293,0
555,295,0
555,298,0
555,299,0
555,300,0
555,302,0
555,303,0
555,305,0
555,310,1
555,311,0
555,312,0
555,313,1
555,315,0
555,316,0
555,319,0
555,321,0
555,322,0
555,323,0
555,324,0
555,325,0
555,326,0
555,327,0
555,328,0
555,329,0
555,330,0
555,331,0
555,332,0
555,333,0
555,334,0
555,335,0
555,336,0
555,337,0
555,339,0
555,352,0
555,353,0
555,354,0
555,355,0
555,356,0
555,357,0
555,360,0
555,363,0
555,364,0
555,365,0
555,366,0
555,367,0
555,370,0
555,374,0
555,376,0
555,378,0
555,379,0
555,380,0
555,382,0
555,383,0
555,386,0
555,387,0
555,388,0
555,389,0
555,390,0
555,391,0
555,392,0
555,393,0
555,394,0
555,395,0
555,396,0
555,397,0
555,398,1
555,399,0
555,400,0
555,404,0
555,405,0
555,407,0
555,472,1
555,473,0
555,474,0
555,475,0
555,476,1
555,479,0
555,480,0
555,481,1
555,482,1
555,494,1
555,496,1
555,501,1
555,502,1
555,503,1
555,505,1
555,510,1
555,511,1
555,513,1
555,516,1
555,517,1
555,521,0
555,522,0
555,525,1
555,526,0
555,529,1
555,530,1
555,531,1
555,533,1
555,534,1
555,535,1
555,537,1
555,546,0
555,547,0
555,548,1
555,549,1
555,550,0
555,552,0
555,558,0
555,559,0
555,560,0
555,561,1
555,562,1
555,564,0
555,565,0
555,566,0
555,567,0
555,568,1
555,569,1
555,571,0
555,573,1
555,574,0
555,576,0
555,577,1
555,582,1
555,583,1
555,609,0
555,614,0
555,615,1
555,631,0
555,632,0
555,633,1
555,634,0
555,636,1
555,638,0
555,639,0
555,640,0
555,641,1
555,642,1
555,644,0
555,645,0
555,646,1
555,648,0
555,649,1
555,650,0
555,651,1
555,652,1
555,653,1
555,655,0
555,656,0
555,657,0
555,658,0
555,659,1
555,660,0
555,663,0
555,664,0
555,665,1
555,666,1
555,667,0
555,668,1
555,669,0
555,670,0
555,671,0
555,672,1
555,674,1
555,675,0
555,677,1
555,678,0
555,680,0
555,682,0
555,684,1
555,686,0
555,687,1
555,690,0
555,691,0
555,696,1
555,699,0
555,701,0
555,703,0
555,707,0
555,708,0
555,709,1
555,710,1
555,711,1
555,712,0
555,713,0
555,714,0
555,716,0
555,719,1
555,723,1
555,725,0
555,726,0
555,729,0
555,731,1
555,733,1
555,734,1
555,736,1
555,738,0
555,746,0
555,748,1
555,755,1
555,758,0
555,759,0
555,761,1
555,765,1
555,767,1
555,768,0
555,769,0
555,770,0
555,771,1
555,772,0
555,773,1
555,774,0
555,775,1
555,776,0
555,777,0
555,778,0
555,779,1
555,780,1
555,781,1
555,782,1
555,786,1
555,787,0
555,815,0
555,816,0
555,819,1
555,820,0
555,821,1
555,822,1
555,823,0
555,824,0
555,825,0
555,826,0
555,827,0
555,828,0
555,829,0
555,830,1
555,834,0
555,836,1
555,837,0
555,838,0
555,839,1
555,840,1
555,841,0
555,843,0
555,844,0
555,845,0
555,846,1
555,847,0
555,848,0
555,849,0
555,850,0
555,851,1
555,852,0
555,853,0
555,854,0
555,855,0
555,856,0
555,857,0
555,858,0
555,861,0
555,863,0
555,864,0
555,865,0
555,892,1
555,893,0
555,896,1
555,897,1
555,898,0
555,899,1
555,900,1
555,903,0
555,904,0
555,905,0
555,906,0
555,907,0
555,908,0
555,909,0
555,910,0
555,911,0
555,912,0
555,913,0
555,914,0
555,916,0
555,918,0
555,920,0
555,921,0
555,923,0
555,926,0
555,927,0
555,928,0
555,929,0
555,935,0
555,936,0
555,937,0
555,938,0
555,939,0
555,940,0
555,941,0
555,944,0
555,946,1
555,947,0
555,950,0
555,951,0
555,953,0
555,954,0
555,955,0
555,956,0
555,959,0
555,960,0
555,961,0
555,962,0
555,963,0
555,964,0
555,965,0
555,966,0
555,967,0
555,968,0
555,969,0
555,970,0
555,971,0
555,972,0
555,973,1
555,974,0
555,975,0
555,976,0
555,977,1
555,978,0
555,979,0
555,1009,0
555,1011,0
555,1017,0
555,1019,0
555,1020,0
555,1025,0
555,1026,1
555,1030,0
555,1032,0
555,1033,0
555,1038,0
556,249,0
556,250,0
556,251,0
556,252,0
556,253,0
556,254,0
556,255,0
556,256,0
556,257,0
556,258,0
556,259,0
556,260,0
556,262,0
556,265,0
556,266,0
556,267,0
556,268,0
556,270,0
556,271,0
556,272,0
556,273,0
556,274,0
556,275,0
556,276,0
556,277,0
556,278,0
556,279,0
556,280,0
556,281,0
556,282,0
556,283,0
556,284,0
556,292,0
556,293,0
556,294,0
556,295,0
556,296,0
556,297,0
556,298,0
556,299,0
556,300,0
556,321,0
556,322,0
556,323,0
556,324,0
556,325,0
556,326,0
556,327,0
556,328,0
556,329,0
556,330,0
556,331,0
556,332,0
556,333,0
556,334,0
556,335,0
556,336,0
556,337,0
556,339,0
556,636,0
556,637,0
556,638,1
556,639,0
556,640,0
556,641,1
556,642,1
556,643,0
556,645,0
556,648,0
556,649,1
556,650,1
556,651,0
556,652,1
556,653,1
556,654,1
556,655,1
556,656,0
556,657,0
556,658,0
556,659,1
556,660,1
556,661,0
556,663,1
556,664,1
556,665,0
556,667,0
556,668,0
556,669,1
556,670,0
556,672,0
556,675,0
556,677,1
556,680,1
556,682,0
556,684,1
556,685,0
556,686,0
556,687,0
556,707,0
556,708,0
556,709,1
556,710,0
556,711,0
556,712,0
556,713,0
556,714,0
556,768,0
556,769,0
556,770,0
556,771,1
556,772,1
556,773,1
556,774,1
556,775,1
556,776,0
556,777,0
556,778,0
556,779,1
556,780,0
556,782,1
556,786,1
556,787,1
556,788,0
556,789,0
556,790,1
556,791,0
556,794,0
556,797,1
556,798,1
556,799,0
556,800,1
556,803,1
556,815,1
556,818,0
556,819,1
556,820,1
556,821,0
556,822,0
556,823,0
556,824,1
556,825,0
556,826,0
556,827,1
556,828,0
556,829,0
556,830,0
556,834,0
556,836,1
556,837,0
556,838,1
556,839,0
556,840,1
556,841,0
556,843,0
556,844,0
556,845,0
556,846,0
556,847,1
556,848,0
556,849,0
556,850,1
556,851,0
556,852,0
556,853,1
556,855,1
556,856,0
556,857,0
556,858,0
556,859,0
556,860,0
556,861,0
556,862,0
556,863,0
556,864,0
556,865,0
556,914,0
556,916,0
556,918,0
556,920,0
556,921,1
556,923,0
556,929,0
556,935,0
556,937,0
556,938,0
557,892,0
557,893,0
557,894,1
557,895,0
557,896,1
557,897,0
557,898,1
557,899,1
557,900,1
557,903,0
557,904,1
557,905,0
557,906,0
557,907,1
557,908,0
557,909,0
558,0,0
558,15,0
558,32,0
558,312,1
558,564,1
558,565,0
558,566,0
558,567,1
558,568,1
558,569,0
558,574,0
558,575,1
558,577,1
558,581,1
558,582,1
558,608,1
558,609,1
558,612,0
558,631,0
558,632,0
558,633,0
559,0,1
559,1,0
559,8,0
559,12,1
559,16,0
559,20,0
559,29,0
559,35,1
559,40,0
559,41,0
559,46,0
559,49,0
559,56,0
559,60,0
559,71,0
559,84,0
559,101,0
559,104,0
559,106,0
559,112,0
559,115,0
559,119,0
559,125,0
559,126,0
559,131,0
559,136,0
559,141,0
559,145,0
559,146,0
559,151,0
559,156,1
559,160,0
559,171,0
559,195,0
559,203,0
559,220,0
559,221,1
559,222,0
559,223,0
559,224,0
559,225,0
559,226,0
559,227,0
559,228,0
559,229,0
559,230,0
559,231,0
559,232,0
559,233,0
559,234,0
559,235,0
559,236,0
559,237,0
559,238,0
559,239,0
559,240,0
559,241,0
559,242,0
559,243,0
559,244,0
559,245,0
559,249,0
559,250,0
559,251,0
559,252,0
559,253,0
559,254,0
559,255,0
559,256,0
559,257,0
559,258,0
559,259,0
559,260,0
559,262,0
559,266,0
559,267,0
559,270,0
559,271,0
559,272,0
559,273,0
559,274,0
559,275,0
559,276,0
559,277,0
559,278,0
559,279,0
559,280,0
559,282,0
559,283,0
559,284,0
559,285,0
559,286,0
559,287,0
559,288,0
559,289,0
559,291,0
559,292,0
559,293,0
559,295,0
559,296,0
559,297,0
559,298,0
559,299,0
559,300,0
559,301,0
559,302,0
559,303,0
559,304,0
559,305,0
559,306,0
559,307,0
559,308,0
559,309,0
559,310,0
559,311,0
559,312,0
559,313,1
559,314,0
559,315,0
559,316,0
559,317,0
559,319,0
559,320,0
559,472,0
559,473,0
559,474,0
559,475,0
559,476,0
559,479,0
559,480,0
559,481,1
559,482,1
559,495,1
559,496,1
559,500,0
559,501,1
559,502,0
559,503,1
559,504,1
559,505,1
559,510,1
559,511,1
559,512,1
559,513,1
559,514,0
559,515,1
559,520,1
559,521,1
559,523,1
559,525,1
559,529,0
559,530,1
559,531,1
559,533,1
559,535,1
559,536,1
559,537,1
559,546,0
559,547,0
559,548,0
559,549,0
559,550,1
559,551,0
559,552,0
559,553,1
559,556,0
559,558,0
559,559,1
559,560,1
559,561,1
559,562,1
559,564,0
559,565,0
559,566,0
559,567,0
559,568,1
559,569,1
559,571,0
559,573,1
559,574,1
559,578,1
559,582,1
559,583,1
559,608,1
559,609,1
559,610,1
559,611,1
559,612,1
559,613,1
559,614,1
559,615,0
559,631,0
559,645,0
559,648,0
559,649,1
559,650,1
559,651,1
559,652,1
559,653,1
559,654,0
559,655,0
559,656,0
559,657,0
559,658,0
559,659,0
559,660,0
559,661,0
559,662,0
559,663,1
559,664,0
559,665,0
559,666,0
559,667,1
559,668,0
559,669,0
559,670,1
559,671,0
559,672,1
559,674,0
559,675,1
559,678,0
559,680,1
559,682,0
559,684,1
559,686,0
559,707,0
559,708,0
559,709,1
559,710,0
559,711,0
559,712,0
559,713,0
559,714,0
559,718,0
559,719,0
559,721,0
559,724,0
559,725,0
559,728,0
559,730,1
559,731,0
559,732,0
559,734,0
559,738,0
559,768,0
559,769,0
559,770,0
559,771,1
559,772,1
559,773,0
559,774,0
559,775,1
559,776,1
559,777,0
559,778,0
559,779,0
559,780,0
559,781,0
559,782,0
559,783,0
559,784,0
559,785,0
559,786,0
559,787,0
559,815,0
559,816,0
559,819,0
559,820,0
559,821,0
559,822,0
559,823,0
559,824,0
559,825,0
559,826,0
559,834,0
559,836,0
559,837,0
559,838,0
559,839,1
559,840,1
559,841,0
559,842,0
559,843,0
559,844,0
559,845,0
559,846,0
559,847,0
559,848,0
559,849,0
559,850,0
559,851,0
559,852,0
559,853,0
559,855,0
559,856,0
559,857,0
559,858,0
559,859,0
559,860,0
559,861,0
559,862,0
559,864,0
559,865,0
560,249,0
560,250,1
560,251,0
560,252,0
560,253,0
560,254,0
560,255,0
560,256,0
560,257,0
560,258,0
560,259,0
560,260,0
560,262,0
560,265,0
560,266,0
560,267,0
560,268,0
560,270,0
560,271,0
560,272,0
560,273,0
560,274,0
560,275,0
560,276,0
560,277,0
560,278,0
560,279,1
560,280,0
560,281,0
560,282,0
560,283,0
560,284,0
560,285,0
560,286,0
560,287,0
560,289,0
560,292,0
560,293,0
560,294,0
560,295,0
560,297,0
560,298,0
560,300,0
560,321,0
560,322,0
560,323,0
560,324,0
560,325,0
560,326,0
560,327,0
560,328,0
560,329,0
560,330,0
560,331,0
560,332,0
560,333,0
560,334,0
560,335,0
560,336,0
560,337,0
560,338,0
560,339,0
560,340,1
560,341,0
560,344,0
560,345,0
560,346,0
560,347,0
560,348,0
560,349,0
560,350,0
560,351,0
560,352,0
560,353,0
560,354,0
560,355,0
560,356,0
560,357,0
560,363,1
560,636,0
560,637,0
560,638,1
560,639,1
560,642,1
560,644,1
560,645,0
560,646,0
560,648,0
560,649,1
560,650,0
560,651,1
560,652,1
560,654,0
560,655,1
560,656,0
560,657,1
560,660,1
560,661,0
560,663,0
560,664,0
560,665,1
560,666,0
560,669,0
560,707,0
560,708,0
560,709,1
560,710,0
560,711,1
560,712,0
560,713,0
560,714,0
560,716,1
560,717,1
560,719,0
560,724,0
560,725,0
560,726,1
560,729,1
560,731,0
560,733,0
560,734,0
560,738,1
560,739,1
560,743,0
560,747,0
560,750,1
560,752,1
560,754,0
560,755,0
560,756,0
560,758,0
560,759,0
560,760,1
560,761,0
560,764,0
560,768,0
560,769,1
560,770,0
560,771,1
560,772,1
560,773,1
560,774,1
560,775,1
560,776,1
560,777,1
560,778,0
560,779,0
560,780,1
560,782,0
560,783,1
560,785,1
560,786,1
560,787,0
560,788,1
560,789,0
560,790,1
560,793,0
560,796,1
560,797,0
560,799,1
560,806,1
560,807,1
560,815,0
560,817,1
560,819,1
560,820,0
560,821,0
560,822,0
560,823,1
560,824,0
560,825,0
560,826,0
560,827,1
560,828,0
560,829,1
560,830,0
560,834,0
560,835,0
560,836,0
560,837,0
560,838,1
560,839,0
560,840,0
560,843,0
560,845,1
560,846,1
560,848,1
560,849,0
560,850,1
560,851,1
560,856,0
560,857,0
560,858,0
560,859,0
560,860,1
560,862,1
560,863,0
560,864,0
560,865,0
560,914,0
560,915,0
560,916,0
560,918,0
560,920,0
560,921,0
560,922,0
560,923,0
560,926,0
560,927,0
560,928,0
560,929,0
560,934,0
560,935,0
560,937,0
560,938,0
560,941,0
560,944,0
561,76,1
561,80,0
561,83,0
561,100,0
561,101,0
561,107,0
561,111,0
561,118,0
561,125,0
561,128,0
561,132,0
561,249,0
561,251,1
561,252,0
561,253,0
561,255,0
561,256,0
561,257,0
561,258,0
561,259,0
561,262,0
561,265,0
561,266,0
561,267,0
561,268,0
562,290,0
562,292,0
562,293,0
562,294,0
562,295,0
562,298,0
562,299,0
562,300,0
562,302,0
562,303,0
562,304,0
562,308,1
562,321,0
562,322,0
562,323,0
562,324,1
562,325,0
562,326,0
562,327,0
562,328,0
562,329,0
562,330,0
562,331,0
562,332,0
562,333,0
562,334,0
562,335,0
562,336,0
562,337,0
562,338,0
562,339,0
562,344,0
562,346,0
562,349,0
562,350,0
562,351,0
562,781,0
562,782,1
562,785,1
562,786,1
562,787,1
562,816,0
562,817,1
562,819,1
562,820,1
562,821,0
562,822,1
562,823,1
562,824,0
562,825,0
562,826,0
562,834,0
562,837,0
562,838,1
562,840,1
562,841,0
562,843,0
562,844,1
562,845,1
562,846,1
562,847,0
562,849,0
562,850,0
562,851,0
562,852,1
562,853,0
562,854,1
562,855,1
562,857,0
562,858,0
562,859,0
562,860,0
562,861,0
562,862,0
562,863,1
562,864,0
562,865,1
563,0,0
563,1,0
563,8,0
563,12,0
563,13,0
563,19,0
563,24,0
563,28,1
563,32,0
563,34,0
563,40,0
563,41,0
563,48,0
563,50,0
563,54,0
563,57,0
563,61,0
563,71,0
563,75,0
563,81,0
563,101,0
563,102,0
563,107,0
563,111,0
563,116,0
563,118,0
563,123,0
563,126,0
563,151,0
563,152,0
563,157,0
563,161,0
563,167,0
563,171,0
563,175,0
563,176,0
563,181,0
563,186,0
563,191,0
563,194,0
563,196,0
563,201,0
563,204,0
563,220,0
563,221,0
563,222,0
563,223,0
563,224,0
563,225,0
563,226,0
563,227,0
563,228,0
563,229,0
563,230,0
563,231,0
563,232,0
563,233,0
563,234,0
563,235,0
563,236,0
563,237,0
563,238,0
563,239,0
563,240,0
563,241,0
563,242,0
563,243,0
563,244,0
563,245,0
563,246,0
563,249,0
563,250,0
563,251,0
563,252,0
563,254,0
563,255,0
563,256,0
563,257,0
563,258,0
563,259,0
563,260,0
563,270,0
563,271,0
563,272,0
563,273,0
563,274,0
563,275,0
563,276,0
563,277,0
563,278,0
563,279,0
563,280,0
563,281,0
563,282,0
563,283,0
563,292,0
563,293,0
563,294,0
563,295,0
563,296,0
563,297,0
563,298,0
563,299,0
563,300,0
563,309,0
563,310,0
563,311,0
563,312,0
563,313,0
563,315,0
563,316,0
563,319,0
563,321,0
563,322,0
563,326,0
563,472,0
563,473,0
563,474,0
563,475,0
563,476,0
563,479,1
563,480,0
563,481,0
563,482,0
563,494,1
563,495,1
563,500,1
563,502,1
563,503,0
563,504,0
563,505,1
563,510,1
563,511,0
563,514,1
563,515,1
563,519,1
563,520,0
563,523,1
563,526,1
563,529,1
563,530,1
563,531,1
563,532,0
563,533,0
563,534,0
563,535,1
563,536,0
563,537,0
563,546,0
563,547,0
563,558,0
563,559,0
563,560,0
563,561,0
563,562,0
563,564,0
563,565,0
563,566,0
563,567,0
563,569,1
563,571,1
563,574,1
563,579,1
563,582,1
563,583,1
563,608,0
563,609,0
563,610,0
563,612,0
563,613,0
563,615,0
563,631,0
563,632,1
563,633,0
563,634,0
563,636,0
563,638,1
563,639,1
563,640,1
563,642,1
563,643,1
563,646,0
563,648,0
563,649,0
563,650,0
563,651,0
563,652,0
563,653,0
563,654,0
563,655,0
563,656,0
563,657,0
563,658,0
563,659,0
563,660,0
563,661,0
563,662,0
563,663,0
563,664,0
563,665,0
563,666,0
563,668,0
563,670,0
563,707,0
563,708,0
563,709,0
563,710,0
563,711,0
563,712,0
563,713,1
563,714,0
563,715,1
563,716,0
563,717,0
563,718,0
563,733,1
563,734,1
563,735,1
563,737,1
563,738,1
563,741,1
563,747,1
563,753,1
563,755,0
563,756,0
563,757,0
563,758,0
563,759,0
563,760,0
563,761,0
563,763,0
563,764,0
563,768,0
563,769,0
563,770,0
563,771,0
563,772,0
563,773,0
563,774,0
563,775,0
563,776,0
563,777,0
563,778,0
563,779,0
563,780,0
563,781,0
563,782,0
563,783,0
563,784,0
563,785,0
563,786,0
563,787,0
563,788,0
563,789,0
563,815,0
563,816,0
563,818,0
563,819,0
563,820,0
563,821,0
563,822,0
563,823,0
563,824,0
563,825,0
563,826,0
563,827,0
563,828,0
563,829,0
563,830,0
563,834,0
563,835,0
563,836,0
563,837,0
563,838,1
563,839,1
563,840,0
563,841,0
563,842,0
563,843,0
563,844,0
563,845,0
563,846,0
563,847,0
563,848,0
563,849,0
563,850,0
563,851,0
563,852,0
563,853,0
563,854,0
563,855,0
563,856,0
563,857,0
563,858,0
563,859,0
563,860,0
563,861,0
563,862,0
563,864,0
563,865,0
563,867,0
563,871,0
563,874,0
563,876,0
564,0,0
564,3,0
564,8,0
564,12,0
564,15,0
564,20,0
564,25,0
564,31,1
564,48,0
564,49,0
564,53,0
564,60,1
564,101,0
564,103,0
564,106,0
564,113,0
564,117,0
564,119,0
564,122,0
564,128,0
564,131,0
564,134,0
564,138,0
564,144,1
564,148,0
564,151,0
564,157,0
564,161,0
564,169,0
564,178,0
564,193,0
564,198,0
564,201,0
564,205,0
564,210,0
564,216,0
564,220,0
564,221,0
564,222,0
564,223,0
564,224,0
564,225,0
564,226,0
564,227,0
564,228,0
564,229,0
564,230,0
564,231,0
564,232,0
564,233,0
564,234,0
564,235,0
564,236,0
564,238,0
564,249,0
564,250,0
564,251,0
564,252,0
564,253,0
564,254,0
564,255,0
564,256,0
564,257,0
564,258,0
564,259,0
564,260,0
564,261,0
564,262,0
564,265,0
564,266,0
564,267,0
564,268,0
564,270,0
564,271,0
564,272,0
564,273,0
564,274,0
564,275,0
564,276,0
564,277,0
564,278,0
564,279,0
564,280,0
564,281,0
564,282,0
564,283,0
564,284,0
564,285,0
564,286,0
564,287,0
564,292,0
564,293,0
564,294,0
564,295,0
564,297,0
564,298,0
564,299,0
564,300,0
564,301,0
564,302,0
564,303,0
564,305,0
564,311,0
564,312,0
564,313,0
564,315,0
564,316,0
564,319,0
564,321,0
564,322,0
564,323,0
564,324,0
564,325,0
564,326,0
564,327,0
564,328,0
564,329,0
564,330,0
564,331,0
564,332,0
564,333,0
564,334,0
564,335,0
564,336,0
564,337,0
564,338,0
564,339,0
564,341,0
564,342,0
564,344,0
564,346,0
564,347,0
564,348,0
564,351,0
564,473,1
564,475,1
564,476,1
564,479,0
564,480,0
564,481,0
564,482,0
564,485,1
564,486,1
564,488,1
564,490,1
564,492,0
564,493,1
564,495,1
564,497,0
564,499,1
564,500,0
564,502,0
564,503,0
564,504,1
564,505,0
564,507,0
564,511,1
564,512,1
564,513,0
564,514,1
564,517,0
564,521,0
564,522,0
564,523,0
564,524,0
564,525,0
564,526,0
564,527,0
564,528,0
564,529,0
564,530,0
564,531,0
564,532,1
564,533,0
564,534,1
564,535,1
564,536,0
564,537,0
564,546,0
564,547,0
564,558,0
564,559,0
564,560,0
564,561,0
564,562,0
564,564,0
564,565,0
564,566,0
564,567,0
564,568,0
564,569,1
564,572,1
564,575,1
564,577,1
564,578,1
564,579,0
564,582,1
564,583,0
564,608,0
564,609,0
564,610,0
564,612,1
564,613,0
564,614,0
564,615,0
564,624,1
564,626,0
564,629,0
564,631,0
564,632,0
564,633,0
564,634,0
564,636,0
564,637,0
564,638,0
564,639,0
564,640,0
564,641,0
564,642,0
564,643,0
564,645,0
564,646,0
564,648,0
564,649,1
564,650,0
564,651,1
564,652,1
564,653,1
564,655,0
564,656,0
564,657,0
564,658,0
564,659,0
564,660,0
564,661,0
564,662,0
564,663,0
564,664,0
564,665,0
564,666,0
564,667,0
564,669,1
564,670,0
564,671,0
564,707,0
564,708,0
564,709,0
564,710,0
564,711,0
564,712,0
564,713,0
564,714,0
564,768,0
564,769,0
564,770,0
564,771,0
564,772,0
564,773,0
564,774,0
564,775,1
564,776,0
564,777,0
564,778,0
564,779,1
564,780,0
564,781,1
564,782,0
564,785,1
564,786,1
564,787,0
564,788,0
564,789,0
564,815,0
564,816,0
564,817,0
564,818,0
564,819,0
564,820,0
564,821,0
564,822,0
564,823,1
564,824,0
564,825,0
564,826,0
564,827,0
564,828,0
564,829,0
564,830,0
564,834,0
564,835,1
564,836,0
564,837,0
564,838,1
564,839,0
564,840,1
564,844,0
564,845,0
564,846,0
564,847,0
564,848,0
564,849,1
564,850,1
564,852,0
564,853,0
564,855,0
564,856,0
564,857,0
564,858,0
564,859,0
564,860,0
564,861,0
564,862,0
564,864,0
564,865,0
564,866,0
564,867,0
564,871,1
564,872,0
564,874,0
564,875,1
564,876,0
564,877,0
564,879,0
564,881,0
564,885,0
564,887,1
564,889,0
564,890,0
565,0,1
565,4,0
565,6,0
565,10,0
565,13,0
565,20,0
565,22,0
565,25,0
565,32,0
565,36,0
565,40,0
565,45,0
565,50,0
565,54,0
565,57,0
565,74,0
565,83,0
565,101,0
565,103,0
565,108,0
565,111,0
565,117,0
565,121,0
565,124,0
565,126,0
565,132,0
565,134,0
565,141,0
565,145,0
565,148,0
565,150,1
565,151,0
565,154,0
565,157,0
565,161,0
565,166,0
565,168,0
565,174,1
565,179,0
565,183,0
565,187,0
565,191,0
565,193,0
565,197,0
565,201,0
565,207,0
565,211,0
565,217,0
565,220,0
565,221,0
565,222,0
565,223,0
565,224,0
565,225,0
565,226,0
565,227,0
565,228,0
565,229,0
565,230,0
565,231,0
565,232,0
565,233,0
565,234,0
565,235,0
565,236,0
565,238,0
565,243,1
565,249,0
565,250,0
565,251,0
565,252,0
565,253,0
565,254,0
565,255,0
565,256,0
565,257,0
565,258,0
565,259,0
565,260,0
565,262,0
565,263,0
565,265,0
565,266,0
565,267,0
565,268,0
565,270,0
565,271,0
565,272,0
565,273,0
565,274,0
565,275,0
565,276,0
565,277,0
565,278,0
565,279,0
565,280,0
565,281,0
565,282,0
565,292,0
565,293,0
565,294,0
565,295,0
565,296,0
565,297,0
565,298,0
565,299,0
565,300,0
565,303,0
565,304,1
565,305,0
565,309,0
565,310,0
565,311,0
565,312,0
565,313,0
565,315,0
565,316,0
565,317,1
565,318,1
565,319,0
565,472,0
565,473,0
565,474,0
565,475,0
565,476,0
565,477,1
565,479,0
565,480,0
565,481,0
565,482,0
565,494,0
565,495,0
565,496,0
565,497,0
565,498,0
565,499,0
565,500,0
565,501,0
565,502,0
565,503,0
565,504,0
565,505,0
565,510,0
565,511,0
565,512,0
565,513,1
565,517,0
565,518,0
565,521,0
565,522,0
565,523,0
565,524,0
565,525,0
565,526,0
565,527,0
565,528,0
565,529,0
565,530,0
565,531,1
565,532,0
565,533,1
565,534,0
565,535,0
565,536,0
565,537,0
565,538,0
565,540,0
565,546,0
565,547,0
565,548,0
565,549,0
565,550,0
565,551,0
565,552,0
565,553,0
565,554,1
565,555,0
565,557,1
565,558,0
565,559,0
565,560,0
565,561,1
565,562,0
565,563,0
565,564,0
565,565,0
565,566,0
565,567,0
565,568,0
565,569,1
565,571,0
565,572,0
565,573,0
565,574,1
565,575,1
565,576,1
565,577,1
565,578,0
565,579,1
565,580,0
565,581,0
565,582,1
565,583,0
565,608,0
565,609,0
565,611,0
565,613,0
565,614,0
565,615,0
565,631,0
565,632,0
565,633,0
565,634,0
565,635,0
565,636,0
565,637,0
565,638,0
565,639,0
565,640,0
565,641,0
565,642,0
565,643,0
565,644,0
565,645,0
565,646,0
565,647,0
565,648,0
565,649,0
565,650,0
565,651,0
565,652,1
565,654,0
565,655,0
565,656,0
565,657,0
565,658,0
565,659,0
565,660,0
565,661,0
565,662,0
565,663,0
565,664,0
565,665,0
565,666,0
565,667,0
565,668,0
565,670,0
565,672,0
565,707,0
565,708,0
565,709,0
565,710,0
565,711,0
565,712,1
565,713,0
565,714,0
565,768,0
565,769,0
565,770,0
565,771,0
565,772,0
565,773,0
565,774,0
565,775,0
565,776,0
565,777,0
565,778,0
565,779,0
565,780,0
565,781,1
565,783,1
565,786,1
565,787,0
565,815,0
565,819,0
565,820,0
565,821,0
565,822,1
565,823,0
565,824,0
565,825,0
565,826,0
565,827,0
565,828,0
565,834,0
565,835,0
565,836,0
565,837,0
565,838,0
565,839,0
565,840,0
565,843,0
565,844,0
565,845,0
565,846,0
565,848,1
565,849,0
565,850,0
565,851,0
565,852,0
565,853,1
565,855,0
565,856,1
565,857,0
565,858,0
565,859,0
565,860,0
565,861,0
565,862,0
565,863,0
565,864,0
565,865,0
566,782,1
566,785,1
566,787,1
566,816,1
566,819,1
566,820,1
566,821,0
566,822,1
566,823,0
566,824,0
566,825,0
566,826,0
566,827,0
566,828,0
567,69,0
567,87,1
567,96,0
567,99,0
567,101,0
567,106,0
567,113,0
567,118,0
567,124,0
567,128,1
567,133,1
568,0,1
568,1,1
568,11,0
568,15,0
568,19,0
568,30,1
568,46,0
568,50,0
568,56,0
568,58,0
568,82,0
568,101,0
568,108,0
568,112,0
568,118,0
568,126,0
568,130,1
568,151,0
568,155,1
568,156,0
568,161,0
568,169,0
568,172,0
568,176,0
568,194,0
568,199,0
568,203,1
568,207,0
568,211,0
568,220,0
568,221,0
568,225,0
568,227,0
568,228,0
568,229,0
568,230,0
568,233,0
568,234,0
568,235,0
568,237,0
568,238,0
568,243,1
568,249,0
568,251,1
568,253,0
568,255,0
568,256,0
568,257,1
568,259,0
568,261,0
568,262,0
568,263,0
568,265,0
568,266,1
568,267,0
568,268,0
568,270,1
568,271,0
568,272,0
568,273,1
568,274,0
568,275,0
568,276,0
568,278,0
568,279,1
568,280,0
568,282,0
568,283,0
568,284,1
568,292,0
568,293,0
568,294,0
568,295,0
568,296,0
568,297,0
568,298,0
568,299,0
568,300,0
568,302,0
568,303,0
568,304,0
568,305,0
568,307,1
568,308,0
568,309,1
568,310,1
568,311,0
568,312,0
568,313,0
568,314,0
568,315,0
568,316,1
568,317,0
568,318,1
568,319,0
568,320,1
568,321,0
568,322,0
568,323,0
568,324,0
568,325,0
568,326,0
568,327,0
568,328,0
568,331,0
568,333,0
568,334,0
568,335,0
568,336,0
568,337,0
568,338,1
568,339,0
568,340,0
568,341,0
568,342,0
568,343,0
568,344,1
568,347,0
568,348,0
568,349,0
568,351,1
568,352,0
568,353,0
568,354,0
568,355,0
568,356,0
568,357,0
568,358,0
568,359,0
568,360,0
568,363,0
568,472,1
568,473,0
568,474,1
568,475,1
568,476,1
568,477,1
568,478,1
568,479,1
568,480,1
568,481,1
568,482,0
568,496,1
568,497,1
568,501,1
568,503,1
568,504,1
568,505,1
568,510,1
568,511,1
568,512,1
568,513,1
568,514,0
568,515,1
568,519,1
568,520,1
568,522,1
568,528,1
568,529,1
568,530,0
568,531,1
568,532,0
568,533,1
568,534,1
568,535,1
568,537,1
568,546,1
568,547,1
568,548,1
568,549,1
568,550,1
568,551,1
568,552,0
568,553,1
568,554,1
568,556,1
568,557,1
568,558,1
568,559,0
568,560,1
568,561,1
568,562,1
568,564,0
568,565,0
568,566,1
568,567,1
568,568,1
568,571,1
568,572,0
568,576,1
568,577,1
568,582,1
568,608,1
568,609,1
568,610,0
568,611,0
568,612,0
568,613,1
568,614,1
568,615,1
568,631,0
568,632,1
568,636,1
568,638,1
568,639,1
568,640,1
568,641,1
568,643,1
568,645,0
568,647,1
568,648,0
568,649,1
568,650,1
568,651,1
568,652,1
568,654,1
568,655,0
568,658,0
568,659,1
568,662,0
568,663,1
568,664,1
568,666,1
568,667,0
568,668,0
568,669,1
568,670,1
568,672,0
568,674,1
568,675,1
568,678,1
568,679,1
568,680,1
568,681,1
568,682,1
568,684,1
568,686,1
568,687,1
568,707,1
568,708,0
568,709,1
568,710,0
568,711,1
568,712,1
568,713,0
568,714,0
568,717,0
568,719,1
568,721,1
568,729,1
568,732,1
568,733,0
568,768,1
568,769,1
568,770,0
568,771,1
568,772,1
568,773,0
568,774,0
568,775,1
568,776,1
568,777,0
568,778,0
568,779,0
568,780,0
568,781,1
568,786,1
568,787,1
568,788,0
568,789,1
568,795,1
568,798,1
568,800,1
568,803,1
568,816,0
568,817,1
568,819,1
568,820,1
568,821,1
568,822,1
568,823,0
568,824,1
568,825,0
568,826,1
568,827,1
568,828,1
568,829,0
568,830,0
568,834,0
568,837,1
568,839,1
568,840,1
568,843,1
568,844,1
568,846,0
568,847,1
568,849,1
568,850,1
568,855,0
568,856,0
568,860,1
568,861,0
568,864,0
568,865,0
568,914,1
568,916,0
568,918,0
568,920,0
568,921,0
568,922,0
568,923,0
568,926,0
568,927,0
568,928,0
568,929,0
568,935,0
568,937,0
568,938,0
568,941,0
568,944,0
568,946,0
568,950,0
568,951,0
568,959,0
568,969,1
568,972,1
568,977,1
568,979,1
568,980,0
568,982,0
568,985,0
568,987,1
568,989,1
568,990,0
568,992,0
568,997,0
568,1003,0
568,1004,0
568,1009,0
568,1010,1
568,1015,0
568,1018,1
568,1019,1
568,1021,1
568,1023,0
568,1029,1
568,1030,0
568,1031,0
568,1033,0
568,1035,0
568,1036,0
568,1037,0
568,1038,0
569,237,0
569,239,0
569,240,0
569,241,0
569,242,0
569,243,0
569,245,1
569,249,0
569,250,0
569,251,0
569,252,1
569,253,0
569,254,0
569,255,0
569,256,0
569,257,0
569,258,0
569,259,0
569,260,0
569,636,0
569,637,0
569,638,0
569,639,0
569,640,0
569,641,0
569,642,0
569,644,1
569,645,0
569,646,0
569,647,0
569,649,1
569,650,1
569,651,1
569,652,0
569,653,1
569,654,1
569,655,0
569,656,1
569,657,0
569,658,0
569,659,1
569,660,1
569,661,1
569,662,0
569,664,0
569,665,0
569,666,1
569,667,0
569,668,0
569,669,0
569,670,1
569,672,1
569,682,0
569,707,0
569,708,0
569,709,0
569,710,0
569,711,0
569,712,0
569,713,0
569,714,0
569,715,0
569,717,0
569,719,0
569,721,0
569,722,0
569,723,0
569,727,0
569,728,0
569,729,0
569,732,0
569,740,0
569,744,0
569,746,0
569,747,0
569,753,0
569,768,0
569,769,0
569,770,0
569,771,1
569,772,0
569,773,0
569,774,1
569,775,1
569,776,1
569,777,1
569,778,1
569,779,1
569,780,0
570,563,0
570,633,0
570,634,0
570,635,0
571,223,1
571,228,0
571,230,0
571,231,0
571,232,0
571,233,0
571,234,0
571,235,0
571,236,0
571,237,0
571,238,0
571,243,0
571,249,0
571,250,0
571,251,0
571,252,0
571,253,0
571,254,0
571,255,0
571,256,0
571,257,0
571,258,1
571,259,0
571,260,0
571,262,0
571,266,0
571,270,0
571,272,0
571,273,0
571,274,0
571,275,0
571,636,0
571,639,1
571,640,1
571,642,1
571,644,0
571,645,1
571,646,0
571,648,0
571,649,1
571,650,1
571,651,1
571,652,1
571,654,1
571,655,0
571,656,1
571,657,0
571,658,1
571,659,0
571,660,0
571,661,1
571,663,0
571,664,1
571,665,0
571,666,0
571,667,0
571,668,0
571,669,0
571,670,0
571,672,1
571,675,0
571,678,0
571,679,0
571,682,0
571,684,1
571,707,0
571,708,1
571,709,1
571,710,0
571,711,0
571,712,1
571,713,0
571,714,0
571,718,0
571,722,0
571,730,0
571,734,0
571,768,0
571,769,1
571,770,1
571,771,1
571,772,1
571,773,1
571,774,1
571,775,1
571,776,1
571,777,1
571,778,1
571,779,1
571,780,1
572,220,0
572,221,0
572,225,0
572,227,0
572,309,0
572,310,0
572,311,0
572,312,0
572,313,0
572,315,0
572,316,0
572,317,0
572,319,0
572,632,0
572,633,1
572,634,0
572,635,1
573,148,0
573,150,0
573,151,0
573,157,1
573,162,0
573,169,0
573,172,1
573,179,1
573,195,0
573,197,0
573,220,0
573,221,0
573,222,0
573,223,0
573,224,0
573,225,0
573,226,0
573,227,0
573,228,0
573,229,0
573,311,0
573,312,0
573,313,0
573,315,0
573,316,0
573,319,0
573,472,1
573,473,1
573,474,1
573,475,1
573,476,1
573,479,1
573,480,1
573,481,0
573,482,1
573,496,1
573,497,1
573,500,1
573,502,1
573,503,1
573,504,1
573,510,1
573,511,0
573,512,1
573,513,0
573,514,1
573,516,1
573,517,0
573,520,1
573,521,1
573,522,1
573,528,1
573,529,1
573,531,1
573,532,1
573,533,1
573,534,1
573,535,1
573,537,1
573,546,0
573,547,0
573,548,1
573,549,1
573,558,1
573,559,0
573,560,0
573,561,1
573,562,1
573,564,0
573,565,0
573,566,0
573,567,0
573,569,1
573,570,1
573,573,1
573,577,1
573,581,1
573,582,1
573,609,1
573,614,1
573,615,1
573,631,0
573,632,1
573,633,0
573,634,0
